"os","model","n","case","label","path","field","pairs","max_abs","max_rel","min_a","max_a","min_b","max_b"
"windows","crr",5000,"get_facet","before_after","result/sur.data","ci_lower",294,0.0117873037994685,0.692144158377765,0,0.275757858327422,0,0.278541652261103
"windows","crr",5000,"get_facet","before_after","result/sur.data","ci_upper",294,0.0128662532316652,0.154732467342905,0,0.386794060681178,0,0.382902132888385
"windows","crr",5000,"get_facet","before_after","result/sur.data","cif",294,0.00119112311217412,0.0069234348758594,0,0.329530769462569,0,0.330721892574744
"windows","crr",5000,"get_facet","before_after","result/sur.data","se",294,0.0022140448984639,0.215895047790974,0,0.027626500575765,0,0.026623060793582
"windows","crr",5000,"get_facet","before_after","result/sur.data","time",294,0,0,0,261,0,261
"windows","crr",5000,"get_facet","before_after","result/insert.data","x",3,0,0,0.5,0.5,0.5,0.5
"windows","crr",5000,"get_facet","before_after","result/insert.data","y",3,0,0,0.5,0.5,0.5,0.5
"windows","crr",5000,"get_facet","before_after","result/sur.data","yhat",294,0.00119112311217412,0.0069234348758594,0,0.329530769462569,0,0.330721892574744
"windows","crr",5000,"get_eff_cat","before_after","result/haz_models","conf.high",20,0.354542751725475,0.00692641443198873,3.09535192081257,51.187054313133,3.09242231451386,51.5415970648585
"windows","crr",5000,"get_eff_cat","before_after","result/haz_models","conf.low",20,0.110618088340036,0.00523291582207164,0.850377001613439,21.1389007775486,0.849400217478937,21.2495188658886
"windows","crr",5000,"get_eff_cat","before_after","result/haz_models","estimate",20,0.199974893008203,0.00607930880111633,1.64490941043372,32.8943469644908,1.64353258731645,33.094321857499
"windows","crr",5000,"get_eff_cat","before_after","result/haz_models","p.value_0.95",20,0.000540774070180411,0.0624645357531852,0,0.14,4.64297474685924e-54,0.140132416024488
"windows","crr",5000,"get_eff_cat","before_after","result/haz_models","p_value",20,0.000540774070180411,0.0624645357531852,0,0.14,4.64297474685924e-54,0.140132416024488
"windows","crr",5000,"curve_direct","before_after","result","ci_lower",539,0.0313937267281292,0.384188464090836,0,0.454495647343009,0,0.465066999685336
"windows","crr",5000,"curve_direct","before_after","result","ci_upper",539,0.0241529351525114,0.102761935522363,0,0.677399792708843,0,0.653853978270939
"windows","crr",5000,"curve_direct","before_after","result","probability",539,0.0016416200395451,0.00907737433573248,0,0.539439088989476,0,0.5410679943849
"windows","crr",5000,"curve_direct","before_after","result","se",539,0.0048645778497828,0.28922922956686,0,0.0737440887346732,0,0.0743177288779841
"windows","crr",5000,"curve_direct","before_after","result","time",539,0,0,0,261,0,261
"windows","crr",5000,"get_facet_diff","before_after","result/diff.data","conf.high",614,0.00371604325622041,3.37617164585348,-0.162605322693053,0.031479202939863,-0.162605322693053,0.031479202939863
"windows","crr",5000,"get_facet_diff","before_after","result/forest.data","conf.high",24,0.00371604325622041,0.308852485974407,-0.11753974852484,0.0258049376839883,-0.11753974852484,0.0258049376839883
"windows","crr",5000,"get_facet_diff","before_after","result/diff.data","conf.high_Female",502,0.00937002002188558,0.134928964362893,0,0.257102436402101,0,0.257102436402101
"windows","crr",5000,"get_facet_diff","before_after","result/forest.data","conf.high_Female",24,0.00851615621972975,0.0807172097334815,0.0191993728137049,0.18483388576059,0.0195432170970083,0.185065580762871
"windows","crr",5000,"get_facet_diff","before_after","result/diff.data","conf.high_Male",559,0.0128662532316652,0.165504637297503,0,0.392981478271019,0,0.392981478271019
"windows","crr",5000,"get_facet_diff","before_after","result/forest.data","conf.high_Male",24,0.00783190150969361,0.14298566311626,0.034500765873586,0.298161264872089,0.0369214471182195,0.298161264872089
"windows","crr",5000,"get_facet_diff","before_after","result/diff.data","conf.low",614,0.00270289449197947,0.0695408211633356,-0.266719071166659,0.000602556250849113,-0.266719071166659,0.000602556250849113
"windows","crr",5000,"get_facet_diff","before_after","result/forest.data","conf.low",24,0.00270289449197947,0.0465237710822295,-0.197005582256749,-0.0203577166478463,-0.197005582256749,-0.0203577166478463
"windows","crr",5000,"get_facet_diff","before_after","result/diff.data","conf.low_Female",502,0.0117873037994685,0.692144158377765,-0.00112672297321713,0.178134293772426,-0.00112672297321713,0.166346989972958
"windows","crr",5000,"get_facet_diff","before_after","result/forest.data","conf.low_Female",24,0.0102525387548739,0.0740726019146051,0.00463602734621435,0.138412024012517,0.00463602734621435,0.128159485257643
"windows","crr",5000,"get_facet_diff","before_after","result/diff.data","conf.low_Male",559,0.00694794268682802,0.682015402048748,-0.00188969288295286,0.28930844622426,-0.00188969288295286,0.28930844622426
"windows","crr",5000,"get_facet_diff","before_after","result/forest.data","conf.low_Male",24,0.00416938318421634,0.0623989703176319,0.0137854050408985,0.226944350514736,0.0137854050408985,0.226944350514736
"windows","crr",5000,"get_facet_diff","before_after","result/diff.data","estimate",614,0.000553536676435568,0.00809753151609673,-0.214662196929856,0.011077308770299,-0.214662196929856,0.011077308770299
"windows","crr",5000,"get_facet_diff","before_after","result/forest.data","estimate",24,0.000506574382120456,0.00475899214492835,-0.157272665390795,0.002723610518071,-0.157272665390795,0.002723610518071
"windows","crr",5000,"get_facet_diff","before_after","result/diff.data","estimate_Female",502,0.000674923803472505,0.00604765725283106,0,0.205811127864627,0,0.2064860516681
"windows","crr",5000,"get_facet_diff","before_after","result/forest.data","estimate_Female",24,0.000297699807241814,0.00284160545309431,0.0120896222216113,0.156314833203015,0.0120896222216113,0.156612533010257
"windows","crr",5000,"get_facet_diff","before_after","result/diff.data","estimate_Male",559,0.00119112311217412,0.0069234348758594,0,0.34114496224764,0,0.34114496224764
"windows","crr",5000,"get_facet_diff","before_after","result/forest.data","estimate_Male",24,0.000638096452120651,0.00364596392584015,0.0257309802885514,0.261948647747889,0.0257780270691298,0.261948647747889
"windows","crr",5000,"get_facet_diff","before_after","result/diff.data","p.value_0.95",608,0.0272604407570222,5.8781514655634,1.88895949951308e-18,0.977090623485781,1.88895949951308e-18,0.977090623485781
"windows","crr",5000,"get_facet_diff","before_after","result/forest.data","p.value_0.95",24,0.00891812974294683,0.973053676886953,8.62656149324278e-15,0.817099666852824,8.62656149324278e-15,0.817099666852824
"windows","crr",5000,"get_facet_diff","before_after","result/diff.data","p_value",608,0.0272604407570222,5.8781514655634,1.88895949951308e-18,0.977090623485781,1.88895949951308e-18,0.977090623485781
"windows","crr",5000,"get_facet_diff","before_after","result/forest.data","p_value",24,0.00891812974294683,0.973053676886953,8.62656149324278e-15,0.817099666852824,8.62656149324278e-15,0.817099666852824
"windows","crr",5000,"get_facet_diff","before_after","result/diff.data","time",617,0,0,0,287,0,287
"windows","crr",5000,"get_facet_diff","before_after","result/forest.data","time",24,0,0,12,120,12,120
"windows","crr",5000,"get_cat","before_after","curve/direct","ci_lower",539,0.0313937267281292,0.384188464090836,0,0.454495647343009,0,0.465066999685336
"windows","crr",5000,"get_cat","before_after","curve/unadj","ci_lower",335,0,0,-0.0193182690186449,0.466494712926122,-0.0193182690186449,0.466494712926122
"windows","crr",5000,"get_cat","before_after","curve/direct","ci_upper",539,0.0241529351525114,0.102761935522363,0,0.677399792708843,0,0.653853978270939
"windows","crr",5000,"get_cat","before_after","curve/unadj","ci_upper",335,0,0,0,0.616026139992034,0,0.616026139992034
"windows","crr",5000,"get_cat","before_after","UM/haz_direct","conf.high",11,0.143260587787452,0.00471458850481886,1,30.3866578474501,1,30.5299184352376
"windows","crr",5000,"get_cat","before_after","UM/haz_unadj","conf.high",11,0.354542751725475,0.00692641443198873,1,51.187054313133,1,51.5415970648585
"windows","crr",5000,"get_cat","before_after","UM/sur_direct","conf.high",11,0.0101106158148219,1.98341610188381,-0.336091124959881,0.00973768017139229,-0.334501824025416,0.00945121057830663
"windows","crr",5000,"get_cat","before_after","UM/sur_unadj","conf.high",11,0,0,-0.435050043566735,0,-0.435050043566735,0
"windows","crr",5000,"get_cat","before_after","UM/sur_direct","conf.high_sur",11,0.0251593527251599,0.0824523929161323,0.0450687359953954,0.564761994367521,0.0445137713936914,0.539602641642361
"windows","crr",5000,"get_cat","before_after","UM/sur_unadj","conf.high_sur",11,0,0,0.0330752176918555,0.616026139992034,0.0330752176918555,0.616026139992034
"windows","crr",5000,"get_cat","before_after","UM/haz_direct","conf.low",11,0.0338066803535391,0.00317422118440333,0.850377001613439,10.9856602152094,0.849400217478937,11.0058025983722
"windows","crr",5000,"get_cat","before_after","UM/haz_unadj","conf.low",11,0.110618088340036,0.00523291582207164,1,21.1389007775486,1,21.2495188658886
"windows","crr",5000,"get_cat","before_after","UM/sur_direct","conf.low",11,0.0117628593801393,0.0401127670637161,-0.516272071747791,0,-0.508235845257115,0
"windows","crr",5000,"get_cat","before_after","UM/sur_unadj","conf.low",11,0,0,-0.593662115283705,0,-0.593662115283705,0
"windows","crr",5000,"get_cat","before_after","UM/sur_direct","conf.low_sur",11,0.0188171497880486,0.154211515801835,0.0192996840194134,0.371636783559833,0.0196483523133581,0.368358318553435
"windows","crr",5000,"get_cat","before_after","UM/sur_unadj","conf.low_sur",11,0,0,0.0129365146096371,0.458697751159898,0.0129365146096371,0.458697751159898
"windows","crr",5000,"get_cat","before_after","UM/haz_direct","estimate",11,0.0709533807607023,0.00394410941841272,1,17.9897090150347,1,18.0606623957954
"windows","crr",5000,"get_cat","before_after","UM/haz_unadj","estimate",11,0.199974893008203,0.00607930880111633,1,32.8943469644908,1,33.094321857499
"windows","crr",5000,"get_cat","before_after","UM/sur_direct","estimate",11,0.0015149998409279,0.00376923789477506,-0.401937973463548,0,-0.403452973304476,0
"windows","crr",5000,"get_cat","before_after","UM/sur_unadj","estimate",11,0,0,-0.51435607942522,0,-0.51435607942522,0
"windows","crr",5000,"get_cat","before_after","UM/sur_direct","estimate_sur",11,0.00155272322083294,0.00357785733653376,0.0320433384736197,0.433981311937168,0.0320810618535248,0.435534035158001
"windows","crr",5000,"get_cat","before_after","UM/sur_unadj","estimate_sur",11,0,0,0.0230058661507463,0.537361945575966,0.0230058661507463,0.537361945575966
"windows","crr",5000,"get_cat","before_after","UM/haz_direct","p.value_0.95",10,0.000540774070180411,0.0624645357531852,0,0.14,1.11699468531635e-39,0.140132416024488
"windows","crr",5000,"get_cat","before_after","UM/haz_unadj","p.value_0.95",10,0.000242279931090848,0.0121139965545424,0,0.02,4.64297474685924e-54,0.0202422799310908
"windows","crr",5000,"get_cat","before_after","UM/haz_direct","p_value",10,0.000540774070180411,0.0624645357531852,0,0.14,1.11699468531635e-39,0.140132416024488
"windows","crr",5000,"get_cat","before_after","UM/haz_unadj","p_value",10,0.000242279931090848,0.0121139965545424,0,0.02,4.64297474685924e-54,0.0202422799310908
"windows","crr",5000,"get_cat","before_after","UM/sur_direct","p_value",10,0.0145204339255764,0.908052523458654,2.30686464660044e-70,0.187006717499031,9.40185758290246e-63,0.182902164197243
"windows","crr",5000,"get_cat","before_after","UM/sur_unadj","p_value",10,0,0,6.70724330087553e-73,0.0242244138201418,6.70724330087553e-73,0.0242244138201418
"windows","crr",5000,"get_cat","before_after","curve/direct","probability",539,0.0016416200395451,0.00907737433573248,0,0.539439088989476,0,0.5410679943849
"windows","crr",5000,"get_cat","before_after","curve/unadj","probability",335,0,0,0,0.537361945575966,0,0.537361945575966
"windows","crr",5000,"get_cat","before_after","curve/direct","se",539,0.0048645778497828,0.28922922956686,0,0.0737440887346732,0,0.0743177288779841
"windows","crr",5000,"get_cat","before_after","curve/unadj","se",335,0,0,0,0.102001728139151,0,0.102001728139151
"windows","crr",5000,"get_cat","before_after","UM/sur_direct","time",12,0,0,120,120,120,120
"windows","crr",5000,"get_cat","before_after","UM/sur_unadj","time",12,0,0,120,120,120,120
"windows","crr",5000,"get_cat","before_after","curve/direct","time",539,0,0,0,261,0,261
"windows","crr",5000,"get_cat","before_after","curve/unadj","time",335,0,0,0,287,0,287
"windows","crr",5000,"get_eff","before_after","result/haz_direct","conf.high",11,0.143260587787452,0.00471458850481886,1,30.3866578474501,1,30.5299184352376
"windows","crr",5000,"get_eff","before_after","result/haz_unadj","conf.high",11,0.354542751725475,0.00692641443198873,1,51.187054313133,1,51.5415970648585
"windows","crr",5000,"get_eff","before_after","result/sur_direct","conf.high",11,0.00403708602975007,0.148389771304753,-0.338276070882586,0.0110980472754383,-0.334501824025416,0.00945121057830663
"windows","crr",5000,"get_eff","before_after","result/sur_unadj","conf.high",11,0,0,-0.435050043566735,0,-0.435050043566735,0
"windows","crr",5000,"get_eff","before_after","result/sur_direct","conf.high_sur",11,0.0194297027230842,0.0599693341590556,0.0425988997582042,0.552567649097055,0.0445137713936914,0.539602641642361
"windows","crr",5000,"get_eff","before_after","result/sur_unadj","conf.high_sur",11,0,0,0.0330752176918555,0.616026139992034,0.0330752176918555,0.616026139992034
"windows","crr",5000,"get_eff","before_after","result/haz_direct","conf.low",11,0.0338066803535391,0.00317422118440333,0.850377001613439,10.9856602152094,0.849400217478937,11.0058025983722
"windows","crr",5000,"get_eff","before_after","result/haz_unadj","conf.low",11,0.110618088340036,0.00523291582207164,1,21.1389007775486,1,21.2495188658886
"windows","crr",5000,"get_eff","before_after","result/sur_direct","conf.low",11,0.00591046674980666,0.0329254652340185,-0.509530853921799,0,-0.508235845257115,0
"windows","crr",5000,"get_eff","before_after","result/sur_unadj","conf.low",11,0,0,-0.593662115283705,0,-0.593662115283705,0
"windows","crr",5000,"get_eff","before_after","result/sur_direct","conf.low_sur",11,0.0263341747433395,0.210213445532996,0.020970236294523,0.361923004361844,0.0196483523133581,0.368358318553435
"windows","crr",5000,"get_eff","before_after","result/sur_unadj","conf.low_sur",11,0,0,0.0129365146096371,0.458697751159898,0.0129365146096371,0.458697751159898
"windows","crr",5000,"get_eff","before_after","result/haz_direct","estimate",11,0.0709533807607023,0.00394410941841272,1,17.9897090150347,1,18.0606623957954
"windows","crr",5000,"get_eff","before_after","result/haz_unadj","estimate",11,0.199974893008203,0.00607930880111633,1,32.8943469644908,1,33.094321857499
"windows","crr",5000,"get_eff","before_after","result/sur_direct","estimate",11,0.0015149998409279,0.00376923789477506,-0.401937973463548,0,-0.403452973304476,0
"windows","crr",5000,"get_eff","before_after","result/sur_unadj","estimate",11,0,0,-0.51435607942522,0,-0.51435607942522,0
"windows","crr",5000,"get_eff","before_after","result/sur_direct","estimate_sur",11,0.00155272322083294,0.00357785733653376,0.0320433384736197,0.433981311937168,0.0320810618535248,0.435534035158001
"windows","crr",5000,"get_eff","before_after","result/sur_unadj","estimate_sur",11,0,0,0.0230058661507463,0.537361945575966,0.0230058661507463,0.537361945575966
"windows","crr",5000,"get_eff","before_after","result/haz_direct","p.value_0.95",10,0.000540774070180411,0.0624645357531852,0,0.14,1.11699468531635e-39,0.140132416024488
"windows","crr",5000,"get_eff","before_after","result/haz_unadj","p.value_0.95",10,0.000242279931090848,0.0121139965545424,0,0.02,4.64297474685924e-54,0.0202422799310908
"windows","crr",5000,"get_eff","before_after","result/haz_direct","p_value",10,0.000540774070180411,0.0624645357531852,0,0.14,1.11699468531635e-39,0.140132416024488
"windows","crr",5000,"get_eff","before_after","result/haz_unadj","p_value",10,0.000242279931090848,0.0121139965545424,0,0.02,4.64297474685924e-54,0.0202422799310908
"windows","crr",5000,"get_eff","before_after","result/sur_direct","p_value",10,0.0240901618282837,3.55612224624173,3.90333063898545e-78,0.206992326025527,9.40185758290246e-63,0.182902164197243
"windows","crr",5000,"get_eff","before_after","result/sur_unadj","p_value",10,0,0,6.70724330087553e-73,0.0242244138201418,6.70724330087553e-73,0.0242244138201418
"windows","crr",5000,"get_eff","before_after","result/sur_direct","time",12,0,0,120,120,120,120
"windows","crr",5000,"get_eff","before_after","result/sur_unadj","time",12,0,0,120,120,120,120
"windows","crr",5000,"get_score","before_after","result/AUC/score","AUC",2,0,0,0.802756938638742,0.82464756638609,0.802756938638742,0.82464756638609
"windows","crr",5000,"get_score","before_after","result/Brier/score","Brier",2,0,0,0.0745349908435448,0.108557299872487,0.0745349908435448,0.108557299872487
"windows","crr",5000,"get_score","before_after","result/AUC/score","lower",2,0,0,0.783403641664323,0.805212501353884,0.783403641664323,0.805212501353884
"windows","crr",5000,"get_score","before_after","result/Brier/score","lower",2,0,0,0.0689587389909601,0.101777892832987,0.0689587389909601,0.101777892832987
"windows","crr",5000,"get_score","before_after","result/AUC/score","se",2,0,0,0.00987431255220776,0.00991603171563739,0.00987431255220776,0.00991603171563739
"windows","crr",5000,"get_score","before_after","result/Brier/score","se",2,0,0,0.00284507873438974,0.00345894470152241,0.00284507873438974,0.00345894470152241
"windows","crr",5000,"get_score","before_after","result/AUC/score","times",2,0,0,60,120,60,120
"windows","crr",5000,"get_score","before_after","result/Brier/score","times",2,0,0,60,120,60,120
"windows","crr",5000,"get_score","before_after","result/AUC/score","upper",2,0,0,0.822110235613161,0.844082631418296,0.822110235613161,0.844082631418296
"windows","crr",5000,"get_score","before_after","result/Brier/score","upper",2,0,0,0.0801112426961295,0.115336706911987,0.0801112426961295,0.115336706911987
"windows","crr",5000,"get_score","after_latest","result/AUC/score","AUC",2,0,0,0.802756938638742,0.82464756638609,0.802756938638742,0.82464756638609
"windows","crr",5000,"get_score","after_latest","result/Brier/score","Brier",2,0,0,0.0745349908435448,0.108557299872487,0.0745349908435448,0.108557299872487
"windows","crr",5000,"get_score","after_latest","result/AUC/score","lower",2,0,0,0.783403641664323,0.805212501353884,0.783403641664323,0.805212501353884
"windows","crr",5000,"get_score","after_latest","result/Brier/score","lower",2,0,0,0.0689587389909601,0.101777892832987,0.0689587389909601,0.101777892832987
"windows","crr",5000,"get_score","after_latest","result/AUC/score","se",2,0,0,0.00987431255220776,0.00991603171563739,0.00987431255220776,0.00991603171563739
"windows","crr",5000,"get_score","after_latest","result/Brier/score","se",2,0,0,0.00284507873438974,0.00345894470152241,0.00284507873438974,0.00345894470152241
"windows","crr",5000,"get_score","after_latest","result/AUC/score","times",2,0,0,60,120,60,120
"windows","crr",5000,"get_score","after_latest","result/Brier/score","times",2,0,0,60,120,60,120
"windows","crr",5000,"get_score","after_latest","result/AUC/score","upper",2,0,0,0.822110235613161,0.844082631418296,0.822110235613161,0.844082631418296
"windows","crr",5000,"get_score","after_latest","result/Brier/score","upper",2,0,0,0.0801112426961295,0.115336706911987,0.0801112426961295,0.115336706911987
"windows","crr",5000,"get_score_boot","before_after","result/AUC/score","AUC",2,0,0,0.801989202179875,0.823237520337031,0.801989202179875,0.823237520337031
"windows","crr",5000,"get_score_boot","before_after","result/Brier/score","Brier",2,0,0,0.0725833144876654,0.109222209590123,0.0725833144876654,0.109222209590123
"windows","crr",5000,"get_score_boot","before_after","result/AUC/score","lower",2,0,0,0.777723713697638,0.804879114064728,0.777723713697638,0.804879114064728
"windows","crr",5000,"get_score_boot","before_after","result/Brier/score","lower",2,0,0,0.0684282096862882,0.103462589586083,0.0684282096862882,0.103462589586083
"windows","crr",5000,"get_score_boot","before_after","result/AUC/score","se",2,0,0,0.014260253625464,0.0158156287177759,0.014260253625464,0.0158156287177759
"windows","crr",5000,"get_score_boot","before_after","result/Brier/score","se",2,0,0,0.0028677790243656,0.00392470124657608,0.0028677790243656,0.00392470124657608
"windows","crr",5000,"get_score_boot","before_after","result/AUC/score","times",2,0,0,60,120,60,120
"windows","crr",5000,"get_score_boot","before_after","result/Brier/score","times",2,0,0,60,120,60,120
"windows","crr",5000,"get_score_boot","before_after","result/AUC/score","upper",2,0,0,0.82118876574846,0.852748938533779,0.82118876574846,0.852748938533779
"windows","crr",5000,"get_score_boot","before_after","result/Brier/score","upper",2,0,0,0.0761988383252511,0.114526921852128,0.0761988383252511,0.114526921852128
"windows","crr",5000,"get_score_boot","after_latest","result/AUC/score","AUC",2,0,0,0.801989202179875,0.823237520337031,0.801989202179875,0.823237520337031
"windows","crr",5000,"get_score_boot","after_latest","result/Brier/score","Brier",2,0,0,0.0725833144876654,0.109222209590123,0.0725833144876654,0.109222209590123
"windows","crr",5000,"get_score_boot","after_latest","result/AUC/score","lower",2,0,0,0.777723713697638,0.804879114064728,0.777723713697638,0.804879114064728
"windows","crr",5000,"get_score_boot","after_latest","result/Brier/score","lower",2,0,0,0.0684282096862882,0.103462589586083,0.0684282096862882,0.103462589586083
"windows","crr",5000,"get_score_boot","after_latest","result/AUC/score","se",2,0,0,0.014260253625464,0.0158156287177759,0.014260253625464,0.0158156287177759
"windows","crr",5000,"get_score_boot","after_latest","result/Brier/score","se",2,0,0,0.0028677790243656,0.00392470124657608,0.0028677790243656,0.00392470124657608
"windows","crr",5000,"get_score_boot","after_latest","result/AUC/score","times",2,0,0,60,120,60,120
"windows","crr",5000,"get_score_boot","after_latest","result/Brier/score","times",2,0,0,60,120,60,120
"windows","crr",5000,"get_score_boot","after_latest","result/AUC/score","upper",2,0,0,0.82118876574846,0.852748938533779,0.82118876574846,0.852748938533779
"windows","crr",5000,"get_score_boot","after_latest","result/Brier/score","upper",2,0,0,0.0761988383252511,0.114526921852128,0.0761988383252511,0.114526921852128
"windows","crr",5000,"fit_hazard","before_after","fit","beta",12,0.00393635181019825,0.00429349650463518,0.0135341824825194,2.88979987301415,0.0135922914477011,2.89373622482435
"windows","crr",5000,"fit_hazard","before_after","fit","se",12,0.000727060361785603,0.00311403057219734,0.0042419310395797,0.383015434818041,0.00425308010648469,0.383742495179827
"windows","crr",5000,"get_eff_sub","before_after","result/haz_direct","conf.high",3,0.00342293831324847,0.00141929328151943,2.41172022570559,2.8962111765653,2.41514316401884,2.8994868396839
"windows","crr",5000,"get_eff_sub","before_after","result/haz_unadj","conf.high",3,0.00364500864912998,0.00148157459339151,2.4602262116186,2.93532918519917,2.46387122026773,2.9385509599974
"windows","crr",5000,"get_eff_sub","before_after","result/haz_direct","conf.low",3,0.00110768552778029,0.00061977674681384,1.65333118072274,1.78723311817473,1.65434715181722,1.78834080370251
"windows","crr",5000,"get_eff_sub","before_after","result/haz_unadj","conf.low",3,0.00123826789313286,0.000732505404859008,1.69045564021633,1.88497548700999,1.69169390810947,1.88617628770052
"windows","crr",5000,"get_eff_sub","before_after","result/haz_direct","estimate",3,0.00203041840782214,0.00101681548432274,1.9968405665798,2.24524946214339,1.99887098498763,2.24703209224343
"windows","crr",5000,"get_eff_sub","before_after","result/haz_unadj","estimate",3,0.00225748689127636,0.00110696993860144,2.03933893103592,2.27489232218168,2.0415964179272,2.27661685290169
"windows","crr",5000,"get_eff_sub","before_after","result/haz_direct","p.value_0.95",3,2.6629533642645e-12,0.00026629533642645,0,4.8e-10,4.23343992386211e-21,4.82662953364265e-10
"windows","crr",5000,"get_eff_sub","before_after","result/haz_unadj","p.value_0.95",3,5.47179262378417e-12,0.000547179262378417,0,2.6e-10,2.40662999044449e-24,2.65471792623784e-10
"windows","crr",5000,"get_eff_sub","before_after","result/haz_direct","p_value",3,2.6629533642645e-12,0.00026629533642645,0,4.8e-10,4.23343992386211e-21,4.82662953364265e-10
"windows","crr",5000,"get_eff_sub","before_after","result/haz_unadj","p_value",3,5.47179262378417e-12,0.000547179262378417,0,2.6e-10,2.40662999044449e-24,2.65471792623784e-10
"windows","crr",5000,"curve_CSC","before_after","result","ci_lower",539,0,0,0,0.49051628358589,0,0.49051628358589
"windows","crr",5000,"curve_CSC","before_after","result","ci_upper",539,0,0,0,0.692832475863453,0,0.692832475863453
"windows","crr",5000,"curve_CSC","before_after","result","probability",539,0,0,0,0.591674379724671,0,0.591674379724671
"windows","crr",5000,"curve_CSC","before_after","result","se",539,0,0,0,0.0810761822625669,0,0.0810761822625669
"windows","crr",5000,"curve_CSC","before_after","result","time",539,0,0,0,261,0,261
"windows","crr",5000,"get_inter_abs","before_after","result/estimates","conf.high",18,0.107671232988764,0.376474975573229,0.0349063664734114,1.79688840859003,0.0454801286353435,1.79688840859003
"windows","crr",5000,"get_inter_abs","before_after","result/risks","conf.high",8,0.00448035151144022,0.021244980229041,0.0872769378786809,0.308911443955331,0.0872769378786809,0.308911443955331
"windows","crr",5000,"get_inter_abs","before_after","result/estimates","conf.low",18,0.0977837351120607,0.299382721886324,-0.438688824054393,0.99276979778093,-0.536472559166454,0.99276979778093
"windows","crr",5000,"get_inter_abs","before_after","result/risks","conf.low",8,0.01096640688646,0.0660753731737087,0.0569295151282583,0.248294637422084,0.0569295151282583,0.248294637422084
"windows","crr",5000,"get_inter_abs","before_after","result/estimates","estimate",18,0.000460339691639722,0.00915995403918807,-0.0471491931091326,1.33562589898175,-0.0467238434415991,1.33562589898175
"windows","crr",5000,"get_inter_abs","before_after","result/risks","estimate",8,0.000350939095270397,0.00165712418937014,0.0721032265034696,0.278603040688707,0.0721032265034696,0.278603040688707
"windows","crr",5000,"get_inter_abs","before_after","result/estimates","p.value",18,0.0445733214470868,1.58265796316669,4.34403649789767e-14,0.854899181580727,4.34403649789767e-14,0.852597042574144
"windows","crr",5000,"get_fit_stats_simple","after_latest","result/stats","estimate",6,0,0,0.0174438665591882,11259.8595111241,0.0174438665591882,11259.8595111241
"windows","crr",5000,"get_fit_stats_simple_boot","after_latest","result/boot","AIC",20,0,0,10584.4150165167,12377.7456867123,10584.4150165167,12377.7456867123
"windows","crr",5000,"get_fit_stats_simple_boot","after_latest","result/boot","BIC",20,0,0,10593.3994961867,12382.3881735137,10593.3994961867,12382.3881735137
"windows","crr",5000,"get_fit_stats_simple_boot","after_latest","result/boot","PVE",20,0,0,0.0119222596229042,0.0375009027963199,0.0119222596229042,0.0375009027963199
"windows","crr",5000,"get_fit_stats_simple_boot","after_latest","result/stats","SE",6,0,0,0.00250742090407214,555.766967583585,0.00250742090407214,555.766967583585
"windows","crr",5000,"get_fit_stats_simple_boot","after_latest","result/stats","estimate",6,0,0,0.0174438665591882,11259.8595111241,0.0174438665591882,11259.8595111241
"windows","crr",5000,"get_fit_stats_simple_boot","after_latest","result/stats","lower",6,0,0,0.0123332869435802,10696.313989325,0.0123332869435802,10696.313989325
"windows","crr",5000,"get_fit_stats_simple_boot","after_latest","result/boot","replicate",20,0,0,1,10,1,10
"windows","crr",5000,"get_fit_stats_simple_boot","after_latest","result/stats","upper",6,0,0,0.0195586152098115,12323.8629340978,0.0195586152098115,12323.8629340978
"windows","crr",10000,"get_facet","before_after","result/sur.data","ci_lower",298,0.00848858001554739,0.171786430879891,0,0.29508260387363,0,0.288841093251531
"windows","crr",10000,"get_facet","before_after","result/sur.data","ci_upper",298,0.00999186958042952,0.123832870718953,0,0.361640566312538,0,0.362193579198961
"windows","crr",10000,"get_facet","before_after","result/sur.data","cif",298,0.00105628492238746,0.00670125201266986,0,0.324461051302859,0,0.325517336225246
"windows","crr",10000,"get_facet","before_after","result/sur.data","se",298,0.00222771619488574,0.298804990407498,0,0.0184881701233629,0,0.0194058883622015
"windows","crr",10000,"get_facet","before_after","result/sur.data","time",298,0,0,0,263,0,263
"windows","crr",10000,"get_facet","before_after","result/insert.data","x",3,0,0,0.5,0.5,0.5,0.5
"windows","crr",10000,"get_facet","before_after","result/insert.data","y",3,0,0,0.5,0.5,0.5,0.5
"windows","crr",10000,"get_facet","before_after","result/sur.data","yhat",298,0.00105628492238746,0.00670125201266986,0,0.324461051302859,0,0.325517336225246
"windows","crr",10000,"get_eff_cat","before_after","result/haz_models","conf.high",20,0.346434856096856,0.00773869364485569,2.24826772392074,44.7665810271672,2.24619679335158,45.113015883264
"windows","crr",10000,"get_eff_cat","before_after","result/haz_models","conf.low",20,0.15524990831905,0.00635700933195466,1.04298010702162,24.421846848432,1.04148768245975,24.5770967567511
"windows","crr",10000,"get_eff_cat","before_after","result/haz_models","estimate",20,0.233028133914971,0.00704761452700338,1.53130614552025,33.0648239942903,1.52950524440299,33.2978521282053
"windows","crr",10000,"get_eff_cat","before_after","result/haz_models","p.value_0.95",20,0.000213013649388579,0.00881407521755684,0,0.03,2.47305763902141e-113,0.0302130136493886
"windows","crr",10000,"get_eff_cat","before_after","result/haz_models","p_value",20,0.000213013649388579,0.00881407521755684,0,0.03,2.47305763902141e-113,0.0302130136493886
"windows","crr",10000,"curve_direct","before_after","result","ci_lower",550,0.0233518116232409,0.165780289480548,0,0.519852824262948,0,0.507541462178992
"windows","crr",10000,"curve_direct","before_after","result","ci_upper",550,0.0164133932721643,0.135761930470069,0,0.661441569548525,0,0.659638312563609
"windows","crr",10000,"curve_direct","before_after","result","probability",550,0.00203241013564159,0.0107235767812835,0,0.58157386206968,0,0.5835898873713
"windows","crr",10000,"curve_direct","before_after","result","se",550,0.00585170572870309,0.511314074689862,0,0.0587230588551572,0,0.0551647013614543
"windows","crr",10000,"curve_direct","before_after","result","time",550,0,0,0,263,0,263
"windows","crr",10000,"get_facet_diff","before_after","result/diff.data","conf.high",705,0.003821280951277,3.55664596461419,-0.164279816090634,0.0184932423467555,-0.164279816090634,0.0184932423467555
"windows","crr",10000,"get_facet_diff","before_after","result/forest.data","conf.high",24,0.00198466122535924,1.26648216538124,-0.125171862765312,0.014481066245361,-0.125171862765312,0.014481066245361
"windows","crr",10000,"get_facet_diff","before_after","result/diff.data","conf.high_Female",579,0.0101716551948707,0.123832870718953,0,0.24272909097748,0,0.24272909097748
"windows","crr",10000,"get_facet_diff","before_after","result/forest.data","conf.high_Female",24,0.00672120225702447,0.0443442348633066,0.0162364189304012,0.178381230266071,0.0162364189304012,0.178468128986408
"windows","crr",10000,"get_facet_diff","before_after","result/diff.data","conf.high_Male",639,0.00925726614256928,0.0875194142836507,0,0.374990096212192,0,0.374990096212192
"windows","crr",10000,"get_facet_diff","before_after","result/forest.data","conf.high_Male",24,0.00688511723512614,0.0398603152743788,0.0321296317579648,0.283516118049242,0.0319732425910089,0.283516118049242
"windows","crr",10000,"get_facet_diff","before_after","result/diff.data","conf.low",705,0.00419793855212414,0.0836330611395546,-0.231491729606429,0,-0.231491729606429,0
"windows","crr",10000,"get_facet_diff","before_after","result/forest.data","conf.low",24,0.00240749988512234,0.0264385449133335,-0.179523946400668,-0.0185391908031129,-0.179523946400668,-0.0185391908031129
"windows","crr",10000,"get_facet_diff","before_after","result/diff.data","conf.low_Female",579,0.00738121227276302,0.171786430879891,-0.000578292824610949,0.179791274525802,-0.000578292824610949,0.177090996107503
"windows","crr",10000,"get_facet_diff","before_after","result/forest.data","conf.low_Female",24,0.00461917114986886,0.074546543057006,0.00601133144574079,0.142242842555226,0.00601133144574079,0.138200682443837
"windows","crr",10000,"get_facet_diff","before_after","result/diff.data","conf.low_Male",639,0.00848858001554739,0.144458894427527,-0.000398869923644252,0.299794821986311,-0.000398869923644252,0.299794821986311
"windows","crr",10000,"get_facet_diff","before_after","result/forest.data","conf.low_Male",24,0.00565568794062712,0.0675676875154692,0.015343577549043,0.230084019180845,0.0163803076022462,0.231500597970731
"windows","crr",10000,"get_facet_diff","before_after","result/diff.data","estimate",705,0.00051350343758283,0.00738685524859677,-0.197286277521325,0.00437001102836523,-0.197286277521325,0.00437001102836523
"windows","crr",10000,"get_facet_diff","before_after","result/forest.data","estimate",24,0.000453112818869394,0.00418869148165256,-0.15234790458299,-0.00202906227887591,-0.15234790458299,-0.00202906227887591
"windows","crr",10000,"get_facet_diff","before_after","result/diff.data","estimate_Female",579,0.000652375873611333,0.00620275798267061,0,0.204332337111844,0,0.204984712985456
"windows","crr",10000,"get_facet_diff","before_after","result/forest.data","estimate_Female",24,0.000308168342529586,0.00313595718772916,0.011123875188071,0.158026237372593,0.011123875188071,0.158334405715122
"windows","crr",10000,"get_facet_diff","before_after","result/diff.data","estimate_Male",639,0.00105628492238746,0.00670125201266986,0,0.337392459099252,0,0.337392459099252
"windows","crr",10000,"get_facet_diff","before_after","result/forest.data","estimate_Male",24,0.00056490596454345,0.00357069573635906,0.024121692906502,0.256800068615043,0.0241767750966275,0.256800068615043
"windows","crr",10000,"get_facet_diff","before_after","result/diff.data","p.value_0.95",699,0.0496808174353095,56.1271284297464,2.25402742302375e-32,0.961239147817567,2.9538106453053e-32,0.961239147817567
"windows","crr",10000,"get_facet_diff","before_after","result/forest.data","p.value_0.95",24,0.0112167819206604,6.97338588443512,1.16450010900496e-28,0.809651445787122,4.38978621829787e-28,0.809651445787122
"windows","crr",10000,"get_facet_diff","before_after","result/diff.data","p_value",699,0.0496808174353095,56.1271284297464,2.25402742302375e-32,0.961239147817567,2.9538106453053e-32,0.961239147817567
"windows","crr",10000,"get_facet_diff","before_after","result/forest.data","p_value",24,0.0112167819206604,6.97338588443512,1.16450010900496e-28,0.809651445787122,4.38978621829787e-28,0.809651445787122
"windows","crr",10000,"get_facet_diff","before_after","result/diff.data","time",707,0,0,0,287,0,287
"windows","crr",10000,"get_facet_diff","before_after","result/forest.data","time",24,0,0,12,120,12,120
"windows","crr",10000,"get_eff","before_after","result/haz_direct","conf.high",11,0.160539240116076,0.00578716585562628,1,27.7405631912208,1,27.9011024313369
"windows","crr",10000,"get_eff","before_after","result/haz_unadj","conf.high",11,0.346434856096856,0.00773869364485569,1,44.7665810271672,1,45.113015883264
"windows","crr",10000,"get_eff","before_after","result/sur_direct","conf.high",11,0.00712730498329256,1.50846153800535,-0.377708667065062,0,-0.371260172252935,0
"windows","crr",10000,"get_eff","before_after","result/sur_unadj","conf.high",11,0,0,-0.495639588088101,0,-0.495639588088101,0
"windows","crr",10000,"get_eff","before_after","result/sur_direct","conf.high_sur",11,0.0123322516386465,0.0596510101295958,0.0421987147445837,0.536190987806936,0.0427810125948307,0.543419925149885
"windows","crr",10000,"get_eff","before_after","result/sur_unadj","conf.high_sur",11,0,0,0.0323080686555871,0.634748557359656,0.0323080686555871,0.634748557359656
"windows","crr",10000,"get_eff","before_after","result/haz_direct","conf.low",11,0.0599639248406891,0.00451145157315212,1,13.291492520398,1,13.3514564452387
"windows","crr",10000,"get_eff","before_after","result/haz_unadj","conf.low",11,0.15524990831905,0.00635700933195466,1,24.421846848432,1,24.5770967567511
"windows","crr",10000,"get_eff","before_after","result/sur_direct","conf.low",11,0.0102669228882868,0.0462383878570231,-0.500013578256939,0,-0.510280501145226,0
"windows","crr",10000,"get_eff","before_after","result/sur_unadj","conf.low",11,0,0,-0.610324246277336,0,-0.610324246277336,0
"windows","crr",10000,"get_eff","before_after","result/sur_direct","conf.low_sur",11,0.0155536140626108,0.0879001747476515,0.0262666421823933,0.417949512368397,0.0246811361919717,0.405582897035079
"windows","crr",10000,"get_eff","before_after","result/sur_unadj","conf.low_sur",11,0,0,0.0175005129009107,0.521023858562279,0.0175005129009107,0.521023858562279
"windows","crr",10000,"get_eff","before_after","result/haz_direct","estimate",11,0.098872695086424,0.00514910632566434,1,19.2019136590013,1,19.3007863540877
"windows","crr",10000,"get_eff","before_after","result/haz_unadj","estimate",11,0.233028133914971,0.00704761452700338,1,33.0648239942903,1,33.2978521282053
"windows","crr",10000,"get_eff","before_after","result/sur_direct","estimate",11,0.00190921403807998,0.0043503831610866,-0.438861122661001,0,-0.440770336699081,0
"windows","crr",10000,"get_eff","before_after","result/sur_unadj","estimate",11,0,0,-0.552981917182718,0,-0.552981917182718,0
"windows","crr",10000,"get_eff","before_after","result/sur_direct","estimate_sur",11,0.00193979122845539,0.00410484293881831,0.0337004972030258,0.472561619864026,0.0337310743934012,0.474501411092482
"windows","crr",10000,"get_eff","before_after","result/sur_unadj","estimate_sur",11,0,0,0.0249042907782489,0.577886207960967,0.0249042907782489,0.577886207960967
"windows","crr",10000,"get_eff","before_after","result/haz_direct","p.value_0.95",10,0.000213013649388579,0.0071004549796193,0,0.03,1.49310027324154e-77,0.0302130136493886
"windows","crr",10000,"get_eff","before_after","result/haz_unadj","p.value_0.95",10,2.42980794418576e-06,0.00881407521755684,0,0.00046,2.47305763902141e-113,0.000462429807944186
"windows","crr",10000,"get_eff","before_after","result/haz_direct","p_value",10,0.000213013649388579,0.0071004549796193,0,0.03,1.49310027324154e-77,0.0302130136493886
"windows","crr",10000,"get_eff","before_after","result/haz_unadj","p_value",10,2.42980794418576e-06,0.00881407521755684,0,0.00046,2.47305763902141e-113,0.000462429807944186
"windows","crr",10000,"get_eff","before_after","result/sur_direct","p_value",10,0.0102987370339751,29.9864942236223,5.69459095505264e-170,0.042497244712735,3.31428950041611e-121,0.0321985076787599
"windows","crr",10000,"get_eff","before_after","result/sur_unadj","p_value",10,0,0,9.95484218059768e-141,0.00384949668054202,9.95484218059768e-141,0.00384949668054202
"windows","crr",10000,"get_eff","before_after","result/sur_direct","time",12,0,0,120,120,120,120
"windows","crr",10000,"get_eff","before_after","result/sur_unadj","time",12,0,0,120,120,120,120
"windows","crr",10000,"get_score","before_after","result/AUC/score","AUC",2,0,0,0.806918644997575,0.831644895311684,0.806918644997575,0.831644895311684
"windows","crr",10000,"get_score","before_after","result/Brier/score","Brier",2,0,0,0.07492047981277,0.107220711267184,0.07492047981277,0.107220711267184
"windows","crr",10000,"get_score","before_after","result/AUC/score","lower",2,0,0,0.793278083933753,0.818153162650767,0.793278083933753,0.818153162650767
"windows","crr",10000,"get_score","before_after","result/Brier/score","lower",2,0,0,0.0710093290895295,0.102405769990764,0.0710093290895295,0.102405769990764
"windows","crr",10000,"get_score","before_after","result/AUC/score","se",2,0,0,0.00688366356082988,0.00695959781476435,0.00688366356082988,0.00695959781476435
"windows","crr",10000,"get_score","before_after","result/Brier/score","se",2,0,0,0.0019955217310579,0.00245664783353144,0.0019955217310579,0.00245664783353144
"windows","crr",10000,"get_score","before_after","result/AUC/score","times",2,0,0,60,120,60,120
"windows","crr",10000,"get_score","before_after","result/Brier/score","times",2,0,0,60,120,60,120
"windows","crr",10000,"get_score","before_after","result/AUC/score","upper",2,0,0,0.820559206061397,0.845136627972602,0.820559206061397,0.845136627972602
"windows","crr",10000,"get_score","before_after","result/Brier/score","upper",2,0,0,0.0788316305360105,0.112035652543604,0.0788316305360105,0.112035652543604
"windows","crr",10000,"get_score","after_latest","result/AUC/score","AUC",2,0,0,0.806918644997575,0.831644895311684,0.806918644997575,0.831644895311684
"windows","crr",10000,"get_score","after_latest","result/Brier/score","Brier",2,0,0,0.07492047981277,0.107220711267184,0.07492047981277,0.107220711267184
"windows","crr",10000,"get_score","after_latest","result/AUC/score","lower",2,0,0,0.793278083933753,0.818153162650767,0.793278083933753,0.818153162650767
"windows","crr",10000,"get_score","after_latest","result/Brier/score","lower",2,0,0,0.0710093290895295,0.102405769990764,0.0710093290895295,0.102405769990764
"windows","crr",10000,"get_score","after_latest","result/AUC/score","se",2,0,0,0.00688366356082988,0.00695959781476435,0.00688366356082988,0.00695959781476435
"windows","crr",10000,"get_score","after_latest","result/Brier/score","se",2,0,0,0.0019955217310579,0.00245664783353144,0.0019955217310579,0.00245664783353144
"windows","crr",10000,"get_score","after_latest","result/AUC/score","times",2,0,0,60,120,60,120
"windows","crr",10000,"get_score","after_latest","result/Brier/score","times",2,0,0,60,120,60,120
"windows","crr",10000,"get_score","after_latest","result/AUC/score","upper",2,0,0,0.820559206061397,0.845136627972602,0.820559206061397,0.845136627972602
"windows","crr",10000,"get_score","after_latest","result/Brier/score","upper",2,0,0,0.0788316305360105,0.112035652543604,0.0788316305360105,0.112035652543604
"windows","crr",10000,"get_score_boot","before_after","result/AUC/score","AUC",2,0,0,0.807908224180354,0.827309129649126,0.807908224180354,0.827309129649126
"windows","crr",10000,"get_score_boot","before_after","result/Brier/score","Brier",2,0,0,0.0759746667966414,0.107664151609962,0.0759746667966414,0.107664151609962
"windows","crr",10000,"get_score_boot","before_after","result/AUC/score","lower",2,0,0,0.795858562727515,0.812995953370681,0.795858562727515,0.812995953370681
"windows","crr",10000,"get_score_boot","before_after","result/Brier/score","lower",2,0,0,0.0726724640224415,0.104086906908913,0.0726724640224415,0.104086906908913
"windows","crr",10000,"get_score_boot","before_after","result/AUC/score","se",2,0,0,0.00782217826186827,0.00870366037594877,0.00782217826186827,0.00870366037594877
"windows","crr",10000,"get_score_boot","before_after","result/Brier/score","se",2,0,0,0.00194010262523407,0.00298351428031015,0.00194010262523407,0.00298351428031015
"windows","crr",10000,"get_score_boot","before_after","result/AUC/score","times",2,0,0,60,120,60,120
"windows","crr",10000,"get_score_boot","before_after","result/Brier/score","times",2,0,0,60,120,60,120
"windows","crr",10000,"get_score_boot","before_after","result/AUC/score","upper",2,0,0,0.818878993455222,0.837055104446321,0.818878993455222,0.837055104446321
"windows","crr",10000,"get_score_boot","before_after","result/Brier/score","upper",2,0,0,0.0782210684006503,0.111873142545421,0.0782210684006503,0.111873142545421
"windows","crr",10000,"get_score_boot","after_latest","result/AUC/score","AUC",2,0,0,0.807908224180354,0.827309129649126,0.807908224180354,0.827309129649126
"windows","crr",10000,"get_score_boot","after_latest","result/Brier/score","Brier",2,0,0,0.0759746667966414,0.107664151609962,0.0759746667966414,0.107664151609962
"windows","crr",10000,"get_score_boot","after_latest","result/AUC/score","lower",2,0,0,0.795858562727515,0.812995953370681,0.795858562727515,0.812995953370681
"windows","crr",10000,"get_score_boot","after_latest","result/Brier/score","lower",2,0,0,0.0726724640224415,0.104086906908913,0.0726724640224415,0.104086906908913
"windows","crr",10000,"get_score_boot","after_latest","result/AUC/score","se",2,0,0,0.00782217826186827,0.00870366037594877,0.00782217826186827,0.00870366037594877
"windows","crr",10000,"get_score_boot","after_latest","result/Brier/score","se",2,0,0,0.00194010262523407,0.00298351428031015,0.00194010262523407,0.00298351428031015
"windows","crr",10000,"get_score_boot","after_latest","result/AUC/score","times",2,0,0,60,120,60,120
"windows","crr",10000,"get_score_boot","after_latest","result/Brier/score","times",2,0,0,60,120,60,120
"windows","crr",10000,"get_score_boot","after_latest","result/AUC/score","upper",2,0,0,0.818878993455222,0.837055104446321,0.818878993455222,0.837055104446321
"windows","crr",10000,"get_score_boot","after_latest","result/Brier/score","upper",2,0,0,0.0782210684006503,0.111873142545421,0.0782210684006503,0.111873142545421
"windows","crr",10000,"fit_hazard","before_after","fit","beta",12,0.00513589500922507,0.00402560418118117,0.012302624625254,2.95500994380668,0.0123521501223849,2.96014583881591
"windows","crr",10000,"fit_hazard","before_after","fit","se",12,0.00050734242654904,0.00341257284564472,0.00297203687148745,0.255801111971782,0.00297975491018142,0.256308454398331
"windows","crr",10000,"get_eff_sub","before_after","result/haz_direct","conf.high",3,0.00337291454619359,0.00121827536695105,2.2091874116202,2.76859783731399,2.21162050728584,2.77197075186018
"windows","crr",10000,"get_eff_sub","before_after","result/haz_unadj","conf.high",3,0.00325689791342176,0.00119835064168621,2.24404705287892,2.79571851876954,2.24673620810471,2.79897541668296
"windows","crr",10000,"get_eff_sub","before_after","result/haz_direct","conf.low",3,0.0013225668335981,0.000683002341263988,1.69014018066425,1.9364016104989,1.69100352799631,1.9377241773325
"windows","crr",10000,"get_eff_sub","before_after","result/haz_unadj","conf.low",3,0.00134453791718658,0.000694505169119274,1.71886951814128,1.95465204861685,1.71998760769215,1.95589571326839
"windows","crr",10000,"get_eff_sub","before_after","result/haz_direct","estimate",3,0.00220103459842758,0.000950603073469589,1.93231374548673,2.31540867040758,1.93387126779663,2.317609705006
"windows","crr",10000,"get_eff_sub","before_after","result/haz_unadj","estimate",3,0.00210523655137429,0.000924377633488412,1.96398168944325,2.33766056776192,1.96579715018955,2.33976580431329
"windows","crr",10000,"get_eff_sub","before_after","result/haz_direct","p.value_0.95",3,3.50273427263012e-20,3.50273427263012e-12,0,0,2.44640226867038e-39,3.50273427263012e-20
"windows","crr",10000,"get_eff_sub","before_after","result/haz_unadj","p.value_0.95",3,1.44293156868995e-20,1.44293156868995e-12,0,0,6.05261590549757e-45,1.44293156868995e-20
"windows","crr",10000,"get_eff_sub","before_after","result/haz_direct","p_value",3,3.50273427263012e-20,3.50273427263012e-12,0,0,2.44640226867038e-39,3.50273427263012e-20
"windows","crr",10000,"get_eff_sub","before_after","result/haz_unadj","p_value",3,1.44293156868995e-20,1.44293156868995e-12,0,0,6.05261590549757e-45,1.44293156868995e-20
"windows","crr",10000,"curve_CSC","before_after","result","ci_lower",550,0,0,0,0.546725653066396,0,0.546725653066396
"windows","crr",10000,"curve_CSC","before_after","result","ci_upper",550,0,0,0,0.690108880151221,0,0.690108880151221
"windows","crr",10000,"curve_CSC","before_after","result","probability",550,0,0,0,0.618417266608808,0,0.618417266608808
"windows","crr",10000,"curve_CSC","before_after","result","se",550,0,0,0,0.058329479680645,0,0.058329479680645
"windows","crr",10000,"curve_CSC","before_after","result","time",550,0,0,0,263,0,263
"windows","crr",10000,"get_inter_abs","before_after","result/estimates","conf.high",18,0.0799439165934215,3.23754044831066,0.00483166163948601,1.47461698787147,0.0126973281360458,1.47461698787147
"windows","crr",10000,"get_inter_abs","before_after","result/risks","conf.high",8,0.00189074140108558,0.00730386529543199,0.0855333841087043,0.283391537356102,0.0855333841087043,0.283391537356102
"windows","crr",10000,"get_inter_abs","before_after","result/estimates","conf.low",18,0.0336608411011323,0.169087579134472,-0.536929865378276,0.970619181398092,-0.553916940144965,0.970619181398092
"windows","crr",10000,"get_inter_abs","before_after","result/risks","conf.low",8,0.0144152986957824,0.0683056200447656,0.0632977872276293,0.242196592728657,0.0632977872276293,0.242196592728657
"windows","crr",10000,"get_inter_abs","before_after","result/estimates","estimate",18,0.00024329502005567,0.00536210793924704,-0.216378448975353,1.19636596977828,-0.216284338467549,1.19636596977828
"windows","crr",10000,"get_inter_abs","before_after","result/risks","estimate",8,0.000376248491743447,0.00166168690112467,0.0744155856681668,0.26279406504238,0.0744155856681668,0.26279406504238
"windows","crr",10000,"get_inter_abs","before_after","result/estimates","p.value",18,0.0581693930313081,0.384933956719307,3.56707927288787e-22,0.518963457903929,3.56707927288787e-22,0.535816165247358
"windows","crr",10000,"get_fit_stats_simple","after_latest","result/stats","estimate",6,0,0,0.0166195061911886,24411.6145258009,0.0166195061911886,24411.6145258009
"windows","crr",10000,"get_fit_stats_simple_boot","after_latest","result/boot","AIC",20,0,0,23787.202168417,26675.6490639345,23787.202168417,26675.6490639345
"windows","crr",10000,"get_fit_stats_simple_boot","after_latest","result/boot","BIC",20,0,0,23797.6443786134,26680.9768444729,23797.6443786134,26680.9768444729
"windows","crr",10000,"get_fit_stats_simple_boot","after_latest","result/boot","PVE",20,0,0,0.0136797198224669,0.0425543554749234,0.0136797198224669,0.0425543554749234
"windows","crr",10000,"get_fit_stats_simple_boot","after_latest","result/stats","SE",6,0,0,0.00276556768750305,768.063324927701,0.00276556768750305,768.063324927701
"windows","crr",10000,"get_fit_stats_simple_boot","after_latest","result/stats","estimate",6,0,0,0.0166195061911886,24411.6145258009,0.0166195061911886,24411.6145258009
"windows","crr",10000,"get_fit_stats_simple_boot","after_latest","result/stats","lower",6,0,0,0.0137308453673733,24022.9273022028,0.0137308453673733,24022.9273022028
"windows","crr",10000,"get_fit_stats_simple_boot","after_latest","result/boot","replicate",20,0,0,1,10,1,10
"windows","crr",10000,"get_fit_stats_simple_boot","after_latest","result/stats","upper",6,0,0,0.0211258054242844,26473.1593196412,0.0211258054242844,26473.1593196412
"windows","crr",30000,"get_eff_cat","before_after","result/haz_models","conf.high",20,0.303962194828301,0.00768906183365992,1.7658502293794,39.5317662159596,1.76414632116779,39.8357284107879
"windows","crr",30000,"get_eff_cat","before_after","result/haz_models","conf.low",20,0.191368846707878,0.00687327397842516,1.12632458928311,27.8424586752361,1.12490484678126,28.0338275219439
"windows","crr",30000,"get_eff_cat","before_after","result/haz_models","estimate",20,0.241558887683006,0.0072810853186438,1.41029093960829,33.1762199056334,1.40872167127256,33.4177787933164
"windows","crr",30000,"get_eff_cat","before_after","result/haz_models","p.value_0.95",20,0.000132991090011228,0.0492559592634177,0,0.0027,0,0.00283299109001123
"windows","crr",30000,"get_eff_cat","before_after","result/haz_models","p_value",20,0.000132991090011228,0.0492559592634177,0,0.0027,0,0.00283299109001123
"windows","crr",30000,"get_facet_diff","before_after","result/diff.data","conf.high",750,0.00343619243325503,0.880631830686047,-0.18831359175403,0.0104118927908837,-0.18831359175403,0.0104118927908837
"windows","crr",30000,"get_facet_diff","before_after","result/forest.data","conf.high",24,0.000987530297252869,0.0193525751413062,-0.137781716746232,0.000927778322795792,-0.137781716746232,0.000927778322795792
"windows","crr",30000,"get_facet_diff","before_after","result/diff.data","conf.high_Female",617,0.00801648745497233,0.0757792477738167,0,0.224190347301694,0,0.224190347301694
"windows","crr",30000,"get_facet_diff","before_after","result/forest.data","conf.high_Female",24,0.00222394041441562,0.0275802933190055,0.0120305722620619,0.161610161433165,0.0120305722620619,0.16383410184758
"windows","crr",30000,"get_facet_diff","before_after","result/diff.data","conf.high_Male",681,0.00681624226269023,0.114259189052621,0,0.34237408781637,0,0.34237408781637
"windows","crr",30000,"get_facet_diff","before_after","result/forest.data","conf.high_Male",24,0.00374150201668061,0.0496202335687828,0.0270629688573777,0.267853715236033,0.0284058396931454,0.267853715236033
"windows","crr",30000,"get_facet_diff","before_after","result/diff.data","conf.low",750,0.00433739283919768,0.0664338008133176,-0.229944436723568,0.00171174819137998,-0.229944436723568,0.00171174819137998
"windows","crr",30000,"get_facet_diff","before_after","result/forest.data","conf.low",24,0.00146433259343194,0.0192795385157768,-0.168446764596138,-0.0155676197405156,-0.168446764596138,-0.015664171586701
"windows","crr",30000,"get_facet_diff","before_after","result/diff.data","conf.low_Female",617,0.00496411261980453,0.243582717314732,0,0.183779155962876,0,0.178815043343072
"windows","crr",30000,"get_facet_diff","before_after","result/forest.data","conf.low_Female",24,0.0022775130542057,0.0613316823671551,0.00656133071700603,0.142566472075224,0.00656133071700603,0.141556629806936
"windows","crr",30000,"get_facet_diff","before_after","result/diff.data","conf.low_Male",681,0.00395120483865885,0.276904819350526,0,0.305680166274431,0,0.305680166274431
"windows","crr",30000,"get_facet_diff","before_after","result/forest.data","conf.low_Male",24,0.00287597747101906,0.0441300730316712,0.0202025370981791,0.237529261806079,0.0193109976606114,0.237529261806079
"windows","crr",30000,"get_facet_diff","before_after","result/diff.data","estimate",750,0.000503599580684688,0.00695042560639179,-0.209129014238799,0.00590577986934966,-0.209129014238799,0.00590577986934966
"windows","crr",30000,"get_facet_diff","before_after","result/forest.data","estimate",24,0.000404655111265917,0.00462769330953042,-0.153114240671185,-0.0084571548228511,-0.153114240671185,-0.0084571548228511
"windows","crr",30000,"get_facet_diff","before_after","result/diff.data","estimate_Female",617,0.000640435310353182,0.00549546329868838,0,0.19842153794877,0,0.19842153794877
"windows","crr",30000,"get_facet_diff","before_after","result/forest.data","estimate_Female",24,0.000296582714516658,0.00331644998096798,0.00929595148953395,0.152398783112742,0.00929595148953395,0.152695365827258
"windows","crr",30000,"get_facet_diff","before_after","result/diff.data","estimate_Male",681,0.00109103551332451,0.00611746463763389,0,0.3240271270454,0,0.3240271270454
"windows","crr",30000,"get_facet_diff","before_after","result/forest.data","estimate_Male",24,0.000581915675664679,0.0038663626576121,0.0238128815253097,0.252691488521056,0.0238584186768784,0.252691488521056
"windows","crr",30000,"get_facet_diff","before_after","result/diff.data","p.value_0.95",744,0.0261212466587437,45.1847181351916,6.97346352273539e-99,0.27460236773597,1.90601559123981e-96,0.248481121077226
"windows","crr",30000,"get_facet_diff","before_after","result/forest.data","p.value_0.95",24,8.28281190867811e-06,1.26115317811584,8.81635800494288e-98,0.0773614085894838,1.13369086138644e-87,0.0773614085894838
"windows","crr",30000,"get_facet_diff","before_after","result/diff.data","p_value",744,0.0261212466587437,45.1847181351916,6.97346352273539e-99,0.27460236773597,1.90601559123981e-96,0.248481121077226
"windows","crr",30000,"get_facet_diff","before_after","result/forest.data","p_value",24,8.28281190867811e-06,1.26115317811584,8.81635800494288e-98,0.0773614085894838,1.13369086138644e-87,0.0773614085894838
"windows","crr",30000,"get_facet_diff","before_after","result/diff.data","time",752,0,0,0,287,0,287
"windows","crr",30000,"get_facet_diff","before_after","result/forest.data","time",24,0,0,12,120,12,120
"windows","crr",30000,"get_score","before_after","result/AUC/score","AUC",2,0,0,0.80646310122456,0.829596587854898,0.80646310122456,0.829596587854898
"windows","crr",30000,"get_score","before_after","result/Brier/score","Brier",2,0,0,0.0743410784795044,0.105663978072214,0.0743410784795044,0.105663978072214
"windows","crr",30000,"get_score","before_after","result/AUC/score","lower",2,0,0,0.798458548036828,0.821617883106216,0.798458548036828,0.821617883106216
"windows","crr",30000,"get_score","before_after","result/Brier/score","lower",2,0,0,0.0720792012618187,0.102896893161455,0.0720792012618187,0.102896893161455
"windows","crr",30000,"get_score","before_after","result/AUC/score","se",2,0,0,0.00407084253160639,0.00408403075304999,0.00407084253160639,0.00408403075304999
"windows","crr",30000,"get_score","before_after","result/Brier/score","se",2,0,0,0.00115404019437455,0.00141180395792234,0.00115404019437455,0.00141180395792234
"windows","crr",30000,"get_score","before_after","result/AUC/score","times",2,0,0,60,120,60,120
"windows","crr",30000,"get_score","before_after","result/Brier/score","times",2,0,0,60,120,60,120
"windows","crr",30000,"get_score","before_after","result/AUC/score","upper",2,0,0,0.814467654412292,0.837575292603581,0.814467654412292,0.837575292603581
"windows","crr",30000,"get_score","before_after","result/Brier/score","upper",2,0,0,0.0766029556971901,0.108431062982973,0.0766029556971901,0.108431062982973
"windows","crr",30000,"get_score","after_latest","result/AUC/score","AUC",2,0,0,0.80646310122456,0.829596587854898,0.80646310122456,0.829596587854898
"windows","crr",30000,"get_score","after_latest","result/Brier/score","Brier",2,0,0,0.0743410784795044,0.105663978072214,0.0743410784795044,0.105663978072214
"windows","crr",30000,"get_score","after_latest","result/AUC/score","lower",2,0,0,0.798458548036828,0.821617883106216,0.798458548036828,0.821617883106216
"windows","crr",30000,"get_score","after_latest","result/Brier/score","lower",2,0,0,0.0720792012618187,0.102896893161455,0.0720792012618187,0.102896893161455
"windows","crr",30000,"get_score","after_latest","result/AUC/score","se",2,0,0,0.00407084253160639,0.00408403075304999,0.00407084253160639,0.00408403075304999
"windows","crr",30000,"get_score","after_latest","result/Brier/score","se",2,0,0,0.00115404019437455,0.00141180395792234,0.00115404019437455,0.00141180395792234
"windows","crr",30000,"get_score","after_latest","result/AUC/score","times",2,0,0,60,120,60,120
"windows","crr",30000,"get_score","after_latest","result/Brier/score","times",2,0,0,60,120,60,120
"windows","crr",30000,"get_score","after_latest","result/AUC/score","upper",2,0,0,0.814467654412292,0.837575292603581,0.814467654412292,0.837575292603581
"windows","crr",30000,"get_score","after_latest","result/Brier/score","upper",2,0,0,0.0766029556971901,0.108431062982973,0.0766029556971901,0.108431062982973
"windows","crr",30000,"get_score_boot","after_latest","result/AUC/score","AUC",2,0,0,0.806740313955269,0.829683595247981,0.806740313955269,0.829683595247981
"windows","crr",30000,"get_score_boot","after_latest","result/Brier/score","Brier",2,0,0,0.0740612436055049,0.104881290155714,0.0740612436055049,0.104881290155714
"windows","crr",30000,"get_score_boot","after_latest","result/AUC/score","lower",2,0,0,0.796338425515561,0.818338383278093,0.796338425515561,0.818338383278093
"windows","crr",30000,"get_score_boot","after_latest","result/Brier/score","lower",2,0,0,0.0717049809351227,0.101720643288828,0.0717049809351227,0.101720643288828
"windows","crr",30000,"get_score_boot","after_latest","result/AUC/score","se",2,0,0,0.00585723187831863,0.00645809693210757,0.00585723187831863,0.00645809693210757
"windows","crr",30000,"get_score_boot","after_latest","result/Brier/score","se",2,0,0,0.0018964043595234,0.00300446333989419,0.0018964043595234,0.00300446333989419
"windows","crr",30000,"get_score_boot","after_latest","result/AUC/score","times",2,0,0,60,120,60,120
"windows","crr",30000,"get_score_boot","after_latest","result/Brier/score","times",2,0,0,60,120,60,120
"windows","crr",30000,"get_score_boot","after_latest","result/AUC/score","upper",2,0,0,0.81330779022035,0.834613521381914,0.81330779022035,0.834613521381914
"windows","crr",30000,"get_score_boot","after_latest","result/Brier/score","upper",2,0,0,0.0775657778474814,0.110014080223003,0.0775657778474814,0.110014080223003
"windows","crr",30000,"fit_hazard","before_after","fit","beta",12,0.00534393475498174,0.00409589402564106,0.0111752710245513,2.97641778747565,0.0112210437503757,2.98176172223063
"windows","crr",30000,"fit_hazard","before_after","fit","se",12,0.000332312780297911,0.00333100685195464,0.00169442917246898,0.151447309671234,0.00169898420804411,0.151779622451532
"windows","crr",30000,"get_eff_sub","before_after","result/haz_direct","conf.high",3,0.00330892370925939,0.00118975690602603,2.14980453289423,2.78117629954484,2.1521399391918,2.7844852232541
"windows","crr",30000,"get_eff_sub","before_after","result/haz_unadj","conf.high",3,0.00319357716907165,0.00120260165305264,2.17933327060905,2.78049953351745,2.18195414040284,2.78369311068652
"windows","crr",30000,"get_eff_sub","before_after","result/haz_direct","conf.low",3,0.0019723320487639,0.000874500525049289,1.83787487531373,2.25538120592064,1.83925944145673,2.25735353796941
"windows","crr",30000,"get_eff_sub","before_after","result/haz_unadj","conf.low",3,0.00189049461347457,0.000896693243639804,1.86444850631363,2.25524898100832,1.86612034469235,2.2571394756218
"windows","crr",30000,"get_eff_sub","before_after","result/haz_direct","estimate",3,0.00258495434701267,0.00103211630502358,1.98773029806407,2.50451846795853,1.98955867028209,2.50710342230554
"windows","crr",30000,"get_eff_sub","before_after","result/haz_unadj","estimate",3,0.00248761624022187,0.00104963576311703,2.01575163677142,2.50414031948278,2.01786744177893,2.50662793572301
"windows","crr",30000,"get_eff_sub","before_after","result/haz_direct","p.value_0.95",3,4.8797959567046e-66,4.8797959567046e-58,0,0,3.90107517843734e-126,4.8797959567046e-66
"windows","crr",30000,"get_eff_sub","before_after","result/haz_unadj","p.value_0.95",3,3.79054227872238e-66,3.79054227872238e-58,0,0,5.66347001957383e-140,3.79054227872238e-66
"windows","crr",30000,"get_eff_sub","before_after","result/haz_direct","p_value",3,4.8797959567046e-66,4.8797959567046e-58,0,0,3.90107517843734e-126,4.8797959567046e-66
"windows","crr",30000,"get_eff_sub","before_after","result/haz_unadj","p_value",3,3.79054227872238e-66,3.79054227872238e-58,0,0,5.66347001957383e-140,3.79054227872238e-66
"windows","crr",30000,"get_fit_stats_simple","after_latest","result/stats","estimate",6,0,0,0.0146352278119033,80958.6164383956,0.0146352278119033,80958.6164383956
"windows","crr",30000,"get_fit_stats_simple_boot","after_latest","result/boot","AIC",20,0,0,78588.16263833,82690.4308054517,78588.16263833,82690.4308054517
"windows","crr",30000,"get_fit_stats_simple_boot","after_latest","result/boot","BIC",20,0,0,78600.7552325553,82696.7719771989,78600.7552325553,82696.7719771989
"windows","crr",30000,"get_fit_stats_simple_boot","after_latest","result/boot","PVE",20,0,0,0.0128169095383904,0.0394513331619243,0.0128169095383904,0.0394513331619243
"windows","crr",30000,"get_fit_stats_simple_boot","after_latest","result/stats","SE",6,0,0,0.00160122508638458,992.362257261751,0.00160122508638458,992.362257261751
"windows","crr",30000,"get_fit_stats_simple_boot","after_latest","result/stats","estimate",6,0,0,0.0146352278119033,80958.6164383956,0.0146352278119033,80958.6164383956
"windows","crr",30000,"get_fit_stats_simple_boot","after_latest","result/stats","lower",6,0,0,0.0130658688988281,79664.1432095104,0.0130658688988281,79664.1432095104
"windows","crr",30000,"get_fit_stats_simple_boot","after_latest","result/boot","replicate",20,0,0,1,10,1,10
"windows","crr",30000,"get_fit_stats_simple_boot","after_latest","result/stats","upper",6,0,0,0.018093542434997,82634.1542373926,0.018093542434997,82634.1542373926
"windows","crr",50000,"get_eff_cat","before_after","result/haz_models","conf.high",20,0.266473523590449,0.00756736358575395,1.68892405869545,35.2135219314825,1.68746171435346,35.479995455073
"windows","crr",50000,"get_eff_cat","before_after","result/haz_models","conf.low",20,0.186207159369033,0.0069132156246982,1.19748642501505,26.9349561011504,1.19616227129338,27.1211632605194
"windows","crr",50000,"get_eff_cat","before_after","result/haz_models","estimate",20,0.222979850800431,0.00724023650102007,1.42213347937847,30.7973159121275,1.42073151473516,31.0202957629279
"windows","crr",50000,"get_eff_cat","before_after","result/haz_models","p.value_0.95",20,3.23368225341633e-06,0.0538947042236054,0,6e-05,0,6.32336822534163e-05
"windows","crr",50000,"get_eff_cat","before_after","result/haz_models","p_value",20,3.23368225341633e-06,0.0538947042236054,0,6e-05,0,6.32336822534163e-05
"windows","crr",50000,"get_score","before_after","result/AUC/score","AUC",2,0,0,0.804380528790844,0.828598687907514,0.804380528790844,0.828598687907514
"windows","crr",50000,"get_score","before_after","result/Brier/score","Brier",2,0,0,0.0746126150319761,0.106362413525816,0.0746126150319761,0.106362413525816
"windows","crr",50000,"get_score","before_after","result/AUC/score","lower",2,0,0,0.799884863817019,0.824182843956895,0.799884863817019,0.824182843956895
"windows","crr",50000,"get_score","before_after","result/Brier/score","lower",2,0,0,0.0728548396325622,0.104204001683325,0.0728548396325622,0.104204001683325
"windows","crr",50000,"get_score","before_after","result/AUC/score","se",2,0,0,0.00225302300728502,0.0022937487674706,0.00225302300728502,0.0022937487674706
"windows","crr",50000,"get_score","before_after","result/Brier/score","se",2,0,0,0.000896840663032063,0.00110125076762416,0.000896840663032063,0.00110125076762416
"windows","crr",50000,"get_score","before_after","result/AUC/score","times",2,0,0,60,120,60,120
"windows","crr",50000,"get_score","before_after","result/Brier/score","times",2,0,0,60,120,60,120
"windows","crr",50000,"get_score","before_after","result/AUC/score","upper",2,0,0,0.80887619376467,0.833014531858133,0.80887619376467,0.833014531858133
"windows","crr",50000,"get_score","before_after","result/Brier/score","upper",2,0,0,0.07637039043139,0.108520825368306,0.07637039043139,0.108520825368306
"windows","crr",50000,"get_score","after_latest","result/AUC/score","AUC",2,0,0,0.804380528790844,0.828598687907514,0.804380528790844,0.828598687907514
"windows","crr",50000,"get_score","after_latest","result/Brier/score","Brier",2,0,0,0.0746126150319761,0.106362413525816,0.0746126150319761,0.106362413525816
"windows","crr",50000,"get_score","after_latest","result/AUC/score","lower",2,0,0,0.799884863817019,0.824182843956895,0.799884863817019,0.824182843956895
"windows","crr",50000,"get_score","after_latest","result/Brier/score","lower",2,0,0,0.0728548396325622,0.104204001683325,0.0728548396325622,0.104204001683325
"windows","crr",50000,"get_score","after_latest","result/AUC/score","se",2,0,0,0.00225302300728502,0.0022937487674706,0.00225302300728502,0.0022937487674706
"windows","crr",50000,"get_score","after_latest","result/Brier/score","se",2,0,0,0.000896840663032063,0.00110125076762416,0.000896840663032063,0.00110125076762416
"windows","crr",50000,"get_score","after_latest","result/AUC/score","times",2,0,0,60,120,60,120
"windows","crr",50000,"get_score","after_latest","result/Brier/score","times",2,0,0,60,120,60,120
"windows","crr",50000,"get_score","after_latest","result/AUC/score","upper",2,0,0,0.80887619376467,0.833014531858133,0.80887619376467,0.833014531858133
"windows","crr",50000,"get_score","after_latest","result/Brier/score","upper",2,0,0,0.07637039043139,0.108520825368306,0.07637039043139,0.108520825368306
"windows","crr",50000,"get_score_boot","after_latest","result/AUC/score","AUC",2,0,0,0.803031993649571,0.82732797564436,0.803031993649571,0.82732797564436
"windows","crr",50000,"get_score_boot","after_latest","result/Brier/score","Brier",2,0,0,0.0744335934358353,0.106380960024063,0.0744335934358353,0.106380960024063
"windows","crr",50000,"get_score_boot","after_latest","result/AUC/score","lower",2,0,0,0.798311125860442,0.819144747963033,0.798311125860442,0.819144747963033
"windows","crr",50000,"get_score_boot","after_latest","result/Brier/score","lower",2,0,0,0.0729974972519313,0.104557210396162,0.0729974972519313,0.104557210396162
"windows","crr",50000,"get_score_boot","after_latest","result/AUC/score","se",2,0,0,0.00297427230440566,0.00613400101401722,0.00297427230440566,0.00613400101401722
"windows","crr",50000,"get_score_boot","after_latest","result/Brier/score","se",2,0,0,0.00114468933621119,0.0012821886353212,0.00114468933621119,0.0012821886353212
"windows","crr",50000,"get_score_boot","after_latest","result/AUC/score","times",2,0,0,60,120,60,120
"windows","crr",50000,"get_score_boot","after_latest","result/Brier/score","times",2,0,0,60,120,60,120
"windows","crr",50000,"get_score_boot","after_latest","result/AUC/score","upper",2,0,0,0.807806513841317,0.837700567739646,0.807806513841317,0.837700567739646
"windows","crr",50000,"get_score_boot","after_latest","result/Brier/score","upper",2,0,0,0.0762484530721335,0.108374982759931,0.0762484530721335,0.108374982759931
"windows","crr",50000,"fit_hazard","before_after","fit","beta",12,0.0054508492656562,0.00398754855010444,0.0104323652665182,2.91700777146768,0.0104739648295108,2.92245862073334
"windows","crr",50000,"fit_hazard","before_after","fit","se",12,0.000246194697907612,0.00321223687962449,0.001310328408452,0.115661597761165,0.00131389344736696,0.115907792459073
"windows","crr",50000,"get_fit_stats_simple","after_latest","result/stats","estimate",6,0,0,0.0135472724914316,142014.392945074,0.0135472724914316,142014.392945074
"windows","crr",50000,"get_fit_stats_simple_boot","after_latest","result/boot","AIC",20,0,0,138462.428134438,145935.213254856,138462.428134438,145935.213254856
"windows","crr",50000,"get_fit_stats_simple_boot","after_latest","result/boot","BIC",20,0,0,138476.053821305,145942.070627689,138476.053821305,145942.070627689
"windows","crr",50000,"get_fit_stats_simple_boot","after_latest","result/boot","PVE",20,0,0,0.0128133534146168,0.0370496449549775,0.0128133534146168,0.0370496449549775
"windows","crr",50000,"get_fit_stats_simple_boot","after_latest","result/stats","SE",6,0,0,0.000964666254474224,2071.54205136806,0.000964666254474224,2071.54205136806
"windows","crr",50000,"get_fit_stats_simple_boot","after_latest","result/stats","estimate",6,0,0,0.0135472724914316,142014.392945074,0.0135472724914316,142014.392945074
"windows","crr",50000,"get_fit_stats_simple_boot","after_latest","result/stats","lower",6,0,0,0.0128193893215701,139585.358940685,0.0128193893215701,139585.358940685
"windows","crr",50000,"get_fit_stats_simple_boot","after_latest","result/boot","replicate",20,0,0,1,10,1,10
"windows","crr",50000,"get_fit_stats_simple_boot","after_latest","result/stats","upper",6,0,0,0.0155544117020797,145644.696812662,0.0155544117020797,145644.696812662
"windows","crr",100000,"get_score","after_latest","result/AUC/score","AUC",2,0,0,0.803845928413467,0.829936593166262,0.803845928413467,0.829936593166262
"windows","crr",100000,"get_score","after_latest","result/Brier/score","Brier",2,0,0,0.0741676152650601,0.10589975082254,0.0741676152650601,0.10589975082254
"windows","crr",100000,"get_score","after_latest","result/AUC/score","lower",2,0,0,0.803221231629608,0.829324578616639,0.803221231629608,0.829324578616639
"windows","crr",100000,"get_score","after_latest","result/Brier/score","lower",2,0,0,0.0729282354787246,0.10437501145744,0.0729282354787246,0.10437501145744
"windows","crr",100000,"get_score","after_latest","result/AUC/score","se",2,0,0,0.000312258059050875,0.000318728705622076,0.000312258059050875,0.000318728705622076
"windows","crr",100000,"get_score","after_latest","result/Brier/score","se",2,0,0,0.000632348245228792,0.000777942542376693,0.000632348245228792,0.000777942542376693
"windows","crr",100000,"get_score","after_latest","result/AUC/score","times",2,0,0,60,120,60,120
"windows","crr",100000,"get_score","after_latest","result/Brier/score","times",2,0,0,60,120,60,120
"windows","crr",100000,"get_score","after_latest","result/AUC/score","upper",2,0,0,0.804470625197325,0.830548607715884,0.804470625197325,0.830548607715884
"windows","crr",100000,"get_score","after_latest","result/Brier/score","upper",2,0,0,0.0754069950513957,0.107424490187639,0.0754069950513957,0.107424490187639
"windows","crr",100000,"get_score_boot","after_latest","result/AUC/score","AUC",2,0,0,0.802238794721948,0.828812474598555,0.802238794721948,0.828812474598555
"windows","crr",100000,"get_score_boot","after_latest","result/Brier/score","Brier",2,0,0,0.0741857450846852,0.106543952731241,0.0741857450846852,0.106543952731241
"windows","crr",100000,"get_score_boot","after_latest","result/AUC/score","lower",2,0,0,0.799706255123137,0.82478359554159,0.799706255123137,0.82478359554159
"windows","crr",100000,"get_score_boot","after_latest","result/Brier/score","lower",2,0,0,0.0731372211881625,0.105228850350366,0.0731372211881625,0.105228850350366
"windows","crr",100000,"get_score_boot","after_latest","result/AUC/score","se",2,0,0,0.00174557856315107,0.00272803210565251,0.00174557856315107,0.00272803210565251
"windows","crr",100000,"get_score_boot","after_latest","result/Brier/score","se",2,0,0,0.000662138256418422,0.000879795779834176,0.000662138256418422,0.000879795779834176
"windows","crr",100000,"get_score_boot","after_latest","result/AUC/score","times",2,0,0,60,120,60,120
"windows","crr",100000,"get_score_boot","after_latest","result/Brier/score","times",2,0,0,60,120,60,120
"windows","crr",100000,"get_score_boot","after_latest","result/AUC/score","upper",2,0,0,0.804588158348989,0.832403771068146,0.804588158348989,0.832403771068146
"windows","crr",100000,"get_score_boot","after_latest","result/Brier/score","upper",2,0,0,0.0753809801789652,0.107188498526499,0.0753809801789652,0.107188498526499
"windows","crr",100000,"get_fit_stats_simple","after_latest","result/stats","estimate",6,0,0,0.0133823211323646,301243.207366412,0.0133823211323646,301243.207366412
"windows","crr",100000,"get_fit_stats_simple_boot","after_latest","result/boot","AIC",20,0,0,295139.798438196,304197.476316619,295139.798438196,304197.476316619
"windows","crr",100000,"get_fit_stats_simple_boot","after_latest","result/boot","BIC",20,0,0,295154.806844803,304205.003946408,295154.806844803,304205.003946408
"windows","crr",100000,"get_fit_stats_simple_boot","after_latest","result/boot","PVE",20,0,0,0.0126726262867257,0.0353657244531031,0.0126726262867257,0.0353657244531031
"windows","crr",100000,"get_fit_stats_simple_boot","after_latest","result/stats","SE",6,0,0,0.000583592111982813,2004.53326809432,0.000583592111982813,2004.53326809432
"windows","crr",100000,"get_fit_stats_simple_boot","after_latest","result/stats","estimate",6,0,0,0.0133823211323646,301243.207366412,0.0133823211323646,301243.207366412
"windows","crr",100000,"get_fit_stats_simple_boot","after_latest","result/stats","lower",6,0,0,0.0127479005445009,297709.904150931,0.0127479005445009,297709.904150931
"windows","crr",100000,"get_fit_stats_simple_boot","after_latest","result/boot","replicate",20,0,0,1,10,1,10
"windows","crr",100000,"get_fit_stats_simple_boot","after_latest","result/stats","upper",6,0,0,0.0146019727741531,303886.293861802,0.0146019727741531,303886.293861802
"windows","cox",5000,"get_facet","before_after","result/sur.data","ci_lower",288,0,0,0.328392173958604,1,0.328392173958604,1
"windows","cox",5000,"get_facet","before_after","result/sur.data","ci_upper",288,0,0,0.634066196630332,1,0.634066196630332,1
"windows","cox",5000,"get_facet","before_after","result/sur.data","se",288,0,0,0,0.0779794998997037,0,0.0779794998997037
"windows","cox",5000,"get_facet","before_after","result/sur.data","surv",288,0,0,0.481229185294468,1,0.481229185294468,1
"windows","cox",5000,"get_facet","before_after","result/sur.data","time",288,0,0,0,253,0,253
"windows","cox",5000,"get_facet","before_after","result/insert.data","x",3,0,0,0.5,0.5,0.5,0.5
"windows","cox",5000,"get_facet","before_after","result/insert.data","y",3,0,0,0.5,0.5,0.5,0.5
"windows","cox",5000,"get_facet","before_after","result/sur.data","yhat",288,0,0,0.481229185294468,1,0.481229185294468,1
"windows","cox",5000,"get_rpa","before_after","UM/haz_direct","conf.high",10,0,0,1,54.0384980113128,1,54.0384980113128
"windows","cox",5000,"get_rpa","before_after","UM/haz_unadj","conf.high",10,0,0,1,60.3551695396433,1,60.3551695396433
"windows","cox",5000,"get_rpa","before_after","UM/sur_direct","conf.high",10,0,0,0,0.750136808397898,0,0.750136808397898
"windows","cox",5000,"get_rpa","before_after","UM/sur_unadj","conf.high",10,0,0,0,0.987123862824597,0,0.987123862824597
"windows","cox",5000,"get_rpa","before_after","UM/sur_direct","conf.high_sur",10,0,0,0.49011460195641,0.97750591279411,0.49011460195641,0.97750591279411
"windows","cox",5000,"get_rpa","before_after","UM/sur_unadj","conf.high_sur",10,0,0,0.493856198851931,0.979340290436552,0.493856198851931,0.979340290436552
"windows","cox",5000,"get_rpa","before_after","UM/haz_direct","conf.low",10,0,0,1,19.3729101834695,1,19.3729101834695
"windows","cox",5000,"get_rpa","before_after","UM/haz_unadj","conf.low",10,0,0,1,21.693172107243,1,21.693172107243
"windows","cox",5000,"get_rpa","before_after","UM/sur_direct","conf.low",10,0,0,0,0.477050865079235,0,0.477050865079235
"windows","cox",5000,"get_rpa","before_after","UM/sur_unadj","conf.low",10,0,0,0,0.41707971813178,0,0.41707971813178
"windows","cox",5000,"get_rpa","before_after","UM/sur_direct","conf.low_sur",10,0,0,0.217758428563039,0.957554791202472,0.217758428563039,0.957554791202472
"windows","cox",5000,"get_rpa","before_after","UM/sur_unadj","conf.low_sur",10,0,0,0.270429957944055,0.958294326904247,0.270429957944055,0.958294326904247
"windows","cox",5000,"get_rpa","before_after","tree_groups","count",10,0,0,36,1514,36,1514
"windows","cox",5000,"get_rpa","before_after","UM/haz_direct","estimate",10,0,0,1,32.355570902439,1,32.355570902439
"windows","cox",5000,"get_rpa","before_after","UM/haz_unadj","estimate",10,0,0,1,36.1841827375625,1,36.1841827375625
"windows","cox",5000,"get_rpa","before_after","UM/sur_direct","estimate",10,0,0,0,0.613593836738567,0,0.613593836738567
"windows","cox",5000,"get_rpa","before_after","UM/sur_unadj","estimate",10,0,0,0,0.550213445561574,0,0.550213445561574
"windows","cox",5000,"get_rpa","before_after","UM/sur_direct","estimate_sur",10,0,0,0.353936515259724,0.967530351998291,0.353936515259724,0.967530351998291
"windows","cox",5000,"get_rpa","before_after","UM/sur_unadj","estimate_sur",10,0,0,0.418546712802768,0.968760158364342,0.418546712802768,0.968760158364342
"windows","cox",5000,"get_rpa","before_after","UM/haz_direct","p.value_0.95",9,0,0,1.51611656745642e-80,4.99933993737434e-05,1.51611656745642e-80,4.99933993737434e-05
"windows","cox",5000,"get_rpa","before_after","UM/haz_unadj","p.value_0.95",9,0,0,3.18593884898891e-86,3.77811574414747e-05,3.18593884898891e-86,3.77811574414747e-05
"windows","cox",5000,"get_rpa","before_after","UM/haz_direct","p_value",9,0,0,1.51611656745642e-80,4.99933993737434e-05,1.51611656745642e-80,4.99933993737434e-05
"windows","cox",5000,"get_rpa","before_after","UM/haz_unadj","p_value",9,0,0,3.18593884898891e-86,3.77811574414747e-05,3.18593884898891e-86,3.77811574414747e-05
"windows","cox",5000,"get_rpa","before_after","UM/sur_direct","p_value",9,0,0,1.08900079466399e-109,0.000687679122059758,1.08900079466399e-109,0.000687679122059758
"windows","cox",5000,"get_rpa","before_after","UM/sur_unadj","p_value",9,0,0,1.87830797230557e-21,0.0212882321238742,1.87830797230557e-21,0.0212882321238742
"windows","cox",5000,"get_rpa","before_after","UM/sur_direct","time",11,0,0,120,120,120,120
"windows","cox",5000,"get_rpa","before_after","UM/sur_unadj","time",11,0,0,120,120,120,120
"windows","cox",5000,"get_fit_stats","after_latest","result/stats","estimate",6,0,0,0.0452615076604916,11030.4267020355,0.0452615076604916,11030.4267020355
"windows","cox",5000,"get_eff_cat","before_after","result/haz_models","conf.high",20,0,0,3.04345994709717,76.4435145239951,3.04345994709717,76.4435145239951
"windows","cox",5000,"get_eff_cat","before_after","result/haz_models","conf.low",20,0,0,0.812322666262108,32.1441352152532,0.812322666262108,32.1441352152532
"windows","cox",5000,"get_eff_cat","before_after","result/haz_models","estimate",20,0,0,1.57234585854637,49.5702599064043,1.57234585854637,49.5702599064043
"windows","cox",5000,"get_eff_cat","before_after","result/haz_models","p.value_0.95",20,0,0,8.22196951371322e-70,0.179239734551374,8.22196951371322e-70,0.179239734551374
"windows","cox",5000,"get_eff_cat","before_after","result/haz_models","p_value",20,0,0,8.22196951371322e-70,0.179239734551374,8.22196951371322e-70,0.179239734551374
"windows","cox",5000,"get_fit_stats_boot","after_latest","result/boot","AIC",20,0,0,9891.99431567595,12134.8404975316,9891.99431567595,12134.8404975316
"windows","cox",5000,"get_fit_stats_boot","after_latest","result/boot","BIC",20,0,0,9946.09954531961,12144.1254711343,9946.09954531961,12144.1254711343
"windows","cox",5000,"get_fit_stats_boot","after_latest","result/boot","PVE",20,0,0,0.0346184328028985,0.195300306031937,0.0346184328028985,0.195300306031937
"windows","cox",5000,"get_fit_stats_boot","after_latest","result/stats","SE",6,0,0,0.00381781415927163,542.830900399306,0.00381781415927163,542.830900399306
"windows","cox",5000,"get_fit_stats_boot","after_latest","result/stats","estimate",6,0,0,0.0452615076604916,11030.4267020355,0.0452615076604916,11030.4267020355
"windows","cox",5000,"get_fit_stats_boot","after_latest","result/stats","lower",6,0,0,0.0357234738443322,10495.2510592702,0.0357234738443322,10495.2510592702
"windows","cox",5000,"get_fit_stats_boot","after_latest","result/boot","replicate",20,0,0,1,10,1,10
"windows","cox",5000,"get_fit_stats_boot","after_latest","result/stats","upper",6,0,0,0.0473191103321445,12084.072361981,0.0473191103321445,12084.072361981
"windows","cox",5000,"curve_direct","before_after","result","ci_lower",528,0,0,0.215772194691539,1,0.215772194691539,1
"windows","cox",5000,"curve_direct","before_after","result","ci_upper",528,0,0,0.417156406252021,1,0.417156406252021,1
"windows","cox",5000,"curve_direct","before_after","result","probability",528,0,0,0.31646430047178,1,0.31646430047178,1
"windows","cox",5000,"curve_direct","before_after","result","se",528,0,0,0,0.0881303694057724,0,0.0881303694057724
"windows","cox",5000,"curve_direct","before_after","result","time",528,0,0,0,253,0,253
"windows","cox",5000,"get_facet_diff","before_after","result/diff.data","conf.high",979,0,0,-0.000464240032406237,0.595748808660274,-0.000464240032406237,0.595748808660274
"windows","cox",5000,"get_facet_diff","before_after","result/forest.data","conf.high",24,0,0,0.0223109495702481,0.227924282119044,0.0223109495702481,0.227924282119044
"windows","cox",5000,"get_facet_diff","before_after","result/diff.data","conf.high_Female",906,0,0,0.770700944945574,1,0.770700944945574,1
"windows","cox",5000,"get_facet_diff","before_after","result/forest.data","conf.high_Female",24,0,0,0.848012299516008,0.995382164795685,0.848012299516008,0.995382164795685
"windows","cox",5000,"get_facet_diff","before_after","result/diff.data","conf.high_Male",784,0,0,0.627747402355645,1,0.627747402355645,1
"windows","cox",5000,"get_facet_diff","before_after","result/forest.data","conf.high_Male",24,0,0,0.740595524450705,0.986261250224809,0.740595524450705,0.986261250224809
"windows","cox",5000,"get_facet_diff","before_after","result/diff.data","conf.low",979,0,0,-0.36784428834091,0.157770710324642,-0.36784428834091,0.157770710324642
"windows","cox",5000,"get_facet_diff","before_after","result/forest.data","conf.low",24,0,0,-0.027106790610034,0.116713707092292,-0.027106790610034,0.116713707092292
"windows","cox",5000,"get_facet_diff","before_after","result/diff.data","conf.low_Female",906,0,0,0.406397894495705,1,0.406397894495705,1
"windows","cox",5000,"get_facet_diff","before_after","result/forest.data","conf.low_Female",24,0,0,0.781000133219073,0.980466544216805,0.781000133219073,0.980466544216805
"windows","cox",5000,"get_facet_diff","before_after","result/diff.data","conf.low_Male",784,0,0,0.328392173958604,1,0.328392173958604,1
"windows","cox",5000,"get_facet_diff","before_after","result/forest.data","conf.low_Male",24,0,0,0.653365765266002,0.96292490785129,0.653365765266002,0.96292490785129
"windows","cox",5000,"get_facet_diff","before_after","result/diff.data","estimate",979,0,0,-0.011077308770299,0.272052749305149,-0.011077308770299,0.272052749305149
"windows","cox",5000,"get_facet_diff","before_after","result/forest.data","estimate",24,0,0,-0.00239792051989296,0.171701925504584,-0.00239792051989296,0.171701925504584
"windows","cox",5000,"get_facet_diff","before_after","result/diff.data","estimate_Female",906,0,0,0.632401956581869,1,0.632401956581869,1
"windows","cox",5000,"get_facet_diff","before_after","result/forest.data","estimate_Female",24,0,0,0.814506216367541,0.987896204715995,0.814506216367541,0.987896204715995
"windows","cox",5000,"get_facet_diff","before_after","result/diff.data","estimate_Male",784,0,0,0.481229185294468,1,0.481229185294468,1
"windows","cox",5000,"get_facet_diff","before_after","result/forest.data","estimate_Male",24,0,0,0.697209268735059,0.974043040593427,0.697209268735059,0.974043040593427
"windows","cox",5000,"get_facet_diff","before_after","result/diff.data","p.value_0.95",976,0,0,5.71623223669824e-15,0.999711673114235,5.71623223669824e-15,0.999711673114235
"windows","cox",5000,"get_facet_diff","before_after","result/forest.data","p.value_0.95",24,0,0,6.07272469915504e-15,0.849145727202918,6.07272469915504e-15,0.849145727202918
"windows","cox",5000,"get_facet_diff","before_after","result/diff.data","p_value",976,0,0,5.71623223669824e-15,0.999711673114235,5.71623223669824e-15,0.999711673114235
"windows","cox",5000,"get_facet_diff","before_after","result/forest.data","p_value",24,0,0,6.07272469915504e-15,0.849145727202918,6.07272469915504e-15,0.849145727202918
"windows","cox",5000,"get_facet_diff","before_after","result/diff.data","time",983,0,0,0,287,0,287
"windows","cox",5000,"get_facet_diff","before_after","result/forest.data","time",24,0,0,12,120,12,120
"windows","cox",5000,"get_cat","before_after","curve/direct","ci_lower",528,0,0,0.215772194691539,1,0.215772194691539,1
"windows","cox",5000,"get_cat","before_after","curve/unadj","ci_lower",1488,0,0,0.235067935468534,1,0.235067935468534,1
"windows","cox",5000,"get_cat","before_after","curve/direct","ci_upper",528,0,0,0.417156406252021,1,0.417156406252021,1
"windows","cox",5000,"get_cat","before_after","curve/unadj","ci_upper",1488,0,0,0.459946393991276,1,0.459946393991276,1
"windows","cox",5000,"get_cat","before_after","UM/haz_direct","conf.high",11,0,0,1,39.3946952988299,1,39.3946952988299
"windows","cox",5000,"get_cat","before_after","UM/haz_unadj","conf.high",11,0,0,1,76.4435145239951,1,76.4435145239951
"windows","cox",5000,"get_cat","before_after","UM/sur_direct","conf.high",11,0,0,0,0.601097547893278,0,0.601097547893278
"windows","cox",5000,"get_cat","before_after","UM/sur_unadj","conf.high",11,0,0,0,1.15624971294175,0,1.15624971294175
"windows","cox",5000,"get_cat","before_after","UM/sur_direct","conf.high_sur",11,0,0,0.553006076016,0.978839634893289,0.553006076016,0.978839634893289
"windows","cox",5000,"get_cat","before_after","UM/sur_unadj","conf.high_sur",11,0,0,0.459946393991276,0.986925829988921,0.459946393991276,0.986925829988921
"windows","cox",5000,"get_cat","before_after","UM/haz_direct","conf.low",11,0,0,0.812322666262108,13.9770349444463,0.812322666262108,13.9770349444463
"windows","cox",5000,"get_cat","before_after","UM/haz_unadj","conf.low",11,0,0,1,32.1441352152532,1,32.1441352152532
"windows","cox",5000,"get_cat","before_after","UM/sur_direct","conf.low",11,0,0,-0.0114616045322441,0.411431002426494,-0.0114616045322441,0.411431002426494
"windows","cox",5000,"get_cat","before_after","UM/sur_unadj","conf.low",11,0,0,-0.0716321257216399,0.367376497130795,-0.0716321257216399,0.367376497130795
"windows","cox",5000,"get_cat","before_after","UM/sur_direct","conf.low_sur",11,0,0,0.365255281868541,0.951950273311023,0.365255281868541,0.951950273311023
"windows","cox",5000,"get_cat","before_after","UM/sur_unadj","conf.low_sur",11,0,0,0.235067935468534,0.966390942656843,0.235067935468534,0.966390942656843
"windows","cox",5000,"get_cat","before_after","UM/haz_direct","estimate",11,0,0,1,23.4653155277648,1,23.4653155277648
"windows","cox",5000,"get_cat","before_after","UM/haz_unadj","estimate",11,0,0,1,49.5702599064043,1,49.5702599064043
"windows","cox",5000,"get_cat","before_after","UM/sur_direct","estimate",11,0,0,0,0.506264275159886,0,0.506264275159886
"windows","cox",5000,"get_cat","before_after","UM/sur_unadj","estimate",11,0,0,0,0.627131182528583,0,0.627131182528583
"windows","cox",5000,"get_cat","before_after","UM/sur_direct","estimate_sur",11,0,0,0.459130678942271,0.965394954102156,0.459130678942271,0.965394954102156
"windows","cox",5000,"get_cat","before_after","UM/sur_unadj","estimate_sur",11,0,0,0.349473232357701,0.976604414886284,0.349473232357701,0.976604414886284
"windows","cox",5000,"get_cat","before_after","UM/haz_direct","p.value_0.95",10,0,0,4.53391190087569e-40,0.179239734551374,4.53391190087569e-40,0.179239734551374
"windows","cox",5000,"get_cat","before_after","UM/haz_unadj","p.value_0.95",10,0,0,8.22196951371322e-70,0.0153470763470404,8.22196951371322e-70,0.0153470763470404
"windows","cox",5000,"get_cat","before_after","UM/haz_direct","p_value",10,0,0,4.53391190087569e-40,0.179239734551374,4.53391190087569e-40,0.179239734551374
"windows","cox",5000,"get_cat","before_after","UM/haz_unadj","p_value",10,0,0,8.22196951371322e-70,0.0153470763470404,8.22196951371322e-70,0.0153470763470404
"windows","cox",5000,"get_cat","before_after","UM/sur_direct","p_value",10,0,0,1.07561783173025e-69,0.21987853035085,1.07561783173025e-69,0.21987853035085
"windows","cox",5000,"get_cat","before_after","UM/sur_unadj","p_value",10,0,0,1.83526165722642e-21,0.0834012359756297,1.83526165722642e-21,0.0834012359756297
"windows","cox",5000,"get_cat","before_after","curve/direct","probability",528,0,0,0.31646430047178,1,0.31646430047178,1
"windows","cox",5000,"get_cat","before_after","curve/unadj","probability",1488,0,0,0.349473232357701,1,0.349473232357701,1
"windows","cox",5000,"get_cat","before_after","curve/direct","se",528,0,0,0,0.0881303694057724,0,0.0881303694057724
"windows","cox",5000,"get_cat","before_after","curve/unadj","se",1488,0,0,0,0.313194988586154,0,0.313194988586154
"windows","cox",5000,"get_cat","before_after","UM/sur_direct","time",12,0,0,120,120,120,120
"windows","cox",5000,"get_cat","before_after","UM/sur_unadj","time",12,0,0,120,120,120,120
"windows","cox",5000,"get_cat","before_after","curve/direct","time",528,0,0,0,253,0,253
"windows","cox",5000,"get_cat","before_after","curve/unadj","time",1488,0,0,1,287,1,287
"windows","cox",5000,"get_eff","before_after","result/haz_direct","conf.high",11,0,0,1,39.3946952988299,1,39.3946952988299
"windows","cox",5000,"get_eff","before_after","result/haz_unadj","conf.high",11,0,0,1,76.4435145239951,1,76.4435145239951
"windows","cox",5000,"get_eff","before_after","result/sur_direct","conf.high",11,0,0,0,0.601097547893278,0,0.601097547893278
"windows","cox",5000,"get_eff","before_after","result/sur_unadj","conf.high",11,0,0,0,1.15624971294175,0,1.15624971294175
"windows","cox",5000,"get_eff","before_after","result/sur_direct","conf.high_sur",11,0,0,0.553006076016,0.978839634893289,0.553006076016,0.978839634893289
"windows","cox",5000,"get_eff","before_after","result/sur_unadj","conf.high_sur",11,0,0,0.459946393991276,0.986925829988921,0.459946393991276,0.986925829988921
"windows","cox",5000,"get_eff","before_after","result/haz_direct","conf.low",11,0,0,0.812322666262108,13.9770349444463,0.812322666262108,13.9770349444463
"windows","cox",5000,"get_eff","before_after","result/haz_unadj","conf.low",11,0,0,1,32.1441352152532,1,32.1441352152532
"windows","cox",5000,"get_eff","before_after","result/sur_direct","conf.low",11,0,0,-0.0114616045322441,0.411431002426494,-0.0114616045322441,0.411431002426494
"windows","cox",5000,"get_eff","before_after","result/sur_unadj","conf.low",11,0,0,-0.0716321257216399,0.367376497130795,-0.0716321257216399,0.367376497130795
"windows","cox",5000,"get_eff","before_after","result/sur_direct","conf.low_sur",11,0,0,0.365255281868541,0.951950273311023,0.365255281868541,0.951950273311023
"windows","cox",5000,"get_eff","before_after","result/sur_unadj","conf.low_sur",11,0,0,0.235067935468534,0.966390942656843,0.235067935468534,0.966390942656843
"windows","cox",5000,"get_eff","before_after","result/haz_direct","estimate",11,0,0,1,23.4653155277648,1,23.4653155277648
"windows","cox",5000,"get_eff","before_after","result/haz_unadj","estimate",11,0,0,1,49.5702599064043,1,49.5702599064043
"windows","cox",5000,"get_eff","before_after","result/sur_direct","estimate",11,0,0,0,0.506264275159886,0,0.506264275159886
"windows","cox",5000,"get_eff","before_after","result/sur_unadj","estimate",11,0,0,0,0.627131182528583,0,0.627131182528583
"windows","cox",5000,"get_eff","before_after","result/sur_direct","estimate_sur",11,0,0,0.459130678942271,0.965394954102156,0.459130678942271,0.965394954102156
"windows","cox",5000,"get_eff","before_after","result/sur_unadj","estimate_sur",11,0,0,0.349473232357701,0.976604414886284,0.349473232357701,0.976604414886284
"windows","cox",5000,"get_eff","before_after","result/haz_direct","p.value_0.95",10,0,0,4.53391190087569e-40,0.179239734551374,4.53391190087569e-40,0.179239734551374
"windows","cox",5000,"get_eff","before_after","result/haz_unadj","p.value_0.95",10,0,0,8.22196951371322e-70,0.0153470763470404,8.22196951371322e-70,0.0153470763470404
"windows","cox",5000,"get_eff","before_after","result/haz_direct","p_value",10,0,0,4.53391190087569e-40,0.179239734551374,4.53391190087569e-40,0.179239734551374
"windows","cox",5000,"get_eff","before_after","result/haz_unadj","p_value",10,0,0,8.22196951371322e-70,0.0153470763470404,8.22196951371322e-70,0.0153470763470404
"windows","cox",5000,"get_eff","before_after","result/sur_direct","p_value",10,0,0,1.07561783173025e-69,0.21987853035085,1.07561783173025e-69,0.21987853035085
"windows","cox",5000,"get_eff","before_after","result/sur_unadj","p_value",10,0,0,1.83526165722642e-21,0.0834012359756297,1.83526165722642e-21,0.0834012359756297
"windows","cox",5000,"get_eff","before_after","result/sur_direct","time",12,0,0,120,120,120,120
"windows","cox",5000,"get_eff","before_after","result/sur_unadj","time",12,0,0,120,120,120,120
"windows","cox",5000,"get_score","before_after","result/AUC/score","AUC",2,0,0,0.827473096510077,0.836782868768149,0.827473096510077,0.836782868768149
"windows","cox",5000,"get_score","before_after","result/Brier/score","Brier",2,0,0,0.073324598244987,0.104968002414367,0.073324598244987,0.104968002414367
"windows","cox",5000,"get_score","before_after","result/AUC/score","lower",2,0,0,0.808393624151165,0.817634530035651,0.808393624151165,0.817634530035651
"windows","cox",5000,"get_score","before_after","result/Brier/score","lower",2,0,0,0.0676772459033097,0.0977787469670733,0.0676772459033097,0.0977787469670733
"windows","cox",5000,"get_score","before_after","result/AUC/score","se",2,0,0,0.00973460354853921,0.00976974009907195,0.00973460354853921,0.00976974009907195
"windows","cox",5000,"get_score","before_after","result/Brier/score","se",2,0,0,0.00288135516071872,0.00366805487447821,0.00288135516071872,0.00366805487447821
"windows","cox",5000,"get_score","before_after","result/AUC/score","times",2,0,0,60,120,60,120
"windows","cox",5000,"get_score","before_after","result/Brier/score","times",2,0,0,60,120,60,120
"windows","cox",5000,"get_score","before_after","result/AUC/score","upper",2,0,0,0.84655256886899,0.855931207500647,0.84655256886899,0.855931207500647
"windows","cox",5000,"get_score","before_after","result/Brier/score","upper",2,0,0,0.0789719505866644,0.112157257861661,0.0789719505866644,0.112157257861661
"windows","cox",5000,"get_score","after_latest","result/AUC/score","AUC",2,0,0,0.827473096510077,0.836782868768149,0.827473096510077,0.836782868768149
"windows","cox",5000,"get_score","after_latest","result/Brier/score","Brier",2,0,0,0.073324598244987,0.104968002414367,0.073324598244987,0.104968002414367
"windows","cox",5000,"get_score","after_latest","result/AUC/score","lower",2,0,0,0.808393624151165,0.817634530035651,0.808393624151165,0.817634530035651
"windows","cox",5000,"get_score","after_latest","result/Brier/score","lower",2,0,0,0.0676772459033097,0.0977787469670733,0.0676772459033097,0.0977787469670733
"windows","cox",5000,"get_score","after_latest","result/AUC/score","se",2,0,0,0.00973460354853921,0.00976974009907195,0.00973460354853921,0.00976974009907195
"windows","cox",5000,"get_score","after_latest","result/Brier/score","se",2,0,0,0.00288135516071872,0.00366805487447821,0.00288135516071872,0.00366805487447821
"windows","cox",5000,"get_score","after_latest","result/AUC/score","times",2,0,0,60,120,60,120
"windows","cox",5000,"get_score","after_latest","result/Brier/score","times",2,0,0,60,120,60,120
"windows","cox",5000,"get_score","after_latest","result/AUC/score","upper",2,0,0,0.84655256886899,0.855931207500647,0.84655256886899,0.855931207500647
"windows","cox",5000,"get_score","after_latest","result/Brier/score","upper",2,0,0,0.0789719505866644,0.112157257861661,0.0789719505866644,0.112157257861661
"windows","cox",5000,"get_score_boot","before_after","result/AUC/score","AUC",2,0,0,0.820923161758352,0.829847700046317,0.820923161758352,0.829847700046317
"windows","cox",5000,"get_score_boot","before_after","result/Brier/score","Brier",2,0,0,0.0729089682160116,0.10645894110257,0.0729089682160116,0.10645894110257
"windows","cox",5000,"get_score_boot","before_after","result/AUC/score","lower",2,0,0,0.796360593050235,0.808701787456127,0.796360593050235,0.808701787456127
"windows","cox",5000,"get_score_boot","before_after","result/Brier/score","lower",2,0,0,0.0664388606626958,0.100463063498606,0.0664388606626958,0.100463063498606
"windows","cox",5000,"get_score_boot","before_after","result/AUC/score","se",2,0,0,0.0143700761334054,0.0164151212587068,0.0143700761334054,0.0164151212587068
"windows","cox",5000,"get_score_boot","before_after","result/Brier/score","se",2,0,0,0.00365893903586328,0.00511330025651134,0.00365893903586328,0.00511330025651134
"windows","cox",5000,"get_score_boot","before_after","result/AUC/score","times",2,0,0,60,120,60,120
"windows","cox",5000,"get_score_boot","before_after","result/Brier/score","times",2,0,0,60,120,60,120
"windows","cox",5000,"get_score_boot","before_after","result/AUC/score","upper",2,0,0,0.846408883368795,0.853587564208547,0.846408883368795,0.853587564208547
"windows","cox",5000,"get_score_boot","before_after","result/Brier/score","upper",2,0,0,0.0778895553756686,0.116070793044395,0.0778895553756686,0.116070793044395
"windows","cox",5000,"get_score_boot","after_latest","result/AUC/score","AUC",2,0,0,0.820923161758352,0.829847700046317,0.820923161758352,0.829847700046317
"windows","cox",5000,"get_score_boot","after_latest","result/Brier/score","Brier",2,0,0,0.0729089682160116,0.10645894110257,0.0729089682160116,0.10645894110257
"windows","cox",5000,"get_score_boot","after_latest","result/AUC/score","lower",2,0,0,0.796360593050235,0.808701787456127,0.796360593050235,0.808701787456127
"windows","cox",5000,"get_score_boot","after_latest","result/Brier/score","lower",2,0,0,0.0664388606626958,0.100463063498606,0.0664388606626958,0.100463063498606
"windows","cox",5000,"get_score_boot","after_latest","result/AUC/score","se",2,0,0,0.0143700761334054,0.0164151212587068,0.0143700761334054,0.0164151212587068
"windows","cox",5000,"get_score_boot","after_latest","result/Brier/score","se",2,0,0,0.00365893903586328,0.00511330025651134,0.00365893903586328,0.00511330025651134
"windows","cox",5000,"get_score_boot","after_latest","result/AUC/score","times",2,0,0,60,120,60,120
"windows","cox",5000,"get_score_boot","after_latest","result/Brier/score","times",2,0,0,60,120,60,120
"windows","cox",5000,"get_score_boot","after_latest","result/AUC/score","upper",2,0,0,0.846408883368795,0.853587564208547,0.846408883368795,0.853587564208547
"windows","cox",5000,"get_score_boot","after_latest","result/Brier/score","upper",2,0,0,0.0778895553756686,0.116070793044395,0.0778895553756686,0.116070793044395
"windows","cox",5000,"fit_hazard","before_after","fit","beta",12,0,0,0.0183806462156436,3.15552339589638,0.0183806462156436,3.15552339589638
"windows","cox",5000,"fit_hazard","before_after","fit","se",12,0,0,0.00428392556727997,0.393553134174484,0.00428392556727997,0.393553134174484
"windows","cox",5000,"get_eff_sub","before_after","result/haz_direct","conf.high",3,0,0,2.47586351554725,2.93087189635263,2.47586351554725,2.93087189635263
"windows","cox",5000,"get_eff_sub","before_after","result/haz_unadj","conf.high",3,0,0,2.56534055311235,2.97407125811804,2.56534055311235,2.97407125811804
"windows","cox",5000,"get_eff_sub","before_after","result/haz_direct","conf.low",3,0,0,1.70043641547565,1.83251812051883,1.70043641547565,1.83251812051883
"windows","cox",5000,"get_eff_sub","before_after","result/haz_unadj","conf.low",3,0,0,1.76300886173682,1.95066390852334,1.76300886173682,1.95066390852334
"windows","cox",5000,"get_eff_sub","before_after","result/haz_direct","estimate",3,0,0,2.05184026707346,2.26961032672501,2.05184026707346,2.26961032672501
"windows","cox",5000,"get_eff_sub","before_after","result/haz_unadj","estimate",3,0,0,2.12666831652468,2.30371962775926,2.12666831652468,2.30371962775926
"windows","cox",5000,"get_eff_sub","before_after","result/haz_direct","p.value_0.95",3,0,0,1.15067143937507e-22,3.33014252727883e-10,1.15067143937507e-22,3.33014252727883e-10
"windows","cox",5000,"get_eff_sub","before_after","result/haz_unadj","p.value_0.95",3,0,0,2.16564527473433e-26,1.51303243167921e-10,2.16564527473433e-26,1.51303243167921e-10
"windows","cox",5000,"get_eff_sub","before_after","result/haz_direct","p_value",3,0,0,1.15067143937507e-22,3.33014252727883e-10,1.15067143937507e-22,3.33014252727883e-10
"windows","cox",5000,"get_eff_sub","before_after","result/haz_unadj","p_value",3,0,0,2.16564527473433e-26,1.51303243167921e-10,2.16564527473433e-26,1.51303243167921e-10
"windows","cox",5000,"get_inter_abs","before_after","result/estimates","conf.high",18,0,0,0.0418788355991329,2.0938155262446,0.0418788355991329,2.0938155262446
"windows","cox",5000,"get_inter_abs","before_after","result/risks","conf.high",8,0,0,0.0897612397249258,0.365186288030985,0.0897612397249258,0.365186288030985
"windows","cox",5000,"get_inter_abs","before_after","result/estimates","conf.low",18,0,0,-0.52782281723997,1.01448406072695,-0.52782281723997,1.01448406072695
"windows","cox",5000,"get_inter_abs","before_after","result/risks","conf.low",8,0,0,0.0565045307526634,0.263557156560469,0.0565045307526634,0.263557156560469
"windows","cox",5000,"get_inter_abs","before_after","result/estimates","estimate",18,0,0,-0.0602180563126061,1.45744381623367,-0.0602180563126061,1.45744381623367
"windows","cox",5000,"get_inter_abs","before_after","result/risks","estimate",8,0,0,0.0731328852387946,0.314371722295727,0.0731328852387946,0.314371722295727
"windows","cox",5000,"get_inter_abs","before_after","result/estimates","p.value",18,0,0,3.30697907471912e-13,0.976712507343629,3.30697907471912e-13,0.976712507343629
"windows","cox",5000,"get_fit_stats_simple","after_latest","result/stats","estimate",6,0,0,0.0263246515003321,11122.0807696638,0.0263246515003321,11122.0807696638
"windows","cox",5000,"get_fit_stats_simple_boot","after_latest","result/boot","AIC",20,0,0,10459.6334288773,12234.1758654474,10459.6334288773,12234.1758654474
"windows","cox",5000,"get_fit_stats_simple_boot","after_latest","result/boot","BIC",20,0,0,10468.6179085474,12238.8183522487,10468.6179085474,12238.8183522487
"windows","cox",5000,"get_fit_stats_simple_boot","after_latest","result/boot","PVE",20,0,0,0.0204194749075942,0.0474537130088179,0.0204194749075942,0.0474537130088179
"windows","cox",5000,"get_fit_stats_simple_boot","after_latest","result/stats","SE",6,0,0,0.00271521089732518,547.909582660672,0.00271521089732518,547.909582660672
"windows","cox",5000,"get_fit_stats_simple_boot","after_latest","result/stats","estimate",6,0,0,0.0263246515003321,11122.0807696638,0.0263246515003321,11122.0807696638
"windows","cox",5000,"get_fit_stats_simple_boot","after_latest","result/stats","lower",6,0,0,0.0207684846423581,10574.6524100383,0.0207684846423581,10574.6524100383
"windows","cox",5000,"get_fit_stats_simple_boot","after_latest","result/boot","replicate",20,0,0,1,10,1,10
"windows","cox",5000,"get_fit_stats_simple_boot","after_latest","result/stats","upper",6,0,0,0.0287318703558396,12177.9390594698,0.0287318703558396,12177.9390594698
"windows","cox",10000,"get_facet","before_after","result/sur.data","ci_lower",292,0,0,0.384027126673009,1,0.384027126673009,1
"windows","cox",10000,"get_facet","before_after","result/sur.data","ci_upper",292,0,0,0.59102839832726,1,0.59102839832726,1
"windows","cox",10000,"get_facet","before_after","result/sur.data","se",292,0,0,0,0.0528074171992573,0,0.0528074171992573
"windows","cox",10000,"get_facet","before_after","result/sur.data","surv",292,0,0,0.487527762500134,1,0.487527762500134,1
"windows","cox",10000,"get_facet","before_after","result/sur.data","time",292,0,0,0,253,0,253
"windows","cox",10000,"get_facet","before_after","result/insert.data","x",3,0,0,0.5,0.5,0.5,0.5
"windows","cox",10000,"get_facet","before_after","result/insert.data","y",3,0,0,0.5,0.5,0.5,0.5
"windows","cox",10000,"get_facet","before_after","result/sur.data","yhat",292,0,0,0.487527762500134,1,0.487527762500134,1
"windows","cox",10000,"get_rpa","before_after","UM/haz_direct","conf.high",18,0,0,1,84.7307706111949,1,84.7307706111949
"windows","cox",10000,"get_rpa","before_after","UM/haz_unadj","conf.high",18,0,0,1,100.935427260532,1,100.935427260532
"windows","cox",10000,"get_rpa","before_after","UM/sur_direct","conf.high",18,0,0,0,0.843738673216194,0,0.843738673216194
"windows","cox",10000,"get_rpa","before_after","UM/sur_unadj","conf.high",16,0,0,0,1.17571834675703,0,1.17571834675703
"windows","cox",10000,"get_rpa","before_after","UM/sur_direct","conf.high_sur",18,0,0,0.286294714024908,1,0.286294714024908,1
"windows","cox",10000,"get_rpa","before_after","UM/sur_unadj","conf.high_sur",16,0,0,0.504235463556485,1,0.504235463556485,1
"windows","cox",10000,"get_rpa","before_after","UM/haz_direct","conf.low",18,0,0,0.122895937741319,40.6277981066354,0.122895937741319,40.6277981066354
"windows","cox",10000,"get_rpa","before_after","UM/haz_unadj","conf.low",18,0,0,0.151340097409354,48.6369809085172,0.151340097409354,48.6369809085172
"windows","cox",10000,"get_rpa","before_after","UM/sur_direct","conf.low",18,0,0,-0.0507817704576292,0.685927169837392,-0.0507817704576292,0.685927169837392
"windows","cox",10000,"get_rpa","before_after","UM/sur_unadj","conf.low",16,0,0,-0.0559966955177694,0.397000889914185,-0.0559966955177694,0.397000889914185
"windows","cox",10000,"get_rpa","before_after","UM/sur_direct","conf.low_sur",18,0,0,0.129161877693102,0.965251252526113,0.129161877693102,0.965251252526113
"windows","cox",10000,"get_rpa","before_after","UM/sur_unadj","conf.low_sur",16,0,0,0.191525597704272,0.967862961119048,0.191525597704272,0.967862961119048
"windows","cox",10000,"get_rpa","before_after","tree_groups","count",18,0,0,24,2288,24,2288
"windows","cox",10000,"get_rpa","before_after","UM/haz_direct","estimate",18,0,0,0.889102726423063,58.6721794533939,0.889102726423063,58.6721794533939
"windows","cox",10000,"get_rpa","before_after","UM/haz_unadj","estimate",18,0,0,1,70.065643853914,1,70.065643853914
"windows","cox",10000,"get_rpa","before_after","UM/sur_direct","estimate",18,0,0,-0.00300354661373603,0.764832921526793,-0.00300354661373603,0.764832921526793
"windows","cox",10000,"get_rpa","before_after","UM/sur_unadj","estimate",16,0,0,0,0.652207857788721,0,0.652207857788721
"windows","cox",10000,"get_rpa","before_after","UM/sur_direct","estimate_sur",18,0,0,0.207728295859005,0.975564763999534,0.207728295859005,0.975564763999534
"windows","cox",10000,"get_rpa","before_after","UM/sur_unadj","estimate_sur",16,0,0,0.323265306122449,0.97547316391117,0.323265306122449,0.97547316391117
"windows","cox",10000,"get_rpa","before_after","UM/haz_direct","p.value_0.95",17,0,0,6.67149426388216e-105,0.90732030417626,6.67149426388216e-105,0.90732030417626
"windows","cox",10000,"get_rpa","before_after","UM/haz_unadj","p.value_0.95",17,0,0,3.22302509638285e-115,0.928914998341644,3.22302509638285e-115,0.928914998341644
"windows","cox",10000,"get_rpa","before_after","UM/haz_direct","p_value",17,0,0,6.67149426388216e-105,0.90732030417626,6.67149426388216e-105,0.90732030417626
"windows","cox",10000,"get_rpa","before_after","UM/haz_unadj","p_value",17,0,0,3.22302509638285e-115,0.928914998341644,3.22302509638285e-115,0.928914998341644
"windows","cox",10000,"get_rpa","before_after","UM/sur_direct","p_value",17,0,0,4.07907786914871e-135,0.901939344790782,4.07907786914871e-135,0.901939344790782
"windows","cox",10000,"get_rpa","before_after","UM/sur_unadj","p_value",15,0,0,1.95398978020887e-33,0.833593151254687,1.95398978020887e-33,0.833593151254687
"windows","cox",10000,"get_rpa","before_after","UM/sur_direct","time",19,0,0,120,120,120,120
"windows","cox",10000,"get_rpa","before_after","UM/sur_unadj","time",19,0,0,120,120,120,120
"windows","cox",10000,"get_fit_stats","after_latest","result/stats","estimate",6,0,0,0.043382719925229,23962.8641027021,0.043382719925229,23962.8641027021
"windows","cox",10000,"get_eff_cat","before_after","result/haz_models","conf.high",20,0,0,2.34520093022589,62.3092229196797,2.34520093022589,62.3092229196797
"windows","cox",10000,"get_eff_cat","before_after","result/haz_models","conf.low",20,0,0,1.06998255480202,34.3307887679265,1.06998255480202,34.3307887679265
"windows","cox",10000,"get_eff_cat","before_after","result/haz_models","estimate",20,0,0,1.59675694422664,46.2506731880647,1.59675694422664,46.2506731880647
"windows","cox",10000,"get_eff_cat","before_after","result/haz_models","p.value_0.95",20,0,0,2.80448300826051e-140,0.0242264124005158,2.80448300826051e-140,0.0242264124005158
"windows","cox",10000,"get_eff_cat","before_after","result/haz_models","p_value",20,0,0,2.80448300826051e-140,0.0242264124005158,2.80448300826051e-140,0.0242264124005158
"windows","cox",10000,"get_fit_stats_boot","after_latest","result/boot","AIC",20,0,0,22324.8131063056,26173.7627955981,22324.8131063056,26173.7627955981
"windows","cox",10000,"get_fit_stats_boot","after_latest","result/boot","BIC",20,0,0,22387.518883979,26184.418356675,22387.518883979,26184.418356675
"windows","cox",10000,"get_fit_stats_boot","after_latest","result/boot","PVE",20,0,0,0.0373545563798773,0.18398421082284,0.0373545563798773,0.18398421082284
"windows","cox",10000,"get_fit_stats_boot","after_latest","result/stats","SE",6,0,0,0.00507616097791152,752.81060515494,0.00507616097791152,752.81060515494
"windows","cox",10000,"get_fit_stats_boot","after_latest","result/stats","estimate",6,0,0,0.043382719925229,23962.8641027021,0.043382719925229,23962.8641027021
"windows","cox",10000,"get_fit_stats_boot","after_latest","result/stats","lower",6,0,0,0.0379810319137883,23557.4305424561,0.0379810319137883,23557.4305424561
"windows","cox",10000,"get_fit_stats_boot","after_latest","result/boot","replicate",20,0,0,1,10,1,10
"windows","cox",10000,"get_fit_stats_boot","after_latest","result/stats","upper",6,0,0,0.0531221365859711,25965.6553011175,0.0531221365859711,25965.6553011175
"windows","cox",10000,"curve_direct","before_after","result","ci_lower",539,0,0,0.230980590607937,1,0.230980590607937,1
"windows","cox",10000,"curve_direct","before_after","result","ci_upper",539,0,0,0.372829549150247,1,0.372829549150247,1
"windows","cox",10000,"curve_direct","before_after","result","probability",539,0,0,0.301905069879092,1,0.301905069879092,1
"windows","cox",10000,"curve_direct","before_after","result","se",539,0,0,0,0.0624666266916439,0,0.0624666266916439
"windows","cox",10000,"curve_direct","before_after","result","time",539,0,0,0,253,0,253
"windows","cox",10000,"get_facet_diff","before_after","result/diff.data","conf.high",1046,0,0,0,0.500698553825821,0,0.500698553825821
"windows","cox",10000,"get_facet_diff","before_after","result/forest.data","conf.high",24,0,0,0.0191135256417022,0.204533422556299,0.0191135256417022,0.204533422556299
"windows","cox",10000,"get_facet_diff","before_after","result/diff.data","conf.high_Female",984,0,0,0.744885150664226,1,0.744885150664226,1
"windows","cox",10000,"get_facet_diff","before_after","result/forest.data","conf.high_Female",24,0,0,0.839885031185772,0.993991175791169,0.839885031185772,0.993991175791169
"windows","cox",10000,"get_facet_diff","before_after","result/diff.data","conf.high_Male",893,0,0,0.59102839832726,1,0.59102839832726,1
"windows","cox",10000,"get_facet_diff","before_after","result/forest.data","conf.high_Male",24,0,0,0.730791980696259,0.983380850815136,0.730791980696259,0.983380850815136
"windows","cox",10000,"get_facet_diff","before_after","result/diff.data","conf.low",1046,0,0,-0.35754310367155,0.169918663376719,-0.35754310367155,0.169918663376719
"windows","cox",10000,"get_facet_diff","before_after","result/forest.data","conf.low",24,0,0,-0.0155003719378561,0.129814437696749,-0.0155003719378561,0.129814437696749
"windows","cox",10000,"get_facet_diff","before_after","result/diff.data","conf.low_Female",984,0,0,0.394104786908388,1,0.394104786908388,1
"windows","cox",10000,"get_facet_diff","before_after","result/forest.data","conf.low_Female",24,0,0,0.792853317677694,0.983753689314683,0.792853317677694,0.983753689314683
"windows","cox",10000,"get_facet_diff","before_after","result/diff.data","conf.low_Male",893,0,0,0.384027126673009,1,0.384027126673009,1
"windows","cox",10000,"get_facet_diff","before_after","result/forest.data","conf.low_Male",24,0,0,0.672548556734925,0.967796587664093,0.672548556734925,0.967796587664093
"windows","cox",10000,"get_facet_diff","before_after","result/diff.data","estimate",1046,0,0,-0.00437001102836521,0.28336117880366,-0.00437001102836521,0.28336117880366
"windows","cox",10000,"get_facet_diff","before_after","result/forest.data","estimate",24,0,0,0.00216349368503377,0.166517683404346,0.00216349368503377,0.166517683404346
"windows","cox",10000,"get_facet_diff","before_after","result/diff.data","estimate_Female",984,0,0,0.589968192523889,1,0.589968192523889,1
"windows","cox",10000,"get_facet_diff","before_after","result/forest.data","estimate_Female",24,0,0,0.816369174431733,0.988859184277924,0.816369174431733,0.988859184277924
"windows","cox",10000,"get_facet_diff","before_after","result/diff.data","estimate_Male",893,0,0,0.487527762500134,1,0.487527762500134,1
"windows","cox",10000,"get_facet_diff","before_after","result/forest.data","estimate_Male",24,0,0,0.701670268715592,0.975588719239615,0.701670268715592,0.975588719239615
"windows","cox",10000,"get_facet_diff","before_after","result/diff.data","p.value_0.95",1043,0,0,1.12640707576324e-29,0.952997320286684,1.12640707576324e-29,0.952997320286684
"windows","cox",10000,"get_facet_diff","before_after","result/forest.data","p.value_0.95",24,0,0,1.46746834215299e-29,0.810284527564831,1.46746834215299e-29,0.810284527564831
"windows","cox",10000,"get_facet_diff","before_after","result/diff.data","p_value",1043,0,0,1.12640707576324e-29,0.952997320286684,1.12640707576324e-29,0.952997320286684
"windows","cox",10000,"get_facet_diff","before_after","result/forest.data","p_value",24,0,0,1.46746834215299e-29,0.810284527564831,1.46746834215299e-29,0.810284527564831
"windows","cox",10000,"get_facet_diff","before_after","result/diff.data","time",1051,0,0,0,287,0,287
"windows","cox",10000,"get_facet_diff","before_after","result/forest.data","time",24,0,0,12,120,12,120
"windows","cox",10000,"get_cat","before_after","curve/direct","ci_lower",539,0,0,0.230980590607937,1,0.230980590607937,1
"windows","cox",10000,"get_cat","before_after","curve/unadj","ci_lower",1673,0,0,0.265089194435474,1,0.265089194435474,1
"windows","cox",10000,"get_cat","before_after","curve/direct","ci_upper",539,0,0,0.372829549150247,1,0.372829549150247,1
"windows","cox",10000,"get_cat","before_after","curve/unadj","ci_upper",1673,0,0,0.395608153285778,1,0.395608153285778,1
"windows","cox",10000,"get_cat","before_after","UM/haz_direct","conf.high",11,0,0,1,33.1581162593582,1,33.1581162593582
"windows","cox",10000,"get_cat","before_after","UM/haz_unadj","conf.high",11,0,0,1,62.3092229196797,1,62.3092229196797
"windows","cox",10000,"get_cat","before_after","UM/sur_direct","conf.high",11,0,0,0,0.585140648315752,0,0.585140648315752
"windows","cox",10000,"get_cat","before_after","UM/sur_unadj","conf.high",11,0,0,0,0.851247003753574,0,0.851247003753574
"windows","cox",10000,"get_cat","before_after","UM/sur_direct","conf.high_sur",11,0,0,0.512992932377987,0.973615673614378,0.512992932377987,0.973615673614378
"windows","cox",10000,"get_cat","before_after","UM/sur_unadj","conf.high_sur",11,0,0,0.395608153285778,0.982305084629681,0.395608153285778,0.982305084629681
"windows","cox",10000,"get_cat","before_after","UM/haz_direct","conf.low",11,0,0,1,16.1362023656938,1,16.1362023656938
"windows","cox",10000,"get_cat","before_after","UM/haz_unadj","conf.low",11,0,0,1,34.3307887679265,1,34.3307887679265
"windows","cox",10000,"get_cat","before_after","UM/sur_direct","conf.low",11,0,0,0,0.450138492247588,0,0.450138492247588
"windows","cox",10000,"get_cat","before_after","UM/sur_unadj","conf.low",11,0,0,0,0.450592106852725,0,0.450592106852725
"windows","cox",10000,"get_cat","before_after","UM/sur_direct","conf.low_sur",11,0,0,0.379413238462408,0.954069637789357,0.379413238462408,0.954069637789357
"windows","cox",10000,"get_cat","before_after","UM/sur_unadj","conf.low_sur",11,0,0,0.265089194435474,0.967269232059891,0.265089194435474,0.967269232059891
"windows","cox",10000,"get_cat","before_after","UM/haz_direct","estimate",11,0,0,1,23.131062967927,1,23.131062967927
"windows","cox",10000,"get_cat","before_after","UM/haz_unadj","estimate",11,0,0,1,46.2506731880647,1,46.2506731880647
"windows","cox",10000,"get_cat","before_after","UM/sur_direct","estimate",11,0,0,0,0.51763957028167,0,0.51763957028167
"windows","cox",10000,"get_cat","before_after","UM/sur_unadj","estimate",11,0,0,0,0.65091955530315,0,0.65091955530315
"windows","cox",10000,"get_cat","before_after","UM/sur_direct","estimate_sur",11,0,0,0.446203085420197,0.963842655701868,0.446203085420197,0.963842655701868
"windows","cox",10000,"get_cat","before_after","UM/sur_unadj","estimate_sur",11,0,0,0.323838612068778,0.974758167371927,0.323838612068778,0.974758167371927
"windows","cox",10000,"get_cat","before_after","UM/haz_direct","p.value_0.95",10,0,0,4.13127068979328e-81,0.0242264124005158,4.13127068979328e-81,0.0242264124005158
"windows","cox",10000,"get_cat","before_after","UM/haz_unadj","p.value_0.95",10,0,0,2.80448300826051e-140,0.000233365283282522,2.80448300826051e-140,0.000233365283282522
"windows","cox",10000,"get_cat","before_after","UM/haz_direct","p_value",10,0,0,4.13127068979328e-81,0.0242264124005158,4.13127068979328e-81,0.0242264124005158
"windows","cox",10000,"get_cat","before_after","UM/haz_unadj","p_value",10,0,0,2.80448300826051e-140,0.000233365283282522,2.80448300826051e-140,0.000233365283282522
"windows","cox",10000,"get_cat","before_after","UM/sur_direct","p_value",10,0,0,6.24255693189985e-137,0.0429748693079168,6.24255693189985e-137,0.0429748693079168
"windows","cox",10000,"get_cat","before_after","UM/sur_unadj","p_value",10,0,0,1.26393675473012e-40,0.00569452749871182,1.26393675473012e-40,0.00569452749871182
"windows","cox",10000,"get_cat","before_after","curve/direct","probability",539,0,0,0.301905069879092,1,0.301905069879092,1
"windows","cox",10000,"get_cat","before_after","curve/unadj","probability",1673,0,0,0.323838612068778,1,0.323838612068778,1
"windows","cox",10000,"get_cat","before_after","curve/direct","se",539,0,0,0,0.0624666266916439,0,0.0624666266916439
"windows","cox",10000,"get_cat","before_after","curve/unadj","se",1673,0,0,0,0.1732765605826,0,0.1732765605826
"windows","cox",10000,"get_cat","before_after","UM/sur_direct","time",12,0,0,120,120,120,120
"windows","cox",10000,"get_cat","before_after","UM/sur_unadj","time",12,0,0,120,120,120,120
"windows","cox",10000,"get_cat","before_after","curve/direct","time",539,0,0,0,253,0,253
"windows","cox",10000,"get_cat","before_after","curve/unadj","time",1673,0,0,1,287,1,287
"windows","cox",10000,"get_eff","before_after","result/haz_direct","conf.high",11,0,0,1,33.1581162593582,1,33.1581162593582
"windows","cox",10000,"get_eff","before_after","result/haz_unadj","conf.high",11,0,0,1,62.3092229196797,1,62.3092229196797
"windows","cox",10000,"get_eff","before_after","result/sur_direct","conf.high",11,0,0,0,0.585140648315752,0,0.585140648315752
"windows","cox",10000,"get_eff","before_after","result/sur_unadj","conf.high",11,0,0,0,0.851247003753574,0,0.851247003753574
"windows","cox",10000,"get_eff","before_after","result/sur_direct","conf.high_sur",11,0,0,0.512992932377987,0.973615673614378,0.512992932377987,0.973615673614378
"windows","cox",10000,"get_eff","before_after","result/sur_unadj","conf.high_sur",11,0,0,0.395608153285778,0.982305084629681,0.395608153285778,0.982305084629681
"windows","cox",10000,"get_eff","before_after","result/haz_direct","conf.low",11,0,0,1,16.1362023656938,1,16.1362023656938
"windows","cox",10000,"get_eff","before_after","result/haz_unadj","conf.low",11,0,0,1,34.3307887679265,1,34.3307887679265
"windows","cox",10000,"get_eff","before_after","result/sur_direct","conf.low",11,0,0,0,0.450138492247588,0,0.450138492247588
"windows","cox",10000,"get_eff","before_after","result/sur_unadj","conf.low",11,0,0,0,0.450592106852725,0,0.450592106852725
"windows","cox",10000,"get_eff","before_after","result/sur_direct","conf.low_sur",11,0,0,0.379413238462408,0.954069637789357,0.379413238462408,0.954069637789357
"windows","cox",10000,"get_eff","before_after","result/sur_unadj","conf.low_sur",11,0,0,0.265089194435474,0.967269232059891,0.265089194435474,0.967269232059891
"windows","cox",10000,"get_eff","before_after","result/haz_direct","estimate",11,0,0,1,23.131062967927,1,23.131062967927
"windows","cox",10000,"get_eff","before_after","result/haz_unadj","estimate",11,0,0,1,46.2506731880647,1,46.2506731880647
"windows","cox",10000,"get_eff","before_after","result/sur_direct","estimate",11,0,0,0,0.51763957028167,0,0.51763957028167
"windows","cox",10000,"get_eff","before_after","result/sur_unadj","estimate",11,0,0,0,0.65091955530315,0,0.65091955530315
"windows","cox",10000,"get_eff","before_after","result/sur_direct","estimate_sur",11,0,0,0.446203085420197,0.963842655701868,0.446203085420197,0.963842655701868
"windows","cox",10000,"get_eff","before_after","result/sur_unadj","estimate_sur",11,0,0,0.323838612068778,0.974758167371927,0.323838612068778,0.974758167371927
"windows","cox",10000,"get_eff","before_after","result/haz_direct","p.value_0.95",10,0,0,4.13127068979328e-81,0.0242264124005158,4.13127068979328e-81,0.0242264124005158
"windows","cox",10000,"get_eff","before_after","result/haz_unadj","p.value_0.95",10,0,0,2.80448300826051e-140,0.000233365283282522,2.80448300826051e-140,0.000233365283282522
"windows","cox",10000,"get_eff","before_after","result/haz_direct","p_value",10,0,0,4.13127068979328e-81,0.0242264124005158,4.13127068979328e-81,0.0242264124005158
"windows","cox",10000,"get_eff","before_after","result/haz_unadj","p_value",10,0,0,2.80448300826051e-140,0.000233365283282522,2.80448300826051e-140,0.000233365283282522
"windows","cox",10000,"get_eff","before_after","result/sur_direct","p_value",10,0,0,6.24255693189985e-137,0.0429748693079168,6.24255693189985e-137,0.0429748693079168
"windows","cox",10000,"get_eff","before_after","result/sur_unadj","p_value",10,0,0,1.26393675473012e-40,0.00569452749871182,1.26393675473012e-40,0.00569452749871182
"windows","cox",10000,"get_eff","before_after","result/sur_direct","time",12,0,0,120,120,120,120
"windows","cox",10000,"get_eff","before_after","result/sur_unadj","time",12,0,0,120,120,120,120
"windows","cox",10000,"get_score","before_after","result/AUC/score","AUC",2,0,0,0.829670659018919,0.843277650999617,0.829670659018919,0.843277650999617
"windows","cox",10000,"get_score","before_after","result/Brier/score","Brier",2,0,0,0.073800104652391,0.104657677685225,0.073800104652391,0.104657677685225
"windows","cox",10000,"get_score","before_after","result/AUC/score","lower",2,0,0,0.816211782814823,0.830055049847726,0.816211782814823,0.830055049847726
"windows","cox",10000,"get_score","before_after","result/Brier/score","lower",2,0,0,0.069836928954954,0.0995076915797981,0.069836928954954,0.0995076915797981
"windows","cox",10000,"get_score","before_after","result/AUC/score","se",2,0,0,0.00674634904324221,0.00686689975441291,0.00674634904324221,0.00686689975441291
"windows","cox",10000,"get_score","before_after","result/Brier/score","se",2,0,0,0.00202206557298914,0.00262759221396357,0.00202206557298914,0.00262759221396357
"windows","cox",10000,"get_score","before_after","result/AUC/score","times",2,0,0,60,120,60,120
"windows","cox",10000,"get_score","before_after","result/Brier/score","times",2,0,0,60,120,60,120
"windows","cox",10000,"get_score","before_after","result/AUC/score","upper",2,0,0,0.843129535223016,0.856500252151508,0.843129535223016,0.856500252151508
"windows","cox",10000,"get_score","before_after","result/Brier/score","upper",2,0,0,0.0777632803498281,0.109807663790651,0.0777632803498281,0.109807663790651
"windows","cox",10000,"get_score","after_latest","result/AUC/score","AUC",2,0,0,0.829670659018919,0.843277650999617,0.829670659018919,0.843277650999617
"windows","cox",10000,"get_score","after_latest","result/Brier/score","Brier",2,0,0,0.073800104652391,0.104657677685225,0.073800104652391,0.104657677685225
"windows","cox",10000,"get_score","after_latest","result/AUC/score","lower",2,0,0,0.816211782814823,0.830055049847726,0.816211782814823,0.830055049847726
"windows","cox",10000,"get_score","after_latest","result/Brier/score","lower",2,0,0,0.069836928954954,0.0995076915797981,0.069836928954954,0.0995076915797981
"windows","cox",10000,"get_score","after_latest","result/AUC/score","se",2,0,0,0.00674634904324221,0.00686689975441291,0.00674634904324221,0.00686689975441291
"windows","cox",10000,"get_score","after_latest","result/Brier/score","se",2,0,0,0.00202206557298914,0.00262759221396357,0.00202206557298914,0.00262759221396357
"windows","cox",10000,"get_score","after_latest","result/AUC/score","times",2,0,0,60,120,60,120
"windows","cox",10000,"get_score","after_latest","result/Brier/score","times",2,0,0,60,120,60,120
"windows","cox",10000,"get_score","after_latest","result/AUC/score","upper",2,0,0,0.843129535223016,0.856500252151508,0.843129535223016,0.856500252151508
"windows","cox",10000,"get_score","after_latest","result/Brier/score","upper",2,0,0,0.0777632803498281,0.109807663790651,0.0777632803498281,0.109807663790651
"windows","cox",10000,"get_score_boot","before_after","result/AUC/score","AUC",2,0,0,0.825961377359368,0.839617701072715,0.825961377359368,0.839617701072715
"windows","cox",10000,"get_score_boot","before_after","result/Brier/score","Brier",2,0,0,0.0740604982650469,0.105608576465885,0.0740604982650469,0.105608576465885
"windows","cox",10000,"get_score_boot","before_after","result/AUC/score","lower",2,0,0,0.81816738010673,0.831334729750804,0.81816738010673,0.831334729750804
"windows","cox",10000,"get_score_boot","before_after","result/Brier/score","lower",2,0,0,0.0709326500872903,0.0999406738727796,0.0709326500872903,0.0999406738727796
"windows","cox",10000,"get_score_boot","before_after","result/AUC/score","se",2,0,0,0.00814107846701768,0.0084751908811369,0.00814107846701768,0.0084751908811369
"windows","cox",10000,"get_score_boot","before_after","result/Brier/score","se",2,0,0,0.00186061814489503,0.00328844056425444,0.00186061814489503,0.00328844056425444
"windows","cox",10000,"get_score_boot","before_after","result/AUC/score","times",2,0,0,60,120,60,120
"windows","cox",10000,"get_score_boot","before_after","result/Brier/score","times",2,0,0,60,120,60,120
"windows","cox",10000,"get_score_boot","before_after","result/AUC/score","upper",2,0,0,0.842770862520156,0.855898422563949,0.842770862520156,0.855898422563949
"windows","cox",10000,"get_score_boot","before_after","result/Brier/score","upper",2,0,0,0.0767110434330184,0.110098744411398,0.0767110434330184,0.110098744411398
"windows","cox",10000,"get_score_boot","after_latest","result/AUC/score","AUC",2,0,0,0.825961377359368,0.839617701072715,0.825961377359368,0.839617701072715
"windows","cox",10000,"get_score_boot","after_latest","result/Brier/score","Brier",2,0,0,0.0740604982650469,0.105608576465885,0.0740604982650469,0.105608576465885
"windows","cox",10000,"get_score_boot","after_latest","result/AUC/score","lower",2,0,0,0.81816738010673,0.831334729750804,0.81816738010673,0.831334729750804
"windows","cox",10000,"get_score_boot","after_latest","result/Brier/score","lower",2,0,0,0.0709326500872903,0.0999406738727796,0.0709326500872903,0.0999406738727796
"windows","cox",10000,"get_score_boot","after_latest","result/AUC/score","se",2,0,0,0.00814107846701768,0.0084751908811369,0.00814107846701768,0.0084751908811369
"windows","cox",10000,"get_score_boot","after_latest","result/Brier/score","se",2,0,0,0.00186061814489503,0.00328844056425444,0.00186061814489503,0.00328844056425444
"windows","cox",10000,"get_score_boot","after_latest","result/AUC/score","times",2,0,0,60,120,60,120
"windows","cox",10000,"get_score_boot","after_latest","result/Brier/score","times",2,0,0,60,120,60,120
"windows","cox",10000,"get_score_boot","after_latest","result/AUC/score","upper",2,0,0,0.842770862520156,0.855898422563949,0.842770862520156,0.855898422563949
"windows","cox",10000,"get_score_boot","after_latest","result/Brier/score","upper",2,0,0,0.0767110434330184,0.110098744411398,0.0767110434330184,0.110098744411398
"windows","cox",10000,"fit_hazard","before_after","fit","beta",12,0,0,0.0171378772039092,3.14117643143158,0.0171378772039092,3.14117643143158
"windows","cox",10000,"fit_hazard","before_after","fit","se",12,0,0,0.00306268600802785,0.258063286460843,0.00306268600802785,0.258063286460843
"windows","cox",10000,"get_eff_sub","before_after","result/haz_direct","conf.high",3,0,0,2.27379465245783,2.81769854377507,2.27379465245783,2.81769854377507
"windows","cox",10000,"get_eff_sub","before_after","result/haz_unadj","conf.high",3,0,0,2.33248124644997,2.845116602445,2.33248124644997,2.845116602445
"windows","cox",10000,"get_eff_sub","before_after","result/haz_direct","conf.low",3,0,0,1.74098787635863,1.96840952148721,1.74098787635863,1.96840952148721
"windows","cox",10000,"get_eff_sub","before_after","result/haz_unadj","conf.low",3,0,0,1.78637187631862,2.00759230473881,1.78637187631862,2.00759230473881
"windows","cox",10000,"get_eff_sub","before_after","result/haz_direct","estimate",3,0,0,1.98963537444883,2.35507635592723,1.98963537444883,2.35507635592723
"windows","cox",10000,"get_eff_sub","before_after","result/haz_unadj","estimate",3,0,0,2.04124444903074,2.37819274759275,2.04124444903074,2.37819274759275
"windows","cox",10000,"get_eff_sub","before_after","result/haz_direct","p.value_0.95",3,0,0,7.23241136266241e-43,7.90580661603834e-21,7.23241136266241e-43,7.90580661603834e-21
"windows","cox",10000,"get_eff_sub","before_after","result/haz_unadj","p.value_0.95",3,0,0,4.31585478896133e-49,2.74304267070874e-21,4.31585478896133e-49,2.74304267070874e-21
"windows","cox",10000,"get_eff_sub","before_after","result/haz_direct","p_value",3,0,0,7.23241136266241e-43,7.90580661603834e-21,7.23241136266241e-43,7.90580661603834e-21
"windows","cox",10000,"get_eff_sub","before_after","result/haz_unadj","p_value",3,0,0,4.31585478896133e-49,2.74304267070874e-21,4.31585478896133e-49,2.74304267070874e-21
"windows","cox",10000,"get_inter_abs","before_after","result/estimates","conf.high",18,0,0,0.0140635821150404,1.67134685208455,0.0140635821150404,1.67134685208455
"windows","cox",10000,"get_inter_abs","before_after","result/risks","conf.high",8,0,0,0.0874961890053032,0.327804918291361,0.0874961890053032,0.327804918291361
"windows","cox",10000,"get_inter_abs","before_after","result/estimates","conf.low",18,0,0,-0.53812096938078,1.00254306642194,-0.53812096938078,1.00254306642194
"windows","cox",10000,"get_inter_abs","before_after","result/risks","conf.low",8,0,0,0.0631251903881298,0.260797380140573,0.0631251903881298,0.260797380140573
"windows","cox",10000,"get_inter_abs","before_after","result/estimates","estimate",18,0,0,-0.208616423882215,1.29444860776452,-0.208616423882215,1.29444860776452
"windows","cox",10000,"get_inter_abs","before_after","result/risks","estimate",8,0,0,0.0753106896967165,0.294301149215967,0.0753106896967165,0.294301149215967
"windows","cox",10000,"get_inter_abs","before_after","result/estimates","p.value",18,0,0,4.66005914940624e-23,0.764538400409196,4.66005914940624e-23,0.764538400409196
"windows","cox",10000,"get_fit_stats_simple","after_latest","result/stats","estimate",6,0,0,0.0247680513988085,24148.3450415464,0.0247680513988085,24148.3450415464
"windows","cox",10000,"get_fit_stats_simple_boot","after_latest","result/boot","AIC",20,0,0,23511.1579116681,26404.5400145471,23511.1579116681,26404.5400145471
"windows","cox",10000,"get_fit_stats_simple_boot","after_latest","result/boot","BIC",20,0,0,23521.6001218645,26409.8677950855,23521.6001218645,26409.8677950855
"windows","cox",10000,"get_fit_stats_simple_boot","after_latest","result/boot","PVE",20,0,0,0.0217820482860602,0.0533146519734187,0.0217820482860602,0.0533146519734187
"windows","cox",10000,"get_fit_stats_simple_boot","after_latest","result/stats","SE",6,0,0,0.00323742731452663,761.627327995707,0.00323742731452663,761.627327995707
"windows","cox",10000,"get_fit_stats_simple_boot","after_latest","result/stats","estimate",6,0,0,0.0247680513988085,24148.3450415464,0.0247680513988085,24148.3450415464
"windows","cox",10000,"get_fit_stats_simple_boot","after_latest","result/stats","lower",6,0,0,0.0217936101957286,23764.8999109679,0.0217936101957286,23764.8999109679
"windows","cox",10000,"get_fit_stats_simple_boot","after_latest","result/boot","replicate",20,0,0,1,10,1,10
"windows","cox",10000,"get_fit_stats_simple_boot","after_latest","result/stats","upper",6,0,0,0.0299145725792741,26196.1222797639,0.0299145725792741,26196.1222797639
"windows","cox",30000,"get_facet","before_after","result/sur.data","ci_lower",290,0,0,0.442388279203285,1,0.442388279203285,1
"windows","cox",30000,"get_facet","before_after","result/sur.data","ci_upper",290,0,0,0.567838095611007,1,0.567838095611007,1
"windows","cox",30000,"get_facet","before_after","result/sur.data","se",290,0,0,0,0.0320030922499735,0,0.0320030922499735
"windows","cox",30000,"get_facet","before_after","result/sur.data","surv",290,0,0,0.505113187407146,1,0.505113187407146,1
"windows","cox",30000,"get_facet","before_after","result/sur.data","time",290,0,0,0,253,0,253
"windows","cox",30000,"get_facet","before_after","result/insert.data","x",3,0,0,0.5,0.5,0.5,0.5
"windows","cox",30000,"get_facet","before_after","result/insert.data","y",3,0,0,0.5,0.5,0.5,0.5
"windows","cox",30000,"get_facet","before_after","result/sur.data","yhat",290,0,0,0.505113187407146,1,0.505113187407146,1
"windows","cox",30000,"get_fit_stats","after_latest","result/stats","estimate",6,0,0,0.043177397075776,79543.1953743134,0.043177397075776,79543.1953743134
"windows","cox",30000,"get_eff_cat","before_after","result/haz_models","conf.high",20,0,0,1.8320190741205,53.9670842163797,1.8320190741205,53.9670842163797
"windows","cox",30000,"get_eff_cat","before_after","result/haz_models","conf.low",20,0,0,1.16813651007932,38.2618883328158,1.16813651007932,38.2618883328158
"windows","cox",30000,"get_eff_cat","before_after","result/haz_models","estimate",20,0,0,1.46289041545902,45.4409787519458,1.46289041545902,45.4409787519458
"windows","cox",30000,"get_eff_cat","before_after","result/haz_models","p.value_0.95",20,0,0,0,0.000920689564056895,0,0.000920689564056895
"windows","cox",30000,"get_eff_cat","before_after","result/haz_models","p_value",20,0,0,0,0.000920689564056895,0,0.000920689564056895
"windows","cox",30000,"get_fit_stats_boot","after_latest","result/boot","AIC",20,0,0,73919.1676284292,81204.9682478342,73919.1676284292,81204.9682478342
"windows","cox",30000,"get_fit_stats_boot","after_latest","result/boot","BIC",20,0,0,73994.7231937809,81217.6505913285,73994.7231937809,81217.6505913285
"windows","cox",30000,"get_fit_stats_boot","after_latest","result/boot","PVE",20,0,0,0.0422775946146145,0.169737145652348,0.0422775946146145,0.169737145652348
"windows","cox",30000,"get_fit_stats_boot","after_latest","result/stats","SE",6,0,0,0.00253146668819825,977.071967291516,0.00253146668819825,977.071967291516
"windows","cox",30000,"get_fit_stats_boot","after_latest","result/stats","estimate",6,0,0,0.043177397075776,79543.1953743134,0.043177397075776,79543.1953743134
"windows","cox",30000,"get_fit_stats_boot","after_latest","result/stats","lower",6,0,0,0.0422866295249007,78240.7658220573,0.0422866295249007,78240.7658220573
"windows","cox",30000,"get_fit_stats_boot","after_latest","result/boot","replicate",20,0,0,1,10,1,10
"windows","cox",30000,"get_fit_stats_boot","after_latest","result/stats","upper",6,0,0,0.0491939278420805,81170.0304824813,0.0491939278420805,81170.0304824813
"windows","cox",30000,"curve_direct","before_after","result","ci_lower",528,0,0,0.259565312215201,1,0.259565312215201,1
"windows","cox",30000,"curve_direct","before_after","result","ci_upper",528,0,0,0.341720867591929,1,0.341720867591929,1
"windows","cox",30000,"curve_direct","before_after","result","probability",528,0,0,0.300643089903565,1,0.300643089903565,1
"windows","cox",30000,"curve_direct","before_after","result","se",528,0,0,0,0.0382249782104552,0,0.0382249782104552
"windows","cox",30000,"curve_direct","before_after","result","time",528,0,0,0,253,0,253
"windows","cox",30000,"get_facet_diff","before_after","result/diff.data","conf.high",1078,0,0,-0.00166985458939464,0.333567716048348,-0.00166985458939464,0.333567716048348
"windows","cox",30000,"get_facet_diff","before_after","result/forest.data","conf.high",24,0,0,0.0159467332518923,0.186014332728829,0.0159467332518923,0.186014332728829
"windows","cox",30000,"get_facet_diff","before_after","result/diff.data","conf.high_Female",1023,0,0,0.731356583058899,1,0.731356583058899,1
"windows","cox",30000,"get_facet_diff","before_after","result/forest.data","conf.high_Female",24,0,0,0.838768187615546,0.99342736969698,0.838768187615546,0.99342736969698
"windows","cox",30000,"get_facet_diff","before_after","result/diff.data","conf.high_Male",937,0,0,0.567838095611007,1,0.567838095611007,1
"windows","cox",30000,"get_facet_diff","before_after","result/forest.data","conf.high_Male",24,0,0,0.725786911059723,0.980458257274059,0.725786911059723,0.980458257274059
"windows","cox",30000,"get_facet_diff","before_after","result/diff.data","conf.low",1078,0,0,-0.17572074957786,0.202428871476587,-0.17572074957786,0.202428871476587
"windows","cox",30000,"get_facet_diff","before_after","result/forest.data","conf.low",24,0,0,-0.00118056563161103,0.145265432748054,-0.00118056563161103,0.145265432748054
"windows","cox",30000,"get_facet_diff","before_after","result/diff.data","conf.low_Female",1023,0,0,0.493288448460206,1,0.493288448460206,1
"windows","cox",30000,"get_facet_diff","before_after","result/forest.data","conf.low_Female",24,0,0,0.812909487845401,0.987946375718566,0.812909487845401,0.987946375718566
"windows","cox",30000,"get_facet_diff","before_after","result/diff.data","conf.low_Male",937,0,0,0.442388279203285,1,0.442388279203285,1
"windows","cox",30000,"get_facet_diff","before_after","result/forest.data","conf.low_Male",24,0,0,0.692560747913691,0.971348694746828,0.692560747913691,0.971348694746828
"windows","cox",30000,"get_facet_diff","before_after","result/diff.data","estimate",1078,0,0,-0.00589273789161282,0.256998521590499,-0.00589273789161282,0.256998521590499
"windows","cox",30000,"get_facet_diff","before_after","result/forest.data","estimate",24,0,0,0.00887598055981531,0.164974221501525,0.00887598055981531,0.164974221501525
"windows","cox",30000,"get_facet_diff","before_after","result/diff.data","estimate_Female",1023,0,0,0.616333765140203,1,0.616333765140203,1
"windows","cox",30000,"get_facet_diff","before_after","result/forest.data","estimate_Female",24,0,0,0.825838837730473,0.990683082237584,0.825838837730473,0.990683082237584
"windows","cox",30000,"get_facet_diff","before_after","result/diff.data","estimate_Male",937,0,0,0.505113187407146,1,0.505113187407146,1
"windows","cox",30000,"get_facet_diff","before_after","result/forest.data","estimate_Male",24,0,0,0.709173829486707,0.975903476010443,0.709173829486707,0.975903476010443
"windows","cox",30000,"get_facet_diff","before_after","result/diff.data","p.value_0.95",1075,0,0,3.64178469933579e-94,0.622467178147168,3.64178469933579e-94,0.622467178147168
"windows","cox",30000,"get_facet_diff","before_after","result/forest.data","p.value_0.95",24,0,0,1.23171972648445e-93,0.0836519998379921,1.23171972648445e-93,0.0836519998379921
"windows","cox",30000,"get_facet_diff","before_after","result/diff.data","p_value",1075,0,0,3.64178469933579e-94,0.622467178147168,3.64178469933579e-94,0.622467178147168
"windows","cox",30000,"get_facet_diff","before_after","result/forest.data","p_value",24,0,0,1.23171972648445e-93,0.0836519998379921,1.23171972648445e-93,0.0836519998379921
"windows","cox",30000,"get_facet_diff","before_after","result/diff.data","time",1082,0,0,0,287,0,287
"windows","cox",30000,"get_facet_diff","before_after","result/forest.data","time",24,0,0,12,120,12,120
"windows","cox",30000,"get_cat","before_after","curve/direct","ci_lower",528,0,0,0.259565312215201,1,0.259565312215201,1
"windows","cox",30000,"get_cat","before_after","curve/unadj","ci_lower",1750,0,0,0.310490010435139,1,0.310490010435139,1
"windows","cox",30000,"get_cat","before_after","curve/direct","ci_upper",528,0,0,0.341720867591929,1,0.341720867591929,1
"windows","cox",30000,"get_cat","before_after","curve/unadj","ci_upper",1750,0,0,0.383341429750617,1,0.383341429750617,1
"windows","cox",30000,"get_cat","before_after","UM/haz_direct","conf.high",11,0,0,1,28.2620842257521,1,28.2620842257521
"windows","cox",30000,"get_cat","before_after","UM/haz_unadj","conf.high",11,0,0,1,53.9670842163797,1,53.9670842163797
"windows","cox",30000,"get_cat","before_after","UM/sur_direct","conf.high",11,0,0,0,0.551560244038612,0,0.551560244038612
"windows","cox",30000,"get_cat","before_after","UM/sur_unadj","conf.high",11,0,0,0,0.752636682772396,0,0.752636682772396
"windows","cox",30000,"get_cat","before_after","UM/sur_direct","conf.high_sur",11,0,0,0.489785523279747,0.96975133707652,0.489785523279747,0.96975133707652
"windows","cox",30000,"get_cat","before_after","UM/sur_unadj","conf.high_sur",11,0,0,0.383341429750617,0.979111782298471,0.383341429750617,0.979111782298471
"windows","cox",30000,"get_cat","before_after","UM/haz_direct","conf.low",11,0,0,1,18.6216257810265,1,18.6216257810265
"windows","cox",30000,"get_cat","before_after","UM/haz_unadj","conf.low",11,0,0,1,38.2618883328158,1,38.2618883328158
"windows","cox",30000,"get_cat","before_after","UM/sur_direct","conf.low",11,0,0,0,0.473912729202356,0,0.473912729202356
"windows","cox",30000,"get_cat","before_after","UM/sur_unadj","conf.low",11,0,0,0,0.5242496044777,0,0.5242496044777
"windows","cox",30000,"get_cat","before_after","UM/sur_direct","conf.low_sur",11,0,0,0.41296202667816,0.958469186122355,0.41296202667816,0.958469186122355
"windows","cox",30000,"get_cat","before_after","UM/sur_unadj","conf.low_sur",11,0,0,0.310490010435139,0.970368333556442,0.310490010435139,0.970368333556442
"windows","cox",30000,"get_cat","before_after","UM/haz_direct","estimate",11,0,0,1,22.9409231776711,1,22.9409231776711
"windows","cox",30000,"get_cat","before_after","UM/haz_unadj","estimate",11,0,0,1,45.4409787519458,1,45.4409787519458
"windows","cox",30000,"get_cat","before_after","UM/sur_direct","estimate",11,0,0,0,0.512736486620484,0,0.512736486620484
"windows","cox",30000,"get_cat","before_after","UM/sur_unadj","estimate",11,0,0,0,0.629732160745105,0,0.629732160745105
"windows","cox",30000,"get_cat","before_after","UM/sur_direct","estimate_sur",11,0,0,0.451373774978953,0.964110261599437,0.451373774978953,0.964110261599437
"windows","cox",30000,"get_cat","before_after","UM/sur_unadj","estimate_sur",11,0,0,0.344998093507037,0.974730254252142,0.344998093507037,0.974730254252142
"windows","cox",30000,"get_cat","before_after","UM/haz_direct","p.value_0.95",10,0,0,1.83679976187753e-227,0.000920689564056895,1.83679976187753e-227,0.000920689564056895
"windows","cox",30000,"get_cat","before_after","UM/haz_unadj","p.value_0.95",10,0,0,0,4.47518860200809e-09,0,4.47518860200809e-09
"windows","cox",30000,"get_cat","before_after","UM/haz_direct","p_value",10,0,0,1.83679976187753e-227,0.000920689564056895,1.83679976187753e-227,0.000920689564056895
"windows","cox",30000,"get_cat","before_after","UM/haz_unadj","p_value",10,0,0,0,4.47518860200809e-09,0,4.47518860200809e-09
"windows","cox",30000,"get_cat","before_after","UM/sur_direct","p_value",10,0,0,0,0.00151103943794715,0,0.00151103943794715
"windows","cox",30000,"get_cat","before_after","UM/sur_unadj","p_value",10,0,0,7.07438117992755e-122,7.2733889824088e-06,7.07438117992755e-122,7.2733889824088e-06
"windows","cox",30000,"get_cat","before_after","curve/direct","probability",528,0,0,0.300643089903565,1,0.300643089903565,1
"windows","cox",30000,"get_cat","before_after","curve/unadj","probability",1750,0,0,0.344998093507037,1,0.344998093507037,1
"windows","cox",30000,"get_cat","before_after","curve/direct","se",528,0,0,0,0.0382249782104552,0,0.0382249782104552
"windows","cox",30000,"get_cat","before_after","curve/unadj","se",1750,0,0,0,0.116747061348798,0,0.116747061348798
"windows","cox",30000,"get_cat","before_after","UM/sur_direct","time",12,0,0,120,120,120,120
"windows","cox",30000,"get_cat","before_after","UM/sur_unadj","time",12,0,0,120,120,120,120
"windows","cox",30000,"get_cat","before_after","curve/direct","time",528,0,0,0,253,0,253
"windows","cox",30000,"get_cat","before_after","curve/unadj","time",1750,0,0,1,287,1,287
"windows","cox",30000,"get_eff","before_after","result/haz_direct","conf.high",11,0,0,1,28.2620842257521,1,28.2620842257521
"windows","cox",30000,"get_eff","before_after","result/haz_unadj","conf.high",11,0,0,1,53.9670842163797,1,53.9670842163797
"windows","cox",30000,"get_eff","before_after","result/sur_direct","conf.high",11,0,0,0,0.551560244038612,0,0.551560244038612
"windows","cox",30000,"get_eff","before_after","result/sur_unadj","conf.high",11,0,0,0,0.752636682772396,0,0.752636682772396
"windows","cox",30000,"get_eff","before_after","result/sur_direct","conf.high_sur",11,0,0,0.489785523279747,0.96975133707652,0.489785523279747,0.96975133707652
"windows","cox",30000,"get_eff","before_after","result/sur_unadj","conf.high_sur",11,0,0,0.383341429750617,0.979111782298471,0.383341429750617,0.979111782298471
"windows","cox",30000,"get_eff","before_after","result/haz_direct","conf.low",11,0,0,1,18.6216257810265,1,18.6216257810265
"windows","cox",30000,"get_eff","before_after","result/haz_unadj","conf.low",11,0,0,1,38.2618883328158,1,38.2618883328158
"windows","cox",30000,"get_eff","before_after","result/sur_direct","conf.low",11,0,0,0,0.473912729202356,0,0.473912729202356
"windows","cox",30000,"get_eff","before_after","result/sur_unadj","conf.low",11,0,0,0,0.5242496044777,0,0.5242496044777
"windows","cox",30000,"get_eff","before_after","result/sur_direct","conf.low_sur",11,0,0,0.41296202667816,0.958469186122355,0.41296202667816,0.958469186122355
"windows","cox",30000,"get_eff","before_after","result/sur_unadj","conf.low_sur",11,0,0,0.310490010435139,0.970368333556442,0.310490010435139,0.970368333556442
"windows","cox",30000,"get_eff","before_after","result/haz_direct","estimate",11,0,0,1,22.9409231776711,1,22.9409231776711
"windows","cox",30000,"get_eff","before_after","result/haz_unadj","estimate",11,0,0,1,45.4409787519458,1,45.4409787519458
"windows","cox",30000,"get_eff","before_after","result/sur_direct","estimate",11,0,0,0,0.512736486620484,0,0.512736486620484
"windows","cox",30000,"get_eff","before_after","result/sur_unadj","estimate",11,0,0,0,0.629732160745105,0,0.629732160745105
"windows","cox",30000,"get_eff","before_after","result/sur_direct","estimate_sur",11,0,0,0.451373774978953,0.964110261599437,0.451373774978953,0.964110261599437
"windows","cox",30000,"get_eff","before_after","result/sur_unadj","estimate_sur",11,0,0,0.344998093507037,0.974730254252142,0.344998093507037,0.974730254252142
"windows","cox",30000,"get_eff","before_after","result/haz_direct","p.value_0.95",10,0,0,1.83679976187753e-227,0.000920689564056895,1.83679976187753e-227,0.000920689564056895
"windows","cox",30000,"get_eff","before_after","result/haz_unadj","p.value_0.95",10,0,0,0,4.47518860200809e-09,0,4.47518860200809e-09
"windows","cox",30000,"get_eff","before_after","result/haz_direct","p_value",10,0,0,1.83679976187753e-227,0.000920689564056895,1.83679976187753e-227,0.000920689564056895
"windows","cox",30000,"get_eff","before_after","result/haz_unadj","p_value",10,0,0,0,4.47518860200809e-09,0,4.47518860200809e-09
"windows","cox",30000,"get_eff","before_after","result/sur_direct","p_value",10,0,0,0,0.00151103943794715,0,0.00151103943794715
"windows","cox",30000,"get_eff","before_after","result/sur_unadj","p_value",10,0,0,7.07438117992755e-122,7.2733889824088e-06,7.07438117992755e-122,7.2733889824088e-06
"windows","cox",30000,"get_eff","before_after","result/sur_direct","time",12,0,0,120,120,120,120
"windows","cox",30000,"get_eff","before_after","result/sur_unadj","time",12,0,0,120,120,120,120
"windows","cox",30000,"get_score","before_after","result/AUC/score","AUC",2,0,0,0.82674695754102,0.840595188462614,0.82674695754102,0.840595188462614
"windows","cox",30000,"get_score","before_after","result/Brier/score","Brier",2,0,0,0.073323948630656,0.10395436143519,0.073323948630656,0.10395436143519
"windows","cox",30000,"get_score","before_after","result/AUC/score","lower",2,0,0,0.818819397494059,0.832775123004158,0.818819397494059,0.832775123004158
"windows","cox",30000,"get_score","before_after","result/Brier/score","lower",2,0,0,0.0710315618567965,0.100991252708764,0.0710315618567965,0.100991252708764
"windows","cox",30000,"get_score","before_after","result/AUC/score","se",2,0,0,0.003989902630936,0.00404474781653748,0.003989902630936,0.00404474781653748
"windows","cox",30000,"get_score","before_after","result/Brier/score","se",2,0,0,0.0011696065804992,0.0015118179465535,0.0011696065804992,0.0015118179465535
"windows","cox",30000,"get_score","before_after","result/AUC/score","times",2,0,0,60,120,60,120
"windows","cox",30000,"get_score","before_after","result/Brier/score","times",2,0,0,60,120,60,120
"windows","cox",30000,"get_score","before_after","result/AUC/score","upper",2,0,0,0.83467451758798,0.848415253921071,0.83467451758798,0.848415253921071
"windows","cox",30000,"get_score","before_after","result/Brier/score","upper",2,0,0,0.0756163354045155,0.106917470161616,0.0756163354045155,0.106917470161616
"windows","cox",30000,"get_score","after_latest","result/AUC/score","AUC",2,0,0,0.82674695754102,0.840595188462614,0.82674695754102,0.840595188462614
"windows","cox",30000,"get_score","after_latest","result/Brier/score","Brier",2,0,0,0.073323948630656,0.10395436143519,0.073323948630656,0.10395436143519
"windows","cox",30000,"get_score","after_latest","result/AUC/score","lower",2,0,0,0.818819397494059,0.832775123004158,0.818819397494059,0.832775123004158
"windows","cox",30000,"get_score","after_latest","result/Brier/score","lower",2,0,0,0.0710315618567965,0.100991252708764,0.0710315618567965,0.100991252708764
"windows","cox",30000,"get_score","after_latest","result/AUC/score","se",2,0,0,0.003989902630936,0.00404474781653748,0.003989902630936,0.00404474781653748
"windows","cox",30000,"get_score","after_latest","result/Brier/score","se",2,0,0,0.0011696065804992,0.0015118179465535,0.0011696065804992,0.0015118179465535
"windows","cox",30000,"get_score","after_latest","result/AUC/score","times",2,0,0,60,120,60,120
"windows","cox",30000,"get_score","after_latest","result/Brier/score","times",2,0,0,60,120,60,120
"windows","cox",30000,"get_score","after_latest","result/AUC/score","upper",2,0,0,0.83467451758798,0.848415253921071,0.83467451758798,0.848415253921071
"windows","cox",30000,"get_score","after_latest","result/Brier/score","upper",2,0,0,0.0756163354045155,0.106917470161616,0.0756163354045155,0.106917470161616
"windows","cox",30000,"get_score_boot","before_after","result/AUC/score","AUC",2,0,0,0.826379874434879,0.839333900521365,0.826379874434879,0.839333900521365
"windows","cox",30000,"get_score_boot","before_after","result/Brier/score","Brier",2,0,0,0.0728315169506647,0.102806248882826,0.0728315169506647,0.102806248882826
"windows","cox",30000,"get_score_boot","before_after","result/AUC/score","lower",2,0,0,0.816397698018013,0.832386025083018,0.816397698018013,0.832386025083018
"windows","cox",30000,"get_score_boot","before_after","result/Brier/score","lower",2,0,0,0.0701620263404744,0.100802615472297,0.0701620263404744,0.100802615472297
"windows","cox",30000,"get_score_boot","before_after","result/AUC/score","se",2,0,0,0.00523489989347276,0.00731892368143475,0.00523489989347276,0.00731892368143475
"windows","cox",30000,"get_score_boot","before_after","result/Brier/score","se",2,0,0,0.00170147462763172,0.00182375003714194,0.00170147462763172,0.00182375003714194
"windows","cox",30000,"get_score_boot","before_after","result/AUC/score","times",2,0,0,60,120,60,120
"windows","cox",30000,"get_score_boot","before_after","result/Brier/score","times",2,0,0,60,120,60,120
"windows","cox",30000,"get_score_boot","before_after","result/AUC/score","upper",2,0,0,0.836450926729398,0.846035548437864,0.836450926729398,0.846035548437864
"windows","cox",30000,"get_score_boot","before_after","result/Brier/score","upper",2,0,0,0.0754320218339878,0.105876092758648,0.0754320218339878,0.105876092758648
"windows","cox",30000,"get_score_boot","after_latest","result/AUC/score","AUC",2,0,0,0.826379874434879,0.839333900521365,0.826379874434879,0.839333900521365
"windows","cox",30000,"get_score_boot","after_latest","result/Brier/score","Brier",2,0,0,0.0728315169506647,0.102806248882826,0.0728315169506647,0.102806248882826
"windows","cox",30000,"get_score_boot","after_latest","result/AUC/score","lower",2,0,0,0.816397698018013,0.832386025083018,0.816397698018013,0.832386025083018
"windows","cox",30000,"get_score_boot","after_latest","result/Brier/score","lower",2,0,0,0.0701620263404744,0.100802615472297,0.0701620263404744,0.100802615472297
"windows","cox",30000,"get_score_boot","after_latest","result/AUC/score","se",2,0,0,0.00523489989347276,0.00731892368143475,0.00523489989347276,0.00731892368143475
"windows","cox",30000,"get_score_boot","after_latest","result/Brier/score","se",2,0,0,0.00170147462763172,0.00182375003714194,0.00170147462763172,0.00182375003714194
"windows","cox",30000,"get_score_boot","after_latest","result/AUC/score","times",2,0,0,60,120,60,120
"windows","cox",30000,"get_score_boot","after_latest","result/Brier/score","times",2,0,0,60,120,60,120
"windows","cox",30000,"get_score_boot","after_latest","result/AUC/score","upper",2,0,0,0.836450926729398,0.846035548437864,0.836450926729398,0.846035548437864
"windows","cox",30000,"get_score_boot","after_latest","result/Brier/score","upper",2,0,0,0.0754320218339878,0.105876092758648,0.0754320218339878,0.105876092758648
"windows","cox",30000,"fit_hazard","before_after","fit","beta",12,0,0,0.0160945030755837,3.13292235403285,0.0160945030755837,3.13292235403285
"windows","cox",30000,"fit_hazard","before_after","fit","se",12,0,0,0.00176433121444312,0.151449435963917,0.00176433121444312,0.151449435963917
"windows","cox",30000,"get_eff_sub","before_after","result/haz_direct","conf.high",3,0,0,2.22571541484526,2.83462335375058,2.22571541484526,2.83462335375058
"windows","cox",30000,"get_eff_sub","before_after","result/haz_unadj","conf.high",3,0,0,2.26780253445856,2.83077233234416,2.26780253445856,2.83077233234416
"windows","cox",30000,"get_eff_sub","before_after","result/haz_direct","conf.low",3,0,0,1.90386784068442,2.29863102045968,1.90386784068442,2.29863102045968
"windows","cox",30000,"get_eff_sub","before_after","result/haz_unadj","conf.low",3,0,0,1.94002210497921,2.29554238301627,1.94002210497921,2.29554238301627
"windows","cox",30000,"get_eff_sub","before_after","result/haz_direct","estimate",3,0,0,2.05851111263444,2.55259733844775,2.05851111263444,2.55259733844775
"windows","cox",30000,"get_eff_sub","before_after","result/haz_unadj","estimate",3,0,0,2.09751926012075,2.54914845891051,2.09751926012075,2.54914845891051
"windows","cox",30000,"get_eff_sub","before_after","result/haz_direct","p.value_0.95",3,0,0,4.72712906463163e-139,9.04179212359623e-69,4.72712906463163e-139,9.04179212359623e-69
"windows","cox",30000,"get_eff_sub","before_after","result/haz_unadj","p.value_0.95",3,0,0,6.14746016472639e-153,1.37949017376806e-68,6.14746016472639e-153,1.37949017376806e-68
"windows","cox",30000,"get_eff_sub","before_after","result/haz_direct","p_value",3,0,0,4.72712906463163e-139,9.04179212359623e-69,4.72712906463163e-139,9.04179212359623e-69
"windows","cox",30000,"get_eff_sub","before_after","result/haz_unadj","p_value",3,0,0,6.14746016472639e-153,1.37949017376806e-68,6.14746016472639e-153,1.37949017376806e-68
"windows","cox",30000,"get_inter_abs","before_after","result/estimates","conf.high",18,0,0,-0.082725529996918,1.49844892532789,-0.082725529996918,1.49844892532789
"windows","cox",30000,"get_inter_abs","before_after","result/risks","conf.high",8,0,0,0.0800927843373455,0.305237100850436,0.0800927843373455,0.305237100850436
"windows","cox",30000,"get_inter_abs","before_after","result/estimates","conf.low",18,0,0,-0.500693133903506,1.11491887653127,-0.500693133903506,1.11491887653127
"windows","cox",30000,"get_inter_abs","before_after","result/risks","conf.low",8,0,0,0.066136467959056,0.267821469915211,0.066136467959056,0.267821469915211
"windows","cox",30000,"get_inter_abs","before_after","result/estimates","estimate",18,0,0,-0.291709331950212,1.29253587662628,-0.291709331950212,1.29253587662628
"windows","cox",30000,"get_inter_abs","before_after","result/risks","estimate",8,0,0,0.0731146261482007,0.286529285382824,0.0731146261482007,0.286529285382824
"windows","cox",30000,"get_inter_abs","before_after","result/estimates","p.value",18,0,0,4.87178985978701e-69,0.312981515315734,4.87178985978701e-69,0.312981515315734
"windows","cox",30000,"get_fit_stats_simple","after_latest","result/stats","estimate",6,0,0,0.0222713179991475,80183.302505322,0.0222713179991475,80183.302505322
"windows","cox",30000,"get_fit_stats_simple_boot","after_latest","result/boot","AIC",20,0,0,77787.1076352345,81902.9775532772,77787.1076352345,81902.9775532772
"windows","cox",30000,"get_fit_stats_simple_boot","after_latest","result/boot","BIC",20,0,0,77799.7002294598,81909.3187250244,77799.7002294598,81909.3187250244
"windows","cox",30000,"get_fit_stats_simple_boot","after_latest","result/boot","PVE",20,0,0,0.0204518614227872,0.0492132754295671,0.0204518614227872,0.0492132754295671
"windows","cox",30000,"get_fit_stats_simple_boot","after_latest","result/stats","SE",6,0,0,0.00174464115780466,977.071967291518,0.00174464115780466,977.071967291518
"windows","cox",30000,"get_fit_stats_simple_boot","after_latest","result/stats","estimate",6,0,0,0.0222713179991475,80183.302505322,0.0222713179991475,80183.302505322
"windows","cox",30000,"get_fit_stats_simple_boot","after_latest","result/stats","lower",6,0,0,0.0206948687291266,78904.8006746854,0.0206948687291266,78904.8006746854
"windows","cox",30000,"get_fit_stats_simple_boot","after_latest","result/boot","replicate",20,0,0,1,10,1,10
"windows","cox",30000,"get_fit_stats_simple_boot","after_latest","result/stats","upper",6,0,0,0.0262820331334661,81838.2524290302,0.0262820331334661,81838.2524290302
"windows","cox",50000,"get_facet","before_after","result/sur.data","ci_lower",290,0,0,0.453746946007498,1,0.453746946007498,1
"windows","cox",50000,"get_facet","before_after","result/sur.data","ci_upper",290,0,0,0.552696846786279,1,0.552696846786279,1
"windows","cox",50000,"get_facet","before_after","result/sur.data","se",290,0,0,0,0.0252427854693468,0,0.0252427854693468
"windows","cox",50000,"get_facet","before_after","result/sur.data","surv",290,0,0,0.503221896396889,1,0.503221896396889,1
"windows","cox",50000,"get_facet","before_after","result/sur.data","time",290,0,0,0,253,0,253
"windows","cox",50000,"get_facet","before_after","result/insert.data","x",3,0,0,0.5,0.5,0.5,0.5
"windows","cox",50000,"get_facet","before_after","result/insert.data","y",3,0,0,0.5,0.5,0.5,0.5
"windows","cox",50000,"get_facet","before_after","result/sur.data","yhat",290,0,0,0.503221896396889,1,0.503221896396889,1
"windows","cox",50000,"get_fit_stats","after_latest","result/stats","estimate",6,0,0,0.042945505993733,139626.382281517,0.042945505993733,139626.382281517
"windows","cox",50000,"get_eff_cat","before_after","result/haz_models","conf.high",20,0,0,1.73917504916605,48.7405495677316,1.73917504916605,48.7405495677316
"windows","cox",50000,"get_eff_cat","before_after","result/haz_models","conf.low",20,0,0,1.2228092639703,37.4813232564386,1.2228092639703,37.4813232564386
"windows","cox",50000,"get_eff_cat","before_after","result/haz_models","estimate",20,0,0,1.46476799136925,42.7417862757819,1.46476799136925,42.7417862757819
"windows","cox",50000,"get_eff_cat","before_after","result/haz_models","p.value_0.95",20,0,0,0,0.000132095761588528,0,0.000132095761588528
"windows","cox",50000,"get_eff_cat","before_after","result/haz_models","p_value",20,0,0,0,0.000132095761588528,0,0.000132095761588528
"windows","cox",50000,"get_fit_stats_boot","after_latest","result/boot","AIC",20,0,0,130416.562626034,143579.494600168,130416.562626034,143579.494600168
"windows","cox",50000,"get_fit_stats_boot","after_latest","result/boot","BIC",20,0,0,130498.316747236,143593.209345834,130498.316747236,143593.209345834
"windows","cox",50000,"get_fit_stats_boot","after_latest","result/boot","PVE",20,0,0,0.0403846138550856,0.166508976742711,0.0403846138550856,0.166508976742711
"windows","cox",50000,"get_fit_stats_boot","after_latest","result/stats","SE",6,0,0,0.00168517785901402,2041.51490616666,0.00168517785901402,2041.51490616666
"windows","cox",50000,"get_fit_stats_boot","after_latest","result/stats","estimate",6,0,0,0.042945505993733,139626.382281517,0.042945505993733,139626.382281517
"windows","cox",50000,"get_fit_stats_boot","after_latest","result/stats","lower",6,0,0,0.0407561635538329,137202.784933933,0.0407561635538329,137202.784933933
"windows","cox",50000,"get_fit_stats_boot","after_latest","result/boot","replicate",20,0,0,1,10,1,10
"windows","cox",50000,"get_fit_stats_boot","after_latest","result/stats","upper",6,0,0,0.04621091893754,143269.943209519,0.04621091893754,143269.943209519
"windows","cox",50000,"get_facet_diff","before_after","result/diff.data","conf.high",1078,0,0,-0.00101831938681714,0.304020860175999,-0.00101831938681714,0.304020860175999
"windows","cox",50000,"get_facet_diff","before_after","result/forest.data","conf.high",24,0,0,0.014664220717372,0.186582849369737,0.014664220717372,0.186582849369737
"windows","cox",50000,"get_facet_diff","before_after","result/diff.data","conf.high_Female",1023,0,0,0.72733915676846,1,0.72733915676846,1
"windows","cox",50000,"get_facet_diff","before_after","result/forest.data","conf.high_Female",24,0,0,0.839124925787863,0.992541533762633,0.839124925787863,0.992541533762633
"windows","cox",50000,"get_facet_diff","before_after","result/diff.data","conf.high_Male",937,0,0,0.552696846786279,1,0.552696846786279,1
"windows","cox",50000,"get_facet_diff","before_after","result/forest.data","conf.high_Male",24,0,0,0.719107122033217,0.979829639139033,0.719107122033217,0.979829639139033
"windows","cox",50000,"get_facet_diff","before_after","result/diff.data","conf.low",1078,0,0,-0.119544935881262,0.208444659793776,-0.119544935881262,0.208444659793776
"windows","cox",50000,"get_facet_diff","before_after","result/forest.data","conf.low",24,0,0,0.00536751350656519,0.153901400217075,0.00536751350656519,0.153901400217075
"windows","cox",50000,"get_facet_diff","before_after","result/diff.data","conf.low_Female",1023,0,0,0.526025616892138,1,0.526025616892138,1
"windows","cox",50000,"get_facet_diff","before_after","result/forest.data","conf.low_Female",24,0,0,0.819015557879753,0.988239850695238,0.819015557879753,0.988239850695238
"windows","cox",50000,"get_facet_diff","before_after","result/diff.data","conf.low_Male",937,0,0,0.453746946007498,1,0.453746946007498,1
"windows","cox",50000,"get_facet_diff","before_after","result/forest.data","conf.low_Male",24,0,0,0.693333553125918,0.972926955421556,0.693333553125918,0.972926955421556
"windows","cox",50000,"get_facet_diff","before_after","result/diff.data","estimate",1078,0,0,-0.00454212404371501,0.247841171996269,-0.00454212404371501,0.247841171996269
"windows","cox",50000,"get_facet_diff","before_after","result/forest.data","estimate",24,0,0,0.0107740797766512,0.170242124793406,0.0107740797766512,0.170242124793406
"windows","cox",50000,"get_facet_diff","before_after","result/diff.data","estimate_Female",1023,0,0,0.618545898562861,1,0.618545898562861,1
"windows","cox",50000,"get_facet_diff","before_after","result/forest.data","estimate_Female",24,0,0,0.829070241833808,0.990388356723971,0.829070241833808,0.990388356723971
"windows","cox",50000,"get_facet_diff","before_after","result/diff.data","estimate_Male",937,0,0,0.503221896396889,1,0.503221896396889,1
"windows","cox",50000,"get_facet_diff","before_after","result/forest.data","estimate_Male",24,0,0,0.706220337579568,0.976378297280294,0.706220337579568,0.976378297280294
"windows","cox",50000,"get_facet_diff","before_after","result/diff.data","p.value_0.95",1075,0,0,1.35710903069656e-160,0.556459128441867,1.35710903069656e-160,0.556459128441867
"windows","cox",50000,"get_facet_diff","before_after","result/forest.data","p.value_0.95",24,0,0,8.35358740300285e-160,0.000993896901855479,8.35358740300285e-160,0.000993896901855479
"windows","cox",50000,"get_facet_diff","before_after","result/diff.data","p_value",1075,0,0,1.35710903069656e-160,0.556459128441867,1.35710903069656e-160,0.556459128441867
"windows","cox",50000,"get_facet_diff","before_after","result/forest.data","p_value",24,0,0,8.35358740300285e-160,0.000993896901855479,8.35358740300285e-160,0.000993896901855479
"windows","cox",50000,"get_facet_diff","before_after","result/diff.data","time",1082,0,0,0,287,0,287
"windows","cox",50000,"get_facet_diff","before_after","result/forest.data","time",24,0,0,12,120,12,120
"windows","cox",50000,"get_eff","before_after","result/haz_direct","conf.high",11,0,0,1,25.751434426903,1,25.751434426903
"windows","cox",50000,"get_eff","before_after","result/haz_unadj","conf.high",11,0,0,1,48.7405495677316,1,48.7405495677316
"windows","cox",50000,"get_eff","before_after","result/sur_direct","conf.high",11,0,0,0,0.539388729220293,0,0.539388729220293
"windows","cox",50000,"get_eff","before_after","result/sur_unadj","conf.high",11,0,0,0,0.707917036067426,0,0.707917036067426
"windows","cox",50000,"get_eff","before_after","result/sur_direct","conf.high_sur",11,0,0,0.483698884191951,0.967163195377193,0.483698884191951,0.967163195377193
"windows","cox",50000,"get_eff","before_after","result/sur_unadj","conf.high_sur",11,0,0,0.378353181146656,0.975700059337693,0.378353181146656,0.975700059337693
"windows","cox",50000,"get_eff","before_after","result/haz_direct","conf.low",11,0,0,1,18.6864386810192,1,18.6864386810192
"windows","cox",50000,"get_eff","before_after","result/haz_unadj","conf.low",11,0,0,1,37.4813232564386,1,37.4813232564386
"windows","cox",50000,"get_eff","before_after","result/sur_direct","conf.low",11,0,0,0,0.4786598794678,0,0.4786598794678
"windows","cox",50000,"get_eff","before_after","result/sur_unadj","conf.low",11,0,0,0,0.540360967693664,0,0.540360967693664
"windows","cox",50000,"get_eff","before_after","result/sur_direct","conf.low_sur",11,0,0,0.423632611230011,0.958216908732861,0.423632611230011,0.958216908732861
"windows","cox",50000,"get_eff","before_after","result/sur_unadj","conf.low_sur",11,0,0,0.320036142001093,0.968541387300515,0.320036142001093,0.968541387300515
"windows","cox",50000,"get_eff","before_after","result/haz_direct","estimate",11,0,0,1,21.9363306039686,1,21.9363306039686
"windows","cox",50000,"get_eff","before_after","result/haz_unadj","estimate",11,0,0,1,42.7417862757819,1,42.7417862757819
"windows","cox",50000,"get_eff","before_after","result/sur_direct","estimate",11,0,0,0,0.509024304344047,0,0.509024304344047
"windows","cox",50000,"get_eff","before_after","result/sur_unadj","estimate",11,0,0,0,0.624139001880545,0,0.624139001880545
"windows","cox",50000,"get_eff","before_after","result/sur_direct","estimate_sur",11,0,0,0.453665747710981,0.962690052055027,0.453665747710981,0.962690052055027
"windows","cox",50000,"get_eff","before_after","result/sur_unadj","estimate_sur",11,0,0,0.347975131881599,0.972114133762144,0.347975131881599,0.972114133762144
"windows","cox",50000,"get_eff","before_after","result/haz_direct","p.value_0.95",10,0,0,0,0.000132095761588528,0,0.000132095761588528
"windows","cox",50000,"get_eff","before_after","result/haz_unadj","p.value_0.95",10,0,0,0,2.31302279290319e-11,0,2.31302279290319e-11
"windows","cox",50000,"get_eff","before_after","result/haz_direct","p_value",10,0,0,0,0.000132095761588528,0,0.000132095761588528
"windows","cox",50000,"get_eff","before_after","result/haz_unadj","p_value",10,0,0,0,2.31302279290319e-11,0,2.31302279290319e-11
"windows","cox",50000,"get_eff","before_after","result/sur_direct","p_value",10,0,0,0,0.000529419709812691,0,0.000529419709812691
"windows","cox",50000,"get_eff","before_after","result/sur_unadj","p_value",10,0,0,9.38239565736785e-198,3.77176536313787e-07,9.38239565736785e-198,3.77176536313787e-07
"windows","cox",50000,"get_eff","before_after","result/sur_direct","time",12,0,0,120,120,120,120
"windows","cox",50000,"get_eff","before_after","result/sur_unadj","time",12,0,0,120,120,120,120
"windows","cox",50000,"get_score","before_after","result/AUC/score","AUC",2,0,0,0.825515330536968,0.840593434496623,0.825515330536968,0.840593434496623
"windows","cox",50000,"get_score","before_after","result/Brier/score","Brier",2,0,0,0.073481889467121,0.104404111875719,0.073481889467121,0.104404111875719
"windows","cox",50000,"get_score","before_after","result/AUC/score","lower",2,0,0,0.821051299789041,0.836256981545874,0.821051299789041,0.836256981545874
"windows","cox",50000,"get_score","before_after","result/Brier/score","lower",2,0,0,0.0717019906251809,0.102093676489941,0.0717019906251809,0.102093676489941
"windows","cox",50000,"get_score","before_after","result/AUC/score","se",2,0,0,0.00221251665079275,0.00227760855971768,0.00221251665079275,0.00227760855971768
"windows","cox",50000,"get_score","before_after","result/Brier/score","se",2,0,0,0.000908128341122482,0.00117881522517835,0.000908128341122482,0.00117881522517835
"windows","cox",50000,"get_score","before_after","result/AUC/score","times",2,0,0,60,120,60,120
"windows","cox",50000,"get_score","before_after","result/Brier/score","times",2,0,0,60,120,60,120
"windows","cox",50000,"get_score","before_after","result/AUC/score","upper",2,0,0,0.829979361284895,0.844929887447372,0.829979361284895,0.844929887447372
"windows","cox",50000,"get_score","before_after","result/Brier/score","upper",2,0,0,0.0752617883090612,0.106714547261496,0.0752617883090612,0.106714547261496
"windows","cox",50000,"get_score","after_latest","result/AUC/score","AUC",2,0,0,0.825515330536968,0.840593434496623,0.825515330536968,0.840593434496623
"windows","cox",50000,"get_score","after_latest","result/Brier/score","Brier",2,0,0,0.073481889467121,0.104404111875719,0.073481889467121,0.104404111875719
"windows","cox",50000,"get_score","after_latest","result/AUC/score","lower",2,0,0,0.821051299789041,0.836256981545874,0.821051299789041,0.836256981545874
"windows","cox",50000,"get_score","after_latest","result/Brier/score","lower",2,0,0,0.0717019906251809,0.102093676489941,0.0717019906251809,0.102093676489941
"windows","cox",50000,"get_score","after_latest","result/AUC/score","se",2,0,0,0.00221251665079275,0.00227760855971768,0.00221251665079275,0.00227760855971768
"windows","cox",50000,"get_score","after_latest","result/Brier/score","se",2,0,0,0.000908128341122482,0.00117881522517835,0.000908128341122482,0.00117881522517835
"windows","cox",50000,"get_score","after_latest","result/AUC/score","times",2,0,0,60,120,60,120
"windows","cox",50000,"get_score","after_latest","result/Brier/score","times",2,0,0,60,120,60,120
"windows","cox",50000,"get_score","after_latest","result/AUC/score","upper",2,0,0,0.829979361284895,0.844929887447372,0.829979361284895,0.844929887447372
"windows","cox",50000,"get_score","after_latest","result/Brier/score","upper",2,0,0,0.0752617883090612,0.106714547261496,0.0752617883090612,0.106714547261496
"windows","cox",50000,"get_score_boot","before_after","result/AUC/score","AUC",2,0,0,0.823871833516171,0.839396582135972,0.823871833516171,0.839396582135972
"windows","cox",50000,"get_score_boot","before_after","result/Brier/score","Brier",2,0,0,0.0732948598575653,0.104520229133543,0.0732948598575653,0.104520229133543
"windows","cox",50000,"get_score_boot","before_after","result/AUC/score","lower",2,0,0,0.817915280799286,0.833768581956883,0.817915280799286,0.833768581956883
"windows","cox",50000,"get_score_boot","before_after","result/Brier/score","lower",2,0,0,0.0708907400451119,0.101634973216967,0.0708907400451119,0.101634973216967
"windows","cox",50000,"get_score_boot","before_after","result/AUC/score","se",2,0,0,0.0039334826574687,0.00398869136109217,0.0039334826574687,0.00398869136109217
"windows","cox",50000,"get_score_boot","before_after","result/Brier/score","se",2,0,0,0.00122237557469111,0.00195122208323554,0.00122237557469111,0.00195122208323554
"windows","cox",50000,"get_score_boot","before_after","result/AUC/score","times",2,0,0,60,120,60,120
"windows","cox",50000,"get_score_boot","before_after","result/Brier/score","times",2,0,0,60,120,60,120
"windows","cox",50000,"get_score_boot","before_after","result/AUC/score","upper",2,0,0,0.829993756737689,0.844262779584186,0.829993756737689,0.844262779584186
"windows","cox",50000,"get_score_boot","before_after","result/Brier/score","upper",2,0,0,0.0748642180709987,0.107443075994722,0.0748642180709987,0.107443075994722
"windows","cox",50000,"get_score_boot","after_latest","result/AUC/score","AUC",2,0,0,0.823871833516171,0.839396582135972,0.823871833516171,0.839396582135972
"windows","cox",50000,"get_score_boot","after_latest","result/Brier/score","Brier",2,0,0,0.0732948598575653,0.104520229133543,0.0732948598575653,0.104520229133543
"windows","cox",50000,"get_score_boot","after_latest","result/AUC/score","lower",2,0,0,0.817915280799286,0.833768581956883,0.817915280799286,0.833768581956883
"windows","cox",50000,"get_score_boot","after_latest","result/Brier/score","lower",2,0,0,0.0708907400451119,0.101634973216967,0.0708907400451119,0.101634973216967
"windows","cox",50000,"get_score_boot","after_latest","result/AUC/score","se",2,0,0,0.0039334826574687,0.00398869136109217,0.0039334826574687,0.00398869136109217
"windows","cox",50000,"get_score_boot","after_latest","result/Brier/score","se",2,0,0,0.00122237557469111,0.00195122208323554,0.00122237557469111,0.00195122208323554
"windows","cox",50000,"get_score_boot","after_latest","result/AUC/score","times",2,0,0,60,120,60,120
"windows","cox",50000,"get_score_boot","after_latest","result/Brier/score","times",2,0,0,60,120,60,120
"windows","cox",50000,"get_score_boot","after_latest","result/AUC/score","upper",2,0,0,0.829993756737689,0.844262779584186,0.829993756737689,0.844262779584186
"windows","cox",50000,"get_score_boot","after_latest","result/Brier/score","upper",2,0,0,0.0748642180709987,0.107443075994722,0.0748642180709987,0.107443075994722
"windows","cox",50000,"fit_hazard","before_after","fit","beta",12,0,0,0.0153484538798616,3.08814419400359,0.0153484538798616,3.08814419400359
"windows","cox",50000,"fit_hazard","before_after","fit","se",12,0,0,0.00137112917560867,0.115491734958211,0.00137112917560867,0.115491734958211
"windows","cox",50000,"get_eff_sub","before_after","result/haz_direct","conf.high",3,0,0,2.29671213129801,2.7002575273413,2.29671213129801,2.7002575273413
"windows","cox",50000,"get_eff_sub","before_after","result/haz_unadj","conf.high",3,0,0,2.33882148764863,2.70065092909694,2.33882148764863,2.70065092909694
"windows","cox",50000,"get_eff_sub","before_after","result/haz_direct","conf.low",3,0,0,2.03198563413132,2.30058769571726,2.03198563413132,2.30058769571726
"windows","cox",50000,"get_eff_sub","before_after","result/haz_unadj","conf.low",3,0,0,2.0693581128522,2.30094912243555,2.0693581128522,2.30094912243555
"windows","cox",50000,"get_eff_sub","before_after","result/haz_direct","estimate",3,0,0,2.16029767775941,2.4924243705014,2.16029767775941,2.4924243705014
"windows","cox",50000,"get_eff_sub","before_after","result/haz_unadj","estimate",3,0,0,2.19996800430796,2.4928017139978,2.19996800430796,2.4928017139978
"windows","cox",50000,"get_eff_sub","before_after","result/haz_direct","p.value_0.95",3,0,0,2.28047388148772e-242,1.23863670485128e-110,2.28047388148772e-242,1.23863670485128e-110
"windows","cox",50000,"get_eff_sub","before_after","result/haz_unadj","p.value_0.95",3,0,0,1.55570618635377e-267,1.10007839881322e-110,1.55570618635377e-267,1.10007839881322e-110
"windows","cox",50000,"get_eff_sub","before_after","result/haz_direct","p_value",3,0,0,2.28047388148772e-242,1.23863670485128e-110,2.28047388148772e-242,1.23863670485128e-110
"windows","cox",50000,"get_eff_sub","before_after","result/haz_unadj","p_value",3,0,0,1.55570618635377e-267,1.10007839881322e-110,1.55570618635377e-267,1.10007839881322e-110
"windows","cox",50000,"get_inter_abs","before_after","result/estimates","conf.high",18,0,0,-0.0426312605490476,1.53833978325316,-0.0426312605490476,1.53833978325316
"windows","cox",50000,"get_inter_abs","before_after","result/risks","conf.high",8,0,0,0.0819412043173382,0.303244185787996,0.0819412043173382,0.303244185787996
"windows","cox",50000,"get_inter_abs","before_after","result/estimates","conf.low",18,0,0,-0.357822476230704,1.20927252083308,-0.357822476230704,1.20927252083308
"windows","cox",50000,"get_inter_abs","before_after","result/risks","conf.low",8,0,0,0.0708899975331498,0.274090784300194,0.0708899975331498,0.274090784300194
"windows","cox",50000,"get_inter_abs","before_after","result/estimates","estimate",18,0,0,-0.200226868389876,1.3639178962065,-0.200226868389876,1.3639178962065
"windows","cox",50000,"get_inter_abs","before_after","result/risks","estimate",8,0,0,0.076415600925244,0.288667485044095,0.076415600925244,0.288667485044095
"windows","cox",50000,"get_inter_abs","before_after","result/estimates","p.value",18,0,0,1.7541489932399e-125,0.820442290799614,1.7541489932399e-125,0.820442290799614
"windows","cox",50000,"get_fit_stats_simple","after_latest","result/stats","estimate",6,0,0,0.0208515385977191,140758.699408897,0.0208515385977191,140758.699408897
"windows","cox",50000,"get_fit_stats_simple_boot","after_latest","result/boot","AIC",20,0,0,137103.528483623,144699.270571357,137103.528483623,144699.270571357
"windows","cox",50000,"get_fit_stats_simple_boot","after_latest","result/boot","BIC",20,0,0,137117.15417049,144706.12794419,137117.15417049,144706.12794419
"windows","cox",50000,"get_fit_stats_simple_boot","after_latest","result/boot","PVE",20,0,0,0.0200599795350287,0.0466230191386636,0.0200599795350287,0.0466230191386636
"windows","cox",50000,"get_fit_stats_simple_boot","after_latest","result/stats","SE",6,0,0,0.00111497247798487,2066.40588989368,0.00111497247798487,2066.40588989368
"windows","cox",50000,"get_fit_stats_simple_boot","after_latest","result/stats","estimate",6,0,0,0.0208515385977191,140758.699408897,0.0208515385977191,140758.699408897
"windows","cox",50000,"get_fit_stats_simple_boot","after_latest","result/stats","lower",6,0,0,0.0200811391650132,138325.262047876,0.0200811391650132,138325.262047876
"windows","cox",50000,"get_fit_stats_simple_boot","after_latest","result/boot","replicate",20,0,0,1,10,1,10
"windows","cox",50000,"get_fit_stats_simple_boot","after_latest","result/stats","upper",6,0,0,0.0233498623794685,144399.156259329,0.0233498623794685,144399.156259329
"windows","cox",100000,"get_facet","before_after","result/sur.data","ci_lower",290,0,0,0.48822012359039,1,0.48822012359039,1
"windows","cox",100000,"get_facet","before_after","result/sur.data","ci_upper",290,0,0,0.548924004653142,1,0.548924004653142,1
"windows","cox",100000,"get_facet","before_after","result/sur.data","se",290,0,0,0,0.0154859685028848,0,0.0154859685028848
"windows","cox",100000,"get_facet","before_after","result/sur.data","surv",290,0,0,0.518572064121766,1,0.518572064121766,1
"windows","cox",100000,"get_facet","before_after","result/sur.data","time",290,0,0,0,253,0,253
"windows","cox",100000,"get_facet","before_after","result/insert.data","x",3,0,0,0.5,0.5,0.5,0.5
"windows","cox",100000,"get_facet","before_after","result/insert.data","y",3,0,0,0.5,0.5,0.5,0.5
"windows","cox",100000,"get_facet","before_after","result/sur.data","yhat",290,0,0,0.518572064121766,1,0.518572064121766,1
"windows","cox",100000,"get_fit_stats","after_latest","result/stats","estimate",6,0,0,0.0432189451265075,296413.793619305,0.0432189451265075,296413.793619305
"windows","cox",100000,"get_eff_cat","before_after","result/haz_models","conf.high",20,0,0,1.72334878924545,48.1897042236842,1.72334878924545,48.1897042236842
"windows","cox",100000,"get_eff_cat","before_after","result/haz_models","conf.low",20,0,0,1.34631499060961,39.9802395621828,1.34631499060961,39.9802395621828
"windows","cox",100000,"get_eff_cat","before_after","result/haz_models","estimate",20,0,0,1.52598207484931,43.8934610083737,1.52598207484931,43.8934610083737
"windows","cox",100000,"get_eff_cat","before_after","result/haz_models","p.value_0.95",20,0,0,0,4.93458930968843e-09,0,4.93458930968843e-09
"windows","cox",100000,"get_eff_cat","before_after","result/haz_models","p_value",20,0,0,0,4.93458930968843e-09,0,4.93458930968843e-09
"windows","cox",100000,"get_fit_stats_boot","after_latest","result/boot","AIC",20,0,0,279398.165608497,299307.142065866,279398.165608497,299307.142065866
"windows","cox",100000,"get_fit_stats_boot","after_latest","result/boot","BIC",20,0,0,279488.216048139,299322.197325444,279488.216048139,299322.197325444
"windows","cox",100000,"get_fit_stats_boot","after_latest","result/boot","PVE",20,0,0,0.042264835238178,0.162058848259249,0.042264835238178,0.162058848259249
"windows","cox",100000,"get_fit_stats_boot","after_latest","result/stats","SE",6,0,0,0.000701571587462735,2010.92908087093,0.000701571587462735,2010.92908087093
"windows","cox",100000,"get_fit_stats_boot","after_latest","result/stats","estimate",6,0,0,0.0432189451265075,296413.793619305,0.0432189451265075,296413.793619305
"windows","cox",100000,"get_fit_stats_boot","after_latest","result/stats","lower",6,0,0,0.0423316397628002,292926.84773162,0.0423316397628002,292926.84773162
"windows","cox",100000,"get_fit_stats_boot","after_latest","result/boot","replicate",20,0,0,1,10,1,10
"windows","cox",100000,"get_fit_stats_boot","after_latest","result/stats","upper",6,0,0,0.0443180648374205,299021.096523702,0.0443180648374205,299021.096523702
"windows","cox",100000,"get_facet_diff","before_after","result/diff.data","conf.high",1078,0,0,-0.000938428842535892,0.27478227434484,-0.000938428842535892,0.27478227434484
"windows","cox",100000,"get_facet_diff","before_after","result/forest.data","conf.high",24,0,0,0.0135569483605479,0.177458046144493,0.0135569483605479,0.177458046144493
"windows","cox",100000,"get_facet_diff","before_after","result/diff.data","conf.high_Female",1023,0,0,0.689202936573217,1,0.689202936573217,1
"windows","cox",100000,"get_facet_diff","before_after","result/forest.data","conf.high_Female",24,0,0,0.842883885516517,0.991260659452245,0.842883885516517,0.991260659452245
"windows","cox",100000,"get_facet_diff","before_after","result/diff.data","conf.high_Male",937,0,0,0.548924004653142,1,0.548924004653142,1
"windows","cox",100000,"get_facet_diff","before_after","result/forest.data","conf.high_Male",24,0,0,0.717814707659159,0.979290210824653,0.717814707659159,0.979290210824653
"windows","cox",100000,"get_facet_diff","before_after","result/diff.data","conf.low",1078,0,0,-0.109431570793244,0.219710347912298,-0.109431570793244,0.219710347912298
"windows","cox",100000,"get_facet_diff","before_after","result/forest.data","conf.low",24,0,0,0.00818152508363023,0.154253006023416,0.00818152508363023,0.154253006023416
"windows","cox",100000,"get_facet_diff","before_after","result/diff.data","conf.low_Female",1023,0,0,0.532091104755016,1,0.532091104755016,1
"windows","cox",100000,"get_facet_diff","before_after","result/forest.data","conf.low_Female",24,0,0,0.82906440425546,0.988109017756559,0.82906440425546,0.988109017756559
"windows","cox",100000,"get_facet_diff","before_after","result/diff.data","conf.low_Male",937,0,0,0.48822012359039,1,0.48822012359039,1
"windows","cox",100000,"get_facet_diff","before_after","result/forest.data","conf.low_Male",24,0,0,0.69970704983519,0.974530401067862,0.69970704983519,0.974530401067862
"windows","cox",100000,"get_facet_diff","before_after","result/diff.data","estimate",1078,0,0,-0.00356471512099388,0.239830434155061,-0.00356471512099388,0.239830434155061
"windows","cox",100000,"get_facet_diff","before_after","result/forest.data","estimate",24,0,0,0.0108692367220891,0.165855526083955,0.0108692367220891,0.165855526083955
"windows","cox",100000,"get_facet_diff","before_after","result/diff.data","estimate_Female",1023,0,0,0.605573077276099,1,0.605573077276099,1
"windows","cox",100000,"get_facet_diff","before_after","result/forest.data","estimate_Female",24,0,0,0.835974144885989,0.989683584057085,0.835974144885989,0.989683584057085
"windows","cox",100000,"get_facet_diff","before_after","result/diff.data","estimate_Male",937,0,0,0.518572064121766,1,0.518572064121766,1
"windows","cox",100000,"get_facet_diff","before_after","result/forest.data","estimate_Male",24,0,0,0.708760878747174,0.976910305946257,0.708760878747174,0.976910305946257
"windows","cox",100000,"get_facet_diff","before_after","result/diff.data","p.value_0.95",1075,0,0,0,0.720695973017327,0,0.720695973017327
"windows","cox",100000,"get_facet_diff","before_after","result/forest.data","p.value_0.95",24,0,0,4.67982711546178e-307,2.87585839206014e-08,4.67982711546178e-307,2.87585839206014e-08
"windows","cox",100000,"get_facet_diff","before_after","result/diff.data","p_value",1075,0,0,0,0.720695973017327,0,0.720695973017327
"windows","cox",100000,"get_facet_diff","before_after","result/forest.data","p_value",24,0,0,4.67982711546178e-307,2.87585839206014e-08,4.67982711546178e-307,2.87585839206014e-08
"windows","cox",100000,"get_facet_diff","before_after","result/diff.data","time",1082,0,0,0,287,0,287
"windows","cox",100000,"get_facet_diff","before_after","result/forest.data","time",24,0,0,12,120,12,120
"windows","cox",100000,"get_eff","before_after","result/haz_direct","conf.high",11,0,0,1,25.6685495849638,1,25.6685495849638
"windows","cox",100000,"get_eff","before_after","result/haz_unadj","conf.high",11,0,0,1,48.1897042236842,1,48.1897042236842
"windows","cox",100000,"get_eff","before_after","result/sur_direct","conf.high",11,0,0,0,0.535905595570409,0,0.535905595570409
"windows","cox",100000,"get_eff","before_after","result/sur_unadj","conf.high",11,0,0,0,0.689704866708663,0,0.689704866708663
"windows","cox",100000,"get_eff","before_after","result/sur_direct","conf.high_sur",11,0,0,0.47152202745588,0.966954788657981,0.47152202745588,0.966954788657981
"windows","cox",100000,"get_eff","before_after","result/sur_unadj","conf.high_sur",11,0,0,0.365274868495207,0.975820639747941,0.365274868495207,0.975820639747941
"windows","cox",100000,"get_eff","before_after","result/haz_direct","conf.low",11,0,0,1,20.4305564745458,1,20.4305564745458
"windows","cox",100000,"get_eff","before_after","result/haz_unadj","conf.low",11,0,0,1,39.9802395621828,1,39.9802395621828
"windows","cox",100000,"get_eff","before_after","result/sur_direct","conf.low",11,0,0,0,0.492154103581409,0,0.492154103581409
"windows","cox",100000,"get_eff","before_after","result/sur_unadj","conf.low",11,0,0,0,0.569146147320013,0,0.569146147320013
"windows","cox",100000,"get_eff","before_after","result/sur_direct","conf.low_sur",11,0,0,0.428201573015767,0.960828510965484,0.428201573015767,0.960828510965484
"windows","cox",100000,"get_eff","before_after","result/sur_unadj","conf.low_sur",11,0,0,0.32382330685694,0.970886946639614,0.32382330685694,0.970886946639614
"windows","cox",100000,"get_eff","before_after","result/haz_direct","estimate",11,0,0,1,22.9002784244053,1,22.9002784244053
"windows","cox",100000,"get_eff","before_after","result/haz_unadj","estimate",11,0,0,1,43.8934610083737,1,43.8934610083737
"windows","cox",100000,"get_eff","before_after","result/sur_direct","estimate",11,0,0,0,0.514029849575909,0,0.514029849575909
"windows","cox",100000,"get_eff","before_after","result/sur_unadj","estimate",11,0,0,0,0.629425507014338,0,0.629425507014338
"windows","cox",100000,"get_eff","before_after","result/sur_direct","estimate_sur",11,0,0,0.449861800235824,0.963891649811733,0.449861800235824,0.963891649811733
"windows","cox",100000,"get_eff","before_after","result/sur_unadj","estimate_sur",11,0,0,0.343925160213457,0.973350667227794,0.343925160213457,0.973350667227794
"windows","cox",100000,"get_eff","before_after","result/haz_direct","p.value_0.95",10,0,0,0,4.93458930968843e-09,0,4.93458930968843e-09
"windows","cox",100000,"get_eff","before_after","result/haz_unadj","p.value_0.95",10,0,0,0,1.35218350831629e-22,0,1.35218350831629e-22
"windows","cox",100000,"get_eff","before_after","result/haz_direct","p_value",10,0,0,0,4.93458930968843e-09,0,4.93458930968843e-09
"windows","cox",100000,"get_eff","before_after","result/haz_unadj","p_value",10,0,0,0,1.35218350831629e-22,0,1.35218350831629e-22
"windows","cox",100000,"get_eff","before_after","result/sur_direct","p_value",10,0,0,0,1.47357681119702e-07,0,1.47357681119702e-07
"windows","cox",100000,"get_eff","before_after","result/sur_unadj","p_value",10,0,0,0,8.6766596771153e-14,0,8.6766596771153e-14
"windows","cox",100000,"get_eff","before_after","result/sur_direct","time",12,0,0,120,120,120,120
"windows","cox",100000,"get_eff","before_after","result/sur_unadj","time",12,0,0,120,120,120,120
"windows","cox",100000,"get_score","before_after","result/AUC/score","AUC",2,0,0,0.825624897514552,0.842793054773017,0.825624897514552,0.842793054773017
"windows","cox",100000,"get_score","before_after","result/Brier/score","Brier",2,0,0,0.0728830079628471,0.103750346008448,0.0728830079628471,0.103750346008448
"windows","cox",100000,"get_score","before_after","result/AUC/score","lower",2,0,0,0.825001626469488,0.84219360822737,0.825001626469488,0.84219360822737
"windows","cox",100000,"get_score","before_after","result/Brier/score","lower",2,0,0,0.0716289455951099,0.102121329703936,0.0716289455951099,0.102121329703936
"windows","cox",100000,"get_score","before_after","result/AUC/score","se",2,0,0,0.000305845694296247,0.000318001274503255,0.000305845694296247,0.000318001274503255
"windows","cox",100000,"get_score","before_after","result/Brier/score","se",2,0,0,0.000639839495842306,0.000831146040111685,0.000639839495842306,0.000831146040111685
"windows","cox",100000,"get_score","before_after","result/AUC/score","times",2,0,0,60,120,60,120
"windows","cox",100000,"get_score","before_after","result/Brier/score","times",2,0,0,60,120,60,120
"windows","cox",100000,"get_score","before_after","result/AUC/score","upper",2,0,0,0.826248168559617,0.843392501318665,0.826248168559617,0.843392501318665
"windows","cox",100000,"get_score","before_after","result/Brier/score","upper",2,0,0,0.0741370703305842,0.10537936231296,0.0741370703305842,0.10537936231296
"windows","cox",100000,"get_score","after_latest","result/AUC/score","AUC",2,0,0,0.825624897514552,0.842793054773017,0.825624897514552,0.842793054773017
"windows","cox",100000,"get_score","after_latest","result/Brier/score","Brier",2,0,0,0.0728830079628471,0.103750346008448,0.0728830079628471,0.103750346008448
"windows","cox",100000,"get_score","after_latest","result/AUC/score","lower",2,0,0,0.825001626469488,0.84219360822737,0.825001626469488,0.84219360822737
"windows","cox",100000,"get_score","after_latest","result/Brier/score","lower",2,0,0,0.0716289455951099,0.102121329703936,0.0716289455951099,0.102121329703936
"windows","cox",100000,"get_score","after_latest","result/AUC/score","se",2,0,0,0.000305845694296247,0.000318001274503255,0.000305845694296247,0.000318001274503255
"windows","cox",100000,"get_score","after_latest","result/Brier/score","se",2,0,0,0.000639839495842306,0.000831146040111685,0.000639839495842306,0.000831146040111685
"windows","cox",100000,"get_score","after_latest","result/AUC/score","times",2,0,0,60,120,60,120
"windows","cox",100000,"get_score","after_latest","result/Brier/score","times",2,0,0,60,120,60,120
"windows","cox",100000,"get_score","after_latest","result/AUC/score","upper",2,0,0,0.826248168559617,0.843392501318665,0.826248168559617,0.843392501318665
"windows","cox",100000,"get_score","after_latest","result/Brier/score","upper",2,0,0,0.0741370703305842,0.10537936231296,0.0741370703305842,0.10537936231296
"windows","cox",100000,"get_score_boot","before_after","result/AUC/score","AUC",2,0,0,0.825043514088764,0.842404356286943,0.825043514088764,0.842404356286943
"windows","cox",100000,"get_score_boot","before_after","result/Brier/score","Brier",2,0,0,0.0730411169645141,0.103927067794892,0.0730411169645141,0.103927067794892
"windows","cox",100000,"get_score_boot","before_after","result/AUC/score","lower",2,0,0,0.821719429875345,0.839488783677472,0.821719429875345,0.839488783677472
"windows","cox",100000,"get_score_boot","before_after","result/Brier/score","lower",2,0,0,0.0717003350688134,0.102821707265212,0.0717003350688134,0.102821707265212
"windows","cox",100000,"get_score_boot","before_after","result/AUC/score","se",2,0,0,0.0019656649343335,0.00212818980481011,0.0019656649343335,0.00212818980481011
"windows","cox",100000,"get_score_boot","before_after","result/Brier/score","se",2,0,0,0.000703639873528585,0.000754613785705159,0.000703639873528585,0.000754613785705159
"windows","cox",100000,"get_score_boot","before_after","result/AUC/score","times",2,0,0,60,120,60,120
"windows","cox",100000,"get_score_boot","before_after","result/Brier/score","times",2,0,0,60,120,60,120
"windows","cox",100000,"get_score_boot","before_after","result/AUC/score","upper",2,0,0,0.827653259509465,0.845595938482155,0.827653259509465,0.845595938482155
"windows","cox",100000,"get_score_boot","before_after","result/Brier/score","upper",2,0,0,0.0739275884406987,0.104556209404543,0.0739275884406987,0.104556209404543
"windows","cox",100000,"get_score_boot","after_latest","result/AUC/score","AUC",2,0,0,0.825043514088764,0.842404356286943,0.825043514088764,0.842404356286943
"windows","cox",100000,"get_score_boot","after_latest","result/Brier/score","Brier",2,0,0,0.0730411169645141,0.103927067794892,0.0730411169645141,0.103927067794892
"windows","cox",100000,"get_score_boot","after_latest","result/AUC/score","lower",2,0,0,0.821719429875345,0.839488783677472,0.821719429875345,0.839488783677472
"windows","cox",100000,"get_score_boot","after_latest","result/Brier/score","lower",2,0,0,0.0717003350688134,0.102821707265212,0.0717003350688134,0.102821707265212
"windows","cox",100000,"get_score_boot","after_latest","result/AUC/score","se",2,0,0,0.0019656649343335,0.00212818980481011,0.0019656649343335,0.00212818980481011
"windows","cox",100000,"get_score_boot","after_latest","result/Brier/score","se",2,0,0,0.000703639873528585,0.000754613785705159,0.000703639873528585,0.000754613785705159
"windows","cox",100000,"get_score_boot","after_latest","result/AUC/score","times",2,0,0,60,120,60,120
"windows","cox",100000,"get_score_boot","after_latest","result/Brier/score","times",2,0,0,60,120,60,120
"windows","cox",100000,"get_score_boot","after_latest","result/AUC/score","upper",2,0,0,0.827653259509465,0.845595938482155,0.827653259509465,0.845595938482155
"windows","cox",100000,"get_score_boot","after_latest","result/Brier/score","upper",2,0,0,0.0739275884406987,0.104556209404543,0.0739275884406987,0.104556209404543
"windows","cox",100000,"fit_hazard","before_after","fit","beta",12,0,0,0.0144948699755066,3.13114906875828,0.0144948699755066,3.13114906875828
"windows","cox",100000,"fit_hazard","before_after","fit","se",12,0,0,0.000966189568050437,0.0812990010515937,0.000966189568050437,0.0812990010515937
"windows","cox",100000,"get_eff_sub","before_after","result/haz_direct","conf.high",3,0,0,2.28765523964776,2.66006047149617,2.28765523964776,2.66006047149617
"windows","cox",100000,"get_eff_sub","before_after","result/haz_unadj","conf.high",3,0,0,2.32508851651739,2.65833146807484,2.32508851651739,2.65833146807484
"windows","cox",100000,"get_eff_sub","before_after","result/haz_direct","conf.low",3,0,0,2.09676673012623,2.37513558484862,2.09676673012623,2.37513558484862
"windows","cox",100000,"get_eff_sub","before_after","result/haz_unadj","conf.low",3,0,0,2.13115017031537,2.37360531388809,2.13115017031537,2.37360531388809
"windows","cox",100000,"get_eff_sub","before_after","result/haz_direct","estimate",3,0,0,2.19013227830932,2.51356405999524,2.19013227830932,2.51356405999524
"windows","cox",100000,"get_eff_sub","before_after","result/haz_unadj","estimate",3,0,0,2.22600826323137,2.51193743924851,2.22600826323137,2.51193743924851
"windows","cox",100000,"get_eff_sub","before_after","result/haz_direct","p.value_0.95",3,0,0,0,3.62494814357742e-223,0,3.62494814357742e-223
"windows","cox",100000,"get_eff_sub","before_after","result/haz_unadj","p.value_0.95",3,0,0,0,7.03852012791527e-223,0,7.03852012791527e-223
"windows","cox",100000,"get_eff_sub","before_after","result/haz_direct","p_value",3,0,0,0,3.62494814357742e-223,0,3.62494814357742e-223
"windows","cox",100000,"get_eff_sub","before_after","result/haz_unadj","p_value",3,0,0,0,7.03852012791527e-223,0,7.03852012791527e-223
"windows","cox",100000,"get_inter_abs","before_after","result/estimates","conf.high",18,0,0,-0.103748877582392,1.46696313882804,-0.103748877582392,1.46696313882804
"windows","cox",100000,"get_inter_abs","before_after","result/risks","conf.high",8,0,0,0.0796802679274344,0.294843601313964,0.0796802679274344,0.294843601313964
"windows","cox",100000,"get_inter_abs","before_after","result/estimates","conf.low",18,0,0,-0.326758945779563,1.23734522317628,-0.326758945779563,1.23734522317628
"windows","cox",100000,"get_inter_abs","before_after","result/risks","conf.low",8,0,0,0.0719314999120635,0.274491407245222,0.0719314999120635,0.274491407245222
"windows","cox",100000,"get_inter_abs","before_after","result/estimates","estimate",18,0,0,-0.215253911680978,1.34727125420405,-0.215253911680978,1.34727125420405
"windows","cox",100000,"get_inter_abs","before_after","result/risks","estimate",8,0,0,0.075805883919749,0.284667504279593,0.075805883919749,0.284667504279593
"windows","cox",100000,"get_inter_abs","before_after","result/estimates","p.value",18,0,0,2.70212760991646e-254,0.843047634165483,2.70212760991646e-254,0.843047634165483
"windows","cox",100000,"get_fit_stats_simple","after_latest","result/stats","estimate",6,0,0,0.0206475771011044,298735.973499962,0.0206475771011044,298735.973499962
"windows","cox",100000,"get_fit_stats_simple_boot","after_latest","result/boot","AIC",20,0,0,292509.78995886,301666.409888061,292509.78995886,301666.409888061
"windows","cox",100000,"get_fit_stats_simple_boot","after_latest","result/boot","BIC",20,0,0,292524.798365467,301673.93751785,292524.798365467,301673.93751785
"windows","cox",100000,"get_fit_stats_simple_boot","after_latest","result/boot","PVE",20,0,0,0.0198429604086298,0.0443711421883562,0.0198429604086298,0.0443711421883562
"windows","cox",100000,"get_fit_stats_simple_boot","after_latest","result/stats","SE",6,0,0,0.000701571587462735,1977.49813176169,0.000701571587462735,1977.49813176169
"windows","cox",100000,"get_fit_stats_simple_boot","after_latest","result/stats","estimate",6,0,0,0.0206475771011044,298735.973499962,0.0206475771011044,298735.973499962
"windows","cox",100000,"get_fit_stats_simple_boot","after_latest","result/stats","lower",6,0,0,0.0199058778201286,295244.273226713,0.0199058778201286,295244.273226713
"windows","cox",100000,"get_fit_stats_simple_boot","after_latest","result/boot","replicate",20,0,0,1,10,1,10
"windows","cox",100000,"get_fit_stats_simple_boot","after_latest","result/stats","upper",6,0,0,0.0223508274584437,301360.054418432,0.0223508274584437,301360.054418432
"linux","crr",5000,"get_facet","before_after","result/sur.data","ci_lower",294,0.0115571089319906,0.704453965571791,0,0.284953128377383,0,0.278541652261102
"linux","crr",5000,"get_facet","before_after","result/sur.data","ci_upper",294,0.0205710697328714,0.298367660058057,0,0.380495059421215,0,0.382902132888385
"linux","crr",5000,"get_facet","before_after","result/sur.data","cif",294,0.00119112311217412,0.0069234348758594,0,0.329530769462569,0,0.330721892574744
"linux","crr",5000,"get_facet","before_after","result/sur.data","se",294,0.00501232680175396,0.311395079190582,0,0.0306035573156451,0,0.026623060793582
"linux","crr",5000,"get_facet","before_after","result/sur.data","time",294,0,0,0,261,0,261
"linux","crr",5000,"get_facet","before_after","result/insert.data","x",3,0,0,0.5,0.5,0.5,0.5
"linux","crr",5000,"get_facet","before_after","result/insert.data","y",3,0,0,0.5,0.5,0.5,0.5
"linux","crr",5000,"get_facet","before_after","result/sur.data","yhat",294,0.00119112311217412,0.0069234348758594,0,0.329530769462569,0,0.330721892574744
"linux","crr",5000,"get_eff_cat","before_after","result/haz_models","conf.high",20,0.354542751700876,0.00692641443150635,3.09535192081247,51.1870543131463,3.09242231451342,51.5415970648472
"linux","crr",5000,"get_eff_cat","before_after","result/haz_models","conf.low",20,0.110618088334419,0.00523291582180506,0.850377001613412,21.138900777552,0.849400217479198,21.2495188658865
"linux","crr",5000,"get_eff_cat","before_after","result/haz_models","estimate",20,0.199974892995925,0.00607930880074178,1.64490941043367,32.8943469644978,1.64353258731643,33.0943218574937
"linux","crr",5000,"get_eff_cat","before_after","result/haz_models","p.value_0.95",20,0.000540774070124456,0.0624645357435586,0,0.14,4.64297474676167e-54,0.140132416024305
"linux","crr",5000,"get_eff_cat","before_after","result/haz_models","p_value",20,0.000540774070124456,0.0624645357435586,0,0.14,4.64297474676167e-54,0.140132416024305
"linux","crr",5000,"curve_direct","before_after","result","ci_lower",539,0.0457499152139506,0.440472597194518,0,0.476794689007614,0,0.465066999685339
"linux","crr",5000,"curve_direct","before_after","result","ci_upper",539,0.0277532118837147,0.128384694672179,0,0.652439562220307,0,0.653853978270923
"linux","crr",5000,"curve_direct","before_after","result","probability",539,0.00164162003957613,0.00907737433581495,0,0.539439088989464,0,0.54106799438492
"linux","crr",5000,"curve_direct","before_after","result","se",539,0.00663612949277613,0.307790219170874,0,0.0676815993852117,0,0.0743177288779878
"linux","crr",5000,"curve_direct","before_after","result","time",539,0,0,0,261,0,261
"linux","crr",5000,"get_facet_diff","before_after","result/diff.data","conf.high",614,0.00442576231858317,1.94826764800688,-0.162605322693053,0.031479202939863,-0.162605322693053,0.031479202939863
"linux","crr",5000,"get_facet_diff","before_after","result/forest.data","conf.high",24,0.00294205497238919,1.94826764800688,-0.11753974852484,0.0258049376839883,-0.11753974852484,0.0258049376839883
"linux","crr",5000,"get_facet_diff","before_after","result/diff.data","conf.high_Female",502,0.00657955233040716,0.130353027789953,0,0.257102436402101,0,0.257102436402101
"linux","crr",5000,"get_facet_diff","before_after","result/forest.data","conf.high_Female",24,0.00327447264371152,0.0474511746568047,0.0193991377368509,0.185807469935779,0.0195432170970083,0.185065580762871
"linux","crr",5000,"get_facet_diff","before_after","result/diff.data","conf.high_Male",559,0.0194510214230906,0.150288964940669,0,0.402353154311475,0,0.392981478271019
"linux","crr",5000,"get_facet_diff","before_after","result/forest.data","conf.high_Male",24,0.00977468000244008,0.09068758170984,0.0338515334155898,0.298161264872089,0.0369214471182195,0.298161264872089
"linux","crr",5000,"get_facet_diff","before_after","result/diff.data","conf.low",614,0.00502076392965051,0.101852744811479,-0.266719071166659,0.000602556250849113,-0.266719071166659,0.000602556250849113
"linux","crr",5000,"get_facet_diff","before_after","result/forest.data","conf.low",24,0.00344065711207592,0.0571587132142928,-0.197005582256749,-0.0203577166478463,-0.197005582256749,-0.0203577166478463
"linux","crr",5000,"get_facet_diff","before_after","result/diff.data","conf.low_Female",502,0.0103621479384498,0.533289999675182,-0.00112672297321713,0.172849557921932,-0.00112672297321713,0.166346989972958
"linux","crr",5000,"get_facet_diff","before_after","result/forest.data","conf.low_Female",24,0.00829602826979303,0.143918177375866,0.00463602734621435,0.136455513527436,0.00463602734621435,0.128159485257643
"linux","crr",5000,"get_facet_diff","before_after","result/diff.data","conf.low_Male",559,0.0175961900646903,0.573955535362607,-0.00188969288295286,0.292701008229839,-0.00188969288295286,0.28930844622426
"linux","crr",5000,"get_facet_diff","before_after","result/forest.data","conf.low_Male",24,0.0124501279410804,0.120869498101039,0.0137854050408985,0.233165989774805,0.0137854050408985,0.226944350514736
"linux","crr",5000,"get_facet_diff","before_after","result/diff.data","estimate",614,0.000553536676435568,0.00809753151609673,-0.214662196929856,0.011077308770299,-0.214662196929856,0.011077308770299
"linux","crr",5000,"get_facet_diff","before_after","result/forest.data","estimate",24,0.000506574382120456,0.00475899214492835,-0.157272665390795,0.002723610518071,-0.157272665390795,0.002723610518071
"linux","crr",5000,"get_facet_diff","before_after","result/diff.data","estimate_Female",502,0.000674923803472505,0.00604765725283106,0,0.205811127864627,0,0.2064860516681
"linux","crr",5000,"get_facet_diff","before_after","result/forest.data","estimate_Female",24,0.000297699807241814,0.00284160545309431,0.0120896222216113,0.156314833203015,0.0120896222216113,0.156612533010257
"linux","crr",5000,"get_facet_diff","before_after","result/diff.data","estimate_Male",559,0.00119112311217412,0.0069234348758594,0,0.34114496224764,0,0.34114496224764
"linux","crr",5000,"get_facet_diff","before_after","result/forest.data","estimate_Male",24,0.000638096452120651,0.00364596392584015,0.0257309802885514,0.261948647747889,0.0257780270691298,0.261948647747889
"linux","crr",5000,"get_facet_diff","before_after","result/diff.data","p.value_0.95",608,0.0700734500407066,47.4250534794478,1.88895949951308e-18,0.977090623485781,1.88895949951308e-18,0.977090623485781
"linux","crr",5000,"get_facet_diff","before_after","result/forest.data","p.value_0.95",24,0.0208183899746337,47.4250534794478,7.10490397773762e-15,0.817099666852824,8.62656149324278e-15,0.817099666852824
"linux","crr",5000,"get_facet_diff","before_after","result/diff.data","p_value",608,0.0700734500407066,47.4250534794478,1.88895949951308e-18,0.977090623485781,1.88895949951308e-18,0.977090623485781
"linux","crr",5000,"get_facet_diff","before_after","result/forest.data","p_value",24,0.0208183899746337,47.4250534794478,7.10490397773762e-15,0.817099666852824,8.62656149324278e-15,0.817099666852824
"linux","crr",5000,"get_facet_diff","before_after","result/diff.data","time",617,0,0,0,287,0,287
"linux","crr",5000,"get_facet_diff","before_after","result/forest.data","time",24,0,0,12,120,12,120
"linux","crr",5000,"get_cat","before_after","curve/direct","ci_lower",539,0.0457499152139506,0.440472597194518,0,0.476794689007614,0,0.465066999685339
"linux","crr",5000,"get_cat","before_after","curve/unadj","ci_lower",335,0,0,-0.0193182690186449,0.466494712926122,-0.0193182690186449,0.466494712926122
"linux","crr",5000,"get_cat","before_after","curve/direct","ci_upper",539,0.0277532118837147,0.128384694672179,0,0.652439562220307,0,0.653853978270923
"linux","crr",5000,"get_cat","before_after","curve/unadj","ci_upper",335,0,0,0,0.616026139992034,0,0.616026139992034
"linux","crr",5000,"get_cat","before_after","UM/haz_direct","conf.high",11,0.143260587784013,0.00471458850470586,1,30.386657847449,1,30.529918435233
"linux","crr",5000,"get_cat","before_after","UM/haz_unadj","conf.high",11,0.354542751700876,0.00692641443150635,1,51.1870543131463,1,51.5415970648472
"linux","crr",5000,"get_cat","before_after","UM/sur_direct","conf.high",11,0.0181107222307518,0.24302323238817,-0.335707082175714,0.012485469809228,-0.334501824025419,0.00945121057830447
"linux","crr",5000,"get_cat","before_after","UM/sur_unadj","conf.high",11,0,0,-0.435050043566735,0,-0.435050043566735,0
"linux","crr",5000,"get_cat","before_after","UM/sur_direct","conf.high_sur",11,0.0184163941973776,0.077331320543692,0.045257493217351,0.554791345793489,0.0445137713936863,0.539602641642344
"linux","crr",5000,"get_cat","before_after","UM/sur_unadj","conf.high_sur",11,0,0,0.0330752176918555,0.616026139992034,0.0330752176918555,0.616026139992034
"linux","crr",5000,"get_cat","before_after","UM/haz_direct","conf.low",11,0.0338066803565678,0.00317422118468793,0.850377001613412,10.9856602152096,0.849400217479198,11.0058025983723
"linux","crr",5000,"get_cat","before_after","UM/haz_unadj","conf.low",11,0.110618088334419,0.00523291582180506,1,21.138900777552,1,21.2495188658865
"linux","crr",5000,"get_cat","before_after","UM/sur_direct","conf.low",11,0.0160363329066618,0.05843007421232,-0.524272178163758,0,-0.508235845257097,0
"linux","crr",5000,"get_cat","before_after","UM/sur_unadj","conf.low",11,0,0,-0.593662115283705,0,-0.593662115283705,0
"linux","crr",5000,"get_cat","before_after","UM/sur_direct","conf.low_sur",11,0.0147840276151853,0.167201333350216,0.0204336627126546,0.355681680804371,0.0196483523133645,0.368358318553437
"linux","crr",5000,"get_cat","before_after","UM/sur_unadj","conf.low_sur",11,0,0,0.0129365146096371,0.458697751159898,0.0129365146096371,0.458697751159898
"linux","crr",5000,"get_cat","before_after","UM/haz_direct","estimate",11,0.0709533807622478,0.00394410941849883,1,17.9897090150337,1,18.0606623957959
"linux","crr",5000,"get_cat","before_after","UM/haz_unadj","estimate",11,0.199974892995925,0.00607930880074178,1,32.8943469644978,1,33.0943218574937
"linux","crr",5000,"get_cat","before_after","UM/sur_direct","estimate",11,0.00151499984095682,0.00376923789484713,-0.401937973463537,0,-0.403452973304494,0
"linux","crr",5000,"get_cat","before_after","UM/sur_unadj","estimate",11,0,0,-0.51435607942522,0,-0.51435607942522,0
"linux","crr",5000,"get_cat","before_after","UM/sur_direct","estimate_sur",11,0.00155272322086181,0.00357785733660036,0.0320433384736204,0.433981311937157,0.0320810618535254,0.435534035158019
"linux","crr",5000,"get_cat","before_after","UM/sur_unadj","estimate_sur",11,0,0,0.0230058661507463,0.537361945575966,0.0230058661507463,0.537361945575966
"linux","crr",5000,"get_cat","before_after","UM/haz_direct","p.value_0.95",10,0.000540774070124456,0.0624645357435586,0,0.14,1.11699468523163e-39,0.140132416024305
"linux","crr",5000,"get_cat","before_after","UM/haz_unadj","p.value_0.95",10,0.00024227993111035,0.0121139965555175,0,0.02,4.64297474676167e-54,0.0202422799311104
"linux","crr",5000,"get_cat","before_after","UM/haz_direct","p_value",10,0.000540774070124456,0.0624645357435586,0,0.14,1.11699468523163e-39,0.140132416024305
"linux","crr",5000,"get_cat","before_after","UM/haz_unadj","p_value",10,0.00024227993111035,0.0121139965555175,0,0.02,4.64297474676167e-54,0.0202422799311104
"linux","crr",5000,"get_cat","before_after","UM/sur_direct","p_value",10,0.0441117636862395,2.66932269203338,4.03502973998119e-69,0.227013927883451,9.40185758282624e-63,0.182902164197212
"linux","crr",5000,"get_cat","before_after","UM/sur_unadj","p_value",10,0,0,6.70724330087553e-73,0.0242244138201418,6.70724330087553e-73,0.0242244138201418
"linux","crr",5000,"get_cat","before_after","curve/direct","probability",539,0.00164162003957613,0.00907737433581495,0,0.539439088989464,0,0.54106799438492
"linux","crr",5000,"get_cat","before_after","curve/unadj","probability",335,0,0,0,0.537361945575966,0,0.537361945575966
"linux","crr",5000,"get_cat","before_after","curve/direct","se",539,0.00663612949277613,0.307790219170874,0,0.0676815993852117,0,0.0743177288779878
"linux","crr",5000,"get_cat","before_after","curve/unadj","se",335,0,0,0,0.102001728139151,0,0.102001728139151
"linux","crr",5000,"get_cat","before_after","UM/sur_direct","time",12,0,0,120,120,120,120
"linux","crr",5000,"get_cat","before_after","UM/sur_unadj","time",12,0,0,120,120,120,120
"linux","crr",5000,"get_cat","before_after","curve/direct","time",539,0,0,0,261,0,261
"linux","crr",5000,"get_cat","before_after","curve/unadj","time",335,0,0,0,287,0,287
"linux","crr",5000,"get_eff","before_after","result/haz_direct","conf.high",11,0.143260587784013,0.00471458850470586,1,30.386657847449,1,30.529918435233
"linux","crr",5000,"get_eff","before_after","result/haz_unadj","conf.high",11,0.354542751700876,0.00692641443150635,1,51.1870543131463,1,51.5415970648472
"linux","crr",5000,"get_eff","before_after","result/sur_direct","conf.high",11,0.00804225124316162,0.704354769953782,-0.338365526804329,0.00554533055260599,-0.334501824025419,0.00945121057830447
"linux","crr",5000,"get_eff","before_after","result/sur_unadj","conf.high",11,0,0,-0.435050043566735,0,-0.435050043566735,0
"linux","crr",5000,"get_eff","before_after","result/sur_direct","conf.high_sur",11,0.0277532118837147,0.0893829088745723,0.0465138526745741,0.561111998123412,0.0445137713936863,0.539602641642344
"linux","crr",5000,"get_eff","before_after","result/sur_unadj","conf.high_sur",11,0,0,0.0330752176918555,0.616026139992034,0.0330752176918555,0.616026139992034
"linux","crr",5000,"get_eff","before_after","result/haz_direct","conf.low",11,0.0338066803565678,0.00317422118468793,0.850377001613412,10.9856602152096,0.849400217479198,11.0058025983723
"linux","crr",5000,"get_eff","before_after","result/haz_unadj","conf.low",11,0.110618088334419,0.00523291582180506,1,21.138900777552,1,21.2495188658865
"linux","crr",5000,"get_eff","before_after","result/sur_direct","conf.low",11,0.00827632539708317,0.0846608648996388,-0.503883575222934,0,-0.508235845257097,0
"linux","crr",5000,"get_eff","before_after","result/sur_unadj","conf.low",11,0,0,-0.593662115283705,0,-0.593662115283705,0
"linux","crr",5000,"get_eff","before_after","result/sur_direct","conf.low_sur",11,0.0355616932496178,0.282610056599298,0.0246761366524639,0.375140391224368,0.0196483523133645,0.368358318553437
"linux","crr",5000,"get_eff","before_after","result/sur_unadj","conf.low_sur",11,0,0,0.0129365146096371,0.458697751159898,0.0129365146096371,0.458697751159898
"linux","crr",5000,"get_eff","before_after","result/haz_direct","estimate",11,0.0709533807622478,0.00394410941849883,1,17.9897090150337,1,18.0606623957959
"linux","crr",5000,"get_eff","before_after","result/haz_unadj","estimate",11,0.199974892995925,0.00607930880074178,1,32.8943469644978,1,33.0943218574937
"linux","crr",5000,"get_eff","before_after","result/sur_direct","estimate",11,0.00151499984095682,0.00376923789484713,-0.401937973463537,0,-0.403452973304494,0
"linux","crr",5000,"get_eff","before_after","result/sur_unadj","estimate",11,0,0,-0.51435607942522,0,-0.51435607942522,0
"linux","crr",5000,"get_eff","before_after","result/sur_direct","estimate_sur",11,0.00155272322086181,0.00357785733660036,0.0320433384736204,0.433981311937157,0.0320810618535254,0.435534035158019
"linux","crr",5000,"get_eff","before_after","result/sur_unadj","estimate_sur",11,0,0,0.0230058661507463,0.537361945575966,0.0230058661507463,0.537361945575966
"linux","crr",5000,"get_eff","before_after","result/haz_direct","p.value_0.95",10,0.000540774070124456,0.0624645357435586,0,0.14,1.11699468523163e-39,0.140132416024305
"linux","crr",5000,"get_eff","before_after","result/haz_unadj","p.value_0.95",10,0.00024227993111035,0.0121139965555175,0,0.02,4.64297474676167e-54,0.0202422799311104
"linux","crr",5000,"get_eff","before_after","result/haz_direct","p_value",10,0.000540774070124456,0.0624645357435586,0,0.14,1.11699468523163e-39,0.140132416024305
"linux","crr",5000,"get_eff","before_after","result/haz_unadj","p_value",10,0.00024227993111035,0.0121139965555175,0,0.02,4.64297474676167e-54,0.0202422799311104
"linux","crr",5000,"get_eff","before_after","result/sur_direct","p_value",10,0.058244787423765,3.46969492723676,1.76014664688718e-78,0.124657376773447,9.40185758282624e-63,0.182902164197212
"linux","crr",5000,"get_eff","before_after","result/sur_unadj","p_value",10,0,0,6.70724330087553e-73,0.0242244138201418,6.70724330087553e-73,0.0242244138201418
"linux","crr",5000,"get_eff","before_after","result/sur_direct","time",12,0,0,120,120,120,120
"linux","crr",5000,"get_eff","before_after","result/sur_unadj","time",12,0,0,120,120,120,120
"linux","crr",5000,"get_score","before_after","result/AUC/score","AUC",2,0,0,0.802756938638742,0.82464756638609,0.802756938638742,0.82464756638609
"linux","crr",5000,"get_score","before_after","result/Brier/score","Brier",2,0,0,0.0745349908435447,0.108557299872487,0.0745349908435447,0.108557299872487
"linux","crr",5000,"get_score","before_after","result/AUC/score","lower",2,0,0,0.783403641664323,0.805212501353884,0.783403641664323,0.805212501353884
"linux","crr",5000,"get_score","before_after","result/Brier/score","lower",2,0,0,0.0689587389909601,0.101777892832987,0.0689587389909601,0.101777892832987
"linux","crr",5000,"get_score","before_after","result/AUC/score","se",2,0,0,0.00987431255220776,0.00991603171563739,0.00987431255220776,0.00991603171563739
"linux","crr",5000,"get_score","before_after","result/Brier/score","se",2,0,0,0.00284507873438974,0.00345894470152241,0.00284507873438974,0.00345894470152241
"linux","crr",5000,"get_score","before_after","result/AUC/score","times",2,0,0,60,120,60,120
"linux","crr",5000,"get_score","before_after","result/Brier/score","times",2,0,0,60,120,60,120
"linux","crr",5000,"get_score","before_after","result/AUC/score","upper",2,0,0,0.822110235613161,0.844082631418296,0.822110235613161,0.844082631418296
"linux","crr",5000,"get_score","before_after","result/Brier/score","upper",2,0,0,0.0801112426961294,0.115336706911987,0.0801112426961294,0.115336706911987
"linux","crr",5000,"get_score","after_latest","result/AUC/score","AUC",2,0,0,0.802756938638742,0.82464756638609,0.802756938638742,0.82464756638609
"linux","crr",5000,"get_score","after_latest","result/Brier/score","Brier",2,0,0,0.0745349908435447,0.108557299872487,0.0745349908435447,0.108557299872487
"linux","crr",5000,"get_score","after_latest","result/AUC/score","lower",2,0,0,0.783403641664323,0.805212501353884,0.783403641664323,0.805212501353884
"linux","crr",5000,"get_score","after_latest","result/Brier/score","lower",2,0,0,0.0689587389909601,0.101777892832987,0.0689587389909601,0.101777892832987
"linux","crr",5000,"get_score","after_latest","result/AUC/score","se",2,0,0,0.00987431255220776,0.00991603171563739,0.00987431255220776,0.00991603171563739
"linux","crr",5000,"get_score","after_latest","result/Brier/score","se",2,0,0,0.00284507873438974,0.00345894470152241,0.00284507873438974,0.00345894470152241
"linux","crr",5000,"get_score","after_latest","result/AUC/score","times",2,0,0,60,120,60,120
"linux","crr",5000,"get_score","after_latest","result/Brier/score","times",2,0,0,60,120,60,120
"linux","crr",5000,"get_score","after_latest","result/AUC/score","upper",2,0,0,0.822110235613161,0.844082631418296,0.822110235613161,0.844082631418296
"linux","crr",5000,"get_score","after_latest","result/Brier/score","upper",2,0,0,0.0801112426961294,0.115336706911987,0.0801112426961294,0.115336706911987
"linux","crr",5000,"get_score_boot","before_after","result/AUC/score","AUC",2,0,0,0.801989202179875,0.823237520337031,0.801989202179875,0.823237520337031
"linux","crr",5000,"get_score_boot","before_after","result/Brier/score","Brier",2,0,0,0.0725833144876654,0.109222209590123,0.0725833144876654,0.109222209590123
"linux","crr",5000,"get_score_boot","before_after","result/AUC/score","lower",2,0,0,0.777723713697638,0.804879114064728,0.777723713697638,0.804879114064728
"linux","crr",5000,"get_score_boot","before_after","result/Brier/score","lower",2,0,0,0.0684282096862882,0.103462589586083,0.0684282096862882,0.103462589586083
"linux","crr",5000,"get_score_boot","before_after","result/AUC/score","se",2,0,0,0.014260253625464,0.0158156287177759,0.014260253625464,0.0158156287177759
"linux","crr",5000,"get_score_boot","before_after","result/Brier/score","se",2,0,0,0.00286777902436556,0.00392470124657602,0.00286777902436556,0.00392470124657602
"linux","crr",5000,"get_score_boot","before_after","result/AUC/score","times",2,0,0,60,120,60,120
"linux","crr",5000,"get_score_boot","before_after","result/Brier/score","times",2,0,0,60,120,60,120
"linux","crr",5000,"get_score_boot","before_after","result/AUC/score","upper",2,0,0,0.82118876574846,0.852748938533779,0.82118876574846,0.852748938533779
"linux","crr",5000,"get_score_boot","before_after","result/Brier/score","upper",2,0,0,0.076198838325251,0.114526921852128,0.076198838325251,0.114526921852128
"linux","crr",5000,"get_score_boot","after_latest","result/AUC/score","AUC",2,0,0,0.801989202179875,0.823237520337031,0.801989202179875,0.823237520337031
"linux","crr",5000,"get_score_boot","after_latest","result/Brier/score","Brier",2,0,0,0.0725833144876654,0.109222209590123,0.0725833144876654,0.109222209590123
"linux","crr",5000,"get_score_boot","after_latest","result/AUC/score","lower",2,0,0,0.777723713697638,0.804879114064728,0.777723713697638,0.804879114064728
"linux","crr",5000,"get_score_boot","after_latest","result/Brier/score","lower",2,0,0,0.0684282096862882,0.103462589586083,0.0684282096862882,0.103462589586083
"linux","crr",5000,"get_score_boot","after_latest","result/AUC/score","se",2,0,0,0.014260253625464,0.0158156287177759,0.014260253625464,0.0158156287177759
"linux","crr",5000,"get_score_boot","after_latest","result/Brier/score","se",2,0,0,0.00286777902436556,0.00392470124657602,0.00286777902436556,0.00392470124657602
"linux","crr",5000,"get_score_boot","after_latest","result/AUC/score","times",2,0,0,60,120,60,120
"linux","crr",5000,"get_score_boot","after_latest","result/Brier/score","times",2,0,0,60,120,60,120
"linux","crr",5000,"get_score_boot","after_latest","result/AUC/score","upper",2,0,0,0.82118876574846,0.852748938533779,0.82118876574846,0.852748938533779
"linux","crr",5000,"get_score_boot","after_latest","result/Brier/score","upper",2,0,0,0.076198838325251,0.114526921852128,0.076198838325251,0.114526921852128
"linux","crr",5000,"fit_hazard","before_after","fit","beta",12,0.00393635181018137,0.00429349650483448,0.013534182482517,2.88979987301415,0.0135922914477014,2.89373622482433
"linux","crr",5000,"fit_hazard","before_after","fit","se",12,0.000727060361790044,0.00311403057220007,0.00424193103957958,0.383015434818035,0.00425308010648524,0.383742495179825
"linux","crr",5000,"get_eff_sub","before_after","result/haz_direct","conf.high",3,0.00342293831324847,0.00141929328151943,2.41172022570559,2.8962111765653,2.41514316401884,2.8994868396839
"linux","crr",5000,"get_eff_sub","before_after","result/haz_unadj","conf.high",3,0.00364500864912998,0.00148157459339151,2.4602262116186,2.93532918519917,2.46387122026773,2.9385509599974
"linux","crr",5000,"get_eff_sub","before_after","result/haz_direct","conf.low",3,0.00110768552778051,0.000619776746813964,1.65333118072274,1.78723311817473,1.65434715181722,1.78834080370251
"linux","crr",5000,"get_eff_sub","before_after","result/haz_unadj","conf.low",3,0.00123826789313286,0.000732505404859008,1.69045564021633,1.88497548700999,1.69169390810947,1.88617628770052
"linux","crr",5000,"get_eff_sub","before_after","result/haz_direct","estimate",3,0.00203041840782214,0.00101681548432274,1.9968405665798,2.24524946214339,1.99887098498763,2.24703209224343
"linux","crr",5000,"get_eff_sub","before_after","result/haz_unadj","estimate",3,0.00225748689127636,0.00110696993860144,2.03933893103592,2.27489232218168,2.0415964179272,2.27661685290169
"linux","crr",5000,"get_eff_sub","before_after","result/haz_direct","p.value_0.95",3,2.66295336425623e-12,0.000266295336425623,0,4.8e-10,4.23343992386175e-21,4.82662953364256e-10
"linux","crr",5000,"get_eff_sub","before_after","result/haz_unadj","p.value_0.95",3,5.47179262376582e-12,0.000547179262376582,0,2.6e-10,2.40662999044484e-24,2.65471792623766e-10
"linux","crr",5000,"get_eff_sub","before_after","result/haz_direct","p_value",3,2.66295336425623e-12,0.000266295336425623,0,4.8e-10,4.23343992386175e-21,4.82662953364256e-10
"linux","crr",5000,"get_eff_sub","before_after","result/haz_unadj","p_value",3,5.47179262376582e-12,0.000547179262376582,0,2.6e-10,2.40662999044484e-24,2.65471792623766e-10
"linux","crr",5000,"curve_CSC","before_after","result","ci_lower",539,0,0,0,0.49051628358589,0,0.49051628358589
"linux","crr",5000,"curve_CSC","before_after","result","ci_upper",539,0,0,0,0.692832475863453,0,0.692832475863453
"linux","crr",5000,"curve_CSC","before_after","result","probability",539,0,0,0,0.591674379724671,0,0.591674379724671
"linux","crr",5000,"curve_CSC","before_after","result","se",539,0,0,0,0.0810761822625669,0,0.0810761822625669
"linux","crr",5000,"curve_CSC","before_after","result","time",539,0,0,0,261,0,261
"linux","crr",5000,"get_inter_abs","before_after","result/estimates","conf.high",18,0.107671232988809,0.376474975573284,0.0349063664734082,1.79688840859003,0.0454801286353419,1.79688840859003
"linux","crr",5000,"get_inter_abs","before_after","result/risks","conf.high",8,0.00448035151142528,0.0212449802290914,0.0872769378786809,0.308911443955331,0.0872769378786809,0.308911443955331
"linux","crr",5000,"get_inter_abs","before_after","result/estimates","conf.low",18,0.0977837351121694,0.299382721886345,-0.438688824054285,0.99276979778093,-0.536472559166454,0.99276979778093
"linux","crr",5000,"get_inter_abs","before_after","result/risks","conf.low",8,0.0109664068864688,0.0660753731737974,0.0569295151282583,0.248294637422084,0.0569295151282583,0.248294637422084
"linux","crr",5000,"get_inter_abs","before_after","result/estimates","estimate",18,0.000460339691611855,0.00915995403953963,-0.0471491931091435,1.33562589898175,-0.0467238434415971,1.33562589898175
"linux","crr",5000,"get_inter_abs","before_after","result/risks","estimate",8,0.000350939095265124,0.00165712418934523,0.0721032265034696,0.278603040688707,0.0721032265034696,0.278603040688707
"linux","crr",5000,"get_inter_abs","before_after","result/estimates","p.value",18,0.0445733214469856,1.58265796316293,4.34403649789767e-14,0.854899181580674,4.34403649789767e-14,0.85259704257415
"linux","crr",5000,"get_fit_stats_simple","after_latest","result/stats","estimate",6,0,0,0.0174438665591882,11259.8595111241,0.0174438665591882,11259.8595111241
"linux","crr",5000,"get_fit_stats_simple_boot","after_latest","result/boot","AIC",20,0,0,10584.4150165167,12377.7456867123,10584.4150165167,12377.7456867123
"linux","crr",5000,"get_fit_stats_simple_boot","after_latest","result/boot","BIC",20,0,0,10593.3994961867,12382.3881735137,10593.3994961867,12382.3881735137
"linux","crr",5000,"get_fit_stats_simple_boot","after_latest","result/boot","PVE",20,0,0,0.0119222596229042,0.0375009027963199,0.0119222596229042,0.0375009027963199
"linux","crr",5000,"get_fit_stats_simple_boot","after_latest","result/stats","SE",6,0,0,0.00250742090407214,555.766967583585,0.00250742090407214,555.766967583585
"linux","crr",5000,"get_fit_stats_simple_boot","after_latest","result/stats","estimate",6,0,0,0.0174438665591882,11259.8595111241,0.0174438665591882,11259.8595111241
"linux","crr",5000,"get_fit_stats_simple_boot","after_latest","result/stats","lower",6,0,0,0.0123332869435802,10696.313989325,0.0123332869435802,10696.313989325
"linux","crr",5000,"get_fit_stats_simple_boot","after_latest","result/boot","replicate",20,0,0,1,10,1,10
"linux","crr",5000,"get_fit_stats_simple_boot","after_latest","result/stats","upper",6,0,0,0.0195586152098115,12323.8629340978,0.0195586152098115,12323.8629340978
"linux","crr",10000,"get_facet","before_after","result/sur.data","ci_lower",298,0.00952929475380138,0.202589940813749,0,0.283987390679809,0,0.288841093251531
"linux","crr",10000,"get_facet","before_after","result/sur.data","ci_upper",298,0.0088390369824658,0.0978777293256018,0,0.356068667995555,0,0.362193579198961
"linux","crr",10000,"get_facet","before_after","result/sur.data","cif",298,0.00105628492238746,0.00670125201266986,0,0.324461051302859,0,0.325517336225246
"linux","crr",10000,"get_facet","before_after","result/sur.data","se",298,0.0016311943337582,0.282193823827544,0,0.0194624414363386,0,0.0194058883622015
"linux","crr",10000,"get_facet","before_after","result/sur.data","time",298,0,0,0,263,0,263
"linux","crr",10000,"get_facet","before_after","result/insert.data","x",3,0,0,0.5,0.5,0.5,0.5
"linux","crr",10000,"get_facet","before_after","result/insert.data","y",3,0,0,0.5,0.5,0.5,0.5
"linux","crr",10000,"get_facet","before_after","result/sur.data","yhat",298,0.00105628492238746,0.00670125201266986,0,0.324461051302859,0,0.325517336225246
"linux","crr",10000,"get_eff_cat","before_after","result/haz_models","conf.high",20,0.346434856123402,0.00773869364545532,2.24826772392087,44.7665810271287,2.24619679335164,45.1130158832521
"linux","crr",10000,"get_eff_cat","before_after","result/haz_models","conf.low",20,0.155249908328784,0.00635700933235682,1.04298010702172,24.4218468484183,1.04148768245978,24.5770967567471
"linux","crr",10000,"get_eff_cat","before_after","result/haz_models","estimate",20,0.233028133931363,0.00704761452750415,1.53130614552037,33.0648239942669,1.52950524440304,33.2978521281982
"linux","crr",10000,"get_eff_cat","before_after","result/haz_models","p.value_0.95",20,0.000213013649374948,0.00881407521348363,0,0.03,2.47305763888538e-113,0.0302130136493749
"linux","crr",10000,"get_eff_cat","before_after","result/haz_models","p_value",20,0.000213013649374948,0.00881407521348363,0,0.03,2.47305763888538e-113,0.0302130136493749
"linux","crr",10000,"curve_direct","before_after","result","ci_lower",550,0.0222347301991714,0.194585321192073,0,0.521169050314839,0,0.507541462179002
"linux","crr",10000,"curve_direct","before_after","result","ci_upper",550,0.0145966518263169,0.122396062306832,0,0.662026706022154,0,0.659638312563608
"linux","crr",10000,"curve_direct","before_after","result","probability",550,0.00203241013561506,0.0107235767811953,0,0.581573862069711,0,0.583589887371305
"linux","crr",10000,"curve_direct","before_after","result","se",550,0.00669592401261007,0.336977918849502,0,0.0612600496169079,0,0.0551647013614533
"linux","crr",10000,"curve_direct","before_after","result","time",550,0,0,0,263,0,263
"linux","crr",10000,"get_facet_diff","before_after","result/diff.data","conf.high",705,0.00551068202206133,1.11875710060195,-0.164279816090634,0.0184932423467555,-0.164279816090634,0.0184932423467555
"linux","crr",10000,"get_facet_diff","before_after","result/forest.data","conf.high",24,0.00419986751137964,0.374843475156023,-0.125171862765312,0.014481066245361,-0.125171862765312,0.014481066245361
"linux","crr",10000,"get_facet_diff","before_after","result/diff.data","conf.high_Female",579,0.00907038045883918,0.158158284799151,0,0.24272909097748,0,0.24272909097748
"linux","crr",10000,"get_facet_diff","before_after","result/forest.data","conf.high_Female",24,0.00839057637032532,0.0782556991753352,0.0162364189304012,0.18377881647535,0.0162364189304012,0.178468128986408
"linux","crr",10000,"get_facet_diff","before_after","result/diff.data","conf.high_Male",639,0.0149765121944101,0.167288743332266,0,0.374990096212192,0,0.374990096212192
"linux","crr",10000,"get_facet_diff","before_after","result/forest.data","conf.high_Male",24,0.0026749336170229,0.030130558229491,0.0319234479700209,0.283516118049242,0.0319732425910089,0.283516118049242
"linux","crr",10000,"get_facet_diff","before_after","result/diff.data","conf.low",705,0.00550471283483142,0.0953354264874895,-0.231491729606429,0,-0.231491729606429,0
"linux","crr",10000,"get_facet_diff","before_after","result/forest.data","conf.low",24,0.00368639226735193,0.0548804126134675,-0.179523946400668,-0.0181531885732491,-0.179523946400668,-0.0185391908031129
"linux","crr",10000,"get_facet_diff","before_after","result/diff.data","conf.low_Female",579,0.00633326846340088,1,-0.000578292824610949,0.173671777059931,-0.000578292824610949,0.177090996107503
"linux","crr",10000,"get_facet_diff","before_after","result/forest.data","conf.low_Female",24,0.00274484637484553,0.125552022130765,0.00601133144574079,0.137472769969631,0.00601133144574079,0.138200682443837
"linux","crr",10000,"get_facet_diff","before_after","result/diff.data","conf.low_Male",639,0.0075289846387579,1,-0.000398869923644252,0.299794821986311,-0.000398869923644252,0.299794821986311
"linux","crr",10000,"get_facet_diff","before_after","result/forest.data","conf.low_Male",24,0.00512934073465107,0.0795508578273328,0.0177959942073295,0.233675508852989,0.0163803076022462,0.231500597970731
"linux","crr",10000,"get_facet_diff","before_after","result/diff.data","estimate",705,0.00051350343758283,0.00738685524859677,-0.197286277521325,0.00437001102836523,-0.197286277521325,0.00437001102836523
"linux","crr",10000,"get_facet_diff","before_after","result/forest.data","estimate",24,0.000453112818869394,0.00418869148165256,-0.15234790458299,-0.00202906227887591,-0.15234790458299,-0.00202906227887591
"linux","crr",10000,"get_facet_diff","before_after","result/diff.data","estimate_Female",579,0.000652375873611333,0.00620275798267061,0,0.204332337111844,0,0.204984712985456
"linux","crr",10000,"get_facet_diff","before_after","result/forest.data","estimate_Female",24,0.000308168342529586,0.00313595718772916,0.011123875188071,0.158026237372593,0.011123875188071,0.158334405715122
"linux","crr",10000,"get_facet_diff","before_after","result/diff.data","estimate_Male",639,0.00105628492238746,0.00670125201266986,0,0.337392459099252,0,0.337392459099252
"linux","crr",10000,"get_facet_diff","before_after","result/forest.data","estimate_Male",24,0.00056490596454345,0.00357069573635906,0.024121692906502,0.256800068615043,0.0241767750966275,0.256800068615043
"linux","crr",10000,"get_facet_diff","before_after","result/diff.data","p.value_0.95",699,0.0524182087510084,284.057456314013,2.9538106453053e-32,0.961239147817567,2.9538106453053e-32,0.961239147817567
"linux","crr",10000,"get_facet_diff","before_after","result/forest.data","p.value_0.95",24,0.0100710490019073,4.21612482076789,1.99374091583192e-28,0.809651445787122,4.38978621829787e-28,0.809651445787122
"linux","crr",10000,"get_facet_diff","before_after","result/diff.data","p_value",699,0.0524182087510084,284.057456314013,2.9538106453053e-32,0.961239147817567,2.9538106453053e-32,0.961239147817567
"linux","crr",10000,"get_facet_diff","before_after","result/forest.data","p_value",24,0.0100710490019073,4.21612482076789,1.99374091583192e-28,0.809651445787122,4.38978621829787e-28,0.809651445787122
"linux","crr",10000,"get_facet_diff","before_after","result/diff.data","time",707,0,0,0,287,0,287
"linux","crr",10000,"get_facet_diff","before_after","result/forest.data","time",24,0,0,12,120,12,120
"linux","crr",10000,"get_cat","before_after","curve/direct","ci_lower",550,0.0222347301991714,0.194585321192073,0,0.521169050314839,0,0.507541462179002
"linux","crr",10000,"get_cat","before_after","curve/unadj","ci_lower",399,0,0,-0.0104343911363049,0.521023858562279,-0.0104343911363049,0.521023858562279
"linux","crr",10000,"get_cat","before_after","curve/direct","ci_upper",550,0.0145966518263169,0.122396062306832,0,0.662026706022154,0,0.659638312563608
"linux","crr",10000,"get_cat","before_after","curve/unadj","ci_upper",399,0,0,0,0.634748557359656,0,0.634748557359656
"linux","crr",10000,"get_cat","before_after","UM/haz_direct","conf.high",11,0.160539240114833,0.00578716585558103,1,27.7405631912228,1,27.9011024313377
"linux","crr",10000,"get_cat","before_after","UM/haz_unadj","conf.high",11,0.346434856123402,0.00773869364545532,1,44.7665810271287,1,45.1130158832521
"linux","crr",10000,"get_cat","before_after","UM/sur_direct","conf.high",11,0.00508741861161932,0.691487714016631,-0.366491673879237,0,-0.371260172252945,0
"linux","crr",10000,"get_cat","before_after","UM/sur_unadj","conf.high",11,0,0,-0.495639588088101,0,-0.495639588088101,0
"linux","crr",10000,"get_cat","before_after","UM/sur_direct","conf.high_sur",11,0.0101657606588338,0.0493833888448505,0.0422951787795255,0.54347371540495,0.04278101259483,0.543419925149884
"linux","crr",10000,"get_cat","before_after","UM/sur_unadj","conf.high_sur",11,0,0,0.0323080686555871,0.634748557359656,0.0323080686555871,0.634748557359656
"linux","crr",10000,"get_cat","before_after","UM/haz_direct","conf.low",11,0.0599639248395629,0.00451145157306682,1,13.2914925203997,1,13.3514564452392
"linux","crr",10000,"get_cat","before_after","UM/haz_unadj","conf.low",11,0.155249908328784,0.00635700933235682,1,24.4218468484183,1,24.5770967567471
"linux","crr",10000,"get_cat","before_after","UM/sur_direct","conf.low",11,0.0043652664277658,0.0185786308465849,-0.511230571442825,0,-0.510280501145226,0
"linux","crr",10000,"get_cat","before_after","UM/sur_unadj","conf.low",11,0,0,-0.610324246277336,0,-0.610324246277336,0
"linux","crr",10000,"get_cat","before_after","UM/sur_direct","conf.low_sur",11,0.0125670999139001,0.0907814652054385,0.0251620955405852,0.408533374673187,0.0246811361919709,0.405582897035087
"linux","crr",10000,"get_cat","before_after","UM/sur_unadj","conf.low_sur",11,0,0,0.0175005129009107,0.521023858562279,0.0175005129009107,0.521023858562279
"linux","crr",10000,"get_cat","before_after","UM/haz_direct","estimate",11,0.0988726950851806,0.00514910632559908,1,19.2019136590032,1,19.3007863540883
"linux","crr",10000,"get_cat","before_after","UM/haz_unadj","estimate",11,0.233028133931363,0.00704761452750415,1,33.0648239942669,1,33.2978521281982
"linux","crr",10000,"get_cat","before_after","UM/sur_direct","estimate",11,0.00190921403805422,0.0043503831610276,-0.438861122661031,0,-0.440770336699085,0
"linux","crr",10000,"get_cat","before_after","UM/sur_unadj","estimate",11,0,0,-0.552981917182718,0,-0.552981917182718,0
"linux","crr",10000,"get_cat","before_after","UM/sur_direct","estimate_sur",11,0.00193979122842936,0.00410484293876295,0.0337004972030253,0.472561619864056,0.0337310743934005,0.474501411092486
"linux","crr",10000,"get_cat","before_after","UM/sur_unadj","estimate_sur",11,0,0,0.0249042907782489,0.577886207960967,0.0249042907782489,0.577886207960967
"linux","crr",10000,"get_cat","before_after","UM/haz_direct","p.value_0.95",10,0.000213013649374948,0.00710045497916492,0,0.03,1.49310027323083e-77,0.0302130136493749
"linux","crr",10000,"get_cat","before_after","UM/haz_unadj","p.value_0.95",10,2.42980794539979e-06,0.00881407521348363,0,0.00046,2.47305763888538e-113,0.0004624298079454
"linux","crr",10000,"get_cat","before_after","UM/haz_direct","p_value",10,0.000213013649374948,0.00710045497916492,0,0.03,1.49310027323083e-77,0.0302130136493749
"linux","crr",10000,"get_cat","before_after","UM/haz_unadj","p_value",10,2.42980794539979e-06,0.00881407521348363,0,0.00046,2.47305763888538e-113,0.0004624298079454
"linux","crr",10000,"get_cat","before_after","UM/sur_direct","p_value",10,0.00686388984225379,0.698706144073128,1.76146899644246e-111,0.0390623975210091,3.31428950039346e-121,0.0321985076787553
"linux","crr",10000,"get_cat","before_after","UM/sur_unadj","p_value",10,0,0,9.95484218059768e-141,0.00384949668054202,9.95484218059768e-141,0.00384949668054202
"linux","crr",10000,"get_cat","before_after","curve/direct","probability",550,0.00203241013561506,0.0107235767811953,0,0.581573862069711,0,0.583589887371305
"linux","crr",10000,"get_cat","before_after","curve/unadj","probability",399,0,0,0,0.577886207960967,0,0.577886207960967
"linux","crr",10000,"get_cat","before_after","curve/direct","se",550,0.00669592401261007,0.336977918849502,0,0.0612600496169079,0,0.0551647013614533
"linux","crr",10000,"get_cat","before_after","curve/unadj","se",399,0,0,0,0.0657178599800544,0,0.0657178599800544
"linux","crr",10000,"get_cat","before_after","UM/sur_direct","time",12,0,0,120,120,120,120
"linux","crr",10000,"get_cat","before_after","UM/sur_unadj","time",12,0,0,120,120,120,120
"linux","crr",10000,"get_cat","before_after","curve/direct","time",550,0,0,0,263,0,263
"linux","crr",10000,"get_cat","before_after","curve/unadj","time",399,0,0,0,287,0,287
"linux","crr",10000,"get_eff","before_after","result/haz_direct","conf.high",11,0.160539240114833,0.00578716585558103,1,27.7405631912228,1,27.9011024313377
"linux","crr",10000,"get_eff","before_after","result/haz_unadj","conf.high",11,0.346434856123402,0.00773869364545532,1,44.7665810271287,1,45.1130158832521
"linux","crr",10000,"get_eff","before_after","result/sur_direct","conf.high",11,0.0115183171029092,4.45944439559115,-0.371335015877005,0.000589180472823084,-0.371260172252945,0
"linux","crr",10000,"get_eff","before_after","result/sur_unadj","conf.high",11,0,0,-0.495639588088101,0,-0.495639588088101,0
"linux","crr",10000,"get_eff","before_after","result/sur_direct","conf.high_sur",11,0.00975764353800551,0.0804204903014092,0.0408135248054321,0.549197854862504,0.04278101259483,0.543419925149884
"linux","crr",10000,"get_eff","before_after","result/sur_unadj","conf.high_sur",11,0,0,0.0323080686555871,0.634748557359656,0.0323080686555871,0.634748557359656
"linux","crr",10000,"get_eff","before_after","result/haz_direct","conf.low",11,0.0599639248395629,0.00451145157306682,1,13.2914925203997,1,13.3514564452392
"linux","crr",10000,"get_eff","before_after","result/haz_unadj","conf.low",11,0.155249908328784,0.00635700933235682,1,24.4218468484183,1,24.5770967567471
"linux","crr",10000,"get_eff","before_after","result/sur_direct","conf.low",11,0.0110632972394035,0.0688699878398063,-0.506387229445057,0,-0.510280501145226,0
"linux","crr",10000,"get_eff","before_after","result/sur_unadj","conf.low",11,0,0,-0.610324246277336,0,-0.610324246277336,0
"linux","crr",10000,"get_eff","before_after","result/sur_direct","conf.low_sur",11,0.0199104233085992,0.189182833738493,0.02598554446462,0.420882370483425,0.0246811361919709,0.405582897035087
"linux","crr",10000,"get_eff","before_after","result/sur_unadj","conf.low_sur",11,0,0,0.0175005129009107,0.521023858562279,0.0175005129009107,0.521023858562279
"linux","crr",10000,"get_eff","before_after","result/haz_direct","estimate",11,0.0988726950851806,0.00514910632559908,1,19.2019136590032,1,19.3007863540883
"linux","crr",10000,"get_eff","before_after","result/haz_unadj","estimate",11,0.233028133931363,0.00704761452750415,1,33.0648239942669,1,33.2978521281982
"linux","crr",10000,"get_eff","before_after","result/sur_direct","estimate",11,0.00190921403805422,0.0043503831610276,-0.438861122661031,0,-0.440770336699085,0
"linux","crr",10000,"get_eff","before_after","result/sur_unadj","estimate",11,0,0,-0.552981917182718,0,-0.552981917182718,0
"linux","crr",10000,"get_eff","before_after","result/sur_direct","estimate_sur",11,0.00193979122842936,0.00410484293876295,0.0337004972030253,0.472561619864056,0.0337310743934005,0.474501411092486
"linux","crr",10000,"get_eff","before_after","result/sur_unadj","estimate_sur",11,0,0,0.0249042907782489,0.577886207960967,0.0249042907782489,0.577886207960967
"linux","crr",10000,"get_eff","before_after","result/haz_direct","p.value_0.95",10,0.000213013649374948,0.00710045497916492,0,0.03,1.49310027323083e-77,0.0302130136493749
"linux","crr",10000,"get_eff","before_after","result/haz_unadj","p.value_0.95",10,2.42980794539979e-06,0.00881407521348363,0,0.00046,2.47305763888538e-113,0.0004624298079454
"linux","crr",10000,"get_eff","before_after","result/haz_direct","p_value",10,0.000213013649374948,0.00710045497916492,0,0.03,1.49310027323083e-77,0.0302130136493749
"linux","crr",10000,"get_eff","before_after","result/haz_unadj","p_value",10,2.42980794539979e-06,0.00881407521348363,0,0.00046,2.47305763888538e-113,0.0004624298079454
"linux","crr",10000,"get_eff","before_after","result/sur_direct","p_value",10,0.0235470447445959,17.2367601761599,2.62458226180924e-138,0.0557455524233512,3.31428950039346e-121,0.0321985076787553
"linux","crr",10000,"get_eff","before_after","result/sur_unadj","p_value",10,0,0,9.95484218059768e-141,0.00384949668054202,9.95484218059768e-141,0.00384949668054202
"linux","crr",10000,"get_eff","before_after","result/sur_direct","time",12,0,0,120,120,120,120
"linux","crr",10000,"get_eff","before_after","result/sur_unadj","time",12,0,0,120,120,120,120
"linux","crr",10000,"get_score","before_after","result/AUC/score","AUC",2,0,0,0.806918644997575,0.831644895311684,0.806918644997575,0.831644895311684
"linux","crr",10000,"get_score","before_after","result/Brier/score","Brier",2,0,0,0.0749204798127701,0.107220711267184,0.0749204798127701,0.107220711267184
"linux","crr",10000,"get_score","before_after","result/AUC/score","lower",2,0,0,0.793278083933753,0.818153162650767,0.793278083933753,0.818153162650767
"linux","crr",10000,"get_score","before_after","result/Brier/score","lower",2,0,0,0.0710093290895296,0.102405769990764,0.0710093290895296,0.102405769990764
"linux","crr",10000,"get_score","before_after","result/AUC/score","se",2,0,0,0.00688366356082988,0.00695959781476435,0.00688366356082988,0.00695959781476435
"linux","crr",10000,"get_score","before_after","result/Brier/score","se",2,0,0,0.0019955217310579,0.00245664783353143,0.0019955217310579,0.00245664783353143
"linux","crr",10000,"get_score","before_after","result/AUC/score","times",2,0,0,60,120,60,120
"linux","crr",10000,"get_score","before_after","result/Brier/score","times",2,0,0,60,120,60,120
"linux","crr",10000,"get_score","before_after","result/AUC/score","upper",2,0,0,0.820559206061397,0.845136627972602,0.820559206061397,0.845136627972602
"linux","crr",10000,"get_score","before_after","result/Brier/score","upper",2,0,0,0.0788316305360106,0.112035652543604,0.0788316305360106,0.112035652543604
"linux","crr",10000,"get_score","after_latest","result/AUC/score","AUC",2,0,0,0.806918644997575,0.831644895311684,0.806918644997575,0.831644895311684
"linux","crr",10000,"get_score","after_latest","result/Brier/score","Brier",2,0,0,0.0749204798127701,0.107220711267184,0.0749204798127701,0.107220711267184
"linux","crr",10000,"get_score","after_latest","result/AUC/score","lower",2,0,0,0.793278083933753,0.818153162650767,0.793278083933753,0.818153162650767
"linux","crr",10000,"get_score","after_latest","result/Brier/score","lower",2,0,0,0.0710093290895296,0.102405769990764,0.0710093290895296,0.102405769990764
"linux","crr",10000,"get_score","after_latest","result/AUC/score","se",2,0,0,0.00688366356082988,0.00695959781476435,0.00688366356082988,0.00695959781476435
"linux","crr",10000,"get_score","after_latest","result/Brier/score","se",2,0,0,0.0019955217310579,0.00245664783353143,0.0019955217310579,0.00245664783353143
"linux","crr",10000,"get_score","after_latest","result/AUC/score","times",2,0,0,60,120,60,120
"linux","crr",10000,"get_score","after_latest","result/Brier/score","times",2,0,0,60,120,60,120
"linux","crr",10000,"get_score","after_latest","result/AUC/score","upper",2,0,0,0.820559206061397,0.845136627972602,0.820559206061397,0.845136627972602
"linux","crr",10000,"get_score","after_latest","result/Brier/score","upper",2,0,0,0.0788316305360106,0.112035652543604,0.0788316305360106,0.112035652543604
"linux","crr",10000,"get_score_boot","before_after","result/AUC/score","AUC",2,0,0,0.807908224180354,0.827309129649126,0.807908224180354,0.827309129649126
"linux","crr",10000,"get_score_boot","before_after","result/Brier/score","Brier",2,0,0,0.0759746667966414,0.107664151609962,0.0759746667966414,0.107664151609962
"linux","crr",10000,"get_score_boot","before_after","result/AUC/score","lower",2,0,0,0.795858562727515,0.812995953370681,0.795858562727515,0.812995953370681
"linux","crr",10000,"get_score_boot","before_after","result/Brier/score","lower",2,0,0,0.0726724640224416,0.104086906908913,0.0726724640224416,0.104086906908913
"linux","crr",10000,"get_score_boot","before_after","result/AUC/score","se",2,0,0,0.00782217826186827,0.00870366037594877,0.00782217826186827,0.00870366037594877
"linux","crr",10000,"get_score_boot","before_after","result/Brier/score","se",2,0,0,0.00194010262523412,0.00298351428031007,0.00194010262523412,0.00298351428031007
"linux","crr",10000,"get_score_boot","before_after","result/AUC/score","times",2,0,0,60,120,60,120
"linux","crr",10000,"get_score_boot","before_after","result/Brier/score","times",2,0,0,60,120,60,120
"linux","crr",10000,"get_score_boot","before_after","result/AUC/score","upper",2,0,0,0.818878993455222,0.837055104446321,0.818878993455222,0.837055104446321
"linux","crr",10000,"get_score_boot","before_after","result/Brier/score","upper",2,0,0,0.0782210684006506,0.111873142545421,0.0782210684006506,0.111873142545421
"linux","crr",10000,"get_score_boot","after_latest","result/AUC/score","AUC",2,0,0,0.807908224180354,0.827309129649126,0.807908224180354,0.827309129649126
"linux","crr",10000,"get_score_boot","after_latest","result/Brier/score","Brier",2,0,0,0.0759746667966414,0.107664151609962,0.0759746667966414,0.107664151609962
"linux","crr",10000,"get_score_boot","after_latest","result/AUC/score","lower",2,0,0,0.795858562727515,0.812995953370681,0.795858562727515,0.812995953370681
"linux","crr",10000,"get_score_boot","after_latest","result/Brier/score","lower",2,0,0,0.0726724640224416,0.104086906908913,0.0726724640224416,0.104086906908913
"linux","crr",10000,"get_score_boot","after_latest","result/AUC/score","se",2,0,0,0.00782217826186827,0.00870366037594877,0.00782217826186827,0.00870366037594877
"linux","crr",10000,"get_score_boot","after_latest","result/Brier/score","se",2,0,0,0.00194010262523412,0.00298351428031007,0.00194010262523412,0.00298351428031007
"linux","crr",10000,"get_score_boot","after_latest","result/AUC/score","times",2,0,0,60,120,60,120
"linux","crr",10000,"get_score_boot","after_latest","result/Brier/score","times",2,0,0,60,120,60,120
"linux","crr",10000,"get_score_boot","after_latest","result/AUC/score","upper",2,0,0,0.818878993455222,0.837055104446321,0.818878993455222,0.837055104446321
"linux","crr",10000,"get_score_boot","after_latest","result/Brier/score","upper",2,0,0,0.0782210684006506,0.111873142545421,0.0782210684006506,0.111873142545421
"linux","crr",10000,"fit_hazard","before_after","fit","beta",12,0.0051358950092788,0.00402560418087269,0.0123026246252552,2.95500994380674,0.0123521501223823,2.96014583881602
"linux","crr",10000,"fit_hazard","before_after","fit","se",12,0.000507342426516844,0.00341257284564036,0.0029720368714875,0.255801111971786,0.00297975491018017,0.256308454398303
"linux","crr",10000,"get_eff_sub","before_after","result/haz_direct","conf.high",3,0.00337291454619182,0.00121827536695041,2.2091874116202,2.76859783731399,2.21162050728584,2.77197075186018
"linux","crr",10000,"get_eff_sub","before_after","result/haz_unadj","conf.high",3,0.00325689791342043,0.00119835064168621,2.24404705287892,2.79571851876954,2.24673620810471,2.79897541668296
"linux","crr",10000,"get_eff_sub","before_after","result/haz_direct","conf.low",3,0.00132256683359899,0.000683002341264447,1.69014018066425,1.9364016104989,1.69100352799631,1.9377241773325
"linux","crr",10000,"get_eff_sub","before_after","result/haz_unadj","conf.low",3,0.00134453791718681,0.000694505169119389,1.71886951814128,1.95465204861685,1.71998760769215,1.95589571326839
"linux","crr",10000,"get_eff_sub","before_after","result/haz_direct","estimate",3,0.00220103459842758,0.000950603073469589,1.93231374548673,2.31540867040758,1.93387126779663,2.317609705006
"linux","crr",10000,"get_eff_sub","before_after","result/haz_unadj","estimate",3,0.00210523655137429,0.000924377633488412,1.96398168944325,2.33766056776192,1.96579715018955,2.33976580431329
"linux","crr",10000,"get_eff_sub","before_after","result/haz_direct","p.value_0.95",3,3.50273427262989e-20,3.50273427262989e-12,0,0,2.44640226867101e-39,3.50273427262989e-20
"linux","crr",10000,"get_eff_sub","before_after","result/haz_unadj","p.value_0.95",3,1.44293156868963e-20,1.44293156868963e-12,0,0,6.05261590549636e-45,1.44293156868963e-20
"linux","crr",10000,"get_eff_sub","before_after","result/haz_direct","p_value",3,3.50273427262989e-20,3.50273427262989e-12,0,0,2.44640226867101e-39,3.50273427262989e-20
"linux","crr",10000,"get_eff_sub","before_after","result/haz_unadj","p_value",3,1.44293156868963e-20,1.44293156868963e-12,0,0,6.05261590549636e-45,1.44293156868963e-20
"linux","crr",10000,"curve_CSC","before_after","result","ci_lower",550,0,0,0,0.546725653066396,0,0.546725653066396
"linux","crr",10000,"curve_CSC","before_after","result","ci_upper",550,0,0,0,0.690108880151221,0,0.690108880151221
"linux","crr",10000,"curve_CSC","before_after","result","probability",550,0,0,0,0.618417266608808,0,0.618417266608808
"linux","crr",10000,"curve_CSC","before_after","result","se",550,0,0,0,0.058329479680645,0,0.058329479680645
"linux","crr",10000,"curve_CSC","before_after","result","time",550,0,0,0,263,0,263
"linux","crr",10000,"get_inter_abs","before_after","result/estimates","conf.high",18,0.0799439165934152,3.23754044830687,0.00483166163948422,1.47461698787147,0.012697328136044,1.47461698787147
"linux","crr",10000,"get_inter_abs","before_after","result/risks","conf.high",8,0.00189074140108564,0.00730386529543195,0.0855333841087043,0.283391537356102,0.0855333841087043,0.283391537356102
"linux","crr",10000,"get_inter_abs","before_after","result/estimates","conf.low",18,0.0336608411011399,0.169087579134609,-0.536929865378268,0.970619181398092,-0.55391694014506,0.970619181398092
"linux","crr",10000,"get_inter_abs","before_after","result/risks","conf.low",8,0.014415298695783,0.0683056200447686,0.0632977872276293,0.242196592728657,0.0632977872276293,0.242196592728657
"linux","crr",10000,"get_inter_abs","before_after","result/estimates","estimate",18,0.000243295020062484,0.00536210793882549,-0.216378448975354,1.19636596977828,-0.216284338467605,1.19636596977828
"linux","crr",10000,"get_inter_abs","before_after","result/risks","estimate",8,0.000376248491747416,0.0016616869011422,0.0744155856681668,0.26279406504238,0.0744155856681668,0.26279406504238
"linux","crr",10000,"get_inter_abs","before_after","result/estimates","p.value",18,0.0581693930312327,0.38493395671878,3.56707927288787e-22,0.518963457903961,3.56707927288787e-22,0.535816165247242
"linux","crr",10000,"get_fit_stats_simple","after_latest","result/stats","estimate",6,0,0,0.0166195061911886,24411.6145258009,0.0166195061911886,24411.6145258009
"linux","crr",10000,"get_fit_stats_simple_boot","after_latest","result/boot","AIC",20,0,0,23787.202168417,26675.6490639345,23787.202168417,26675.6490639345
"linux","crr",10000,"get_fit_stats_simple_boot","after_latest","result/boot","BIC",20,0,0,23797.6443786134,26680.9768444729,23797.6443786134,26680.9768444729
"linux","crr",10000,"get_fit_stats_simple_boot","after_latest","result/boot","PVE",20,0,0,0.0136797198224669,0.0425543554749234,0.0136797198224669,0.0425543554749234
"linux","crr",10000,"get_fit_stats_simple_boot","after_latest","result/stats","SE",6,0,0,0.00276556768750298,768.063324927699,0.00276556768750298,768.063324927699
"linux","crr",10000,"get_fit_stats_simple_boot","after_latest","result/stats","estimate",6,0,0,0.0166195061911886,24411.6145258009,0.0166195061911886,24411.6145258009
"linux","crr",10000,"get_fit_stats_simple_boot","after_latest","result/stats","lower",6,0,0,0.0137308453673733,24022.9273022028,0.0137308453673733,24022.9273022028
"linux","crr",10000,"get_fit_stats_simple_boot","after_latest","result/boot","replicate",20,0,0,1,10,1,10
"linux","crr",10000,"get_fit_stats_simple_boot","after_latest","result/stats","upper",6,0,0,0.0211258054242844,26473.1593196412,0.0211258054242844,26473.1593196412
"linux","crr",30000,"get_facet","before_after","result/sur.data","ci_lower",296,0.00492733758926162,0.369557493790525,0,0.300740147888918,0,0.296399788059854
"linux","crr",30000,"get_facet","before_after","result/sur.data","ci_upper",296,0.00391064290090154,0.0597062888648315,0,0.334815723325881,0,0.334663333515492
"linux","crr",30000,"get_facet","before_after","result/sur.data","cif",296,0.00109103551332451,0.00611746463763389,0,0.312764155327896,0,0.313763041938584
"linux","crr",30000,"get_facet","before_after","result/sur.data","se",296,0.00194354763749881,0.283542140366218,0,0.0116164019989687,0,0.0120316752490568
"linux","crr",30000,"get_facet","before_after","result/sur.data","time",296,0,0,0,263,0,263
"linux","crr",30000,"get_facet","before_after","result/insert.data","x",3,0,0,0.5,0.5,0.5,0.5
"linux","crr",30000,"get_facet","before_after","result/insert.data","y",3,0,0,0.5,0.5,0.5,0.5
"linux","crr",30000,"get_facet","before_after","result/sur.data","yhat",296,0.00109103551332451,0.00611746463763389,0,0.312764155327896,0,0.313763041938584
"linux","crr",30000,"get_eff_cat","before_after","result/haz_models","conf.high",20,0.30396219484463,0.00768906183407657,1.76585022937971,39.531766215941,1.76414632116773,39.8357284107856
"linux","crr",30000,"get_eff_cat","before_after","result/haz_models","conf.low",20,0.191368846725705,0.00687327397906763,1.12632458928325,27.8424586752273,1.12490484678116,28.033827521953
"linux","crr",30000,"get_eff_cat","before_after","result/haz_models","estimate",20,0.241558887700478,0.00728108531917331,1.4102909396085,33.1762199056204,1.40872167127248,33.4177787933209
"linux","crr",30000,"get_eff_cat","before_after","result/haz_models","p.value_0.95",20,0.000132991090019236,0.0492559592663836,0,0.0027,0,0.00283299109001924
"linux","crr",30000,"get_eff_cat","before_after","result/haz_models","p_value",20,0.000132991090019236,0.0492559592663836,0,0.0027,0,0.00283299109001924
"linux","crr",30000,"get_facet_diff","before_after","result/diff.data","conf.high",750,0.00464009908479567,1.79323405519968,-0.18831359175403,0.0104118927908837,-0.18831359175403,0.0104118927908837
"linux","crr",30000,"get_facet_diff","before_after","result/forest.data","conf.high",24,0.00231056778873345,0.125851482715406,-0.137781716746232,0.000927778322795792,-0.137781716746232,0.000927778322795792
"linux","crr",30000,"get_facet_diff","before_after","result/diff.data","conf.high_Female",617,0.00476088213479078,0.0613146719745847,0,0.224190347301694,0,0.224190347301694
"linux","crr",30000,"get_facet_diff","before_after","result/forest.data","conf.high_Female",24,0.0037392892527765,0.0340014637988991,0.0120305722620619,0.1614814792894,0.0120305722620619,0.16383410184758
"linux","crr",30000,"get_facet_diff","before_after","result/diff.data","conf.high_Male",681,0.00715776948031366,0.0802913247167814,0,0.34237408781637,0,0.34237408781637
"linux","crr",30000,"get_facet_diff","before_after","result/forest.data","conf.high_Male",24,0.00369433932456503,0.0231364625626849,0.02894160055994,0.267853715236033,0.0284058396931454,0.267853715236033
"linux","crr",30000,"get_facet_diff","before_after","result/diff.data","conf.low",750,0.0053410493077938,0.114553011567602,-0.229944436723568,0.00171174819137998,-0.229944436723568,0.00171174819137998
"linux","crr",30000,"get_facet_diff","before_after","result/forest.data","conf.low",24,0.0028812337110295,0.0334461381212991,-0.168446764596138,-0.0162062066114498,-0.168446764596138,-0.015664171586701
"linux","crr",30000,"get_facet_diff","before_after","result/diff.data","conf.low_Female",617,0.00479627158603635,0.102684920157697,0,0.182237556713444,0,0.178815043343072
"linux","crr",30000,"get_facet_diff","before_after","result/forest.data","conf.low_Female",24,0.00340821038029551,0.0311101624582795,0.00656133071700603,0.144964840187232,0.00656133071700603,0.141556629806936
"linux","crr",30000,"get_facet_diff","before_after","result/diff.data","conf.low_Male",681,0.0056971465765992,0.1251276343794,0,0.305680166274431,0,0.305680166274431
"linux","crr",30000,"get_facet_diff","before_after","result/forest.data","conf.low_Male",24,0.00233877101007607,0.0192861357155089,0.019690756258147,0.237665137734559,0.0193109976606114,0.237529261806079
"linux","crr",30000,"get_facet_diff","before_after","result/diff.data","estimate",750,0.000503599580684688,0.00695042560639179,-0.209129014238799,0.00590577986934966,-0.209129014238799,0.00590577986934966
"linux","crr",30000,"get_facet_diff","before_after","result/forest.data","estimate",24,0.000404655111265917,0.00462769330953042,-0.153114240671185,-0.0084571548228511,-0.153114240671185,-0.0084571548228511
"linux","crr",30000,"get_facet_diff","before_after","result/diff.data","estimate_Female",617,0.000640435310353182,0.00549546329868838,0,0.19842153794877,0,0.19842153794877
"linux","crr",30000,"get_facet_diff","before_after","result/forest.data","estimate_Female",24,0.000296582714516658,0.00331644998096798,0.00929595148953395,0.152398783112742,0.00929595148953395,0.152695365827258
"linux","crr",30000,"get_facet_diff","before_after","result/diff.data","estimate_Male",681,0.00109103551332451,0.00611746463763389,0,0.3240271270454,0,0.3240271270454
"linux","crr",30000,"get_facet_diff","before_after","result/forest.data","estimate_Male",24,0.000581915675664679,0.0038663626576121,0.0238128815253097,0.252691488521056,0.0238584186768784,0.252691488521056
"linux","crr",30000,"get_facet_diff","before_after","result/diff.data","p.value_0.95",744,0.0619074538002729,1.94362059426612,1.90601559123981e-96,0.283821185291923,1.90601559123981e-96,0.248481121077226
"linux","crr",30000,"get_facet_diff","before_after","result/forest.data","p.value_0.95",24,0.000241660708461569,0.817202160312563,1.24802969584757e-94,0.0773614085894838,1.13369086138483e-87,0.0773614085894838
"linux","crr",30000,"get_facet_diff","before_after","result/diff.data","p_value",744,0.0619074538002729,1.94362059426612,1.90601559123981e-96,0.283821185291923,1.90601559123981e-96,0.248481121077226
"linux","crr",30000,"get_facet_diff","before_after","result/forest.data","p_value",24,0.000241660708461569,0.817202160312563,1.24802969584757e-94,0.0773614085894838,1.13369086138483e-87,0.0773614085894838
"linux","crr",30000,"get_facet_diff","before_after","result/diff.data","time",752,0,0,0,287,0,287
"linux","crr",30000,"get_facet_diff","before_after","result/forest.data","time",24,0,0,12,120,12,120
"linux","crr",30000,"get_score","before_after","result/AUC/score","AUC",2,0,0,0.80646310122456,0.829596587854898,0.80646310122456,0.829596587854898
"linux","crr",30000,"get_score","before_after","result/Brier/score","Brier",2,0,0,0.0743410784795042,0.105663978072214,0.0743410784795042,0.105663978072214
"linux","crr",30000,"get_score","before_after","result/AUC/score","lower",2,0,0,0.798458548036828,0.821617883106216,0.798458548036828,0.821617883106216
"linux","crr",30000,"get_score","before_after","result/Brier/score","lower",2,0,0,0.0720792012618185,0.102896893161455,0.0720792012618185,0.102896893161455
"linux","crr",30000,"get_score","before_after","result/AUC/score","se",2,0,0,0.00407084253160639,0.00408403075304999,0.00407084253160639,0.00408403075304999
"linux","crr",30000,"get_score","before_after","result/Brier/score","se",2,0,0,0.00115404019437454,0.00141180395792234,0.00115404019437454,0.00141180395792234
"linux","crr",30000,"get_score","before_after","result/AUC/score","times",2,0,0,60,120,60,120
"linux","crr",30000,"get_score","before_after","result/Brier/score","times",2,0,0,60,120,60,120
"linux","crr",30000,"get_score","before_after","result/AUC/score","upper",2,0,0,0.814467654412292,0.837575292603581,0.814467654412292,0.837575292603581
"linux","crr",30000,"get_score","before_after","result/Brier/score","upper",2,0,0,0.0766029556971899,0.108431062982973,0.0766029556971899,0.108431062982973
"linux","crr",30000,"get_score","after_latest","result/AUC/score","AUC",2,0,0,0.80646310122456,0.829596587854898,0.80646310122456,0.829596587854898
"linux","crr",30000,"get_score","after_latest","result/Brier/score","Brier",2,0,0,0.0743410784795042,0.105663978072214,0.0743410784795042,0.105663978072214
"linux","crr",30000,"get_score","after_latest","result/AUC/score","lower",2,0,0,0.798458548036828,0.821617883106216,0.798458548036828,0.821617883106216
"linux","crr",30000,"get_score","after_latest","result/Brier/score","lower",2,0,0,0.0720792012618185,0.102896893161455,0.0720792012618185,0.102896893161455
"linux","crr",30000,"get_score","after_latest","result/AUC/score","se",2,0,0,0.00407084253160639,0.00408403075304999,0.00407084253160639,0.00408403075304999
"linux","crr",30000,"get_score","after_latest","result/Brier/score","se",2,0,0,0.00115404019437454,0.00141180395792234,0.00115404019437454,0.00141180395792234
"linux","crr",30000,"get_score","after_latest","result/AUC/score","times",2,0,0,60,120,60,120
"linux","crr",30000,"get_score","after_latest","result/Brier/score","times",2,0,0,60,120,60,120
"linux","crr",30000,"get_score","after_latest","result/AUC/score","upper",2,0,0,0.814467654412292,0.837575292603581,0.814467654412292,0.837575292603581
"linux","crr",30000,"get_score","after_latest","result/Brier/score","upper",2,0,0,0.0766029556971899,0.108431062982973,0.0766029556971899,0.108431062982973
"linux","crr",30000,"get_score_boot","before_after","result/AUC/score","AUC",2,0,0,0.806740313955269,0.829683595247981,0.806740313955269,0.829683595247981
"linux","crr",30000,"get_score_boot","before_after","result/Brier/score","Brier",2,0,0,0.0740612436055048,0.104881290155714,0.0740612436055048,0.104881290155714
"linux","crr",30000,"get_score_boot","before_after","result/AUC/score","lower",2,0,0,0.796338425515561,0.818338383278093,0.796338425515561,0.818338383278093
"linux","crr",30000,"get_score_boot","before_after","result/Brier/score","lower",2,0,0,0.0717049809351229,0.101720643288828,0.0717049809351229,0.101720643288828
"linux","crr",30000,"get_score_boot","before_after","result/AUC/score","se",2,0,0,0.00585723187831863,0.00645809693210757,0.00585723187831863,0.00645809693210757
"linux","crr",30000,"get_score_boot","before_after","result/Brier/score","se",2,0,0,0.00189640435952336,0.00300446333989418,0.00189640435952336,0.00300446333989418
"linux","crr",30000,"get_score_boot","before_after","result/AUC/score","times",2,0,0,60,120,60,120
"linux","crr",30000,"get_score_boot","before_after","result/Brier/score","times",2,0,0,60,120,60,120
"linux","crr",30000,"get_score_boot","before_after","result/AUC/score","upper",2,0,0,0.81330779022035,0.834613521381914,0.81330779022035,0.834613521381914
"linux","crr",30000,"get_score_boot","before_after","result/Brier/score","upper",2,0,0,0.0775657778474813,0.110014080223003,0.0775657778474813,0.110014080223003
"linux","crr",30000,"get_score_boot","after_latest","result/AUC/score","AUC",2,0,0,0.806740313955269,0.829683595247981,0.806740313955269,0.829683595247981
"linux","crr",30000,"get_score_boot","after_latest","result/Brier/score","Brier",2,0,0,0.0740612436055048,0.104881290155714,0.0740612436055048,0.104881290155714
"linux","crr",30000,"get_score_boot","after_latest","result/AUC/score","lower",2,0,0,0.796338425515561,0.818338383278093,0.796338425515561,0.818338383278093
"linux","crr",30000,"get_score_boot","after_latest","result/Brier/score","lower",2,0,0,0.0717049809351229,0.101720643288828,0.0717049809351229,0.101720643288828
"linux","crr",30000,"get_score_boot","after_latest","result/AUC/score","se",2,0,0,0.00585723187831863,0.00645809693210757,0.00585723187831863,0.00645809693210757
"linux","crr",30000,"get_score_boot","after_latest","result/Brier/score","se",2,0,0,0.00189640435952336,0.00300446333989418,0.00189640435952336,0.00300446333989418
"linux","crr",30000,"get_score_boot","after_latest","result/AUC/score","times",2,0,0,60,120,60,120
"linux","crr",30000,"get_score_boot","after_latest","result/Brier/score","times",2,0,0,60,120,60,120
"linux","crr",30000,"get_score_boot","after_latest","result/AUC/score","upper",2,0,0,0.81330779022035,0.834613521381914,0.81330779022035,0.834613521381914
"linux","crr",30000,"get_score_boot","after_latest","result/Brier/score","upper",2,0,0,0.0775657778474813,0.110014080223003,0.0775657778474813,0.110014080223003
"linux","crr",30000,"fit_hazard","before_after","fit","beta",12,0.00534393475474282,0.0040958940256185,0.0111752710245489,2.97641778747581,0.011221043750373,2.98176172223055
"linux","crr",30000,"fit_hazard","before_after","fit","se",12,0.000332312780287725,0.00333100685195715,0.00169442917246885,0.151447309671235,0.00169898420804382,0.151779622451523
"linux","crr",30000,"get_eff_sub","before_after","result/haz_direct","conf.high",3,0.00330892370925939,0.00118975690602603,2.14980453289423,2.78117629954484,2.1521399391918,2.7844852232541
"linux","crr",30000,"get_eff_sub","before_after","result/haz_unadj","conf.high",3,0.00319357716907342,0.00120260165305264,2.17933327060905,2.78049953351745,2.18195414040284,2.78369311068652
"linux","crr",30000,"get_eff_sub","before_after","result/haz_direct","conf.low",3,0.00197233204876435,0.000874500525049486,1.83787487531373,2.25538120592064,1.83925944145674,2.25735353796941
"linux","crr",30000,"get_eff_sub","before_after","result/haz_unadj","conf.low",3,0.00189049461347279,0.000896693243639804,1.86444850631363,2.25524898100832,1.86612034469235,2.25713947562179
"linux","crr",30000,"get_eff_sub","before_after","result/haz_direct","estimate",3,0.00258495434701267,0.00103211630502358,1.98773029806407,2.50451846795853,1.98955867028209,2.50710342230554
"linux","crr",30000,"get_eff_sub","before_after","result/haz_unadj","estimate",3,0.00248761624022187,0.00104963576311703,2.01575163677142,2.50414031948278,2.01786744177893,2.50662793572301
"linux","crr",30000,"get_eff_sub","before_after","result/haz_direct","p.value_0.95",3,4.87979595669923e-66,4.87979595669923e-58,0,0,3.90107517843535e-126,4.87979595669923e-66
"linux","crr",30000,"get_eff_sub","before_after","result/haz_unadj","p.value_0.95",3,3.79054227873051e-66,3.79054227873051e-58,0,0,5.66347001958652e-140,3.79054227873051e-66
"linux","crr",30000,"get_eff_sub","before_after","result/haz_direct","p_value",3,4.87979595669923e-66,4.87979595669923e-58,0,0,3.90107517843535e-126,4.87979595669923e-66
"linux","crr",30000,"get_eff_sub","before_after","result/haz_unadj","p_value",3,3.79054227873051e-66,3.79054227873051e-58,0,0,5.66347001958652e-140,3.79054227873051e-66
"linux","crr",30000,"get_fit_stats_simple","after_latest","result/stats","estimate",6,0,0,0.0146352278119033,80958.6164383956,0.0146352278119033,80958.6164383956
"linux","crr",30000,"get_fit_stats_simple_boot","after_latest","result/boot","AIC",20,0,0,78588.1626383299,82690.4308054517,78588.1626383299,82690.4308054517
"linux","crr",30000,"get_fit_stats_simple_boot","after_latest","result/boot","BIC",20,0,0,78600.7552325552,82696.7719771989,78600.7552325552,82696.7719771989
"linux","crr",30000,"get_fit_stats_simple_boot","after_latest","result/boot","PVE",20,0,0,0.0128169095383904,0.0394513331619243,0.0128169095383904,0.0394513331619243
"linux","crr",30000,"get_fit_stats_simple_boot","after_latest","result/stats","SE",6,0,0,0.00160122508638469,992.362257261779,0.00160122508638469,992.362257261779
"linux","crr",30000,"get_fit_stats_simple_boot","after_latest","result/stats","estimate",6,0,0,0.0146352278119033,80958.6164383956,0.0146352278119033,80958.6164383956
"linux","crr",30000,"get_fit_stats_simple_boot","after_latest","result/stats","lower",6,0,0,0.0130658688988281,79664.1432095104,0.0130658688988281,79664.1432095104
"linux","crr",30000,"get_fit_stats_simple_boot","after_latest","result/boot","replicate",20,0,0,1,10,1,10
"linux","crr",30000,"get_fit_stats_simple_boot","after_latest","result/stats","upper",6,0,0,0.0180935424349973,82634.1542373926,0.0180935424349973,82634.1542373926
"linux","crr",50000,"get_facet","before_after","result/sur.data","ci_lower",296,0.0048656969712878,0.0620848005551828,0,0.305434208561206,0,0.300568511589918
"linux","crr",50000,"get_facet","before_after","result/sur.data","ci_upper",296,0.0040523751869489,0.114043728812269,0,0.329175605658821,0,0.333211667337783
"linux","crr",50000,"get_facet","before_after","result/sur.data","cif",296,0.00116544512816957,0.00656299823637293,0,0.315724644335681,0,0.31689008946385
"linux","crr",50000,"get_facet","before_after","result/sur.data","se",296,0.00112608855643385,0.243927846912307,0,0.00852009222615754,0,0.0091595224201526
"linux","crr",50000,"get_facet","before_after","result/sur.data","time",296,0,0,0,263,0,263
"linux","crr",50000,"get_facet","before_after","result/insert.data","x",3,0,0,0.5,0.5,0.5,0.5
"linux","crr",50000,"get_facet","before_after","result/insert.data","y",3,0,0,0.5,0.5,0.5,0.5
"linux","crr",50000,"get_facet","before_after","result/sur.data","yhat",296,0.00116544512816957,0.00656299823637293,0,0.315724644335681,0,0.31689008946385
"linux","crr",50000,"get_eff_cat","before_after","result/haz_models","conf.high",20,0.26647352374502,0.00756736359013427,1.68892405869608,35.2135219315255,1.68746171435342,35.4799954552705
"linux","crr",50000,"get_eff_cat","before_after","result/haz_models","conf.low",20,0.186207159493893,0.00691321562932656,1.19748642501567,26.9349561011787,1.19616227129319,27.1211632606726
"linux","crr",50000,"get_eff_cat","before_after","result/haz_models","estimate",20,0.222979850939407,0.00724023650552443,1.42213347937911,30.7973159121624,1.42073151473503,31.0202957631018
"linux","crr",50000,"get_eff_cat","before_after","result/haz_models","p.value_0.95",20,3.23368225408944e-06,0.053894704234824,0,6e-05,0,6.32336822540894e-05
"linux","crr",50000,"get_eff_cat","before_after","result/haz_models","p_value",20,3.23368225408944e-06,0.053894704234824,0,6e-05,0,6.32336822540894e-05
"linux","crr",50000,"get_facet_diff","before_after","result/diff.data","conf.high",750,0.00266055811364135,0.941065372844,-0.191376036791509,0.00823603893257388,-0.191376036791509,0.00823603893257388
"linux","crr",50000,"get_facet_diff","before_after","result/forest.data","conf.high",24,0.00104197411781223,0.0474248336331554,-0.146052188275646,-0.00545533739407255,-0.146052188275646,-0.00545533739407255
"linux","crr",50000,"get_facet_diff","before_after","result/diff.data","conf.high_Female",617,0.00277897348963976,0.101378987122043,0,0.217907439033901,0,0.217907439033901
"linux","crr",50000,"get_facet_diff","before_after","result/forest.data","conf.high_Female",24,0.00195191245925054,0.0304695804157697,0.011742309642567,0.158273273215255,0.011742309642567,0.158979612532412
"linux","crr",50000,"get_facet_diff","before_after","result/diff.data","conf.high_Male",681,0.00528976559639749,0.0792718486086266,0,0.334628864043345,0,0.334628864043345
"linux","crr",50000,"get_facet_diff","before_after","result/forest.data","conf.high_Male",24,0.0017810004233826,0.0232374574306046,0.0264834969158859,0.265929634942468,0.0268440329861322,0.265929634942468
"linux","crr",50000,"get_facet_diff","before_after","result/diff.data","conf.low",750,0.00313930212572108,0.14926802662998,-0.22313474804004,0.00105568303306496,-0.22313474804004,0.00105568303306496
"linux","crr",50000,"get_facet_diff","before_after","result/forest.data","conf.low",24,0.000862744413462485,0.0226357474920551,-0.169767823280793,-0.0141726137837243,-0.169767823280793,-0.0143926542521937
"linux","crr",50000,"get_facet_diff","before_after","result/diff.data","conf.low_Female",617,0.0015210668086842,0.268689482713818,0,0.179299331803377,0,0.178850215865302
"linux","crr",50000,"get_facet_diff","before_after","result/forest.data","conf.low_Female",24,0.000700886888811154,0.0230040552885248,0.00744778394682836,0.142082752974054,0.00744778394682836,0.141664236061457
"linux","crr",50000,"get_facet_diff","before_after","result/diff.data","conf.low_Male",681,0.00581659607566165,0.291702159925913,0,0.306802970073188,0,0.306802970073188
"linux","crr",50000,"get_facet_diff","before_after","result/forest.data","conf.low_Male",24,0.00126426302211513,0.0168796806854817,0.0202947714499646,0.242478640277833,0.0199522021883044,0.242806379796313
"linux","crr",50000,"get_facet_diff","before_after","result/diff.data","estimate",750,0.000506242366459964,0.00743257043375575,-0.207255392415775,0.0045555198216329,-0.207255392415775,0.0045555198216329
"linux","crr",50000,"get_facet_diff","before_after","result/forest.data","estimate",24,0.000398308355032406,0.00485400777678336,-0.15791000577822,-0.0104766396000011,-0.15791000577822,-0.0105069858810924
"linux","crr",50000,"get_facet_diff","before_after","result/diff.data","estimate_Female",617,0.00065920276170961,0.00586677442375184,0,0.198051694898974,0,0.198051694898974
"linux","crr",50000,"get_facet_diff","before_after","result/forest.data","estimate_Female",24,0.000286701596728833,0.00343149332478259,0.00959504679469768,0.150035222700206,0.00959504679469768,0.150321924296935
"linux","crr",50000,"get_facet_diff","before_after","result/diff.data","estimate_Male",681,0.00116544512816957,0.00656299823637293,0,0.320715917058267,0,0.320715917058267
"linux","crr",50000,"get_facet_diff","before_after","result/forest.data","estimate_Male",24,0.000597525148704758,0.00405245588899952,0.0233565660159367,0.25420413761015,0.0233981175872183,0.25420413761015
"linux","crr",50000,"get_facet_diff","before_after","result/diff.data","p.value_0.95",744,0.0632274596330981,731.935708717328,1.49246317731303e-168,0.312583298602763,1.49246317731303e-168,0.312583298602763
"linux","crr",50000,"get_facet_diff","before_after","result/forest.data","p.value_0.95",24,8.82763257380525e-08,3.19317408830194,3.57506755608055e-150,0.000642877311811373,3.57506755608055e-150,0.000642877311811373
"linux","crr",50000,"get_facet_diff","before_after","result/diff.data","p_value",744,0.0632274596330981,731.935708717328,1.49246317731303e-168,0.312583298602763,1.49246317731303e-168,0.312583298602763
"linux","crr",50000,"get_facet_diff","before_after","result/forest.data","p_value",24,8.82763257380525e-08,3.19317408830194,3.57506755608055e-150,0.000642877311811373,3.57506755608055e-150,0.000642877311811373
"linux","crr",50000,"get_facet_diff","before_after","result/diff.data","time",752,0,0,0,287,0,287
"linux","crr",50000,"get_facet_diff","before_after","result/forest.data","time",24,0,0,12,120,12,120
"linux","crr",50000,"get_score","before_after","result/AUC/score","AUC",2,0,0,0.804380528790844,0.828598687907514,0.804380528790844,0.828598687907514
"linux","crr",50000,"get_score","before_after","result/Brier/score","Brier",2,0,0,0.0746126150319777,0.106362413525817,0.0746126150319777,0.106362413525817
"linux","crr",50000,"get_score","before_after","result/AUC/score","lower",2,0,0,0.799884863817019,0.824182843956895,0.799884863817019,0.824182843956895
"linux","crr",50000,"get_score","before_after","result/Brier/score","lower",2,0,0,0.0728548396325638,0.104204001683326,0.0728548396325638,0.104204001683326
"linux","crr",50000,"get_score","before_after","result/AUC/score","se",2,0,0,0.00225302300728502,0.0022937487674706,0.00225302300728502,0.0022937487674706
"linux","crr",50000,"get_score","before_after","result/Brier/score","se",2,0,0,0.000896840663032064,0.00110125076762414,0.000896840663032064,0.00110125076762414
"linux","crr",50000,"get_score","before_after","result/AUC/score","times",2,0,0,60,120,60,120
"linux","crr",50000,"get_score","before_after","result/Brier/score","times",2,0,0,60,120,60,120
"linux","crr",50000,"get_score","before_after","result/AUC/score","upper",2,0,0,0.80887619376467,0.833014531858133,0.80887619376467,0.833014531858133
"linux","crr",50000,"get_score","before_after","result/Brier/score","upper",2,0,0,0.0763703904313915,0.108520825368307,0.0763703904313915,0.108520825368307
"linux","crr",50000,"get_score","after_latest","result/AUC/score","AUC",2,0,0,0.804380528790844,0.828598687907514,0.804380528790844,0.828598687907514
"linux","crr",50000,"get_score","after_latest","result/Brier/score","Brier",2,0,0,0.0746126150319777,0.106362413525817,0.0746126150319777,0.106362413525817
"linux","crr",50000,"get_score","after_latest","result/AUC/score","lower",2,0,0,0.799884863817019,0.824182843956895,0.799884863817019,0.824182843956895
"linux","crr",50000,"get_score","after_latest","result/Brier/score","lower",2,0,0,0.0728548396325638,0.104204001683326,0.0728548396325638,0.104204001683326
"linux","crr",50000,"get_score","after_latest","result/AUC/score","se",2,0,0,0.00225302300728502,0.0022937487674706,0.00225302300728502,0.0022937487674706
"linux","crr",50000,"get_score","after_latest","result/Brier/score","se",2,0,0,0.000896840663032064,0.00110125076762414,0.000896840663032064,0.00110125076762414
"linux","crr",50000,"get_score","after_latest","result/AUC/score","times",2,0,0,60,120,60,120
"linux","crr",50000,"get_score","after_latest","result/Brier/score","times",2,0,0,60,120,60,120
"linux","crr",50000,"get_score","after_latest","result/AUC/score","upper",2,0,0,0.80887619376467,0.833014531858133,0.80887619376467,0.833014531858133
"linux","crr",50000,"get_score","after_latest","result/Brier/score","upper",2,0,0,0.0763703904313915,0.108520825368307,0.0763703904313915,0.108520825368307
"linux","crr",50000,"get_score_boot","after_latest","result/AUC/score","AUC",2,0,0,0.803031993649571,0.82732797564436,0.803031993649571,0.82732797564436
"linux","crr",50000,"get_score_boot","after_latest","result/Brier/score","Brier",2,0,0,0.0744335934358357,0.106380960024063,0.0744335934358357,0.106380960024063
"linux","crr",50000,"get_score_boot","after_latest","result/AUC/score","lower",2,0,0,0.798311125860442,0.819144747963033,0.798311125860442,0.819144747963033
"linux","crr",50000,"get_score_boot","after_latest","result/Brier/score","lower",2,0,0,0.0729974972519314,0.104557210396162,0.0729974972519314,0.104557210396162
"linux","crr",50000,"get_score_boot","after_latest","result/AUC/score","se",2,0,0,0.00297427230440566,0.00613400101401722,0.00297427230440566,0.00613400101401722
"linux","crr",50000,"get_score_boot","after_latest","result/Brier/score","se",2,0,0,0.00114468933621104,0.00128218863532104,0.00114468933621104,0.00128218863532104
"linux","crr",50000,"get_score_boot","after_latest","result/AUC/score","times",2,0,0,60,120,60,120
"linux","crr",50000,"get_score_boot","after_latest","result/Brier/score","times",2,0,0,60,120,60,120
"linux","crr",50000,"get_score_boot","after_latest","result/AUC/score","upper",2,0,0,0.807806513841317,0.837700567739646,0.807806513841317,0.837700567739646
"linux","crr",50000,"get_score_boot","after_latest","result/Brier/score","upper",2,0,0,0.0762484530721333,0.108374982759931,0.0762484530721333,0.108374982759931
"linux","crr",50000,"fit_hazard","before_after","fit","beta",12,0.00545084926532935,0.0039875485521744,0.0104323652664984,2.91700777146804,0.0104739648295126,2.92245862073337
"linux","crr",50000,"fit_hazard","before_after","fit","se",12,0.000246194697898286,0.0032122368796086,0.00131032840845186,0.115661597761163,0.00131389344736541,0.115907792459062
"linux","crr",50000,"get_eff_sub","before_after","result/haz_direct","conf.high",3,0.00287541702821903,0.00109552834281513,2.21826988945532,2.64260159966318,2.22070006699123,2.6454770166914
"linux","crr",50000,"get_eff_sub","before_after","result/haz_unadj","conf.high",3,0.00279799084321608,0.00120096866284456,2.24761159854272,2.64613484343708,2.25031090963882,2.6489328342803
"linux","crr",50000,"get_eff_sub","before_after","result/haz_direct","conf.low",3,0.00190597429737993,0.000846415433410739,1.96159692032042,2.25181893210473,1.96325081211042,2.25372490640211
"linux","crr",50000,"get_eff_sub","before_after","result/haz_unadj","conf.low",3,0.00192709224279852,0.000969057572000055,1.98862513278872,2.25492331968968,1.99055222503152,2.25676938997158
"linux","crr",50000,"get_eff_sub","before_after","result/haz_direct","estimate",3,0.00235950931971773,0.000969323912761702,2.08598930572404,2.43939753056606,2.08801130503984,2.44175703988578
"linux","crr",50000,"get_eff_sub","before_after","result/haz_unadj","estimate",3,0.00229387313358576,0.00108500640186451,2.11415631248247,2.44270979969166,2.11645018561606,2.44500113220719
"linux","crr",50000,"get_eff_sub","before_after","result/haz_direct","p.value_0.95",3,1.08547307251864e-105,1.08547307251864e-97,0,0,1.75830856391231e-220,1.08547307251864e-105
"linux","crr",50000,"get_eff_sub","before_after","result/haz_unadj","p.value_0.95",3,4.6666373219698e-106,4.6666373219698e-98,0,0,1.22501499612144e-244,4.6666373219698e-106
"linux","crr",50000,"get_eff_sub","before_after","result/haz_direct","p_value",3,1.08547307251864e-105,1.08547307251864e-97,0,0,1.75830856391231e-220,1.08547307251864e-105
"linux","crr",50000,"get_eff_sub","before_after","result/haz_unadj","p_value",3,4.6666373219698e-106,4.6666373219698e-98,0,0,1.22501499612144e-244,4.6666373219698e-106
"linux","crr",50000,"get_fit_stats_simple","after_latest","result/stats","estimate",6,0,0,0.0135472724914316,142014.392945074,0.0135472724914316,142014.392945074
"linux","crr",50000,"get_fit_stats_simple_boot","after_latest","result/boot","AIC",20,0,0,138462.428134438,145935.213254856,138462.428134438,145935.213254856
"linux","crr",50000,"get_fit_stats_simple_boot","after_latest","result/boot","BIC",20,0,0,138476.053821305,145942.070627689,138476.053821305,145942.070627689
"linux","crr",50000,"get_fit_stats_simple_boot","after_latest","result/boot","PVE",20,0,0,0.0128133534146168,0.0370496449549775,0.0128133534146168,0.0370496449549775
"linux","crr",50000,"get_fit_stats_simple_boot","after_latest","result/stats","SE",6,0,0,0.000964666254474196,2071.54205136807,0.000964666254474196,2071.54205136807
"linux","crr",50000,"get_fit_stats_simple_boot","after_latest","result/stats","estimate",6,0,0,0.0135472724914316,142014.392945074,0.0135472724914316,142014.392945074
"linux","crr",50000,"get_fit_stats_simple_boot","after_latest","result/stats","lower",6,0,0,0.0128193893215701,139585.358940685,0.0128193893215701,139585.358940685
"linux","crr",50000,"get_fit_stats_simple_boot","after_latest","result/boot","replicate",20,0,0,1,10,1,10
"linux","crr",50000,"get_fit_stats_simple_boot","after_latest","result/stats","upper",6,0,0,0.0155544117020797,145644.696812662,0.0155544117020797,145644.696812662
"linux","crr",100000,"get_eff_cat","before_after","result/haz_models","conf.high",20,0.260387798103153,0.00756939962995199,1.6780381562294,34.4000595599158,1.67703661818189,34.6604473580189
"linux","crr",100000,"get_eff_cat","before_after","result/haz_models","conf.low",20,0.201529523124254,0.00708705167256798,1.31603394824259,28.4362993858672,1.31502620987613,28.6378289089915
"linux","crr",100000,"get_eff_cat","before_after","result/haz_models","estimate",20,0.229199285237673,0.00732819678038782,1.48605355894203,31.2763551670815,1.48504111317876,31.5055544523192
"linux","crr",100000,"get_eff_cat","before_after","result/haz_models","p.value_0.95",20,2.29771515825036e-11,0.00229771515825036,0,3e-10,0,3.22977151582504e-10
"linux","crr",100000,"get_eff_cat","before_after","result/haz_models","p_value",20,2.29771515825036e-11,0.00229771515825036,0,3e-10,0,3.22977151582504e-10
"linux","crr",100000,"get_score","before_after","result/AUC/score","AUC",2,0,0,0.803845928413467,0.829936593166262,0.803845928413467,0.829936593166262
"linux","crr",100000,"get_score","before_after","result/Brier/score","Brier",2,0,0,0.0741676152650603,0.105899750822539,0.0741676152650603,0.105899750822539
"linux","crr",100000,"get_score","before_after","result/AUC/score","lower",2,0,0,0.803221231629608,0.829324578616639,0.803221231629608,0.829324578616639
"linux","crr",100000,"get_score","before_after","result/Brier/score","lower",2,0,0,0.0729282354787248,0.10437501145744,0.0729282354787248,0.10437501145744
"linux","crr",100000,"get_score","before_after","result/AUC/score","se",2,0,0,0.000312258059050875,0.000318728705622076,0.000312258059050875,0.000318728705622076
"linux","crr",100000,"get_score","before_after","result/Brier/score","se",2,0,0,0.000632348245228799,0.000777942542376695,0.000632348245228799,0.000777942542376695
"linux","crr",100000,"get_score","before_after","result/AUC/score","times",2,0,0,60,120,60,120
"linux","crr",100000,"get_score","before_after","result/Brier/score","times",2,0,0,60,120,60,120
"linux","crr",100000,"get_score","before_after","result/AUC/score","upper",2,0,0,0.804470625197325,0.830548607715884,0.804470625197325,0.830548607715884
"linux","crr",100000,"get_score","before_after","result/Brier/score","upper",2,0,0,0.0754069950513959,0.107424490187639,0.0754069950513959,0.107424490187639
"linux","crr",100000,"get_score","after_latest","result/AUC/score","AUC",2,0,0,0.803845928413467,0.829936593166262,0.803845928413467,0.829936593166262
"linux","crr",100000,"get_score","after_latest","result/Brier/score","Brier",2,0,0,0.0741676152650603,0.105899750822539,0.0741676152650603,0.105899750822539
"linux","crr",100000,"get_score","after_latest","result/AUC/score","lower",2,0,0,0.803221231629608,0.829324578616639,0.803221231629608,0.829324578616639
"linux","crr",100000,"get_score","after_latest","result/Brier/score","lower",2,0,0,0.0729282354787248,0.10437501145744,0.0729282354787248,0.10437501145744
"linux","crr",100000,"get_score","after_latest","result/AUC/score","se",2,0,0,0.000312258059050875,0.000318728705622076,0.000312258059050875,0.000318728705622076
"linux","crr",100000,"get_score","after_latest","result/Brier/score","se",2,0,0,0.000632348245228799,0.000777942542376695,0.000632348245228799,0.000777942542376695
"linux","crr",100000,"get_score","after_latest","result/AUC/score","times",2,0,0,60,120,60,120
"linux","crr",100000,"get_score","after_latest","result/Brier/score","times",2,0,0,60,120,60,120
"linux","crr",100000,"get_score","after_latest","result/AUC/score","upper",2,0,0,0.804470625197325,0.830548607715884,0.804470625197325,0.830548607715884
"linux","crr",100000,"get_score","after_latest","result/Brier/score","upper",2,0,0,0.0754069950513959,0.107424490187639,0.0754069950513959,0.107424490187639
"linux","crr",100000,"get_score_boot","after_latest","result/AUC/score","AUC",2,0,0,0.802238794721948,0.828812474598555,0.802238794721948,0.828812474598555
"linux","crr",100000,"get_score_boot","after_latest","result/Brier/score","Brier",2,0,0,0.0741857450846857,0.106543952731241,0.0741857450846857,0.106543952731241
"linux","crr",100000,"get_score_boot","after_latest","result/AUC/score","lower",2,0,0,0.799706255123137,0.82478359554159,0.799706255123137,0.82478359554159
"linux","crr",100000,"get_score_boot","after_latest","result/Brier/score","lower",2,0,0,0.0731372211881634,0.105228850350366,0.0731372211881634,0.105228850350366
"linux","crr",100000,"get_score_boot","after_latest","result/AUC/score","se",2,0,0,0.00174557856315107,0.00272803210565251,0.00174557856315107,0.00272803210565251
"linux","crr",100000,"get_score_boot","after_latest","result/Brier/score","se",2,0,0,0.000662138256418719,0.000879795779833808,0.000662138256418719,0.000879795779833808
"linux","crr",100000,"get_score_boot","after_latest","result/AUC/score","times",2,0,0,60,120,60,120
"linux","crr",100000,"get_score_boot","after_latest","result/Brier/score","times",2,0,0,60,120,60,120
"linux","crr",100000,"get_score_boot","after_latest","result/AUC/score","upper",2,0,0,0.804588158348989,0.832403771068146,0.804588158348989,0.832403771068146
"linux","crr",100000,"get_score_boot","after_latest","result/Brier/score","upper",2,0,0,0.0753809801789644,0.1071884985265,0.0753809801789644,0.1071884985265
"linux","crr",100000,"fit_hazard","before_after","fit","beta",12,0.00580605126883071,0.00330892380147701,0.0096021280169436,2.95066274364735,0.00963390072688369,2.95646879491618
"linux","crr",100000,"fit_hazard","before_after","fit","se",12,0.000183585407800543,0.00315385972500625,0.000923229665142274,0.0812851041195693,0.000925603599763483,0.0814686895273698
"linux","crr",100000,"get_fit_stats_simple","after_latest","result/stats","estimate",6,0,0,0.0133823211323646,301243.207366412,0.0133823211323646,301243.207366412
"linux","crr",100000,"get_fit_stats_simple_boot","after_latest","result/boot","AIC",20,0,0,295139.798438196,304197.476316619,295139.798438196,304197.476316619
"linux","crr",100000,"get_fit_stats_simple_boot","after_latest","result/boot","BIC",20,0,0,295154.806844803,304205.003946408,295154.806844803,304205.003946408
"linux","crr",100000,"get_fit_stats_simple_boot","after_latest","result/boot","PVE",20,0,0,0.0126726262867257,0.0353657244531031,0.0126726262867257,0.0353657244531031
"linux","crr",100000,"get_fit_stats_simple_boot","after_latest","result/stats","SE",6,0,0,0.000583592111982814,2004.53326809432,0.000583592111982814,2004.53326809432
"linux","crr",100000,"get_fit_stats_simple_boot","after_latest","result/stats","estimate",6,0,0,0.0133823211323646,301243.207366412,0.0133823211323646,301243.207366412
"linux","crr",100000,"get_fit_stats_simple_boot","after_latest","result/stats","lower",6,0,0,0.0127479005445009,297709.904150931,0.0127479005445009,297709.904150931
"linux","crr",100000,"get_fit_stats_simple_boot","after_latest","result/boot","replicate",20,0,0,1,10,1,10
"linux","crr",100000,"get_fit_stats_simple_boot","after_latest","result/stats","upper",6,0,0,0.0146019727741531,303886.293861802,0.0146019727741531,303886.293861802
"linux","cox",5000,"get_facet","before_after","result/sur.data","ci_lower",288,1.11022302462516e-16,1.64868045727284e-16,0.328392173958604,1,0.328392173958604,1
"linux","cox",5000,"get_facet","before_after","result/sur.data","ci_upper",288,1.11022302462516e-16,1.55609885932729e-16,0.634066196630332,1,0.634066196630332,1
"linux","cox",5000,"get_facet","before_after","result/sur.data","se",288,1.38777878078145e-17,5.13165882572052e-16,0,0.0779794998997038,0,0.0779794998997038
"linux","cox",5000,"get_facet","before_after","result/sur.data","surv",288,0,0,0.481229185294468,1,0.481229185294468,1
"linux","cox",5000,"get_facet","before_after","result/sur.data","time",288,0,0,0,253,0,253
"linux","cox",5000,"get_facet","before_after","result/insert.data","x",3,0,0,0.5,0.5,0.5,0.5
"linux","cox",5000,"get_facet","before_after","result/insert.data","y",3,0,0,0.5,0.5,0.5,0.5
"linux","cox",5000,"get_facet","before_after","result/sur.data","yhat",288,0,0,0.481229185294468,1,0.481229185294468,1
"linux","cox",5000,"get_rpa","before_after","UM/haz_direct","conf.high",10,0,0,1,54.0384980113128,1,54.0384980113128
"linux","cox",5000,"get_rpa","before_after","UM/haz_unadj","conf.high",10,0,0,1,60.3551695396433,1,60.3551695396433
"linux","cox",5000,"get_rpa","before_after","UM/sur_direct","conf.high",10,0,0,0,0.750136808397898,0,0.750136808397898
"linux","cox",5000,"get_rpa","before_after","UM/sur_unadj","conf.high",10,0,0,0,0.987123862824597,0,0.987123862824597
"linux","cox",5000,"get_rpa","before_after","UM/sur_direct","conf.high_sur",10,0,0,0.49011460195641,0.97750591279411,0.49011460195641,0.97750591279411
"linux","cox",5000,"get_rpa","before_after","UM/sur_unadj","conf.high_sur",10,0,0,0.493856198851931,0.979340290436552,0.493856198851931,0.979340290436552
"linux","cox",5000,"get_rpa","before_after","UM/haz_direct","conf.low",10,0,0,1,19.3729101834695,1,19.3729101834695
"linux","cox",5000,"get_rpa","before_after","UM/haz_unadj","conf.low",10,0,0,1,21.693172107243,1,21.693172107243
"linux","cox",5000,"get_rpa","before_after","UM/sur_direct","conf.low",10,0,0,0,0.477050865079235,0,0.477050865079235
"linux","cox",5000,"get_rpa","before_after","UM/sur_unadj","conf.low",10,0,0,0,0.41707971813178,0,0.41707971813178
"linux","cox",5000,"get_rpa","before_after","UM/sur_direct","conf.low_sur",10,0,0,0.217758428563039,0.957554791202472,0.217758428563039,0.957554791202472
"linux","cox",5000,"get_rpa","before_after","UM/sur_unadj","conf.low_sur",10,0,0,0.270429957944055,0.958294326904247,0.270429957944055,0.958294326904247
"linux","cox",5000,"get_rpa","before_after","tree_groups","count",10,0,0,36,1514,36,1514
"linux","cox",5000,"get_rpa","before_after","UM/haz_direct","estimate",10,0,0,1,32.355570902439,1,32.355570902439
"linux","cox",5000,"get_rpa","before_after","UM/haz_unadj","estimate",10,0,0,1,36.1841827375625,1,36.1841827375625
"linux","cox",5000,"get_rpa","before_after","UM/sur_direct","estimate",10,0,0,0,0.613593836738567,0,0.613593836738567
"linux","cox",5000,"get_rpa","before_after","UM/sur_unadj","estimate",10,0,0,0,0.550213445561574,0,0.550213445561574
"linux","cox",5000,"get_rpa","before_after","UM/sur_direct","estimate_sur",10,0,0,0.353936515259724,0.967530351998291,0.353936515259724,0.967530351998291
"linux","cox",5000,"get_rpa","before_after","UM/sur_unadj","estimate_sur",10,0,0,0.418546712802768,0.968760158364342,0.418546712802768,0.968760158364342
"linux","cox",5000,"get_rpa","before_after","UM/haz_direct","p.value_0.95",9,0,0,1.51611656745642e-80,4.99933993737434e-05,1.51611656745642e-80,4.99933993737434e-05
"linux","cox",5000,"get_rpa","before_after","UM/haz_unadj","p.value_0.95",9,0,0,3.18593884898891e-86,3.77811574414747e-05,3.18593884898891e-86,3.77811574414747e-05
"linux","cox",5000,"get_rpa","before_after","UM/haz_direct","p_value",9,0,0,1.51611656745642e-80,4.99933993737434e-05,1.51611656745642e-80,4.99933993737434e-05
"linux","cox",5000,"get_rpa","before_after","UM/haz_unadj","p_value",9,0,0,3.18593884898891e-86,3.77811574414747e-05,3.18593884898891e-86,3.77811574414747e-05
"linux","cox",5000,"get_rpa","before_after","UM/sur_direct","p_value",9,0,0,1.08900079466399e-109,0.000687679122059758,1.08900079466399e-109,0.000687679122059758
"linux","cox",5000,"get_rpa","before_after","UM/sur_unadj","p_value",9,0,0,1.87830797230557e-21,0.0212882321238742,1.87830797230557e-21,0.0212882321238742
"linux","cox",5000,"get_rpa","before_after","UM/sur_direct","time",11,0,0,120,120,120,120
"linux","cox",5000,"get_rpa","before_after","UM/sur_unadj","time",11,0,0,120,120,120,120
"linux","cox",5000,"get_fit_stats","after_latest","result/stats","estimate",6,0,0,0.0452615076604916,11030.4267020355,0.0452615076604916,11030.4267020355
"linux","cox",5000,"get_eff_cat","before_after","result/haz_models","conf.high",20,0,0,3.04345994709717,76.4435145239951,3.04345994709717,76.4435145239951
"linux","cox",5000,"get_eff_cat","before_after","result/haz_models","conf.low",20,0,0,0.812322666262108,32.1441352152532,0.812322666262108,32.1441352152532
"linux","cox",5000,"get_eff_cat","before_after","result/haz_models","estimate",20,0,0,1.57234585854637,49.5702599064043,1.57234585854637,49.5702599064043
"linux","cox",5000,"get_eff_cat","before_after","result/haz_models","p.value_0.95",20,0,0,8.22196951371322e-70,0.179239734551374,8.22196951371322e-70,0.179239734551374
"linux","cox",5000,"get_eff_cat","before_after","result/haz_models","p_value",20,0,0,8.22196951371322e-70,0.179239734551374,8.22196951371322e-70,0.179239734551374
"linux","cox",5000,"get_fit_stats_boot","after_latest","result/boot","AIC",20,0,0,9891.99431567595,12134.8404975316,9891.99431567595,12134.8404975316
"linux","cox",5000,"get_fit_stats_boot","after_latest","result/boot","BIC",20,0,0,9946.09954531961,12144.1254711343,9946.09954531961,12144.1254711343
"linux","cox",5000,"get_fit_stats_boot","after_latest","result/boot","PVE",20,0,0,0.0346184328028985,0.195300306031937,0.0346184328028985,0.195300306031937
"linux","cox",5000,"get_fit_stats_boot","after_latest","result/stats","SE",6,0,0,0.00381781415927163,542.830900399306,0.00381781415927163,542.830900399306
"linux","cox",5000,"get_fit_stats_boot","after_latest","result/stats","estimate",6,0,0,0.0452615076604916,11030.4267020355,0.0452615076604916,11030.4267020355
"linux","cox",5000,"get_fit_stats_boot","after_latest","result/stats","lower",6,0,0,0.0357234738443322,10495.2510592702,0.0357234738443322,10495.2510592702
"linux","cox",5000,"get_fit_stats_boot","after_latest","result/boot","replicate",20,0,0,1,10,1,10
"linux","cox",5000,"get_fit_stats_boot","after_latest","result/stats","upper",6,0,0,0.0473191103321445,12084.072361981,0.0473191103321445,12084.072361981
"linux","cox",5000,"curve_direct","before_after","result","ci_lower",528,0,0,0.215772194691539,1,0.215772194691539,1
"linux","cox",5000,"curve_direct","before_after","result","ci_upper",528,0,0,0.417156406252021,1,0.417156406252021,1
"linux","cox",5000,"curve_direct","before_after","result","probability",528,0,0,0.31646430047178,1,0.31646430047178,1
"linux","cox",5000,"curve_direct","before_after","result","se",528,0,0,0,0.0881303694057726,0,0.0881303694057726
"linux","cox",5000,"curve_direct","before_after","result","time",528,0,0,0,253,0,253
"linux","cox",5000,"get_facet_diff","before_after","result/diff.data","conf.high",979,0,0,-0.000464240032406237,0.595748808660274,-0.000464240032406237,0.595748808660274
"linux","cox",5000,"get_facet_diff","before_after","result/forest.data","conf.high",24,0,0,0.0223109495702481,0.227924282119044,0.0223109495702481,0.227924282119044
"linux","cox",5000,"get_facet_diff","before_after","result/diff.data","conf.high_Female",906,0,0,0.770700944945573,1,0.770700944945573,1
"linux","cox",5000,"get_facet_diff","before_after","result/forest.data","conf.high_Female",24,0,0,0.848012299516008,0.995382164795685,0.848012299516008,0.995382164795685
"linux","cox",5000,"get_facet_diff","before_after","result/diff.data","conf.high_Male",784,0,0,0.627747402355645,1,0.627747402355645,1
"linux","cox",5000,"get_facet_diff","before_after","result/forest.data","conf.high_Male",24,0,0,0.740595524450705,0.986261250224809,0.740595524450705,0.986261250224809
"linux","cox",5000,"get_facet_diff","before_after","result/diff.data","conf.low",979,0,0,-0.36784428834091,0.157770710324642,-0.36784428834091,0.157770710324642
"linux","cox",5000,"get_facet_diff","before_after","result/forest.data","conf.low",24,0,0,-0.027106790610034,0.116713707092293,-0.027106790610034,0.116713707092293
"linux","cox",5000,"get_facet_diff","before_after","result/diff.data","conf.low_Female",906,0,0,0.406397894495705,1,0.406397894495705,1
"linux","cox",5000,"get_facet_diff","before_after","result/forest.data","conf.low_Female",24,0,0,0.781000133219073,0.980466544216805,0.781000133219073,0.980466544216805
"linux","cox",5000,"get_facet_diff","before_after","result/diff.data","conf.low_Male",784,0,0,0.328392173958604,1,0.328392173958604,1
"linux","cox",5000,"get_facet_diff","before_after","result/forest.data","conf.low_Male",24,0,0,0.653365765266002,0.96292490785129,0.653365765266002,0.96292490785129
"linux","cox",5000,"get_facet_diff","before_after","result/diff.data","estimate",979,0,0,-0.011077308770299,0.272052749305149,-0.011077308770299,0.272052749305149
"linux","cox",5000,"get_facet_diff","before_after","result/forest.data","estimate",24,0,0,-0.00239792051989296,0.171701925504584,-0.00239792051989296,0.171701925504584
"linux","cox",5000,"get_facet_diff","before_after","result/diff.data","estimate_Female",906,0,0,0.632401956581869,1,0.632401956581869,1
"linux","cox",5000,"get_facet_diff","before_after","result/forest.data","estimate_Female",24,0,0,0.814506216367541,0.987896204715995,0.814506216367541,0.987896204715995
"linux","cox",5000,"get_facet_diff","before_after","result/diff.data","estimate_Male",784,0,0,0.481229185294468,1,0.481229185294468,1
"linux","cox",5000,"get_facet_diff","before_after","result/forest.data","estimate_Male",24,0,0,0.697209268735059,0.974043040593427,0.697209268735059,0.974043040593427
"linux","cox",5000,"get_facet_diff","before_after","result/diff.data","p.value_0.95",976,0,0,5.71623223669876e-15,0.999711673114235,5.71623223669876e-15,0.999711673114235
"linux","cox",5000,"get_facet_diff","before_after","result/forest.data","p.value_0.95",24,0,0,6.07272469915243e-15,0.849145727202918,6.07272469915243e-15,0.849145727202918
"linux","cox",5000,"get_facet_diff","before_after","result/diff.data","p_value",976,0,0,5.71623223669876e-15,0.999711673114235,5.71623223669876e-15,0.999711673114235
"linux","cox",5000,"get_facet_diff","before_after","result/forest.data","p_value",24,0,0,6.07272469915243e-15,0.849145727202918,6.07272469915243e-15,0.849145727202918
"linux","cox",5000,"get_facet_diff","before_after","result/diff.data","time",983,0,0,0,287,0,287
"linux","cox",5000,"get_facet_diff","before_after","result/forest.data","time",24,0,0,12,120,12,120
"linux","cox",5000,"get_cat","before_after","curve/direct","ci_lower",528,0,0,0.215772194691539,1,0.215772194691539,1
"linux","cox",5000,"get_cat","before_after","curve/unadj","ci_lower",1488,0,0,0.235067935468534,1,0.235067935468534,1
"linux","cox",5000,"get_cat","before_after","curve/direct","ci_upper",528,0,0,0.417156406252021,1,0.417156406252021,1
"linux","cox",5000,"get_cat","before_after","curve/unadj","ci_upper",1488,0,0,0.459946393991276,1,0.459946393991276,1
"linux","cox",5000,"get_cat","before_after","UM/haz_direct","conf.high",11,0,0,1,39.3946952988299,1,39.3946952988299
"linux","cox",5000,"get_cat","before_after","UM/haz_unadj","conf.high",11,0,0,1,76.4435145239951,1,76.4435145239951
"linux","cox",5000,"get_cat","before_after","UM/sur_direct","conf.high",11,0,0,0,0.601097547893277,0,0.601097547893277
"linux","cox",5000,"get_cat","before_after","UM/sur_unadj","conf.high",11,0,0,0,1.15624971294175,0,1.15624971294175
"linux","cox",5000,"get_cat","before_after","UM/sur_direct","conf.high_sur",11,0,0,0.553006076016,0.978839634893289,0.553006076016,0.978839634893289
"linux","cox",5000,"get_cat","before_after","UM/sur_unadj","conf.high_sur",11,0,0,0.459946393991276,0.986925829988921,0.459946393991276,0.986925829988921
"linux","cox",5000,"get_cat","before_after","UM/haz_direct","conf.low",11,0,0,0.812322666262108,13.9770349444463,0.812322666262108,13.9770349444463
"linux","cox",5000,"get_cat","before_after","UM/haz_unadj","conf.low",11,0,0,1,32.1441352152532,1,32.1441352152532
"linux","cox",5000,"get_cat","before_after","UM/sur_direct","conf.low",11,0,0,-0.0114616045322441,0.411431002426494,-0.0114616045322441,0.411431002426494
"linux","cox",5000,"get_cat","before_after","UM/sur_unadj","conf.low",11,0,0,-0.0716321257216399,0.367376497130795,-0.0716321257216399,0.367376497130795
"linux","cox",5000,"get_cat","before_after","UM/sur_direct","conf.low_sur",11,0,0,0.365255281868541,0.951950273311023,0.365255281868541,0.951950273311023
"linux","cox",5000,"get_cat","before_after","UM/sur_unadj","conf.low_sur",11,0,0,0.235067935468534,0.966390942656843,0.235067935468534,0.966390942656843
"linux","cox",5000,"get_cat","before_after","UM/haz_direct","estimate",11,0,0,1,23.4653155277648,1,23.4653155277648
"linux","cox",5000,"get_cat","before_after","UM/haz_unadj","estimate",11,0,0,1,49.5702599064043,1,49.5702599064043
"linux","cox",5000,"get_cat","before_after","UM/sur_direct","estimate",11,0,0,0,0.506264275159886,0,0.506264275159886
"linux","cox",5000,"get_cat","before_after","UM/sur_unadj","estimate",11,0,0,0,0.627131182528583,0,0.627131182528583
"linux","cox",5000,"get_cat","before_after","UM/sur_direct","estimate_sur",11,0,0,0.459130678942271,0.965394954102156,0.459130678942271,0.965394954102156
"linux","cox",5000,"get_cat","before_after","UM/sur_unadj","estimate_sur",11,0,0,0.349473232357701,0.976604414886284,0.349473232357701,0.976604414886284
"linux","cox",5000,"get_cat","before_after","UM/haz_direct","p.value_0.95",10,0,0,4.53391190087569e-40,0.179239734551374,4.53391190087569e-40,0.179239734551374
"linux","cox",5000,"get_cat","before_after","UM/haz_unadj","p.value_0.95",10,0,0,8.22196951371322e-70,0.0153470763470404,8.22196951371322e-70,0.0153470763470404
"linux","cox",5000,"get_cat","before_after","UM/haz_direct","p_value",10,0,0,4.53391190087569e-40,0.179239734551374,4.53391190087569e-40,0.179239734551374
"linux","cox",5000,"get_cat","before_after","UM/haz_unadj","p_value",10,0,0,8.22196951371322e-70,0.0153470763470404,8.22196951371322e-70,0.0153470763470404
"linux","cox",5000,"get_cat","before_after","UM/sur_direct","p_value",10,0,0,1.07561783173256e-69,0.219878530350848,1.07561783173256e-69,0.219878530350848
"linux","cox",5000,"get_cat","before_after","UM/sur_unadj","p_value",10,0,0,1.83526165722642e-21,0.0834012359756297,1.83526165722642e-21,0.0834012359756297
"linux","cox",5000,"get_cat","before_after","curve/direct","probability",528,0,0,0.31646430047178,1,0.31646430047178,1
"linux","cox",5000,"get_cat","before_after","curve/unadj","probability",1488,0,0,0.349473232357701,1,0.349473232357701,1
"linux","cox",5000,"get_cat","before_after","curve/direct","se",528,0,0,0,0.0881303694057726,0,0.0881303694057726
"linux","cox",5000,"get_cat","before_after","curve/unadj","se",1488,0,0,0,0.313194988586154,0,0.313194988586154
"linux","cox",5000,"get_cat","before_after","UM/sur_direct","time",12,0,0,120,120,120,120
"linux","cox",5000,"get_cat","before_after","UM/sur_unadj","time",12,0,0,120,120,120,120
"linux","cox",5000,"get_cat","before_after","curve/direct","time",528,0,0,0,253,0,253
"linux","cox",5000,"get_cat","before_after","curve/unadj","time",1488,0,0,1,287,1,287
"linux","cox",5000,"get_eff","before_after","result/haz_direct","conf.high",11,0,0,1,39.3946952988299,1,39.3946952988299
"linux","cox",5000,"get_eff","before_after","result/haz_unadj","conf.high",11,0,0,1,76.4435145239951,1,76.4435145239951
"linux","cox",5000,"get_eff","before_after","result/sur_direct","conf.high",11,0,0,0,0.601097547893277,0,0.601097547893277
"linux","cox",5000,"get_eff","before_after","result/sur_unadj","conf.high",11,0,0,0,1.15624971294175,0,1.15624971294175
"linux","cox",5000,"get_eff","before_after","result/sur_direct","conf.high_sur",11,0,0,0.553006076016,0.978839634893289,0.553006076016,0.978839634893289
"linux","cox",5000,"get_eff","before_after","result/sur_unadj","conf.high_sur",11,0,0,0.459946393991276,0.986925829988921,0.459946393991276,0.986925829988921
"linux","cox",5000,"get_eff","before_after","result/haz_direct","conf.low",11,0,0,0.812322666262108,13.9770349444463,0.812322666262108,13.9770349444463
"linux","cox",5000,"get_eff","before_after","result/haz_unadj","conf.low",11,0,0,1,32.1441352152532,1,32.1441352152532
"linux","cox",5000,"get_eff","before_after","result/sur_direct","conf.low",11,0,0,-0.0114616045322441,0.411431002426494,-0.0114616045322441,0.411431002426494
"linux","cox",5000,"get_eff","before_after","result/sur_unadj","conf.low",11,0,0,-0.0716321257216399,0.367376497130795,-0.0716321257216399,0.367376497130795
"linux","cox",5000,"get_eff","before_after","result/sur_direct","conf.low_sur",11,0,0,0.365255281868541,0.951950273311023,0.365255281868541,0.951950273311023
"linux","cox",5000,"get_eff","before_after","result/sur_unadj","conf.low_sur",11,0,0,0.235067935468534,0.966390942656843,0.235067935468534,0.966390942656843
"linux","cox",5000,"get_eff","before_after","result/haz_direct","estimate",11,0,0,1,23.4653155277648,1,23.4653155277648
"linux","cox",5000,"get_eff","before_after","result/haz_unadj","estimate",11,0,0,1,49.5702599064043,1,49.5702599064043
"linux","cox",5000,"get_eff","before_after","result/sur_direct","estimate",11,0,0,0,0.506264275159886,0,0.506264275159886
"linux","cox",5000,"get_eff","before_after","result/sur_unadj","estimate",11,0,0,0,0.627131182528583,0,0.627131182528583
"linux","cox",5000,"get_eff","before_after","result/sur_direct","estimate_sur",11,0,0,0.459130678942271,0.965394954102156,0.459130678942271,0.965394954102156
"linux","cox",5000,"get_eff","before_after","result/sur_unadj","estimate_sur",11,0,0,0.349473232357701,0.976604414886284,0.349473232357701,0.976604414886284
"linux","cox",5000,"get_eff","before_after","result/haz_direct","p.value_0.95",10,0,0,4.53391190087569e-40,0.179239734551374,4.53391190087569e-40,0.179239734551374
"linux","cox",5000,"get_eff","before_after","result/haz_unadj","p.value_0.95",10,0,0,8.22196951371322e-70,0.0153470763470404,8.22196951371322e-70,0.0153470763470404
"linux","cox",5000,"get_eff","before_after","result/haz_direct","p_value",10,0,0,4.53391190087569e-40,0.179239734551374,4.53391190087569e-40,0.179239734551374
"linux","cox",5000,"get_eff","before_after","result/haz_unadj","p_value",10,0,0,8.22196951371322e-70,0.0153470763470404,8.22196951371322e-70,0.0153470763470404
"linux","cox",5000,"get_eff","before_after","result/sur_direct","p_value",10,0,0,1.07561783173256e-69,0.219878530350848,1.07561783173256e-69,0.219878530350848
"linux","cox",5000,"get_eff","before_after","result/sur_unadj","p_value",10,0,0,1.83526165722642e-21,0.0834012359756297,1.83526165722642e-21,0.0834012359756297
"linux","cox",5000,"get_eff","before_after","result/sur_direct","time",12,0,0,120,120,120,120
"linux","cox",5000,"get_eff","before_after","result/sur_unadj","time",12,0,0,120,120,120,120
"linux","cox",5000,"get_score","before_after","result/AUC/score","AUC",2,0,0,0.827473096510077,0.836782868768149,0.827473096510077,0.836782868768149
"linux","cox",5000,"get_score","before_after","result/Brier/score","Brier",2,0,0,0.073324598244987,0.104968002414367,0.073324598244987,0.104968002414367
"linux","cox",5000,"get_score","before_after","result/AUC/score","lower",2,0,0,0.808393624151165,0.817634530035651,0.808393624151165,0.817634530035651
"linux","cox",5000,"get_score","before_after","result/Brier/score","lower",2,0,0,0.0676772459033097,0.0977787469670733,0.0676772459033097,0.0977787469670733
"linux","cox",5000,"get_score","before_after","result/AUC/score","se",2,0,0,0.00973460354853921,0.00976974009907195,0.00973460354853921,0.00976974009907195
"linux","cox",5000,"get_score","before_after","result/Brier/score","se",2,0,0,0.00288135516071872,0.00366805487447821,0.00288135516071872,0.00366805487447821
"linux","cox",5000,"get_score","before_after","result/AUC/score","times",2,0,0,60,120,60,120
"linux","cox",5000,"get_score","before_after","result/Brier/score","times",2,0,0,60,120,60,120
"linux","cox",5000,"get_score","before_after","result/AUC/score","upper",2,0,0,0.84655256886899,0.855931207500647,0.84655256886899,0.855931207500647
"linux","cox",5000,"get_score","before_after","result/Brier/score","upper",2,0,0,0.0789719505866644,0.112157257861661,0.0789719505866644,0.112157257861661
"linux","cox",5000,"get_score","after_latest","result/AUC/score","AUC",2,0,0,0.827473096510077,0.836782868768149,0.827473096510077,0.836782868768149
"linux","cox",5000,"get_score","after_latest","result/Brier/score","Brier",2,0,0,0.073324598244987,0.104968002414367,0.073324598244987,0.104968002414367
"linux","cox",5000,"get_score","after_latest","result/AUC/score","lower",2,0,0,0.808393624151165,0.817634530035651,0.808393624151165,0.817634530035651
"linux","cox",5000,"get_score","after_latest","result/Brier/score","lower",2,0,0,0.0676772459033097,0.0977787469670733,0.0676772459033097,0.0977787469670733
"linux","cox",5000,"get_score","after_latest","result/AUC/score","se",2,0,0,0.00973460354853921,0.00976974009907195,0.00973460354853921,0.00976974009907195
"linux","cox",5000,"get_score","after_latest","result/Brier/score","se",2,0,0,0.00288135516071872,0.00366805487447821,0.00288135516071872,0.00366805487447821
"linux","cox",5000,"get_score","after_latest","result/AUC/score","times",2,0,0,60,120,60,120
"linux","cox",5000,"get_score","after_latest","result/Brier/score","times",2,0,0,60,120,60,120
"linux","cox",5000,"get_score","after_latest","result/AUC/score","upper",2,0,0,0.84655256886899,0.855931207500647,0.84655256886899,0.855931207500647
"linux","cox",5000,"get_score","after_latest","result/Brier/score","upper",2,0,0,0.0789719505866644,0.112157257861661,0.0789719505866644,0.112157257861661
"linux","cox",5000,"get_score_boot","before_after","result/AUC/score","AUC",2,0,0,0.820923161758352,0.829847700046317,0.820923161758352,0.829847700046317
"linux","cox",5000,"get_score_boot","before_after","result/Brier/score","Brier",2,0,0,0.0729089682160116,0.10645894110257,0.0729089682160116,0.10645894110257
"linux","cox",5000,"get_score_boot","before_after","result/AUC/score","lower",2,0,0,0.796360593050235,0.808701787456127,0.796360593050235,0.808701787456127
"linux","cox",5000,"get_score_boot","before_after","result/Brier/score","lower",2,0,0,0.0664388606626958,0.100463063498606,0.0664388606626958,0.100463063498606
"linux","cox",5000,"get_score_boot","before_after","result/AUC/score","se",2,0,0,0.0143700761334054,0.0164151212587068,0.0143700761334054,0.0164151212587068
"linux","cox",5000,"get_score_boot","before_after","result/Brier/score","se",2,0,0,0.00365893903586328,0.00511330025651134,0.00365893903586328,0.00511330025651134
"linux","cox",5000,"get_score_boot","before_after","result/AUC/score","times",2,0,0,60,120,60,120
"linux","cox",5000,"get_score_boot","before_after","result/Brier/score","times",2,0,0,60,120,60,120
"linux","cox",5000,"get_score_boot","before_after","result/AUC/score","upper",2,0,0,0.846408883368795,0.853587564208547,0.846408883368795,0.853587564208547
"linux","cox",5000,"get_score_boot","before_after","result/Brier/score","upper",2,0,0,0.0778895553756686,0.116070793044395,0.0778895553756686,0.116070793044395
"linux","cox",5000,"get_score_boot","after_latest","result/AUC/score","AUC",2,0,0,0.820923161758352,0.829847700046317,0.820923161758352,0.829847700046317
"linux","cox",5000,"get_score_boot","after_latest","result/Brier/score","Brier",2,0,0,0.0729089682160116,0.10645894110257,0.0729089682160116,0.10645894110257
"linux","cox",5000,"get_score_boot","after_latest","result/AUC/score","lower",2,0,0,0.796360593050235,0.808701787456127,0.796360593050235,0.808701787456127
"linux","cox",5000,"get_score_boot","after_latest","result/Brier/score","lower",2,0,0,0.0664388606626958,0.100463063498606,0.0664388606626958,0.100463063498606
"linux","cox",5000,"get_score_boot","after_latest","result/AUC/score","se",2,0,0,0.0143700761334054,0.0164151212587068,0.0143700761334054,0.0164151212587068
"linux","cox",5000,"get_score_boot","after_latest","result/Brier/score","se",2,0,0,0.00365893903586328,0.00511330025651134,0.00365893903586328,0.00511330025651134
"linux","cox",5000,"get_score_boot","after_latest","result/AUC/score","times",2,0,0,60,120,60,120
"linux","cox",5000,"get_score_boot","after_latest","result/Brier/score","times",2,0,0,60,120,60,120
"linux","cox",5000,"get_score_boot","after_latest","result/AUC/score","upper",2,0,0,0.846408883368795,0.853587564208547,0.846408883368795,0.853587564208547
"linux","cox",5000,"get_score_boot","after_latest","result/Brier/score","upper",2,0,0,0.0778895553756686,0.116070793044395,0.0778895553756686,0.116070793044395
"linux","cox",5000,"fit_hazard","before_after","fit","beta",12,0,0,0.0183806462156436,3.15552339589637,0.0183806462156436,3.15552339589637
"linux","cox",5000,"fit_hazard","before_after","fit","se",12,0,0,0.00428392556727997,0.393553134174483,0.00428392556727997,0.393553134174483
"linux","cox",5000,"get_eff_sub","before_after","result/haz_direct","conf.high",3,0,0,2.47586351554725,2.93087189635263,2.47586351554725,2.93087189635263
"linux","cox",5000,"get_eff_sub","before_after","result/haz_unadj","conf.high",3,0,0,2.56534055311235,2.97407125811804,2.56534055311235,2.97407125811804
"linux","cox",5000,"get_eff_sub","before_after","result/haz_direct","conf.low",3,0,0,1.70043641547565,1.83251812051883,1.70043641547565,1.83251812051883
"linux","cox",5000,"get_eff_sub","before_after","result/haz_unadj","conf.low",3,0,0,1.76300886173682,1.95066390852334,1.76300886173682,1.95066390852334
"linux","cox",5000,"get_eff_sub","before_after","result/haz_direct","estimate",3,0,0,2.05184026707346,2.26961032672501,2.05184026707346,2.26961032672501
"linux","cox",5000,"get_eff_sub","before_after","result/haz_unadj","estimate",3,0,0,2.12666831652468,2.30371962775926,2.12666831652468,2.30371962775926
"linux","cox",5000,"get_eff_sub","before_after","result/haz_direct","p.value_0.95",3,0,0,1.15067143937507e-22,3.33014252727883e-10,1.15067143937507e-22,3.33014252727883e-10
"linux","cox",5000,"get_eff_sub","before_after","result/haz_unadj","p.value_0.95",3,0,0,2.16564527473433e-26,1.51303243167921e-10,2.16564527473433e-26,1.51303243167921e-10
"linux","cox",5000,"get_eff_sub","before_after","result/haz_direct","p_value",3,0,0,1.15067143937507e-22,3.33014252727883e-10,1.15067143937507e-22,3.33014252727883e-10
"linux","cox",5000,"get_eff_sub","before_after","result/haz_unadj","p_value",3,0,0,2.16564527473433e-26,1.51303243167921e-10,2.16564527473433e-26,1.51303243167921e-10
"linux","cox",5000,"get_inter_abs","before_after","result/estimates","conf.high",18,0,0,0.0418788355991325,2.0938155262446,0.0418788355991325,2.0938155262446
"linux","cox",5000,"get_inter_abs","before_after","result/risks","conf.high",8,0,0,0.0897612397249258,0.365186288030985,0.0897612397249258,0.365186288030985
"linux","cox",5000,"get_inter_abs","before_after","result/estimates","conf.low",18,0,0,-0.527822817239964,1.01448406072695,-0.527822817239964,1.01448406072695
"linux","cox",5000,"get_inter_abs","before_after","result/risks","conf.low",8,0,0,0.0565045307526634,0.263557156560469,0.0565045307526634,0.263557156560469
"linux","cox",5000,"get_inter_abs","before_after","result/estimates","estimate",18,0,0,-0.0602180563126061,1.45744381623367,-0.0602180563126061,1.45744381623367
"linux","cox",5000,"get_inter_abs","before_after","result/risks","estimate",8,0,0,0.0731328852387946,0.314371722295727,0.0731328852387946,0.314371722295727
"linux","cox",5000,"get_inter_abs","before_after","result/estimates","p.value",18,0,0,3.30697907471894e-13,0.976712507343629,3.30697907471894e-13,0.976712507343629
"linux","cox",5000,"get_fit_stats_simple","after_latest","result/stats","estimate",6,0,0,0.0263246515003321,11122.0807696638,0.0263246515003321,11122.0807696638
"linux","cox",5000,"get_fit_stats_simple_boot","after_latest","result/boot","AIC",20,0,0,10459.6334288773,12234.1758654474,10459.6334288773,12234.1758654474
"linux","cox",5000,"get_fit_stats_simple_boot","after_latest","result/boot","BIC",20,0,0,10468.6179085474,12238.8183522487,10468.6179085474,12238.8183522487
"linux","cox",5000,"get_fit_stats_simple_boot","after_latest","result/boot","PVE",20,0,0,0.0204194749075949,0.0474537130088179,0.0204194749075949,0.0474537130088179
"linux","cox",5000,"get_fit_stats_simple_boot","after_latest","result/stats","SE",6,0,0,0.00271521089732502,547.909582660672,0.00271521089732502,547.909582660672
"linux","cox",5000,"get_fit_stats_simple_boot","after_latest","result/stats","estimate",6,0,0,0.0263246515003321,11122.0807696638,0.0263246515003321,11122.0807696638
"linux","cox",5000,"get_fit_stats_simple_boot","after_latest","result/stats","lower",6,0,0,0.0207684846423586,10574.6524100383,0.0207684846423586,10574.6524100383
"linux","cox",5000,"get_fit_stats_simple_boot","after_latest","result/boot","replicate",20,0,0,1,10,1,10
"linux","cox",5000,"get_fit_stats_simple_boot","after_latest","result/stats","upper",6,0,0,0.0287318703558396,12177.9390594698,0.0287318703558396,12177.9390594698
"linux","cox",10000,"get_facet","before_after","result/sur.data","ci_lower",292,0,0,0.384027126673009,1,0.384027126673009,1
"linux","cox",10000,"get_facet","before_after","result/sur.data","ci_upper",292,1.11022302462516e-16,1.32954055580878e-16,0.59102839832726,1,0.59102839832726,1
"linux","cox",10000,"get_facet","before_after","result/sur.data","se",292,1.04083408558608e-17,5.20755542008144e-16,0,0.0528074171992574,0,0.0528074171992574
"linux","cox",10000,"get_facet","before_after","result/sur.data","surv",292,0,0,0.487527762500134,1,0.487527762500134,1
"linux","cox",10000,"get_facet","before_after","result/sur.data","time",292,0,0,0,253,0,253
"linux","cox",10000,"get_facet","before_after","result/insert.data","x",3,0,0,0.5,0.5,0.5,0.5
"linux","cox",10000,"get_facet","before_after","result/insert.data","y",3,0,0,0.5,0.5,0.5,0.5
"linux","cox",10000,"get_facet","before_after","result/sur.data","yhat",292,0,0,0.487527762500134,1,0.487527762500134,1
"linux","cox",10000,"get_rpa","before_after","UM/haz_direct","conf.high",18,0,0,1,84.7307706111949,1,84.7307706111949
"linux","cox",10000,"get_rpa","before_after","UM/haz_unadj","conf.high",18,0,0,1,100.935427260532,1,100.935427260532
"linux","cox",10000,"get_rpa","before_after","UM/sur_direct","conf.high",18,0,0,0,0.843738673216189,0,0.843738673216189
"linux","cox",10000,"get_rpa","before_after","UM/sur_unadj","conf.high",16,0,0,0,1.17571834675703,0,1.17571834675703
"linux","cox",10000,"get_rpa","before_after","UM/sur_direct","conf.high_sur",18,0,0,0.286294714024903,1,0.286294714024903,1
"linux","cox",10000,"get_rpa","before_after","UM/sur_unadj","conf.high_sur",16,0,0,0.504235463556485,1,0.504235463556485,1
"linux","cox",10000,"get_rpa","before_after","UM/haz_direct","conf.low",18,0,0,0.122895937741319,40.6277981066354,0.122895937741319,40.6277981066354
"linux","cox",10000,"get_rpa","before_after","UM/haz_unadj","conf.low",18,0,0,0.151340097409354,48.6369809085172,0.151340097409354,48.6369809085172
"linux","cox",10000,"get_rpa","before_after","UM/sur_direct","conf.low",18,0,0,-0.0507817704576256,0.685927169837397,-0.0507817704576256,0.685927169837397
"linux","cox",10000,"get_rpa","before_after","UM/sur_unadj","conf.low",16,0,0,-0.0559966955177694,0.397000889914185,-0.0559966955177694,0.397000889914185
"linux","cox",10000,"get_rpa","before_after","UM/sur_direct","conf.low_sur",18,0,0,0.129161877693106,0.965251252526113,0.129161877693106,0.965251252526113
"linux","cox",10000,"get_rpa","before_after","UM/sur_unadj","conf.low_sur",16,0,0,0.191525597704272,0.967862961119048,0.191525597704272,0.967862961119048
"linux","cox",10000,"get_rpa","before_after","tree_groups","count",18,0,0,24,2288,24,2288
"linux","cox",10000,"get_rpa","before_after","UM/haz_direct","estimate",18,0,0,0.889102726423063,58.6721794533939,0.889102726423063,58.6721794533939
"linux","cox",10000,"get_rpa","before_after","UM/haz_unadj","estimate",18,0,0,1,70.065643853914,1,70.065643853914
"linux","cox",10000,"get_rpa","before_after","UM/sur_direct","estimate",18,0,0,-0.00300354661373603,0.764832921526793,-0.00300354661373603,0.764832921526793
"linux","cox",10000,"get_rpa","before_after","UM/sur_unadj","estimate",16,0,0,0,0.652207857788721,0,0.652207857788721
"linux","cox",10000,"get_rpa","before_after","UM/sur_direct","estimate_sur",18,0,0,0.207728295859005,0.975564763999534,0.207728295859005,0.975564763999534
"linux","cox",10000,"get_rpa","before_after","UM/sur_unadj","estimate_sur",16,0,0,0.323265306122449,0.97547316391117,0.323265306122449,0.97547316391117
"linux","cox",10000,"get_rpa","before_after","UM/haz_direct","p.value_0.95",17,0,0,6.67149426388216e-105,0.90732030417626,6.67149426388216e-105,0.90732030417626
"linux","cox",10000,"get_rpa","before_after","UM/haz_unadj","p.value_0.95",17,0,0,3.22302509638285e-115,0.928914998341644,3.22302509638285e-115,0.928914998341644
"linux","cox",10000,"get_rpa","before_after","UM/haz_direct","p_value",17,0,0,6.67149426388216e-105,0.90732030417626,6.67149426388216e-105,0.90732030417626
"linux","cox",10000,"get_rpa","before_after","UM/haz_unadj","p_value",17,0,0,3.22302509638285e-115,0.928914998341644,3.22302509638285e-115,0.928914998341644
"linux","cox",10000,"get_rpa","before_after","UM/sur_direct","p_value",17,0,0,4.07907786922233e-135,0.901939344790774,4.07907786922233e-135,0.901939344790774
"linux","cox",10000,"get_rpa","before_after","UM/sur_unadj","p_value",15,0,0,1.95398978020887e-33,0.833593151254687,1.95398978020887e-33,0.833593151254687
"linux","cox",10000,"get_rpa","before_after","UM/sur_direct","time",19,0,0,120,120,120,120
"linux","cox",10000,"get_rpa","before_after","UM/sur_unadj","time",19,0,0,120,120,120,120
"linux","cox",10000,"get_fit_stats","after_latest","result/stats","estimate",6,0,0,0.043382719925229,23962.8641027021,0.043382719925229,23962.8641027021
"linux","cox",10000,"get_eff_cat","before_after","result/haz_models","conf.high",20,0,0,2.34520093022589,62.3092229196797,2.34520093022589,62.3092229196797
"linux","cox",10000,"get_eff_cat","before_after","result/haz_models","conf.low",20,0,0,1.06998255480202,34.3307887679265,1.06998255480202,34.3307887679265
"linux","cox",10000,"get_eff_cat","before_after","result/haz_models","estimate",20,0,0,1.59675694422664,46.2506731880647,1.59675694422664,46.2506731880647
"linux","cox",10000,"get_eff_cat","before_after","result/haz_models","p.value_0.95",20,0,0,2.80448300826051e-140,0.0242264124005158,2.80448300826051e-140,0.0242264124005158
"linux","cox",10000,"get_eff_cat","before_after","result/haz_models","p_value",20,0,0,2.80448300826051e-140,0.0242264124005158,2.80448300826051e-140,0.0242264124005158
"linux","cox",10000,"get_fit_stats_boot","after_latest","result/boot","AIC",20,0,0,22324.8131063056,26173.7627955981,22324.8131063056,26173.7627955981
"linux","cox",10000,"get_fit_stats_boot","after_latest","result/boot","BIC",20,0,0,22387.518883979,26184.418356675,22387.518883979,26184.418356675
"linux","cox",10000,"get_fit_stats_boot","after_latest","result/boot","PVE",20,0,0,0.0373545563798773,0.18398421082284,0.0373545563798773,0.18398421082284
"linux","cox",10000,"get_fit_stats_boot","after_latest","result/stats","SE",6,0,0,0.00507616097791152,752.81060515494,0.00507616097791152,752.81060515494
"linux","cox",10000,"get_fit_stats_boot","after_latest","result/stats","estimate",6,0,0,0.043382719925229,23962.8641027021,0.043382719925229,23962.8641027021
"linux","cox",10000,"get_fit_stats_boot","after_latest","result/stats","lower",6,0,0,0.0379810319137883,23557.4305424561,0.0379810319137883,23557.4305424561
"linux","cox",10000,"get_fit_stats_boot","after_latest","result/boot","replicate",20,0,0,1,10,1,10
"linux","cox",10000,"get_fit_stats_boot","after_latest","result/stats","upper",6,0,0,0.0531221365859711,25965.6553011175,0.0531221365859711,25965.6553011175
"linux","cox",10000,"curve_direct","before_after","result","ci_lower",539,1.11022302462516e-16,4.8065641433467e-16,0.230980590607938,1,0.230980590607938,1
"linux","cox",10000,"curve_direct","before_after","result","ci_upper",539,1.11022302462516e-16,2.97783002220607e-16,0.372829549150246,1,0.372829549150246,1
"linux","cox",10000,"curve_direct","before_after","result","probability",539,0,0,0.301905069879092,1,0.301905069879092,1
"linux","cox",10000,"curve_direct","before_after","result","se",539,3.46944695195361e-17,9.58765033170568e-16,0,0.0624666266916428,0,0.0624666266916428
"linux","cox",10000,"curve_direct","before_after","result","time",539,0,0,0,253,0,253
"linux","cox",10000,"get_facet_diff","before_after","result/diff.data","conf.high",1046,0,0,0,0.500698553825821,0,0.500698553825821
"linux","cox",10000,"get_facet_diff","before_after","result/forest.data","conf.high",24,0,0,0.0191135256417022,0.204533422556299,0.0191135256417022,0.204533422556299
"linux","cox",10000,"get_facet_diff","before_after","result/diff.data","conf.high_Female",984,0,0,0.744885150664226,1,0.744885150664226,1
"linux","cox",10000,"get_facet_diff","before_after","result/forest.data","conf.high_Female",24,0,0,0.839885031185772,0.993991175791169,0.839885031185772,0.993991175791169
"linux","cox",10000,"get_facet_diff","before_after","result/diff.data","conf.high_Male",893,0,0,0.59102839832726,1,0.59102839832726,1
"linux","cox",10000,"get_facet_diff","before_after","result/forest.data","conf.high_Male",24,0,0,0.730791980696259,0.983380850815136,0.730791980696259,0.983380850815136
"linux","cox",10000,"get_facet_diff","before_after","result/diff.data","conf.low",1046,0,0,-0.35754310367155,0.169918663376719,-0.35754310367155,0.169918663376719
"linux","cox",10000,"get_facet_diff","before_after","result/forest.data","conf.low",24,0,0,-0.0155003719378561,0.129814437696749,-0.0155003719378561,0.129814437696749
"linux","cox",10000,"get_facet_diff","before_after","result/diff.data","conf.low_Female",984,0,0,0.394104786908388,1,0.394104786908388,1
"linux","cox",10000,"get_facet_diff","before_after","result/forest.data","conf.low_Female",24,0,0,0.792853317677694,0.983753689314683,0.792853317677694,0.983753689314683
"linux","cox",10000,"get_facet_diff","before_after","result/diff.data","conf.low_Male",893,0,0,0.384027126673009,1,0.384027126673009,1
"linux","cox",10000,"get_facet_diff","before_after","result/forest.data","conf.low_Male",24,0,0,0.672548556734925,0.967796587664093,0.672548556734925,0.967796587664093
"linux","cox",10000,"get_facet_diff","before_after","result/diff.data","estimate",1046,0,0,-0.00437001102836521,0.28336117880366,-0.00437001102836521,0.28336117880366
"linux","cox",10000,"get_facet_diff","before_after","result/forest.data","estimate",24,0,0,0.00216349368503377,0.166517683404346,0.00216349368503377,0.166517683404346
"linux","cox",10000,"get_facet_diff","before_after","result/diff.data","estimate_Female",984,0,0,0.589968192523889,1,0.589968192523889,1
"linux","cox",10000,"get_facet_diff","before_after","result/forest.data","estimate_Female",24,0,0,0.816369174431733,0.988859184277924,0.816369174431733,0.988859184277924
"linux","cox",10000,"get_facet_diff","before_after","result/diff.data","estimate_Male",893,0,0,0.487527762500134,1,0.487527762500134,1
"linux","cox",10000,"get_facet_diff","before_after","result/forest.data","estimate_Male",24,0,0,0.701670268715592,0.975588719239615,0.701670268715592,0.975588719239615
"linux","cox",10000,"get_facet_diff","before_after","result/diff.data","p.value_0.95",1043,0,0,1.12640707576347e-29,0.952997320286684,1.12640707576347e-29,0.952997320286684
"linux","cox",10000,"get_facet_diff","before_after","result/forest.data","p.value_0.95",24,0,0,1.467468342154e-29,0.810284527564831,1.467468342154e-29,0.810284527564831
"linux","cox",10000,"get_facet_diff","before_after","result/diff.data","p_value",1043,0,0,1.12640707576347e-29,0.952997320286684,1.12640707576347e-29,0.952997320286684
"linux","cox",10000,"get_facet_diff","before_after","result/forest.data","p_value",24,0,0,1.467468342154e-29,0.810284527564831,1.467468342154e-29,0.810284527564831
"linux","cox",10000,"get_facet_diff","before_after","result/diff.data","time",1051,0,0,0,287,0,287
"linux","cox",10000,"get_facet_diff","before_after","result/forest.data","time",24,0,0,12,120,12,120
"linux","cox",10000,"get_cat","before_after","curve/direct","ci_lower",539,1.11022302462516e-16,4.8065641433467e-16,0.230980590607938,1,0.230980590607938,1
"linux","cox",10000,"get_cat","before_after","curve/unadj","ci_lower",1673,0,0,0.265089194435474,1,0.265089194435474,1
"linux","cox",10000,"get_cat","before_after","curve/direct","ci_upper",539,1.11022302462516e-16,2.97783002220607e-16,0.372829549150246,1,0.372829549150246,1
"linux","cox",10000,"get_cat","before_after","curve/unadj","ci_upper",1673,0,0,0.395608153285778,1,0.395608153285778,1
"linux","cox",10000,"get_cat","before_after","UM/haz_direct","conf.high",11,0,0,1,33.1581162593582,1,33.1581162593582
"linux","cox",10000,"get_cat","before_after","UM/haz_unadj","conf.high",11,0,0,1,62.3092229196797,1,62.3092229196797
"linux","cox",10000,"get_cat","before_after","UM/sur_direct","conf.high",11,0,0,0,0.585140648315753,0,0.585140648315753
"linux","cox",10000,"get_cat","before_after","UM/sur_unadj","conf.high",11,0,0,0,0.851247003753574,0,0.851247003753574
"linux","cox",10000,"get_cat","before_after","UM/sur_direct","conf.high_sur",11,0,0,0.512992932377988,0.973615673614378,0.512992932377988,0.973615673614378
"linux","cox",10000,"get_cat","before_after","UM/sur_unadj","conf.high_sur",11,0,0,0.395608153285778,0.982305084629681,0.395608153285778,0.982305084629681
"linux","cox",10000,"get_cat","before_after","UM/haz_direct","conf.low",11,0,0,1,16.1362023656938,1,16.1362023656938
"linux","cox",10000,"get_cat","before_after","UM/haz_unadj","conf.low",11,0,0,1,34.3307887679265,1,34.3307887679265
"linux","cox",10000,"get_cat","before_after","UM/sur_direct","conf.low",11,0,0,0,0.450138492247588,0,0.450138492247588
"linux","cox",10000,"get_cat","before_after","UM/sur_unadj","conf.low",11,0,0,0,0.450592106852725,0,0.450592106852725
"linux","cox",10000,"get_cat","before_after","UM/sur_direct","conf.low_sur",11,0,0,0.379413238462407,0.954069637789357,0.379413238462407,0.954069637789357
"linux","cox",10000,"get_cat","before_after","UM/sur_unadj","conf.low_sur",11,0,0,0.265089194435474,0.967269232059891,0.265089194435474,0.967269232059891
"linux","cox",10000,"get_cat","before_after","UM/haz_direct","estimate",11,0,0,1,23.131062967927,1,23.131062967927
"linux","cox",10000,"get_cat","before_after","UM/haz_unadj","estimate",11,0,0,1,46.2506731880647,1,46.2506731880647
"linux","cox",10000,"get_cat","before_after","UM/sur_direct","estimate",11,0,0,0,0.51763957028167,0,0.51763957028167
"linux","cox",10000,"get_cat","before_after","UM/sur_unadj","estimate",11,0,0,0,0.65091955530315,0,0.65091955530315
"linux","cox",10000,"get_cat","before_after","UM/sur_direct","estimate_sur",11,0,0,0.446203085420197,0.963842655701868,0.446203085420197,0.963842655701868
"linux","cox",10000,"get_cat","before_after","UM/sur_unadj","estimate_sur",11,0,0,0.323838612068778,0.974758167371927,0.323838612068778,0.974758167371927
"linux","cox",10000,"get_cat","before_after","UM/haz_direct","p.value_0.95",10,0,0,4.13127068979328e-81,0.0242264124005158,4.13127068979328e-81,0.0242264124005158
"linux","cox",10000,"get_cat","before_after","UM/haz_unadj","p.value_0.95",10,0,0,2.80448300826051e-140,0.000233365283282522,2.80448300826051e-140,0.000233365283282522
"linux","cox",10000,"get_cat","before_after","UM/haz_direct","p_value",10,0,0,4.13127068979328e-81,0.0242264124005158,4.13127068979328e-81,0.0242264124005158
"linux","cox",10000,"get_cat","before_after","UM/haz_unadj","p_value",10,0,0,2.80448300826051e-140,0.000233365283282522,2.80448300826051e-140,0.000233365283282522
"linux","cox",10000,"get_cat","before_after","UM/sur_direct","p_value",10,0,0,6.2425569317809e-137,0.0429748693079169,6.2425569317809e-137,0.0429748693079169
"linux","cox",10000,"get_cat","before_after","UM/sur_unadj","p_value",10,0,0,1.26393675473012e-40,0.00569452749871182,1.26393675473012e-40,0.00569452749871182
"linux","cox",10000,"get_cat","before_after","curve/direct","probability",539,0,0,0.301905069879092,1,0.301905069879092,1
"linux","cox",10000,"get_cat","before_after","curve/unadj","probability",1673,0,0,0.323838612068778,1,0.323838612068778,1
"linux","cox",10000,"get_cat","before_after","curve/direct","se",539,3.46944695195361e-17,9.58765033170568e-16,0,0.0624666266916428,0,0.0624666266916428
"linux","cox",10000,"get_cat","before_after","curve/unadj","se",1673,0,0,0,0.1732765605826,0,0.1732765605826
"linux","cox",10000,"get_cat","before_after","UM/sur_direct","time",12,0,0,120,120,120,120
"linux","cox",10000,"get_cat","before_after","UM/sur_unadj","time",12,0,0,120,120,120,120
"linux","cox",10000,"get_cat","before_after","curve/direct","time",539,0,0,0,253,0,253
"linux","cox",10000,"get_cat","before_after","curve/unadj","time",1673,0,0,1,287,1,287
"linux","cox",10000,"get_eff","before_after","result/haz_direct","conf.high",11,0,0,1,33.1581162593582,1,33.1581162593582
"linux","cox",10000,"get_eff","before_after","result/haz_unadj","conf.high",11,0,0,1,62.3092229196797,1,62.3092229196797
"linux","cox",10000,"get_eff","before_after","result/sur_direct","conf.high",11,0,0,0,0.585140648315753,0,0.585140648315753
"linux","cox",10000,"get_eff","before_after","result/sur_unadj","conf.high",11,0,0,0,0.851247003753574,0,0.851247003753574
"linux","cox",10000,"get_eff","before_after","result/sur_direct","conf.high_sur",11,0,0,0.512992932377988,0.973615673614378,0.512992932377988,0.973615673614378
"linux","cox",10000,"get_eff","before_after","result/sur_unadj","conf.high_sur",11,0,0,0.395608153285778,0.982305084629681,0.395608153285778,0.982305084629681
"linux","cox",10000,"get_eff","before_after","result/haz_direct","conf.low",11,0,0,1,16.1362023656938,1,16.1362023656938
"linux","cox",10000,"get_eff","before_after","result/haz_unadj","conf.low",11,0,0,1,34.3307887679265,1,34.3307887679265
"linux","cox",10000,"get_eff","before_after","result/sur_direct","conf.low",11,0,0,0,0.450138492247588,0,0.450138492247588
"linux","cox",10000,"get_eff","before_after","result/sur_unadj","conf.low",11,0,0,0,0.450592106852725,0,0.450592106852725
"linux","cox",10000,"get_eff","before_after","result/sur_direct","conf.low_sur",11,0,0,0.379413238462407,0.954069637789357,0.379413238462407,0.954069637789357
"linux","cox",10000,"get_eff","before_after","result/sur_unadj","conf.low_sur",11,0,0,0.265089194435474,0.967269232059891,0.265089194435474,0.967269232059891
"linux","cox",10000,"get_eff","before_after","result/haz_direct","estimate",11,0,0,1,23.131062967927,1,23.131062967927
"linux","cox",10000,"get_eff","before_after","result/haz_unadj","estimate",11,0,0,1,46.2506731880647,1,46.2506731880647
"linux","cox",10000,"get_eff","before_after","result/sur_direct","estimate",11,0,0,0,0.51763957028167,0,0.51763957028167
"linux","cox",10000,"get_eff","before_after","result/sur_unadj","estimate",11,0,0,0,0.65091955530315,0,0.65091955530315
"linux","cox",10000,"get_eff","before_after","result/sur_direct","estimate_sur",11,0,0,0.446203085420197,0.963842655701868,0.446203085420197,0.963842655701868
"linux","cox",10000,"get_eff","before_after","result/sur_unadj","estimate_sur",11,0,0,0.323838612068778,0.974758167371927,0.323838612068778,0.974758167371927
"linux","cox",10000,"get_eff","before_after","result/haz_direct","p.value_0.95",10,0,0,4.13127068979328e-81,0.0242264124005158,4.13127068979328e-81,0.0242264124005158
"linux","cox",10000,"get_eff","before_after","result/haz_unadj","p.value_0.95",10,0,0,2.80448300826051e-140,0.000233365283282522,2.80448300826051e-140,0.000233365283282522
"linux","cox",10000,"get_eff","before_after","result/haz_direct","p_value",10,0,0,4.13127068979328e-81,0.0242264124005158,4.13127068979328e-81,0.0242264124005158
"linux","cox",10000,"get_eff","before_after","result/haz_unadj","p_value",10,0,0,2.80448300826051e-140,0.000233365283282522,2.80448300826051e-140,0.000233365283282522
"linux","cox",10000,"get_eff","before_after","result/sur_direct","p_value",10,0,0,6.2425569317809e-137,0.0429748693079169,6.2425569317809e-137,0.0429748693079169
"linux","cox",10000,"get_eff","before_after","result/sur_unadj","p_value",10,0,0,1.26393675473012e-40,0.00569452749871182,1.26393675473012e-40,0.00569452749871182
"linux","cox",10000,"get_eff","before_after","result/sur_direct","time",12,0,0,120,120,120,120
"linux","cox",10000,"get_eff","before_after","result/sur_unadj","time",12,0,0,120,120,120,120
"linux","cox",10000,"get_score","before_after","result/AUC/score","AUC",2,0,0,0.829670659018919,0.843277650999617,0.829670659018919,0.843277650999617
"linux","cox",10000,"get_score","before_after","result/Brier/score","Brier",2,0,0,0.073800104652391,0.104657677685225,0.073800104652391,0.104657677685225
"linux","cox",10000,"get_score","before_after","result/AUC/score","lower",2,0,0,0.816211782814823,0.830055049847726,0.816211782814823,0.830055049847726
"linux","cox",10000,"get_score","before_after","result/Brier/score","lower",2,0,0,0.069836928954954,0.0995076915797981,0.069836928954954,0.0995076915797981
"linux","cox",10000,"get_score","before_after","result/AUC/score","se",2,0,0,0.00674634904324221,0.00686689975441291,0.00674634904324221,0.00686689975441291
"linux","cox",10000,"get_score","before_after","result/Brier/score","se",2,0,0,0.00202206557298914,0.00262759221396357,0.00202206557298914,0.00262759221396357
"linux","cox",10000,"get_score","before_after","result/AUC/score","times",2,0,0,60,120,60,120
"linux","cox",10000,"get_score","before_after","result/Brier/score","times",2,0,0,60,120,60,120
"linux","cox",10000,"get_score","before_after","result/AUC/score","upper",2,0,0,0.843129535223016,0.856500252151508,0.843129535223016,0.856500252151508
"linux","cox",10000,"get_score","before_after","result/Brier/score","upper",2,0,0,0.0777632803498281,0.109807663790651,0.0777632803498281,0.109807663790651
"linux","cox",10000,"get_score","after_latest","result/AUC/score","AUC",2,0,0,0.829670659018919,0.843277650999617,0.829670659018919,0.843277650999617
"linux","cox",10000,"get_score","after_latest","result/Brier/score","Brier",2,0,0,0.073800104652391,0.104657677685225,0.073800104652391,0.104657677685225
"linux","cox",10000,"get_score","after_latest","result/AUC/score","lower",2,0,0,0.816211782814823,0.830055049847726,0.816211782814823,0.830055049847726
"linux","cox",10000,"get_score","after_latest","result/Brier/score","lower",2,0,0,0.069836928954954,0.0995076915797981,0.069836928954954,0.0995076915797981
"linux","cox",10000,"get_score","after_latest","result/AUC/score","se",2,0,0,0.00674634904324221,0.00686689975441291,0.00674634904324221,0.00686689975441291
"linux","cox",10000,"get_score","after_latest","result/Brier/score","se",2,0,0,0.00202206557298914,0.00262759221396357,0.00202206557298914,0.00262759221396357
"linux","cox",10000,"get_score","after_latest","result/AUC/score","times",2,0,0,60,120,60,120
"linux","cox",10000,"get_score","after_latest","result/Brier/score","times",2,0,0,60,120,60,120
"linux","cox",10000,"get_score","after_latest","result/AUC/score","upper",2,0,0,0.843129535223016,0.856500252151508,0.843129535223016,0.856500252151508
"linux","cox",10000,"get_score","after_latest","result/Brier/score","upper",2,0,0,0.0777632803498281,0.109807663790651,0.0777632803498281,0.109807663790651
"linux","cox",10000,"get_score_boot","before_after","result/AUC/score","AUC",2,0,0,0.825961377359368,0.839617701072715,0.825961377359368,0.839617701072715
"linux","cox",10000,"get_score_boot","before_after","result/Brier/score","Brier",2,0,0,0.0740604982650469,0.105608576465885,0.0740604982650469,0.105608576465885
"linux","cox",10000,"get_score_boot","before_after","result/AUC/score","lower",2,0,0,0.81816738010673,0.831334729750804,0.81816738010673,0.831334729750804
"linux","cox",10000,"get_score_boot","before_after","result/Brier/score","lower",2,0,0,0.0709326500872903,0.0999406738727796,0.0709326500872903,0.0999406738727796
"linux","cox",10000,"get_score_boot","before_after","result/AUC/score","se",2,0,0,0.00814107846701768,0.0084751908811369,0.00814107846701768,0.0084751908811369
"linux","cox",10000,"get_score_boot","before_after","result/Brier/score","se",2,0,0,0.00186061814489503,0.00328844056425444,0.00186061814489503,0.00328844056425444
"linux","cox",10000,"get_score_boot","before_after","result/AUC/score","times",2,0,0,60,120,60,120
"linux","cox",10000,"get_score_boot","before_after","result/Brier/score","times",2,0,0,60,120,60,120
"linux","cox",10000,"get_score_boot","before_after","result/AUC/score","upper",2,0,0,0.842770862520156,0.855898422563949,0.842770862520156,0.855898422563949
"linux","cox",10000,"get_score_boot","before_after","result/Brier/score","upper",2,0,0,0.0767110434330184,0.110098744411398,0.0767110434330184,0.110098744411398
"linux","cox",10000,"get_score_boot","after_latest","result/AUC/score","AUC",2,0,0,0.825961377359368,0.839617701072715,0.825961377359368,0.839617701072715
"linux","cox",10000,"get_score_boot","after_latest","result/Brier/score","Brier",2,0,0,0.0740604982650469,0.105608576465885,0.0740604982650469,0.105608576465885
"linux","cox",10000,"get_score_boot","after_latest","result/AUC/score","lower",2,0,0,0.81816738010673,0.831334729750804,0.81816738010673,0.831334729750804
"linux","cox",10000,"get_score_boot","after_latest","result/Brier/score","lower",2,0,0,0.0709326500872903,0.0999406738727796,0.0709326500872903,0.0999406738727796
"linux","cox",10000,"get_score_boot","after_latest","result/AUC/score","se",2,0,0,0.00814107846701768,0.0084751908811369,0.00814107846701768,0.0084751908811369
"linux","cox",10000,"get_score_boot","after_latest","result/Brier/score","se",2,0,0,0.00186061814489503,0.00328844056425444,0.00186061814489503,0.00328844056425444
"linux","cox",10000,"get_score_boot","after_latest","result/AUC/score","times",2,0,0,60,120,60,120
"linux","cox",10000,"get_score_boot","after_latest","result/Brier/score","times",2,0,0,60,120,60,120
"linux","cox",10000,"get_score_boot","after_latest","result/AUC/score","upper",2,0,0,0.842770862520156,0.855898422563949,0.842770862520156,0.855898422563949
"linux","cox",10000,"get_score_boot","after_latest","result/Brier/score","upper",2,0,0,0.0767110434330184,0.110098744411398,0.0767110434330184,0.110098744411398
"linux","cox",10000,"fit_hazard","before_after","fit","beta",12,0,0,0.0171378772039092,3.14117643143158,0.0171378772039092,3.14117643143158
"linux","cox",10000,"fit_hazard","before_after","fit","se",12,0,0,0.00306268600802785,0.258063286460843,0.00306268600802785,0.258063286460843
"linux","cox",10000,"get_eff_sub","before_after","result/haz_direct","conf.high",3,0,0,2.27379465245783,2.81769854377507,2.27379465245783,2.81769854377507
"linux","cox",10000,"get_eff_sub","before_after","result/haz_unadj","conf.high",3,0,0,2.33248124644997,2.845116602445,2.33248124644997,2.845116602445
"linux","cox",10000,"get_eff_sub","before_after","result/haz_direct","conf.low",3,0,0,1.74098787635863,1.96840952148721,1.74098787635863,1.96840952148721
"linux","cox",10000,"get_eff_sub","before_after","result/haz_unadj","conf.low",3,0,0,1.78637187631862,2.00759230473881,1.78637187631862,2.00759230473881
"linux","cox",10000,"get_eff_sub","before_after","result/haz_direct","estimate",3,0,0,1.98963537444883,2.35507635592723,1.98963537444883,2.35507635592723
"linux","cox",10000,"get_eff_sub","before_after","result/haz_unadj","estimate",3,0,0,2.04124444903074,2.37819274759275,2.04124444903074,2.37819274759275
"linux","cox",10000,"get_eff_sub","before_after","result/haz_direct","p.value_0.95",3,0,0,7.23241136266241e-43,7.90580661603834e-21,7.23241136266241e-43,7.90580661603834e-21
"linux","cox",10000,"get_eff_sub","before_after","result/haz_unadj","p.value_0.95",3,0,0,4.31585478896133e-49,2.74304267070874e-21,4.31585478896133e-49,2.74304267070874e-21
"linux","cox",10000,"get_eff_sub","before_after","result/haz_direct","p_value",3,0,0,7.23241136266241e-43,7.90580661603834e-21,7.23241136266241e-43,7.90580661603834e-21
"linux","cox",10000,"get_eff_sub","before_after","result/haz_unadj","p_value",3,0,0,4.31585478896133e-49,2.74304267070874e-21,4.31585478896133e-49,2.74304267070874e-21
"linux","cox",10000,"get_inter_abs","before_after","result/estimates","conf.high",18,0,0,0.0140635821150415,1.67134685208455,0.0140635821150415,1.67134685208455
"linux","cox",10000,"get_inter_abs","before_after","result/risks","conf.high",8,0,0,0.0874961890053032,0.327804918291361,0.0874961890053032,0.327804918291361
"linux","cox",10000,"get_inter_abs","before_after","result/estimates","conf.low",18,0,0,-0.538120969380789,1.00254306642194,-0.538120969380789,1.00254306642194
"linux","cox",10000,"get_inter_abs","before_after","result/risks","conf.low",8,0,0,0.0631251903881298,0.260797380140573,0.0631251903881298,0.260797380140573
"linux","cox",10000,"get_inter_abs","before_after","result/estimates","estimate",18,0,0,-0.208616423882215,1.29444860776452,-0.208616423882215,1.29444860776452
"linux","cox",10000,"get_inter_abs","before_after","result/risks","estimate",8,0,0,0.0753106896967165,0.294301149215967,0.0753106896967165,0.294301149215967
"linux","cox",10000,"get_inter_abs","before_after","result/estimates","p.value",18,0,0,4.6600591494069e-23,0.764538400409203,4.6600591494069e-23,0.764538400409203
"linux","cox",10000,"get_fit_stats_simple","after_latest","result/stats","estimate",6,0,0,0.0247680513988085,24148.3450415464,0.0247680513988085,24148.3450415464
"linux","cox",10000,"get_fit_stats_simple_boot","after_latest","result/boot","AIC",20,0,0,23511.1579116681,26404.5400145471,23511.1579116681,26404.5400145471
"linux","cox",10000,"get_fit_stats_simple_boot","after_latest","result/boot","BIC",20,0,0,23521.6001218645,26409.8677950855,23521.6001218645,26409.8677950855
"linux","cox",10000,"get_fit_stats_simple_boot","after_latest","result/boot","PVE",20,0,0,0.0217820482860602,0.0533146519734187,0.0217820482860602,0.0533146519734187
"linux","cox",10000,"get_fit_stats_simple_boot","after_latest","result/stats","SE",6,0,0,0.00323742731452663,761.627327995707,0.00323742731452663,761.627327995707
"linux","cox",10000,"get_fit_stats_simple_boot","after_latest","result/stats","estimate",6,0,0,0.0247680513988085,24148.3450415464,0.0247680513988085,24148.3450415464
"linux","cox",10000,"get_fit_stats_simple_boot","after_latest","result/stats","lower",6,0,0,0.0217936101957286,23764.8999109679,0.0217936101957286,23764.8999109679
"linux","cox",10000,"get_fit_stats_simple_boot","after_latest","result/boot","replicate",20,0,0,1,10,1,10
"linux","cox",10000,"get_fit_stats_simple_boot","after_latest","result/stats","upper",6,0,0,0.0299145725792741,26196.1222797639,0.0299145725792741,26196.1222797639
"linux","cox",30000,"get_facet","before_after","result/sur.data","ci_lower",290,1.11022302462516e-16,1.69208001744864e-16,0.442388279203285,1,0.442388279203285,1
"linux","cox",30000,"get_facet","before_after","result/sur.data","ci_upper",290,0,0,0.567838095611006,1,0.567838095611006,1
"linux","cox",30000,"get_facet","before_after","result/sur.data","se",290,3.46944695195361e-18,6.9545197945803e-16,0,0.0320030922499734,0,0.0320030922499734
"linux","cox",30000,"get_facet","before_after","result/sur.data","surv",290,0,0,0.505113187407146,1,0.505113187407146,1
"linux","cox",30000,"get_facet","before_after","result/sur.data","time",290,0,0,0,253,0,253
"linux","cox",30000,"get_facet","before_after","result/insert.data","x",3,0,0,0.5,0.5,0.5,0.5
"linux","cox",30000,"get_facet","before_after","result/insert.data","y",3,0,0,0.5,0.5,0.5,0.5
"linux","cox",30000,"get_facet","before_after","result/sur.data","yhat",290,0,0,0.505113187407146,1,0.505113187407146,1
"linux","cox",30000,"get_fit_stats","after_latest","result/stats","estimate",6,0,0,0.043177397075776,79543.1953743134,0.043177397075776,79543.1953743134
"linux","cox",30000,"get_eff_cat","before_after","result/haz_models","conf.high",20,0,0,1.8320190741205,53.9670842163797,1.8320190741205,53.9670842163797
"linux","cox",30000,"get_eff_cat","before_after","result/haz_models","conf.low",20,0,0,1.16813651007932,38.2618883328158,1.16813651007932,38.2618883328158
"linux","cox",30000,"get_eff_cat","before_after","result/haz_models","estimate",20,0,0,1.46289041545902,45.4409787519458,1.46289041545902,45.4409787519458
"linux","cox",30000,"get_eff_cat","before_after","result/haz_models","p.value_0.95",20,0,0,0,0.000920689564056895,0,0.000920689564056895
"linux","cox",30000,"get_eff_cat","before_after","result/haz_models","p_value",20,0,0,0,0.000920689564056895,0,0.000920689564056895
"linux","cox",30000,"get_fit_stats_boot","after_latest","result/boot","AIC",20,0,0,73919.1676284292,81204.9682478342,73919.1676284292,81204.9682478342
"linux","cox",30000,"get_fit_stats_boot","after_latest","result/boot","BIC",20,0,0,73994.7231937809,81217.6505913285,73994.7231937809,81217.6505913285
"linux","cox",30000,"get_fit_stats_boot","after_latest","result/boot","PVE",20,0,0,0.0422775946146145,0.169737145652348,0.0422775946146145,0.169737145652348
"linux","cox",30000,"get_fit_stats_boot","after_latest","result/stats","SE",6,0,0,0.00253146668819825,977.071967291516,0.00253146668819825,977.071967291516
"linux","cox",30000,"get_fit_stats_boot","after_latest","result/stats","estimate",6,0,0,0.043177397075776,79543.1953743134,0.043177397075776,79543.1953743134
"linux","cox",30000,"get_fit_stats_boot","after_latest","result/stats","lower",6,0,0,0.0422866295249007,78240.7658220573,0.0422866295249007,78240.7658220573
"linux","cox",30000,"get_fit_stats_boot","after_latest","result/boot","replicate",20,0,0,1,10,1,10
"linux","cox",30000,"get_fit_stats_boot","after_latest","result/stats","upper",6,0,0,0.0491939278420805,81170.0304824813,0.0491939278420805,81170.0304824813
"linux","cox",30000,"curve_direct","before_after","result","ci_lower",528,0,0,0.259565312215197,1,0.259565312215197,1
"linux","cox",30000,"curve_direct","before_after","result","ci_upper",528,0,0,0.341720867591933,1,0.341720867591933,1
"linux","cox",30000,"curve_direct","before_after","result","probability",528,0,0,0.300643089903565,1,0.300643089903565,1
"linux","cox",30000,"curve_direct","before_after","result","se",528,0,0,0,0.0382249782104529,0,0.0382249782104529
"linux","cox",30000,"curve_direct","before_after","result","time",528,0,0,0,253,0,253
"linux","cox",30000,"get_facet_diff","before_after","result/diff.data","conf.high",1078,0,0,-0.00166985458939464,0.333567716048348,-0.00166985458939464,0.333567716048348
"linux","cox",30000,"get_facet_diff","before_after","result/forest.data","conf.high",24,0,0,0.0159467332518924,0.186014332728829,0.0159467332518924,0.186014332728829
"linux","cox",30000,"get_facet_diff","before_after","result/diff.data","conf.high_Female",1023,0,0,0.731356583058899,1,0.731356583058899,1
"linux","cox",30000,"get_facet_diff","before_after","result/forest.data","conf.high_Female",24,0,0,0.838768187615546,0.99342736969698,0.838768187615546,0.99342736969698
"linux","cox",30000,"get_facet_diff","before_after","result/diff.data","conf.high_Male",937,0,0,0.567838095611006,1,0.567838095611006,1
"linux","cox",30000,"get_facet_diff","before_after","result/forest.data","conf.high_Male",24,0,0,0.725786911059723,0.980458257274059,0.725786911059723,0.980458257274059
"linux","cox",30000,"get_facet_diff","before_after","result/diff.data","conf.low",1078,0,0,-0.17572074957786,0.202428871476587,-0.17572074957786,0.202428871476587
"linux","cox",30000,"get_facet_diff","before_after","result/forest.data","conf.low",24,0,0,-0.00118056563161103,0.145265432748054,-0.00118056563161103,0.145265432748054
"linux","cox",30000,"get_facet_diff","before_after","result/diff.data","conf.low_Female",1023,0,0,0.493288448460206,1,0.493288448460206,1
"linux","cox",30000,"get_facet_diff","before_after","result/forest.data","conf.low_Female",24,0,0,0.812909487845401,0.987946375718566,0.812909487845401,0.987946375718566
"linux","cox",30000,"get_facet_diff","before_after","result/diff.data","conf.low_Male",937,0,0,0.442388279203285,1,0.442388279203285,1
"linux","cox",30000,"get_facet_diff","before_after","result/forest.data","conf.low_Male",24,0,0,0.692560747913691,0.971348694746828,0.692560747913691,0.971348694746828
"linux","cox",30000,"get_facet_diff","before_after","result/diff.data","estimate",1078,0,0,-0.00589273789161282,0.256998521590499,-0.00589273789161282,0.256998521590499
"linux","cox",30000,"get_facet_diff","before_after","result/forest.data","estimate",24,0,0,0.00887598055981531,0.164974221501525,0.00887598055981531,0.164974221501525
"linux","cox",30000,"get_facet_diff","before_after","result/diff.data","estimate_Female",1023,0,0,0.616333765140203,1,0.616333765140203,1
"linux","cox",30000,"get_facet_diff","before_after","result/forest.data","estimate_Female",24,0,0,0.825838837730473,0.990683082237584,0.825838837730473,0.990683082237584
"linux","cox",30000,"get_facet_diff","before_after","result/diff.data","estimate_Male",937,0,0,0.505113187407146,1,0.505113187407146,1
"linux","cox",30000,"get_facet_diff","before_after","result/forest.data","estimate_Male",24,0,0,0.709173829486707,0.975903476010443,0.709173829486707,0.975903476010443
"linux","cox",30000,"get_facet_diff","before_after","result/diff.data","p.value_0.95",1075,0,0,3.64178469937049e-94,0.622467178147168,3.64178469937049e-94,0.622467178147168
"linux","cox",30000,"get_facet_diff","before_after","result/forest.data","p.value_0.95",24,0,0,1.23171972647248e-93,0.0836519998379921,1.23171972647248e-93,0.0836519998379921
"linux","cox",30000,"get_facet_diff","before_after","result/diff.data","p_value",1075,0,0,3.64178469937049e-94,0.622467178147168,3.64178469937049e-94,0.622467178147168
"linux","cox",30000,"get_facet_diff","before_after","result/forest.data","p_value",24,0,0,1.23171972647248e-93,0.0836519998379921,1.23171972647248e-93,0.0836519998379921
"linux","cox",30000,"get_facet_diff","before_after","result/diff.data","time",1082,0,0,0,287,0,287
"linux","cox",30000,"get_facet_diff","before_after","result/forest.data","time",24,0,0,12,120,12,120
"linux","cox",30000,"get_cat","before_after","curve/direct","ci_lower",528,0,0,0.259565312215197,1,0.259565312215197,1
"linux","cox",30000,"get_cat","before_after","curve/unadj","ci_lower",1750,0,0,0.310490010435139,1,0.310490010435139,1
"linux","cox",30000,"get_cat","before_after","curve/direct","ci_upper",528,0,0,0.341720867591933,1,0.341720867591933,1
"linux","cox",30000,"get_cat","before_after","curve/unadj","ci_upper",1750,0,0,0.383341429750617,1,0.383341429750617,1
"linux","cox",30000,"get_cat","before_after","UM/haz_direct","conf.high",11,0,0,1,28.2620842257521,1,28.2620842257521
"linux","cox",30000,"get_cat","before_after","UM/haz_unadj","conf.high",11,0,0,1,53.9670842163797,1,53.9670842163797
"linux","cox",30000,"get_cat","before_after","UM/sur_direct","conf.high",11,0,0,0,0.551560244038612,0,0.551560244038612
"linux","cox",30000,"get_cat","before_after","UM/sur_unadj","conf.high",11,0,0,0,0.752636682772396,0,0.752636682772396
"linux","cox",30000,"get_cat","before_after","UM/sur_direct","conf.high_sur",11,0,0,0.489785523279747,0.96975133707652,0.489785523279747,0.96975133707652
"linux","cox",30000,"get_cat","before_after","UM/sur_unadj","conf.high_sur",11,0,0,0.383341429750617,0.979111782298471,0.383341429750617,0.979111782298471
"linux","cox",30000,"get_cat","before_after","UM/haz_direct","conf.low",11,0,0,1,18.6216257810265,1,18.6216257810265
"linux","cox",30000,"get_cat","before_after","UM/haz_unadj","conf.low",11,0,0,1,38.2618883328158,1,38.2618883328158
"linux","cox",30000,"get_cat","before_after","UM/sur_direct","conf.low",11,0,0,0,0.473912729202356,0,0.473912729202356
"linux","cox",30000,"get_cat","before_after","UM/sur_unadj","conf.low",11,0,0,0,0.5242496044777,0,0.5242496044777
"linux","cox",30000,"get_cat","before_after","UM/sur_direct","conf.low_sur",11,0,0,0.41296202667816,0.958469186122355,0.41296202667816,0.958469186122355
"linux","cox",30000,"get_cat","before_after","UM/sur_unadj","conf.low_sur",11,0,0,0.310490010435139,0.970368333556442,0.310490010435139,0.970368333556442
"linux","cox",30000,"get_cat","before_after","UM/haz_direct","estimate",11,0,0,1,22.9409231776711,1,22.9409231776711
"linux","cox",30000,"get_cat","before_after","UM/haz_unadj","estimate",11,0,0,1,45.4409787519458,1,45.4409787519458
"linux","cox",30000,"get_cat","before_after","UM/sur_direct","estimate",11,0,0,0,0.512736486620484,0,0.512736486620484
"linux","cox",30000,"get_cat","before_after","UM/sur_unadj","estimate",11,0,0,0,0.629732160745105,0,0.629732160745105
"linux","cox",30000,"get_cat","before_after","UM/sur_direct","estimate_sur",11,0,0,0.451373774978953,0.964110261599437,0.451373774978953,0.964110261599437
"linux","cox",30000,"get_cat","before_after","UM/sur_unadj","estimate_sur",11,0,0,0.344998093507037,0.974730254252142,0.344998093507037,0.974730254252142
"linux","cox",30000,"get_cat","before_after","UM/haz_direct","p.value_0.95",10,0,0,1.83679976187753e-227,0.000920689564056895,1.83679976187753e-227,0.000920689564056895
"linux","cox",30000,"get_cat","before_after","UM/haz_unadj","p.value_0.95",10,0,0,0,4.47518860200809e-09,0,4.47518860200809e-09
"linux","cox",30000,"get_cat","before_after","UM/haz_direct","p_value",10,0,0,1.83679976187753e-227,0.000920689564056895,1.83679976187753e-227,0.000920689564056895
"linux","cox",30000,"get_cat","before_after","UM/haz_unadj","p_value",10,0,0,0,4.47518860200809e-09,0,4.47518860200809e-09
"linux","cox",30000,"get_cat","before_after","UM/sur_direct","p_value",10,0,0,0,0.00151103943794675,0,0.00151103943794675
"linux","cox",30000,"get_cat","before_after","UM/sur_unadj","p_value",10,0,0,7.07438117992755e-122,7.2733889824088e-06,7.07438117992755e-122,7.2733889824088e-06
"linux","cox",30000,"get_cat","before_after","curve/direct","probability",528,0,0,0.300643089903565,1,0.300643089903565,1
"linux","cox",30000,"get_cat","before_after","curve/unadj","probability",1750,0,0,0.344998093507037,1,0.344998093507037,1
"linux","cox",30000,"get_cat","before_after","curve/direct","se",528,0,0,0,0.0382249782104529,0,0.0382249782104529
"linux","cox",30000,"get_cat","before_after","curve/unadj","se",1750,0,0,0,0.116747061348798,0,0.116747061348798
"linux","cox",30000,"get_cat","before_after","UM/sur_direct","time",12,0,0,120,120,120,120
"linux","cox",30000,"get_cat","before_after","UM/sur_unadj","time",12,0,0,120,120,120,120
"linux","cox",30000,"get_cat","before_after","curve/direct","time",528,0,0,0,253,0,253
"linux","cox",30000,"get_cat","before_after","curve/unadj","time",1750,0,0,1,287,1,287
"linux","cox",30000,"get_eff","before_after","result/haz_direct","conf.high",11,0,0,1,28.2620842257521,1,28.2620842257521
"linux","cox",30000,"get_eff","before_after","result/haz_unadj","conf.high",11,0,0,1,53.9670842163797,1,53.9670842163797
"linux","cox",30000,"get_eff","before_after","result/sur_direct","conf.high",11,0,0,0,0.551560244038612,0,0.551560244038612
"linux","cox",30000,"get_eff","before_after","result/sur_unadj","conf.high",11,0,0,0,0.752636682772396,0,0.752636682772396
"linux","cox",30000,"get_eff","before_after","result/sur_direct","conf.high_sur",11,0,0,0.489785523279747,0.96975133707652,0.489785523279747,0.96975133707652
"linux","cox",30000,"get_eff","before_after","result/sur_unadj","conf.high_sur",11,0,0,0.383341429750617,0.979111782298471,0.383341429750617,0.979111782298471
"linux","cox",30000,"get_eff","before_after","result/haz_direct","conf.low",11,0,0,1,18.6216257810265,1,18.6216257810265
"linux","cox",30000,"get_eff","before_after","result/haz_unadj","conf.low",11,0,0,1,38.2618883328158,1,38.2618883328158
"linux","cox",30000,"get_eff","before_after","result/sur_direct","conf.low",11,0,0,0,0.473912729202356,0,0.473912729202356
"linux","cox",30000,"get_eff","before_after","result/sur_unadj","conf.low",11,0,0,0,0.5242496044777,0,0.5242496044777
"linux","cox",30000,"get_eff","before_after","result/sur_direct","conf.low_sur",11,0,0,0.41296202667816,0.958469186122355,0.41296202667816,0.958469186122355
"linux","cox",30000,"get_eff","before_after","result/sur_unadj","conf.low_sur",11,0,0,0.310490010435139,0.970368333556442,0.310490010435139,0.970368333556442
"linux","cox",30000,"get_eff","before_after","result/haz_direct","estimate",11,0,0,1,22.9409231776711,1,22.9409231776711
"linux","cox",30000,"get_eff","before_after","result/haz_unadj","estimate",11,0,0,1,45.4409787519458,1,45.4409787519458
"linux","cox",30000,"get_eff","before_after","result/sur_direct","estimate",11,0,0,0,0.512736486620484,0,0.512736486620484
"linux","cox",30000,"get_eff","before_after","result/sur_unadj","estimate",11,0,0,0,0.629732160745105,0,0.629732160745105
"linux","cox",30000,"get_eff","before_after","result/sur_direct","estimate_sur",11,0,0,0.451373774978953,0.964110261599437,0.451373774978953,0.964110261599437
"linux","cox",30000,"get_eff","before_after","result/sur_unadj","estimate_sur",11,0,0,0.344998093507037,0.974730254252142,0.344998093507037,0.974730254252142
"linux","cox",30000,"get_eff","before_after","result/haz_direct","p.value_0.95",10,0,0,1.83679976187753e-227,0.000920689564056895,1.83679976187753e-227,0.000920689564056895
"linux","cox",30000,"get_eff","before_after","result/haz_unadj","p.value_0.95",10,0,0,0,4.47518860200809e-09,0,4.47518860200809e-09
"linux","cox",30000,"get_eff","before_after","result/haz_direct","p_value",10,0,0,1.83679976187753e-227,0.000920689564056895,1.83679976187753e-227,0.000920689564056895
"linux","cox",30000,"get_eff","before_after","result/haz_unadj","p_value",10,0,0,0,4.47518860200809e-09,0,4.47518860200809e-09
"linux","cox",30000,"get_eff","before_after","result/sur_direct","p_value",10,0,0,0,0.00151103943794675,0,0.00151103943794675
"linux","cox",30000,"get_eff","before_after","result/sur_unadj","p_value",10,0,0,7.07438117992755e-122,7.2733889824088e-06,7.07438117992755e-122,7.2733889824088e-06
"linux","cox",30000,"get_eff","before_after","result/sur_direct","time",12,0,0,120,120,120,120
"linux","cox",30000,"get_eff","before_after","result/sur_unadj","time",12,0,0,120,120,120,120
"linux","cox",30000,"get_score","before_after","result/AUC/score","AUC",2,0,0,0.82674695754102,0.840595188462614,0.82674695754102,0.840595188462614
"linux","cox",30000,"get_score","before_after","result/Brier/score","Brier",2,0,0,0.073323948630656,0.10395436143519,0.073323948630656,0.10395436143519
"linux","cox",30000,"get_score","before_after","result/AUC/score","lower",2,0,0,0.818819397494059,0.832775123004158,0.818819397494059,0.832775123004158
"linux","cox",30000,"get_score","before_after","result/Brier/score","lower",2,0,0,0.0710315618567965,0.100991252708764,0.0710315618567965,0.100991252708764
"linux","cox",30000,"get_score","before_after","result/AUC/score","se",2,0,0,0.003989902630936,0.00404474781653748,0.003989902630936,0.00404474781653748
"linux","cox",30000,"get_score","before_after","result/Brier/score","se",2,0,0,0.0011696065804992,0.0015118179465535,0.0011696065804992,0.0015118179465535
"linux","cox",30000,"get_score","before_after","result/AUC/score","times",2,0,0,60,120,60,120
"linux","cox",30000,"get_score","before_after","result/Brier/score","times",2,0,0,60,120,60,120
"linux","cox",30000,"get_score","before_after","result/AUC/score","upper",2,0,0,0.83467451758798,0.848415253921071,0.83467451758798,0.848415253921071
"linux","cox",30000,"get_score","before_after","result/Brier/score","upper",2,0,0,0.0756163354045155,0.106917470161616,0.0756163354045155,0.106917470161616
"linux","cox",30000,"get_score","after_latest","result/AUC/score","AUC",2,0,0,0.82674695754102,0.840595188462614,0.82674695754102,0.840595188462614
"linux","cox",30000,"get_score","after_latest","result/Brier/score","Brier",2,0,0,0.073323948630656,0.10395436143519,0.073323948630656,0.10395436143519
"linux","cox",30000,"get_score","after_latest","result/AUC/score","lower",2,0,0,0.818819397494059,0.832775123004158,0.818819397494059,0.832775123004158
"linux","cox",30000,"get_score","after_latest","result/Brier/score","lower",2,0,0,0.0710315618567965,0.100991252708764,0.0710315618567965,0.100991252708764
"linux","cox",30000,"get_score","after_latest","result/AUC/score","se",2,0,0,0.003989902630936,0.00404474781653748,0.003989902630936,0.00404474781653748
"linux","cox",30000,"get_score","after_latest","result/Brier/score","se",2,0,0,0.0011696065804992,0.0015118179465535,0.0011696065804992,0.0015118179465535
"linux","cox",30000,"get_score","after_latest","result/AUC/score","times",2,0,0,60,120,60,120
"linux","cox",30000,"get_score","after_latest","result/Brier/score","times",2,0,0,60,120,60,120
"linux","cox",30000,"get_score","after_latest","result/AUC/score","upper",2,0,0,0.83467451758798,0.848415253921071,0.83467451758798,0.848415253921071
"linux","cox",30000,"get_score","after_latest","result/Brier/score","upper",2,0,0,0.0756163354045155,0.106917470161616,0.0756163354045155,0.106917470161616
"linux","cox",30000,"get_score_boot","before_after","result/AUC/score","AUC",2,0,0,0.826379874434879,0.839333900521365,0.826379874434879,0.839333900521365
"linux","cox",30000,"get_score_boot","before_after","result/Brier/score","Brier",2,0,0,0.0728315169506647,0.102806248882826,0.0728315169506647,0.102806248882826
"linux","cox",30000,"get_score_boot","before_after","result/AUC/score","lower",2,0,0,0.816397698018013,0.832386025083018,0.816397698018013,0.832386025083018
"linux","cox",30000,"get_score_boot","before_after","result/Brier/score","lower",2,0,0,0.0701620263404744,0.100802615472297,0.0701620263404744,0.100802615472297
"linux","cox",30000,"get_score_boot","before_after","result/AUC/score","se",2,0,0,0.00523489989347276,0.00731892368143475,0.00523489989347276,0.00731892368143475
"linux","cox",30000,"get_score_boot","before_after","result/Brier/score","se",2,0,0,0.00170147462763172,0.00182375003714194,0.00170147462763172,0.00182375003714194
"linux","cox",30000,"get_score_boot","before_after","result/AUC/score","times",2,0,0,60,120,60,120
"linux","cox",30000,"get_score_boot","before_after","result/Brier/score","times",2,0,0,60,120,60,120
"linux","cox",30000,"get_score_boot","before_after","result/AUC/score","upper",2,0,0,0.836450926729398,0.846035548437864,0.836450926729398,0.846035548437864
"linux","cox",30000,"get_score_boot","before_after","result/Brier/score","upper",2,0,0,0.0754320218339878,0.105876092758648,0.0754320218339878,0.105876092758648
"linux","cox",30000,"get_score_boot","after_latest","result/AUC/score","AUC",2,0,0,0.826379874434879,0.839333900521365,0.826379874434879,0.839333900521365
"linux","cox",30000,"get_score_boot","after_latest","result/Brier/score","Brier",2,0,0,0.0728315169506647,0.102806248882826,0.0728315169506647,0.102806248882826
"linux","cox",30000,"get_score_boot","after_latest","result/AUC/score","lower",2,0,0,0.816397698018013,0.832386025083018,0.816397698018013,0.832386025083018
"linux","cox",30000,"get_score_boot","after_latest","result/Brier/score","lower",2,0,0,0.0701620263404744,0.100802615472297,0.0701620263404744,0.100802615472297
"linux","cox",30000,"get_score_boot","after_latest","result/AUC/score","se",2,0,0,0.00523489989347276,0.00731892368143475,0.00523489989347276,0.00731892368143475
"linux","cox",30000,"get_score_boot","after_latest","result/Brier/score","se",2,0,0,0.00170147462763172,0.00182375003714194,0.00170147462763172,0.00182375003714194
"linux","cox",30000,"get_score_boot","after_latest","result/AUC/score","times",2,0,0,60,120,60,120
"linux","cox",30000,"get_score_boot","after_latest","result/Brier/score","times",2,0,0,60,120,60,120
"linux","cox",30000,"get_score_boot","after_latest","result/AUC/score","upper",2,0,0,0.836450926729398,0.846035548437864,0.836450926729398,0.846035548437864
"linux","cox",30000,"get_score_boot","after_latest","result/Brier/score","upper",2,0,0,0.0754320218339878,0.105876092758648,0.0754320218339878,0.105876092758648
"linux","cox",30000,"fit_hazard","before_after","fit","beta",12,0,0,0.0160945030755837,3.13292235403285,0.0160945030755837,3.13292235403285
"linux","cox",30000,"fit_hazard","before_after","fit","se",12,0,0,0.00176433121444312,0.151449435963917,0.00176433121444312,0.151449435963917
"linux","cox",30000,"get_eff_sub","before_after","result/haz_direct","conf.high",3,0,0,2.22571541484526,2.83462335375058,2.22571541484526,2.83462335375058
"linux","cox",30000,"get_eff_sub","before_after","result/haz_unadj","conf.high",3,0,0,2.26780253445856,2.83077233234416,2.26780253445856,2.83077233234416
"linux","cox",30000,"get_eff_sub","before_after","result/haz_direct","conf.low",3,0,0,1.90386784068442,2.29863102045968,1.90386784068442,2.29863102045968
"linux","cox",30000,"get_eff_sub","before_after","result/haz_unadj","conf.low",3,0,0,1.94002210497921,2.29554238301627,1.94002210497921,2.29554238301627
"linux","cox",30000,"get_eff_sub","before_after","result/haz_direct","estimate",3,0,0,2.05851111263444,2.55259733844775,2.05851111263444,2.55259733844775
"linux","cox",30000,"get_eff_sub","before_after","result/haz_unadj","estimate",3,0,0,2.09751926012075,2.54914845891051,2.09751926012075,2.54914845891051
"linux","cox",30000,"get_eff_sub","before_after","result/haz_direct","p.value_0.95",3,0,0,4.72712906463163e-139,9.04179212359623e-69,4.72712906463163e-139,9.04179212359623e-69
"linux","cox",30000,"get_eff_sub","before_after","result/haz_unadj","p.value_0.95",3,0,0,6.14746016472639e-153,1.37949017376806e-68,6.14746016472639e-153,1.37949017376806e-68
"linux","cox",30000,"get_eff_sub","before_after","result/haz_direct","p_value",3,0,0,4.72712906463163e-139,9.04179212359623e-69,4.72712906463163e-139,9.04179212359623e-69
"linux","cox",30000,"get_eff_sub","before_after","result/haz_unadj","p_value",3,0,0,6.14746016472639e-153,1.37949017376806e-68,6.14746016472639e-153,1.37949017376806e-68
"linux","cox",30000,"get_inter_abs","before_after","result/estimates","conf.high",18,0,0,-0.0827255299969053,1.49844892532789,-0.0827255299969053,1.49844892532789
"linux","cox",30000,"get_inter_abs","before_after","result/risks","conf.high",8,0,0,0.0800927843373455,0.305237100850436,0.0800927843373455,0.305237100850436
"linux","cox",30000,"get_inter_abs","before_after","result/estimates","conf.low",18,0,0,-0.500693133903518,1.11491887653127,-0.500693133903518,1.11491887653127
"linux","cox",30000,"get_inter_abs","before_after","result/risks","conf.low",8,0,0,0.066136467959056,0.267821469915211,0.066136467959056,0.267821469915211
"linux","cox",30000,"get_inter_abs","before_after","result/estimates","estimate",18,0,0,-0.291709331950212,1.29253587662628,-0.291709331950212,1.29253587662628
"linux","cox",30000,"get_inter_abs","before_after","result/risks","estimate",8,0,0,0.0731146261482007,0.286529285382824,0.0731146261482007,0.286529285382824
"linux","cox",30000,"get_inter_abs","before_after","result/estimates","p.value",18,0,0,4.87178985979037e-69,0.31298151531577,4.87178985979037e-69,0.31298151531577
"linux","cox",30000,"get_fit_stats_simple","after_latest","result/stats","estimate",6,0,0,0.0222713179991475,80183.302505322,0.0222713179991475,80183.302505322
"linux","cox",30000,"get_fit_stats_simple_boot","after_latest","result/boot","AIC",20,0,0,77787.1076352345,81902.9775532772,77787.1076352345,81902.9775532772
"linux","cox",30000,"get_fit_stats_simple_boot","after_latest","result/boot","BIC",20,0,0,77799.7002294598,81909.3187250244,77799.7002294598,81909.3187250244
"linux","cox",30000,"get_fit_stats_simple_boot","after_latest","result/boot","PVE",20,0,0,0.0204518614227872,0.0492132754295671,0.0204518614227872,0.0492132754295671
"linux","cox",30000,"get_fit_stats_simple_boot","after_latest","result/stats","SE",6,0,0,0.00174464115780466,977.071967291518,0.00174464115780466,977.071967291518
"linux","cox",30000,"get_fit_stats_simple_boot","after_latest","result/stats","estimate",6,0,0,0.0222713179991475,80183.302505322,0.0222713179991475,80183.302505322
"linux","cox",30000,"get_fit_stats_simple_boot","after_latest","result/stats","lower",6,0,0,0.0206948687291266,78904.8006746854,0.0206948687291266,78904.8006746854
"linux","cox",30000,"get_fit_stats_simple_boot","after_latest","result/boot","replicate",20,0,0,1,10,1,10
"linux","cox",30000,"get_fit_stats_simple_boot","after_latest","result/stats","upper",6,0,0,0.0262820331334661,81838.2524290302,0.0262820331334661,81838.2524290302
"linux","cox",50000,"get_facet","before_after","result/sur.data","ci_lower",290,0,0,0.453746946007497,1,0.453746946007497,1
"linux","cox",50000,"get_facet","before_after","result/sur.data","ci_upper",290,0,0,0.55269684678628,1,0.55269684678628,1
"linux","cox",50000,"get_facet","before_after","result/sur.data","se",290,4.33680868994202e-18,6.2945659428229e-16,0,0.0252427854693471,0,0.0252427854693471
"linux","cox",50000,"get_facet","before_after","result/sur.data","surv",290,0,0,0.503221896396889,1,0.503221896396889,1
"linux","cox",50000,"get_facet","before_after","result/sur.data","time",290,0,0,0,253,0,253
"linux","cox",50000,"get_facet","before_after","result/insert.data","x",3,0,0,0.5,0.5,0.5,0.5
"linux","cox",50000,"get_facet","before_after","result/insert.data","y",3,0,0,0.5,0.5,0.5,0.5
"linux","cox",50000,"get_facet","before_after","result/sur.data","yhat",290,0,0,0.503221896396889,1,0.503221896396889,1
"linux","cox",50000,"get_fit_stats","after_latest","result/stats","estimate",6,0,0,0.042945505993733,139626.382281517,0.042945505993733,139626.382281517
"linux","cox",50000,"get_eff_cat","before_after","result/haz_models","conf.high",20,0,0,1.73917504916605,48.7405495677316,1.73917504916605,48.7405495677316
"linux","cox",50000,"get_eff_cat","before_after","result/haz_models","conf.low",20,0,0,1.2228092639703,37.4813232564386,1.2228092639703,37.4813232564386
"linux","cox",50000,"get_eff_cat","before_after","result/haz_models","estimate",20,0,0,1.46476799136925,42.7417862757819,1.46476799136925,42.7417862757819
"linux","cox",50000,"get_eff_cat","before_after","result/haz_models","p.value_0.95",20,0,0,0,0.000132095761588528,0,0.000132095761588528
"linux","cox",50000,"get_eff_cat","before_after","result/haz_models","p_value",20,0,0,0,0.000132095761588528,0,0.000132095761588528
"linux","cox",50000,"get_fit_stats_boot","after_latest","result/boot","AIC",20,0,0,130416.562626034,143579.494600168,130416.562626034,143579.494600168
"linux","cox",50000,"get_fit_stats_boot","after_latest","result/boot","BIC",20,0,0,130498.316747236,143593.209345834,130498.316747236,143593.209345834
"linux","cox",50000,"get_fit_stats_boot","after_latest","result/boot","PVE",20,0,0,0.0403846138550856,0.166508976742711,0.0403846138550856,0.166508976742711
"linux","cox",50000,"get_fit_stats_boot","after_latest","result/stats","SE",6,0,0,0.00168517785901402,2041.51490616666,0.00168517785901402,2041.51490616666
"linux","cox",50000,"get_fit_stats_boot","after_latest","result/stats","estimate",6,0,0,0.042945505993733,139626.382281517,0.042945505993733,139626.382281517
"linux","cox",50000,"get_fit_stats_boot","after_latest","result/stats","lower",6,0,0,0.0407561635538329,137202.784933933,0.0407561635538329,137202.784933933
"linux","cox",50000,"get_fit_stats_boot","after_latest","result/boot","replicate",20,0,0,1,10,1,10
"linux","cox",50000,"get_fit_stats_boot","after_latest","result/stats","upper",6,0,0,0.04621091893754,143269.943209519,0.04621091893754,143269.943209519
"linux","cox",50000,"get_facet_diff","before_after","result/diff.data","conf.high",1078,0,0,-0.00101831938681714,0.304020860175999,-0.00101831938681714,0.304020860175999
"linux","cox",50000,"get_facet_diff","before_after","result/forest.data","conf.high",24,0,0,0.0146642207173719,0.186582849369737,0.0146642207173719,0.186582849369737
"linux","cox",50000,"get_facet_diff","before_after","result/diff.data","conf.high_Female",1023,0,0,0.72733915676846,1,0.72733915676846,1
"linux","cox",50000,"get_facet_diff","before_after","result/forest.data","conf.high_Female",24,0,0,0.839124925787863,0.992541533762633,0.839124925787863,0.992541533762633
"linux","cox",50000,"get_facet_diff","before_after","result/diff.data","conf.high_Male",937,0,0,0.55269684678628,1,0.55269684678628,1
"linux","cox",50000,"get_facet_diff","before_after","result/forest.data","conf.high_Male",24,0,0,0.719107122033218,0.979829639139033,0.719107122033218,0.979829639139033
"linux","cox",50000,"get_facet_diff","before_after","result/diff.data","conf.low",1078,0,0,-0.119544935881262,0.208444659793776,-0.119544935881262,0.208444659793776
"linux","cox",50000,"get_facet_diff","before_after","result/forest.data","conf.low",24,0,0,0.00536751350656519,0.153901400217075,0.00536751350656519,0.153901400217075
"linux","cox",50000,"get_facet_diff","before_after","result/diff.data","conf.low_Female",1023,0,0,0.526025616892138,1,0.526025616892138,1
"linux","cox",50000,"get_facet_diff","before_after","result/forest.data","conf.low_Female",24,0,0,0.819015557879753,0.988239850695238,0.819015557879753,0.988239850695238
"linux","cox",50000,"get_facet_diff","before_after","result/diff.data","conf.low_Male",937,0,0,0.453746946007497,1,0.453746946007497,1
"linux","cox",50000,"get_facet_diff","before_after","result/forest.data","conf.low_Male",24,0,0,0.693333553125917,0.972926955421556,0.693333553125917,0.972926955421556
"linux","cox",50000,"get_facet_diff","before_after","result/diff.data","estimate",1078,0,0,-0.00454212404371501,0.247841171996269,-0.00454212404371501,0.247841171996269
"linux","cox",50000,"get_facet_diff","before_after","result/forest.data","estimate",24,0,0,0.0107740797766512,0.170242124793406,0.0107740797766512,0.170242124793406
"linux","cox",50000,"get_facet_diff","before_after","result/diff.data","estimate_Female",1023,0,0,0.618545898562861,1,0.618545898562861,1
"linux","cox",50000,"get_facet_diff","before_after","result/forest.data","estimate_Female",24,0,0,0.829070241833808,0.990388356723971,0.829070241833808,0.990388356723971
"linux","cox",50000,"get_facet_diff","before_after","result/diff.data","estimate_Male",937,0,0,0.503221896396889,1,0.503221896396889,1
"linux","cox",50000,"get_facet_diff","before_after","result/forest.data","estimate_Male",24,0,0,0.706220337579568,0.976378297280294,0.706220337579568,0.976378297280294
"linux","cox",50000,"get_facet_diff","before_after","result/diff.data","p.value_0.95",1075,0,0,1.35710903068979e-160,0.556459128441867,1.35710903068979e-160,0.556459128441867
"linux","cox",50000,"get_facet_diff","before_after","result/forest.data","p.value_0.95",24,0,0,8.35358740336548e-160,0.000993896901855479,8.35358740336548e-160,0.000993896901855479
"linux","cox",50000,"get_facet_diff","before_after","result/diff.data","p_value",1075,0,0,1.35710903068979e-160,0.556459128441867,1.35710903068979e-160,0.556459128441867
"linux","cox",50000,"get_facet_diff","before_after","result/forest.data","p_value",24,0,0,8.35358740336548e-160,0.000993896901855479,8.35358740336548e-160,0.000993896901855479
"linux","cox",50000,"get_facet_diff","before_after","result/diff.data","time",1082,0,0,0,287,0,287
"linux","cox",50000,"get_facet_diff","before_after","result/forest.data","time",24,0,0,12,120,12,120
"linux","cox",50000,"get_eff","before_after","result/haz_direct","conf.high",11,0,0,1,25.751434426903,1,25.751434426903
"linux","cox",50000,"get_eff","before_after","result/haz_unadj","conf.high",11,0,0,1,48.7405495677316,1,48.7405495677316
"linux","cox",50000,"get_eff","before_after","result/sur_direct","conf.high",11,0,0,0,0.539388729220293,0,0.539388729220293
"linux","cox",50000,"get_eff","before_after","result/sur_unadj","conf.high",11,0,0,0,0.707917036067426,0,0.707917036067426
"linux","cox",50000,"get_eff","before_after","result/sur_direct","conf.high_sur",11,0,0,0.483698884191951,0.967163195377193,0.483698884191951,0.967163195377193
"linux","cox",50000,"get_eff","before_after","result/sur_unadj","conf.high_sur",11,0,0,0.378353181146656,0.975700059337693,0.378353181146656,0.975700059337693
"linux","cox",50000,"get_eff","before_after","result/haz_direct","conf.low",11,0,0,1,18.6864386810192,1,18.6864386810192
"linux","cox",50000,"get_eff","before_after","result/haz_unadj","conf.low",11,0,0,1,37.4813232564386,1,37.4813232564386
"linux","cox",50000,"get_eff","before_after","result/sur_direct","conf.low",11,0,0,0,0.4786598794678,0,0.4786598794678
"linux","cox",50000,"get_eff","before_after","result/sur_unadj","conf.low",11,0,0,0,0.540360967693664,0,0.540360967693664
"linux","cox",50000,"get_eff","before_after","result/sur_direct","conf.low_sur",11,0,0,0.42363261123001,0.958216908732861,0.42363261123001,0.958216908732861
"linux","cox",50000,"get_eff","before_after","result/sur_unadj","conf.low_sur",11,0,0,0.320036142001093,0.968541387300515,0.320036142001093,0.968541387300515
"linux","cox",50000,"get_eff","before_after","result/haz_direct","estimate",11,0,0,1,21.9363306039686,1,21.9363306039686
"linux","cox",50000,"get_eff","before_after","result/haz_unadj","estimate",11,0,0,1,42.7417862757819,1,42.7417862757819
"linux","cox",50000,"get_eff","before_after","result/sur_direct","estimate",11,0,0,0,0.509024304344047,0,0.509024304344047
"linux","cox",50000,"get_eff","before_after","result/sur_unadj","estimate",11,0,0,0,0.624139001880545,0,0.624139001880545
"linux","cox",50000,"get_eff","before_after","result/sur_direct","estimate_sur",11,0,0,0.453665747710981,0.962690052055027,0.453665747710981,0.962690052055027
"linux","cox",50000,"get_eff","before_after","result/sur_unadj","estimate_sur",11,0,0,0.347975131881599,0.972114133762144,0.347975131881599,0.972114133762144
"linux","cox",50000,"get_eff","before_after","result/haz_direct","p.value_0.95",10,0,0,0,0.000132095761588528,0,0.000132095761588528
"linux","cox",50000,"get_eff","before_after","result/haz_unadj","p.value_0.95",10,0,0,0,2.31302279290319e-11,0,2.31302279290319e-11
"linux","cox",50000,"get_eff","before_after","result/haz_direct","p_value",10,0,0,0,0.000132095761588528,0,0.000132095761588528
"linux","cox",50000,"get_eff","before_after","result/haz_unadj","p_value",10,0,0,0,2.31302279290319e-11,0,2.31302279290319e-11
"linux","cox",50000,"get_eff","before_after","result/sur_direct","p_value",10,0,0,0,0.000529419709811988,0,0.000529419709811988
"linux","cox",50000,"get_eff","before_after","result/sur_unadj","p_value",10,0,0,9.38239565736785e-198,3.77176536313787e-07,9.38239565736785e-198,3.77176536313787e-07
"linux","cox",50000,"get_eff","before_after","result/sur_direct","time",12,0,0,120,120,120,120
"linux","cox",50000,"get_eff","before_after","result/sur_unadj","time",12,0,0,120,120,120,120
"linux","cox",50000,"get_score","before_after","result/AUC/score","AUC",2,0,0,0.825515330536968,0.840593434496623,0.825515330536968,0.840593434496623
"linux","cox",50000,"get_score","before_after","result/Brier/score","Brier",2,0,0,0.073481889467121,0.104404111875719,0.073481889467121,0.104404111875719
"linux","cox",50000,"get_score","before_after","result/AUC/score","lower",2,0,0,0.821051299789041,0.836256981545874,0.821051299789041,0.836256981545874
"linux","cox",50000,"get_score","before_after","result/Brier/score","lower",2,0,0,0.0717019906251809,0.102093676489941,0.0717019906251809,0.102093676489941
"linux","cox",50000,"get_score","before_after","result/AUC/score","se",2,0,0,0.00221251665079275,0.00227760855971768,0.00221251665079275,0.00227760855971768
"linux","cox",50000,"get_score","before_after","result/Brier/score","se",2,0,0,0.000908128341122482,0.00117881522517835,0.000908128341122482,0.00117881522517835
"linux","cox",50000,"get_score","before_after","result/AUC/score","times",2,0,0,60,120,60,120
"linux","cox",50000,"get_score","before_after","result/Brier/score","times",2,0,0,60,120,60,120
"linux","cox",50000,"get_score","before_after","result/AUC/score","upper",2,0,0,0.829979361284895,0.844929887447372,0.829979361284895,0.844929887447372
"linux","cox",50000,"get_score","before_after","result/Brier/score","upper",2,0,0,0.0752617883090612,0.106714547261496,0.0752617883090612,0.106714547261496
"linux","cox",50000,"get_score","after_latest","result/AUC/score","AUC",2,0,0,0.825515330536968,0.840593434496623,0.825515330536968,0.840593434496623
"linux","cox",50000,"get_score","after_latest","result/Brier/score","Brier",2,0,0,0.073481889467121,0.104404111875719,0.073481889467121,0.104404111875719
"linux","cox",50000,"get_score","after_latest","result/AUC/score","lower",2,0,0,0.821051299789041,0.836256981545874,0.821051299789041,0.836256981545874
"linux","cox",50000,"get_score","after_latest","result/Brier/score","lower",2,0,0,0.0717019906251809,0.102093676489941,0.0717019906251809,0.102093676489941
"linux","cox",50000,"get_score","after_latest","result/AUC/score","se",2,0,0,0.00221251665079275,0.00227760855971768,0.00221251665079275,0.00227760855971768
"linux","cox",50000,"get_score","after_latest","result/Brier/score","se",2,0,0,0.000908128341122482,0.00117881522517835,0.000908128341122482,0.00117881522517835
"linux","cox",50000,"get_score","after_latest","result/AUC/score","times",2,0,0,60,120,60,120
"linux","cox",50000,"get_score","after_latest","result/Brier/score","times",2,0,0,60,120,60,120
"linux","cox",50000,"get_score","after_latest","result/AUC/score","upper",2,0,0,0.829979361284895,0.844929887447372,0.829979361284895,0.844929887447372
"linux","cox",50000,"get_score","after_latest","result/Brier/score","upper",2,0,0,0.0752617883090612,0.106714547261496,0.0752617883090612,0.106714547261496
"linux","cox",50000,"get_score_boot","before_after","result/AUC/score","AUC",2,0,0,0.823871833516171,0.839396582135972,0.823871833516171,0.839396582135972
"linux","cox",50000,"get_score_boot","before_after","result/Brier/score","Brier",2,0,0,0.0732948598575653,0.104520229133543,0.0732948598575653,0.104520229133543
"linux","cox",50000,"get_score_boot","before_after","result/AUC/score","lower",2,0,0,0.817915280799286,0.833768581956883,0.817915280799286,0.833768581956883
"linux","cox",50000,"get_score_boot","before_after","result/Brier/score","lower",2,0,0,0.0708907400451119,0.101634973216967,0.0708907400451119,0.101634973216967
"linux","cox",50000,"get_score_boot","before_after","result/AUC/score","se",2,0,0,0.0039334826574687,0.00398869136109217,0.0039334826574687,0.00398869136109217
"linux","cox",50000,"get_score_boot","before_after","result/Brier/score","se",2,0,0,0.00122237557469111,0.00195122208323554,0.00122237557469111,0.00195122208323554
"linux","cox",50000,"get_score_boot","before_after","result/AUC/score","times",2,0,0,60,120,60,120
"linux","cox",50000,"get_score_boot","before_after","result/Brier/score","times",2,0,0,60,120,60,120
"linux","cox",50000,"get_score_boot","before_after","result/AUC/score","upper",2,0,0,0.829993756737689,0.844262779584186,0.829993756737689,0.844262779584186
"linux","cox",50000,"get_score_boot","before_after","result/Brier/score","upper",2,0,0,0.0748642180709987,0.107443075994722,0.0748642180709987,0.107443075994722
"linux","cox",50000,"get_score_boot","after_latest","result/AUC/score","AUC",2,0,0,0.823871833516171,0.839396582135972,0.823871833516171,0.839396582135972
"linux","cox",50000,"get_score_boot","after_latest","result/Brier/score","Brier",2,0,0,0.0732948598575653,0.104520229133543,0.0732948598575653,0.104520229133543
"linux","cox",50000,"get_score_boot","after_latest","result/AUC/score","lower",2,0,0,0.817915280799286,0.833768581956883,0.817915280799286,0.833768581956883
"linux","cox",50000,"get_score_boot","after_latest","result/Brier/score","lower",2,0,0,0.0708907400451119,0.101634973216967,0.0708907400451119,0.101634973216967
"linux","cox",50000,"get_score_boot","after_latest","result/AUC/score","se",2,0,0,0.0039334826574687,0.00398869136109217,0.0039334826574687,0.00398869136109217
"linux","cox",50000,"get_score_boot","after_latest","result/Brier/score","se",2,0,0,0.00122237557469111,0.00195122208323554,0.00122237557469111,0.00195122208323554
"linux","cox",50000,"get_score_boot","after_latest","result/AUC/score","times",2,0,0,60,120,60,120
"linux","cox",50000,"get_score_boot","after_latest","result/Brier/score","times",2,0,0,60,120,60,120
"linux","cox",50000,"get_score_boot","after_latest","result/AUC/score","upper",2,0,0,0.829993756737689,0.844262779584186,0.829993756737689,0.844262779584186
"linux","cox",50000,"get_score_boot","after_latest","result/Brier/score","upper",2,0,0,0.0748642180709987,0.107443075994722,0.0748642180709987,0.107443075994722
"linux","cox",50000,"fit_hazard","before_after","fit","beta",12,0,0,0.0153484538798616,3.08814419400359,0.0153484538798616,3.08814419400359
"linux","cox",50000,"fit_hazard","before_after","fit","se",12,0,0,0.00137112917560867,0.115491734958211,0.00137112917560867,0.115491734958211
"linux","cox",50000,"get_eff_sub","before_after","result/haz_direct","conf.high",3,0,0,2.29671213129801,2.7002575273413,2.29671213129801,2.7002575273413
"linux","cox",50000,"get_eff_sub","before_after","result/haz_unadj","conf.high",3,0,0,2.33882148764863,2.70065092909694,2.33882148764863,2.70065092909694
"linux","cox",50000,"get_eff_sub","before_after","result/haz_direct","conf.low",3,0,0,2.03198563413132,2.30058769571726,2.03198563413132,2.30058769571726
"linux","cox",50000,"get_eff_sub","before_after","result/haz_unadj","conf.low",3,0,0,2.0693581128522,2.30094912243555,2.0693581128522,2.30094912243555
"linux","cox",50000,"get_eff_sub","before_after","result/haz_direct","estimate",3,0,0,2.16029767775941,2.4924243705014,2.16029767775941,2.4924243705014
"linux","cox",50000,"get_eff_sub","before_after","result/haz_unadj","estimate",3,0,0,2.19996800430796,2.4928017139978,2.19996800430796,2.4928017139978
"linux","cox",50000,"get_eff_sub","before_after","result/haz_direct","p.value_0.95",3,0,0,2.28047388148772e-242,1.23863670485128e-110,2.28047388148772e-242,1.23863670485128e-110
"linux","cox",50000,"get_eff_sub","before_after","result/haz_unadj","p.value_0.95",3,0,0,1.55570618635377e-267,1.10007839881322e-110,1.55570618635377e-267,1.10007839881322e-110
"linux","cox",50000,"get_eff_sub","before_after","result/haz_direct","p_value",3,0,0,2.28047388148772e-242,1.23863670485128e-110,2.28047388148772e-242,1.23863670485128e-110
"linux","cox",50000,"get_eff_sub","before_after","result/haz_unadj","p_value",3,0,0,1.55570618635377e-267,1.10007839881322e-110,1.55570618635377e-267,1.10007839881322e-110
"linux","cox",50000,"get_inter_abs","before_after","result/estimates","conf.high",18,0,0,-0.0426312605490443,1.53833978325316,-0.0426312605490443,1.53833978325316
"linux","cox",50000,"get_inter_abs","before_after","result/risks","conf.high",8,0,0,0.0819412043173382,0.303244185787996,0.0819412043173382,0.303244185787996
"linux","cox",50000,"get_inter_abs","before_after","result/estimates","conf.low",18,0,0,-0.357822476230707,1.20927252083308,-0.357822476230707,1.20927252083308
"linux","cox",50000,"get_inter_abs","before_after","result/risks","conf.low",8,0,0,0.0708899975331498,0.274090784300194,0.0708899975331498,0.274090784300194
"linux","cox",50000,"get_inter_abs","before_after","result/estimates","estimate",18,0,0,-0.200226868389876,1.3639178962065,-0.200226868389876,1.3639178962065
"linux","cox",50000,"get_inter_abs","before_after","result/risks","estimate",8,0,0,0.076415600925244,0.288667485044095,0.076415600925244,0.288667485044095
"linux","cox",50000,"get_inter_abs","before_after","result/estimates","p.value",18,0,0,1.75414899315808e-125,0.820442290799608,1.75414899315808e-125,0.820442290799608
"linux","cox",50000,"get_fit_stats_simple","after_latest","result/stats","estimate",6,0,0,0.0208515385977191,140758.699408897,0.0208515385977191,140758.699408897
"linux","cox",50000,"get_fit_stats_simple_boot","after_latest","result/boot","AIC",20,0,0,137103.528483623,144699.270571357,137103.528483623,144699.270571357
"linux","cox",50000,"get_fit_stats_simple_boot","after_latest","result/boot","BIC",20,0,0,137117.15417049,144706.12794419,137117.15417049,144706.12794419
"linux","cox",50000,"get_fit_stats_simple_boot","after_latest","result/boot","PVE",20,0,0,0.0200599795350287,0.0466230191386636,0.0200599795350287,0.0466230191386636
"linux","cox",50000,"get_fit_stats_simple_boot","after_latest","result/stats","SE",6,0,0,0.00111497247798487,2066.40588989368,0.00111497247798487,2066.40588989368
"linux","cox",50000,"get_fit_stats_simple_boot","after_latest","result/stats","estimate",6,0,0,0.0208515385977191,140758.699408897,0.0208515385977191,140758.699408897
"linux","cox",50000,"get_fit_stats_simple_boot","after_latest","result/stats","lower",6,0,0,0.0200811391650132,138325.262047876,0.0200811391650132,138325.262047876
"linux","cox",50000,"get_fit_stats_simple_boot","after_latest","result/boot","replicate",20,0,0,1,10,1,10
"linux","cox",50000,"get_fit_stats_simple_boot","after_latest","result/stats","upper",6,0,0,0.0233498623794685,144399.156259329,0.0233498623794685,144399.156259329
"linux","cox",100000,"get_facet","before_after","result/sur.data","ci_lower",290,0,0,0.488220123590391,1,0.488220123590391,1
"linux","cox",100000,"get_facet","before_after","result/sur.data","ci_upper",290,0,0,0.548924004653142,1,0.548924004653142,1
"linux","cox",100000,"get_facet","before_after","result/sur.data","se",290,1.73472347597681e-18,3.48929097937339e-16,0,0.0154859685028845,0,0.0154859685028845
"linux","cox",100000,"get_facet","before_after","result/sur.data","surv",290,0,0,0.518572064121766,1,0.518572064121766,1
"linux","cox",100000,"get_facet","before_after","result/sur.data","time",290,0,0,0,253,0,253
"linux","cox",100000,"get_facet","before_after","result/insert.data","x",3,0,0,0.5,0.5,0.5,0.5
"linux","cox",100000,"get_facet","before_after","result/insert.data","y",3,0,0,0.5,0.5,0.5,0.5
"linux","cox",100000,"get_facet","before_after","result/sur.data","yhat",290,0,0,0.518572064121766,1,0.518572064121766,1
"linux","cox",100000,"get_fit_stats","after_latest","result/stats","estimate",6,0,0,0.0432189451265075,296413.793619305,0.0432189451265075,296413.793619305
"linux","cox",100000,"get_eff_cat","before_after","result/haz_models","conf.high",20,0,0,1.72334878924545,48.1897042236842,1.72334878924545,48.1897042236842
"linux","cox",100000,"get_eff_cat","before_after","result/haz_models","conf.low",20,0,0,1.34631499060961,39.9802395621828,1.34631499060961,39.9802395621828
"linux","cox",100000,"get_eff_cat","before_after","result/haz_models","estimate",20,0,0,1.52598207484931,43.8934610083737,1.52598207484931,43.8934610083737
"linux","cox",100000,"get_eff_cat","before_after","result/haz_models","p.value_0.95",20,0,0,0,4.93458930968843e-09,0,4.93458930968843e-09
"linux","cox",100000,"get_eff_cat","before_after","result/haz_models","p_value",20,0,0,0,4.93458930968843e-09,0,4.93458930968843e-09
"linux","cox",100000,"get_fit_stats_boot","after_latest","result/boot","AIC",20,0,0,279398.165608497,299307.142065866,279398.165608497,299307.142065866
"linux","cox",100000,"get_fit_stats_boot","after_latest","result/boot","BIC",20,0,0,279488.216048139,299322.197325444,279488.216048139,299322.197325444
"linux","cox",100000,"get_fit_stats_boot","after_latest","result/boot","PVE",20,0,0,0.042264835238178,0.162058848259249,0.042264835238178,0.162058848259249
"linux","cox",100000,"get_fit_stats_boot","after_latest","result/stats","SE",6,0,0,0.000701571587462736,2010.92908087093,0.000701571587462736,2010.92908087093
"linux","cox",100000,"get_fit_stats_boot","after_latest","result/stats","estimate",6,0,0,0.0432189451265075,296413.793619305,0.0432189451265075,296413.793619305
"linux","cox",100000,"get_fit_stats_boot","after_latest","result/stats","lower",6,0,0,0.0423316397628002,292926.84773162,0.0423316397628002,292926.84773162
"linux","cox",100000,"get_fit_stats_boot","after_latest","result/boot","replicate",20,0,0,1,10,1,10
"linux","cox",100000,"get_fit_stats_boot","after_latest","result/stats","upper",6,0,0,0.0443180648374205,299021.096523702,0.0443180648374205,299021.096523702
"linux","cox",100000,"get_facet_diff","before_after","result/diff.data","conf.high",1078,0,0,-0.000938428842535892,0.27478227434484,-0.000938428842535892,0.27478227434484
"linux","cox",100000,"get_facet_diff","before_after","result/forest.data","conf.high",24,0,0,0.0135569483605479,0.177458046144493,0.0135569483605479,0.177458046144493
"linux","cox",100000,"get_facet_diff","before_after","result/diff.data","conf.high_Female",1023,0,0,0.689202936573217,1,0.689202936573217,1
"linux","cox",100000,"get_facet_diff","before_after","result/forest.data","conf.high_Female",24,0,0,0.842883885516517,0.991260659452245,0.842883885516517,0.991260659452245
"linux","cox",100000,"get_facet_diff","before_after","result/diff.data","conf.high_Male",937,0,0,0.548924004653142,1,0.548924004653142,1
"linux","cox",100000,"get_facet_diff","before_after","result/forest.data","conf.high_Male",24,0,0,0.717814707659158,0.979290210824653,0.717814707659158,0.979290210824653
"linux","cox",100000,"get_facet_diff","before_after","result/diff.data","conf.low",1078,0,0,-0.109431570793244,0.219710347912298,-0.109431570793244,0.219710347912298
"linux","cox",100000,"get_facet_diff","before_after","result/forest.data","conf.low",24,0,0,0.00818152508363026,0.154253006023416,0.00818152508363026,0.154253006023416
"linux","cox",100000,"get_facet_diff","before_after","result/diff.data","conf.low_Female",1023,0,0,0.532091104755016,1,0.532091104755016,1
"linux","cox",100000,"get_facet_diff","before_after","result/forest.data","conf.low_Female",24,0,0,0.82906440425546,0.988109017756559,0.82906440425546,0.988109017756559
"linux","cox",100000,"get_facet_diff","before_after","result/diff.data","conf.low_Male",937,0,0,0.488220123590391,1,0.488220123590391,1
"linux","cox",100000,"get_facet_diff","before_after","result/forest.data","conf.low_Male",24,0,0,0.69970704983519,0.974530401067862,0.69970704983519,0.974530401067862
"linux","cox",100000,"get_facet_diff","before_after","result/diff.data","estimate",1078,0,0,-0.00356471512099388,0.239830434155061,-0.00356471512099388,0.239830434155061
"linux","cox",100000,"get_facet_diff","before_after","result/forest.data","estimate",24,0,0,0.0108692367220891,0.165855526083955,0.0108692367220891,0.165855526083955
"linux","cox",100000,"get_facet_diff","before_after","result/diff.data","estimate_Female",1023,0,0,0.605573077276099,1,0.605573077276099,1
"linux","cox",100000,"get_facet_diff","before_after","result/forest.data","estimate_Female",24,0,0,0.835974144885989,0.989683584057085,0.835974144885989,0.989683584057085
"linux","cox",100000,"get_facet_diff","before_after","result/diff.data","estimate_Male",937,0,0,0.518572064121766,1,0.518572064121766,1
"linux","cox",100000,"get_facet_diff","before_after","result/forest.data","estimate_Male",24,0,0,0.708760878747174,0.976910305946257,0.708760878747174,0.976910305946257
"linux","cox",100000,"get_facet_diff","before_after","result/diff.data","p.value_0.95",1075,0,0,0,0.720695973017327,0,0.720695973017327
"linux","cox",100000,"get_facet_diff","before_after","result/forest.data","p.value_0.95",24,0,0,4.67982711562257e-307,2.87585839206014e-08,4.67982711562257e-307,2.87585839206014e-08
"linux","cox",100000,"get_facet_diff","before_after","result/diff.data","p_value",1075,0,0,0,0.720695973017327,0,0.720695973017327
"linux","cox",100000,"get_facet_diff","before_after","result/forest.data","p_value",24,0,0,4.67982711562257e-307,2.87585839206014e-08,4.67982711562257e-307,2.87585839206014e-08
"linux","cox",100000,"get_facet_diff","before_after","result/diff.data","time",1082,0,0,0,287,0,287
"linux","cox",100000,"get_facet_diff","before_after","result/forest.data","time",24,0,0,12,120,12,120
"linux","cox",100000,"get_eff","before_after","result/haz_direct","conf.high",11,0,0,1,25.6685495849638,1,25.6685495849638
"linux","cox",100000,"get_eff","before_after","result/haz_unadj","conf.high",11,0,0,1,48.1897042236842,1,48.1897042236842
"linux","cox",100000,"get_eff","before_after","result/sur_direct","conf.high",11,0,0,0,0.535905595570406,0,0.535905595570406
"linux","cox",100000,"get_eff","before_after","result/sur_unadj","conf.high",11,0,0,0,0.689704866708663,0,0.689704866708663
"linux","cox",100000,"get_eff","before_after","result/sur_direct","conf.high_sur",11,0,0,0.471522027455877,0.966954788657981,0.471522027455877,0.966954788657981
"linux","cox",100000,"get_eff","before_after","result/sur_unadj","conf.high_sur",11,0,0,0.365274868495207,0.975820639747941,0.365274868495207,0.975820639747941
"linux","cox",100000,"get_eff","before_after","result/haz_direct","conf.low",11,0,0,1,20.4305564745458,1,20.4305564745458
"linux","cox",100000,"get_eff","before_after","result/haz_unadj","conf.low",11,0,0,1,39.9802395621828,1,39.9802395621828
"linux","cox",100000,"get_eff","before_after","result/sur_direct","conf.low",11,0,0,0,0.492154103581412,0,0.492154103581412
"linux","cox",100000,"get_eff","before_after","result/sur_unadj","conf.low",11,0,0,0,0.569146147320013,0,0.569146147320013
"linux","cox",100000,"get_eff","before_after","result/sur_direct","conf.low_sur",11,0,0,0.42820157301577,0.960828510965484,0.42820157301577,0.960828510965484
"linux","cox",100000,"get_eff","before_after","result/sur_unadj","conf.low_sur",11,0,0,0.32382330685694,0.970886946639614,0.32382330685694,0.970886946639614
"linux","cox",100000,"get_eff","before_after","result/haz_direct","estimate",11,0,0,1,22.9002784244053,1,22.9002784244053
"linux","cox",100000,"get_eff","before_after","result/haz_unadj","estimate",11,0,0,1,43.8934610083737,1,43.8934610083737
"linux","cox",100000,"get_eff","before_after","result/sur_direct","estimate",11,0,0,0,0.514029849575909,0,0.514029849575909
"linux","cox",100000,"get_eff","before_after","result/sur_unadj","estimate",11,0,0,0,0.629425507014338,0,0.629425507014338
"linux","cox",100000,"get_eff","before_after","result/sur_direct","estimate_sur",11,0,0,0.449861800235824,0.963891649811733,0.449861800235824,0.963891649811733
"linux","cox",100000,"get_eff","before_after","result/sur_unadj","estimate_sur",11,0,0,0.343925160213457,0.973350667227794,0.343925160213457,0.973350667227794
"linux","cox",100000,"get_eff","before_after","result/haz_direct","p.value_0.95",10,0,0,0,4.93458930968843e-09,0,4.93458930968843e-09
"linux","cox",100000,"get_eff","before_after","result/haz_unadj","p.value_0.95",10,0,0,0,1.35218350831629e-22,0,1.35218350831629e-22
"linux","cox",100000,"get_eff","before_after","result/haz_direct","p_value",10,0,0,0,4.93458930968843e-09,0,4.93458930968843e-09
"linux","cox",100000,"get_eff","before_after","result/haz_unadj","p_value",10,0,0,0,1.35218350831629e-22,0,1.35218350831629e-22
"linux","cox",100000,"get_eff","before_after","result/sur_direct","p_value",10,0,0,0,1.47357681120087e-07,0,1.47357681120087e-07
"linux","cox",100000,"get_eff","before_after","result/sur_unadj","p_value",10,0,0,0,8.6766596771153e-14,0,8.6766596771153e-14
"linux","cox",100000,"get_eff","before_after","result/sur_direct","time",12,0,0,120,120,120,120
"linux","cox",100000,"get_eff","before_after","result/sur_unadj","time",12,0,0,120,120,120,120
"linux","cox",100000,"get_score","before_after","result/AUC/score","AUC",2,0,0,0.825624897514552,0.842793054773017,0.825624897514552,0.842793054773017
"linux","cox",100000,"get_score","before_after","result/Brier/score","Brier",2,0,0,0.0728830079628471,0.103750346008448,0.0728830079628471,0.103750346008448
"linux","cox",100000,"get_score","before_after","result/AUC/score","lower",2,0,0,0.825001626469488,0.84219360822737,0.825001626469488,0.84219360822737
"linux","cox",100000,"get_score","before_after","result/Brier/score","lower",2,0,0,0.0716289455951099,0.102121329703936,0.0716289455951099,0.102121329703936
"linux","cox",100000,"get_score","before_after","result/AUC/score","se",2,0,0,0.000305845694296247,0.000318001274503255,0.000305845694296247,0.000318001274503255
"linux","cox",100000,"get_score","before_after","result/Brier/score","se",2,0,0,0.000639839495842306,0.000831146040111685,0.000639839495842306,0.000831146040111685
"linux","cox",100000,"get_score","before_after","result/AUC/score","times",2,0,0,60,120,60,120
"linux","cox",100000,"get_score","before_after","result/Brier/score","times",2,0,0,60,120,60,120
"linux","cox",100000,"get_score","before_after","result/AUC/score","upper",2,0,0,0.826248168559617,0.843392501318665,0.826248168559617,0.843392501318665
"linux","cox",100000,"get_score","before_after","result/Brier/score","upper",2,0,0,0.0741370703305842,0.10537936231296,0.0741370703305842,0.10537936231296
"linux","cox",100000,"get_score","after_latest","result/AUC/score","AUC",2,0,0,0.825624897514552,0.842793054773017,0.825624897514552,0.842793054773017
"linux","cox",100000,"get_score","after_latest","result/Brier/score","Brier",2,0,0,0.0728830079628471,0.103750346008448,0.0728830079628471,0.103750346008448
"linux","cox",100000,"get_score","after_latest","result/AUC/score","lower",2,0,0,0.825001626469488,0.84219360822737,0.825001626469488,0.84219360822737
"linux","cox",100000,"get_score","after_latest","result/Brier/score","lower",2,0,0,0.0716289455951099,0.102121329703936,0.0716289455951099,0.102121329703936
"linux","cox",100000,"get_score","after_latest","result/AUC/score","se",2,0,0,0.000305845694296247,0.000318001274503255,0.000305845694296247,0.000318001274503255
"linux","cox",100000,"get_score","after_latest","result/Brier/score","se",2,0,0,0.000639839495842306,0.000831146040111685,0.000639839495842306,0.000831146040111685
"linux","cox",100000,"get_score","after_latest","result/AUC/score","times",2,0,0,60,120,60,120
"linux","cox",100000,"get_score","after_latest","result/Brier/score","times",2,0,0,60,120,60,120
"linux","cox",100000,"get_score","after_latest","result/AUC/score","upper",2,0,0,0.826248168559617,0.843392501318665,0.826248168559617,0.843392501318665
"linux","cox",100000,"get_score","after_latest","result/Brier/score","upper",2,0,0,0.0741370703305842,0.10537936231296,0.0741370703305842,0.10537936231296
"linux","cox",100000,"get_score_boot","before_after","result/AUC/score","AUC",2,0,0,0.825043514088764,0.842404356286943,0.825043514088764,0.842404356286943
"linux","cox",100000,"get_score_boot","before_after","result/Brier/score","Brier",2,0,0,0.0730411169645141,0.103927067794892,0.0730411169645141,0.103927067794892
"linux","cox",100000,"get_score_boot","before_after","result/AUC/score","lower",2,0,0,0.821719429875345,0.839488783677472,0.821719429875345,0.839488783677472
"linux","cox",100000,"get_score_boot","before_after","result/Brier/score","lower",2,0,0,0.0717003350688134,0.102821707265212,0.0717003350688134,0.102821707265212
"linux","cox",100000,"get_score_boot","before_after","result/AUC/score","se",2,0,0,0.0019656649343335,0.00212818980481011,0.0019656649343335,0.00212818980481011
"linux","cox",100000,"get_score_boot","before_after","result/Brier/score","se",2,0,0,0.000703639873528585,0.000754613785705159,0.000703639873528585,0.000754613785705159
"linux","cox",100000,"get_score_boot","before_after","result/AUC/score","times",2,0,0,60,120,60,120
"linux","cox",100000,"get_score_boot","before_after","result/Brier/score","times",2,0,0,60,120,60,120
"linux","cox",100000,"get_score_boot","before_after","result/AUC/score","upper",2,0,0,0.827653259509465,0.845595938482155,0.827653259509465,0.845595938482155
"linux","cox",100000,"get_score_boot","before_after","result/Brier/score","upper",2,0,0,0.0739275884406987,0.104556209404543,0.0739275884406987,0.104556209404543
"linux","cox",100000,"get_score_boot","after_latest","result/AUC/score","AUC",2,0,0,0.825043514088764,0.842404356286943,0.825043514088764,0.842404356286943
"linux","cox",100000,"get_score_boot","after_latest","result/Brier/score","Brier",2,0,0,0.0730411169645141,0.103927067794892,0.0730411169645141,0.103927067794892
"linux","cox",100000,"get_score_boot","after_latest","result/AUC/score","lower",2,0,0,0.821719429875345,0.839488783677472,0.821719429875345,0.839488783677472
"linux","cox",100000,"get_score_boot","after_latest","result/Brier/score","lower",2,0,0,0.0717003350688134,0.102821707265212,0.0717003350688134,0.102821707265212
"linux","cox",100000,"get_score_boot","after_latest","result/AUC/score","se",2,0,0,0.0019656649343335,0.00212818980481011,0.0019656649343335,0.00212818980481011
"linux","cox",100000,"get_score_boot","after_latest","result/Brier/score","se",2,0,0,0.000703639873528585,0.000754613785705159,0.000703639873528585,0.000754613785705159
"linux","cox",100000,"get_score_boot","after_latest","result/AUC/score","times",2,0,0,60,120,60,120
"linux","cox",100000,"get_score_boot","after_latest","result/Brier/score","times",2,0,0,60,120,60,120
"linux","cox",100000,"get_score_boot","after_latest","result/AUC/score","upper",2,0,0,0.827653259509465,0.845595938482155,0.827653259509465,0.845595938482155
"linux","cox",100000,"get_score_boot","after_latest","result/Brier/score","upper",2,0,0,0.0739275884406987,0.104556209404543,0.0739275884406987,0.104556209404543
"linux","cox",100000,"fit_hazard","before_after","fit","beta",12,0,0,0.0144948699755066,3.13114906875828,0.0144948699755066,3.13114906875828
"linux","cox",100000,"fit_hazard","before_after","fit","se",12,0,0,0.000966189568050437,0.0812990010515937,0.000966189568050437,0.0812990010515937
"linux","cox",100000,"get_eff_sub","before_after","result/haz_direct","conf.high",3,0,0,2.28765523964776,2.66006047149617,2.28765523964776,2.66006047149617
"linux","cox",100000,"get_eff_sub","before_after","result/haz_unadj","conf.high",3,0,0,2.32508851651739,2.65833146807484,2.32508851651739,2.65833146807484
"linux","cox",100000,"get_eff_sub","before_after","result/haz_direct","conf.low",3,0,0,2.09676673012623,2.37513558484862,2.09676673012623,2.37513558484862
"linux","cox",100000,"get_eff_sub","before_after","result/haz_unadj","conf.low",3,0,0,2.13115017031537,2.37360531388809,2.13115017031537,2.37360531388809
"linux","cox",100000,"get_eff_sub","before_after","result/haz_direct","estimate",3,0,0,2.19013227830932,2.51356405999524,2.19013227830932,2.51356405999524
"linux","cox",100000,"get_eff_sub","before_after","result/haz_unadj","estimate",3,0,0,2.22600826323137,2.51193743924851,2.22600826323137,2.51193743924851
"linux","cox",100000,"get_eff_sub","before_after","result/haz_direct","p.value_0.95",3,0,0,0,3.62494814357742e-223,0,3.62494814357742e-223
"linux","cox",100000,"get_eff_sub","before_after","result/haz_unadj","p.value_0.95",3,0,0,0,7.03852012791527e-223,0,7.03852012791527e-223
"linux","cox",100000,"get_eff_sub","before_after","result/haz_direct","p_value",3,0,0,0,3.62494814357742e-223,0,3.62494814357742e-223
"linux","cox",100000,"get_eff_sub","before_after","result/haz_unadj","p_value",3,0,0,0,7.03852012791527e-223,0,7.03852012791527e-223
"linux","cox",100000,"get_inter_abs","before_after","result/estimates","conf.high",18,0,0,-0.103748877582383,1.46696313882804,-0.103748877582383,1.46696313882804
"linux","cox",100000,"get_inter_abs","before_after","result/risks","conf.high",8,0,0,0.0796802679274344,0.294843601313964,0.0796802679274344,0.294843601313964
"linux","cox",100000,"get_inter_abs","before_after","result/estimates","conf.low",18,0,0,-0.326758945779572,1.23734522317628,-0.326758945779572,1.23734522317628
"linux","cox",100000,"get_inter_abs","before_after","result/risks","conf.low",8,0,0,0.0719314999120635,0.274491407245222,0.0719314999120635,0.274491407245222
"linux","cox",100000,"get_inter_abs","before_after","result/estimates","estimate",18,0,0,-0.215253911680978,1.34727125420405,-0.215253911680978,1.34727125420405
"linux","cox",100000,"get_inter_abs","before_after","result/risks","estimate",8,0,0,0.075805883919749,0.284667504279593,0.075805883919749,0.284667504279593
"linux","cox",100000,"get_inter_abs","before_after","result/estimates","p.value",18,0,0,2.7021276092377e-254,0.843047634165503,2.7021276092377e-254,0.843047634165503
"linux","cox",100000,"get_fit_stats_simple","after_latest","result/stats","estimate",6,0,0,0.0206475771011044,298735.973499962,0.0206475771011044,298735.973499962
"linux","cox",100000,"get_fit_stats_simple_boot","after_latest","result/boot","AIC",20,0,0,292509.78995886,301666.409888061,292509.78995886,301666.409888061
"linux","cox",100000,"get_fit_stats_simple_boot","after_latest","result/boot","BIC",20,0,0,292524.798365467,301673.93751785,292524.798365467,301673.93751785
"linux","cox",100000,"get_fit_stats_simple_boot","after_latest","result/boot","PVE",20,0,0,0.0198429604086298,0.0443711421883562,0.0198429604086298,0.0443711421883562
"linux","cox",100000,"get_fit_stats_simple_boot","after_latest","result/stats","SE",6,0,0,0.000701571587462736,1977.49813176169,0.000701571587462736,1977.49813176169
"linux","cox",100000,"get_fit_stats_simple_boot","after_latest","result/stats","estimate",6,0,0,0.0206475771011044,298735.973499962,0.0206475771011044,298735.973499962
"linux","cox",100000,"get_fit_stats_simple_boot","after_latest","result/stats","lower",6,0,0,0.0199058778201286,295244.273226713,0.0199058778201286,295244.273226713
"linux","cox",100000,"get_fit_stats_simple_boot","after_latest","result/boot","replicate",20,0,0,1,10,1,10
"linux","cox",100000,"get_fit_stats_simple_boot","after_latest","result/stats","upper",6,0,0,0.0223508274584437,301360.054418432,0.0223508274584437,301360.054418432
"both","crr",5000,"get_facet","windows_linux","result/sur.data","ci_lower",294,5.55111512312578e-17,5.4299606763421e-15,0,0.278541652261103,0,0.278541652261102
"both","crr",5000,"get_facet","windows_linux","result/sur.data","ci_upper",294,5.55111512312578e-17,2.38352253588384e-15,0,0.382902132888385,0,0.382902132888385
"both","crr",5000,"get_facet","windows_linux","result/sur.data","cif",294,2.77555756156289e-17,6.88913870228746e-15,0,0.330721892574744,0,0.330721892574744
"both","crr",5000,"get_facet","windows_linux","result/sur.data","se",294,2.77555756156289e-17,1.66686711320343e-15,0,0.026623060793582,0,0.026623060793582
"both","crr",5000,"get_facet","windows_linux","result/sur.data","time",294,0,0,0,261,0,261
"both","crr",5000,"get_facet","windows_linux","result/insert.data","x",3,0,0,0.5,0.5,0.5,0.5
"both","crr",5000,"get_facet","windows_linux","result/insert.data","y",3,0,0,0.5,0.5,0.5,0.5
"both","crr",5000,"get_facet","windows_linux","result/sur.data","yhat",294,2.77555756156289e-17,6.88913870228746e-15,0,0.330721892574744,0,0.330721892574744
"both","crr",5000,"get_eff_cat","windows_linux","result/haz_models","conf.high",20,1.12834186438704e-11,3.27328301751335e-13,3.09242231451386,51.5415970648585,3.09242231451342,51.5415970648472
"both","crr",5000,"get_eff_cat","windows_linux","result/haz_models","conf.low",20,2.27196039759292e-12,3.07944993678052e-13,0.849400217478937,21.2495188658886,0.849400217479198,21.2495188658865
"both","crr",5000,"get_eff_cat","windows_linux","result/haz_models","estimate",20,5.29354338141275e-12,1.64698708126979e-13,1.64353258731645,33.094321857499,1.64353258731643,33.0943218574937
"both","crr",5000,"get_eff_cat","windows_linux","result/haz_models","p.value_0.95",20,1.83048021185073e-13,9.06062405231734e-12,4.64297474685924e-54,0.140132416024488,4.64297474676167e-54,0.140132416024305
"both","crr",5000,"get_eff_cat","windows_linux","result/haz_models","p_value",20,1.83048021185073e-13,9.06062405231734e-12,4.64297474685924e-54,0.140132416024488,4.64297474676167e-54,0.140132416024305
"both","crr",5000,"get_facet_diff_serial","windows_linux","result/diff.data","conf.high",614,5.55111512312578e-17,1.2944294318801e-14,-0.162605322693053,0.031479202939863,-0.162605322693053,0.031479202939863
"both","crr",5000,"get_facet_diff_serial","windows_linux","result/forest.data","conf.high",24,2.77555756156289e-17,6.47648381299275e-15,-0.11753974852484,0.0258049376839883,-0.11753974852484,0.0258049376839883
"both","crr",5000,"get_facet_diff_serial","windows_linux","result/diff.data","conf.high_Female",502,5.55111512312578e-17,4.12517814696359e-16,0,0.257102436402101,0,0.257102436402101
"both","crr",5000,"get_facet_diff_serial","windows_linux","result/forest.data","conf.high_Female",24,1.38777878078145e-17,4.11848856994708e-16,0.0195432170970083,0.185065580762871,0.0195432170970083,0.185065580762871
"both","crr",5000,"get_facet_diff_serial","windows_linux","result/diff.data","conf.high_Male",559,5.55111512312578e-17,2.38352253588384e-15,0,0.392981478271019,0,0.392981478271019
"both","crr",5000,"get_facet_diff_serial","windows_linux","result/forest.data","conf.high_Male",24,2.77555756156289e-17,1.87936672191896e-16,0.0369214471182195,0.298161264872089,0.0369214471182195,0.298161264872089
"both","crr",5000,"get_facet_diff_serial","windows_linux","result/diff.data","conf.low",614,5.55111512312578e-17,2.62675577798416e-15,-0.266719071166659,0.000602556250849113,-0.266719071166659,0.000602556250849113
"both","crr",5000,"get_facet_diff_serial","windows_linux","result/forest.data","conf.low",24,1.38777878078145e-17,3.48292952486602e-16,-0.197005582256749,-0.0203577166478463,-0.197005582256749,-0.0203577166478463
"both","crr",5000,"get_facet_diff_serial","windows_linux","result/diff.data","conf.low_Female",502,5.55111512312578e-17,5.4299606763421e-15,-0.00112672297321713,0.166346989972958,-0.00112672297321713,0.166346989972958
"both","crr",5000,"get_facet_diff_serial","windows_linux","result/forest.data","conf.low_Female",24,1.38777878078145e-17,8.5173142289878e-16,0.00463602734621435,0.128159485257643,0.00463602734621435,0.128159485257643
"both","crr",5000,"get_facet_diff_serial","windows_linux","result/diff.data","conf.low_Male",559,5.55111512312578e-17,3.99021713924969e-15,-0.00188969288295286,0.28930844622426,-0.00188969288295286,0.28930844622426
"both","crr",5000,"get_facet_diff_serial","windows_linux","result/forest.data","conf.low_Male",24,2.77555756156289e-17,2.37071412112583e-16,0.0137854050408985,0.226944350514736,0.0137854050408985,0.226944350514736
"both","crr",5000,"get_facet_diff_serial","windows_linux","result/diff.data","estimate",614,2.77555756156289e-17,1.46099630215186e-14,-0.214662196929856,0.011077308770299,-0.214662196929856,0.011077308770299
"both","crr",5000,"get_facet_diff_serial","windows_linux","result/forest.data","estimate",24,0,0,-0.157272665390795,0.002723610518071,-0.157272665390795,0.002723610518071
"both","crr",5000,"get_facet_diff_serial","windows_linux","result/diff.data","estimate_Female",502,2.77555756156289e-17,2.13133788636657e-16,0,0.2064860516681,0,0.2064860516681
"both","crr",5000,"get_facet_diff_serial","windows_linux","result/forest.data","estimate_Female",24,0,0,0.0120896222216113,0.156612533010257,0.0120896222216113,0.156612533010257
"both","crr",5000,"get_facet_diff_serial","windows_linux","result/diff.data","estimate_Male",559,1.38777878078145e-17,6.88913870228746e-15,0,0.34114496224764,0,0.34114496224764
"both","crr",5000,"get_facet_diff_serial","windows_linux","result/forest.data","estimate_Male",24,0,0,0.0257780270691298,0.261948647747889,0.0257780270691298,0.261948647747889
"both","crr",5000,"get_facet_diff_serial","windows_linux","result/diff.data","p.value_0.95",608,4.44089209850063e-15,1.97261372155013e-14,1.88895949951308e-18,0.977090623485781,1.88895949951308e-18,0.977090623485781
"both","crr",5000,"get_facet_diff_serial","windows_linux","result/forest.data","p.value_0.95",24,7.63278329429795e-17,1.84967176197713e-14,8.62656149324278e-15,0.817099666852824,8.62656149324278e-15,0.817099666852824
"both","crr",5000,"get_facet_diff_serial","windows_linux","result/diff.data","p_value",608,4.44089209850063e-15,1.97261372155013e-14,1.88895949951308e-18,0.977090623485781,1.88895949951308e-18,0.977090623485781
"both","crr",5000,"get_facet_diff_serial","windows_linux","result/forest.data","p_value",24,7.63278329429795e-17,1.84967176197713e-14,8.62656149324278e-15,0.817099666852824,8.62656149324278e-15,0.817099666852824
"both","crr",5000,"get_facet_diff_serial","windows_linux","result/diff.data","time",617,0,0,0,287,0,287
"both","crr",5000,"get_facet_diff_serial","windows_linux","result/forest.data","time",24,0,0,12,120,12,120
"both","crr",5000,"get_facet_serial","windows_linux","result/sur.data","ci_lower",294,5.55111512312578e-17,5.4299606763421e-15,0,0.278541652261103,0,0.278541652261102
"both","crr",5000,"get_facet_serial","windows_linux","result/sur.data","ci_upper",294,5.55111512312578e-17,2.38352253588384e-15,0,0.382902132888385,0,0.382902132888385
"both","crr",5000,"get_facet_serial","windows_linux","result/sur.data","cif",294,2.77555756156289e-17,6.88913870228746e-15,0,0.330721892574744,0,0.330721892574744
"both","crr",5000,"get_facet_serial","windows_linux","result/sur.data","se",294,2.77555756156289e-17,1.66686711320343e-15,0,0.026623060793582,0,0.026623060793582
"both","crr",5000,"get_facet_serial","windows_linux","result/sur.data","time",294,0,0,0,261,0,261
"both","crr",5000,"get_facet_serial","windows_linux","result/insert.data","x",3,0,0,0.5,0.5,0.5,0.5
"both","crr",5000,"get_facet_serial","windows_linux","result/insert.data","y",3,0,0,0.5,0.5,0.5,0.5
"both","crr",5000,"get_facet_serial","windows_linux","result/sur.data","yhat",294,2.77555756156289e-17,6.88913870228746e-15,0,0.330721892574744,0,0.330721892574744
"both","crr",5000,"curve_direct","windows_linux","result","ci_lower",539,2.00950367457153e-14,3.42319891107839e-13,0,0.465066999685336,0,0.465066999685339
"both","crr",5000,"curve_direct","windows_linux","result","ci_upper",539,2.39808173319034e-14,1.16121086429814e-13,0,0.653853978270939,0,0.653853978270923
"both","crr",5000,"curve_direct","windows_linux","result","probability",539,1.98729921407903e-14,6.22322249729776e-14,0,0.5410679943849,0,0.54106799438492
"both","crr",5000,"curve_direct","windows_linux","result","se",539,4.02282374079022e-15,4.64852443883107e-13,0,0.0743177288779841,0,0.0743177288779878
"both","crr",5000,"curve_direct","windows_linux","result","time",539,0,0,0,261,0,261
"both","crr",5000,"get_facet_diff","windows_linux","result/diff.data","conf.high",614,5.55111512312578e-17,1.2944294318801e-14,-0.162605322693053,0.031479202939863,-0.162605322693053,0.031479202939863
"both","crr",5000,"get_facet_diff","windows_linux","result/forest.data","conf.high",24,2.77555756156289e-17,6.47648381299275e-15,-0.11753974852484,0.0258049376839883,-0.11753974852484,0.0258049376839883
"both","crr",5000,"get_facet_diff","windows_linux","result/diff.data","conf.high_Female",502,5.55111512312578e-17,4.12517814696359e-16,0,0.257102436402101,0,0.257102436402101
"both","crr",5000,"get_facet_diff","windows_linux","result/forest.data","conf.high_Female",24,1.38777878078145e-17,4.11848856994708e-16,0.0195432170970083,0.185065580762871,0.0195432170970083,0.185065580762871
"both","crr",5000,"get_facet_diff","windows_linux","result/diff.data","conf.high_Male",559,5.55111512312578e-17,2.38352253588384e-15,0,0.392981478271019,0,0.392981478271019
"both","crr",5000,"get_facet_diff","windows_linux","result/forest.data","conf.high_Male",24,2.77555756156289e-17,1.87936672191896e-16,0.0369214471182195,0.298161264872089,0.0369214471182195,0.298161264872089
"both","crr",5000,"get_facet_diff","windows_linux","result/diff.data","conf.low",614,5.55111512312578e-17,2.62675577798416e-15,-0.266719071166659,0.000602556250849113,-0.266719071166659,0.000602556250849113
"both","crr",5000,"get_facet_diff","windows_linux","result/forest.data","conf.low",24,1.38777878078145e-17,3.48292952486602e-16,-0.197005582256749,-0.0203577166478463,-0.197005582256749,-0.0203577166478463
"both","crr",5000,"get_facet_diff","windows_linux","result/diff.data","conf.low_Female",502,5.55111512312578e-17,5.4299606763421e-15,-0.00112672297321713,0.166346989972958,-0.00112672297321713,0.166346989972958
"both","crr",5000,"get_facet_diff","windows_linux","result/forest.data","conf.low_Female",24,1.38777878078145e-17,8.5173142289878e-16,0.00463602734621435,0.128159485257643,0.00463602734621435,0.128159485257643
"both","crr",5000,"get_facet_diff","windows_linux","result/diff.data","conf.low_Male",559,5.55111512312578e-17,3.99021713924969e-15,-0.00188969288295286,0.28930844622426,-0.00188969288295286,0.28930844622426
"both","crr",5000,"get_facet_diff","windows_linux","result/forest.data","conf.low_Male",24,2.77555756156289e-17,2.37071412112583e-16,0.0137854050408985,0.226944350514736,0.0137854050408985,0.226944350514736
"both","crr",5000,"get_facet_diff","windows_linux","result/diff.data","estimate",614,2.77555756156289e-17,1.46099630215186e-14,-0.214662196929856,0.011077308770299,-0.214662196929856,0.011077308770299
"both","crr",5000,"get_facet_diff","windows_linux","result/forest.data","estimate",24,0,0,-0.157272665390795,0.002723610518071,-0.157272665390795,0.002723610518071
"both","crr",5000,"get_facet_diff","windows_linux","result/diff.data","estimate_Female",502,2.77555756156289e-17,2.13133788636657e-16,0,0.2064860516681,0,0.2064860516681
"both","crr",5000,"get_facet_diff","windows_linux","result/forest.data","estimate_Female",24,0,0,0.0120896222216113,0.156612533010257,0.0120896222216113,0.156612533010257
"both","crr",5000,"get_facet_diff","windows_linux","result/diff.data","estimate_Male",559,1.38777878078145e-17,6.88913870228746e-15,0,0.34114496224764,0,0.34114496224764
"both","crr",5000,"get_facet_diff","windows_linux","result/forest.data","estimate_Male",24,0,0,0.0257780270691298,0.261948647747889,0.0257780270691298,0.261948647747889
"both","crr",5000,"get_facet_diff","windows_linux","result/diff.data","p.value_0.95",608,4.44089209850063e-15,1.97261372155013e-14,1.88895949951308e-18,0.977090623485781,1.88895949951308e-18,0.977090623485781
"both","crr",5000,"get_facet_diff","windows_linux","result/forest.data","p.value_0.95",24,7.63278329429795e-17,1.84967176197713e-14,8.62656149324278e-15,0.817099666852824,8.62656149324278e-15,0.817099666852824
"both","crr",5000,"get_facet_diff","windows_linux","result/diff.data","p_value",608,4.44089209850063e-15,1.97261372155013e-14,1.88895949951308e-18,0.977090623485781,1.88895949951308e-18,0.977090623485781
"both","crr",5000,"get_facet_diff","windows_linux","result/forest.data","p_value",24,7.63278329429795e-17,1.84967176197713e-14,8.62656149324278e-15,0.817099666852824,8.62656149324278e-15,0.817099666852824
"both","crr",5000,"get_facet_diff","windows_linux","result/diff.data","time",617,0,0,0,287,0,287
"both","crr",5000,"get_facet_diff","windows_linux","result/forest.data","time",24,0,0,12,120,12,120
"both","crr",5000,"get_cat","windows_linux","curve/direct","ci_lower",539,2.00950367457153e-14,3.42319891107839e-13,0,0.465066999685336,0,0.465066999685339
"both","crr",5000,"get_cat","windows_linux","curve/unadj","ci_lower",335,0,0,-0.0193182690186449,0.466494712926122,-0.0193182690186449,0.466494712926122
"both","crr",5000,"get_cat","windows_linux","curve/direct","ci_upper",539,2.39808173319034e-14,1.16121086429814e-13,0,0.653853978270939,0,0.653853978270923
"both","crr",5000,"get_cat","windows_linux","curve/unadj","ci_upper",335,0,0,0,0.616026139992034,0,0.616026139992034
"both","crr",5000,"get_cat","windows_linux","UM/haz_direct","conf.high",11,5.03064256918151e-12,3.27328301751335e-13,1,30.5299184352376,1,30.529918435233
"both","crr",5000,"get_cat","windows_linux","UM/haz_unadj","conf.high",11,1.12834186438704e-11,2.261308059528e-13,1,51.5415970648585,1,51.5415970648472
"both","crr",5000,"get_cat","windows_linux","UM/sur_direct","conf.high",11,1.69309011255336e-14,1.44427236716093e-12,-0.334501824025416,0.00945121057830663,-0.334501824025419,0.00945121057830447
"both","crr",5000,"get_cat","windows_linux","UM/sur_unadj","conf.high",11,0,0,-0.435050043566735,0,-0.435050043566735,0
"both","crr",5000,"get_cat","windows_linux","UM/sur_direct","conf.high_sur",11,2.23154827949656e-14,1.14105594260655e-13,0.0445137713936914,0.539602641642361,0.0445137713936863,0.539602641642344
"both","crr",5000,"get_cat","windows_linux","UM/sur_unadj","conf.high_sur",11,0,0,0.0330752176918555,0.616026139992034,0.0330752176918555,0.616026139992034
"both","crr",5000,"get_cat","windows_linux","UM/haz_direct","conf.low",11,2.27196039759292e-12,3.07944993678052e-13,0.849400217478937,11.0058025983722,0.849400217479198,11.0058025983723
"both","crr",5000,"get_cat","windows_linux","UM/haz_unadj","conf.low",11,2.1422863483167e-12,1.25943551620419e-13,1,21.2495188658886,1,21.2495188658865
"both","crr",5000,"get_cat","windows_linux","UM/sur_direct","conf.low",11,2.09277040141842e-14,6.03295979091924e-14,-0.508235845257115,0,-0.508235845257097,0
"both","crr",5000,"get_cat","windows_linux","UM/sur_unadj","conf.low",11,0,0,-0.593662115283705,0,-0.593662115283705,0
"both","crr",5000,"get_cat","windows_linux","UM/sur_direct","conf.low_sur",11,1.69309011255336e-14,3.22782741627624e-13,0.0196483523133581,0.368358318553435,0.0196483523133645,0.368358318553437
"both","crr",5000,"get_cat","windows_linux","UM/sur_unadj","conf.low_sur",11,0,0,0.0129365146096371,0.458697751159898,0.0129365146096371,0.458697751159898
"both","crr",5000,"get_cat","windows_linux","UM/haz_direct","estimate",11,1.4104273304838e-12,7.90443392055163e-14,1,18.0606623957954,1,18.0606623957959
"both","crr",5000,"get_cat","windows_linux","UM/haz_unadj","estimate",11,5.29354338141275e-12,1.64698708126979e-13,1,33.094321857499,1,33.0943218574937
"both","crr",5000,"get_cat","windows_linux","UM/sur_direct","estimate",11,1.74860126378462e-14,6.30272604239343e-14,-0.403452973304476,0,-0.403452973304494,0
"both","crr",5000,"get_cat","windows_linux","UM/sur_unadj","estimate",11,0,0,-0.51435607942522,0,-0.51435607942522,0
"both","crr",5000,"get_cat","windows_linux","UM/sur_direct","estimate_sur",11,1.78190795452338e-14,5.67290066242848e-14,0.0320810618535248,0.435534035158001,0.0320810618535254,0.435534035158019
"both","crr",5000,"get_cat","windows_linux","UM/sur_unadj","estimate_sur",11,0,0,0.0230058661507463,0.537361945575966,0.0230058661507463,0.537361945575966
"both","crr",5000,"get_cat","windows_linux","UM/haz_direct","p.value_0.95",10,1.83048021185073e-13,9.06062405231734e-12,1.11699468531635e-39,0.140132416024488,1.11699468523163e-39,0.140132416024305
"both","crr",5000,"get_cat","windows_linux","UM/haz_unadj","p.value_0.95",10,1.95017613169313e-14,9.63417232807743e-13,4.64297474685924e-54,0.0202422799310908,4.64297474676167e-54,0.0202422799311104
"both","crr",5000,"get_cat","windows_linux","UM/haz_direct","p_value",10,1.83048021185073e-13,9.06062405231734e-12,1.11699468531635e-39,0.140132416024488,1.11699468523163e-39,0.140132416024305
"both","crr",5000,"get_cat","windows_linux","UM/haz_unadj","p_value",10,1.95017613169313e-14,9.63417232807743e-13,4.64297474685924e-54,0.0202422799310908,4.64297474676167e-54,0.0202422799311104
"both","crr",5000,"get_cat","windows_linux","UM/sur_direct","p_value",10,3.14748227481232e-14,1.27463034346105e-12,9.40185758290246e-63,0.182902164197243,9.40185758282624e-63,0.182902164197212
"both","crr",5000,"get_cat","windows_linux","UM/sur_unadj","p_value",10,0,0,6.70724330087553e-73,0.0242244138201418,6.70724330087553e-73,0.0242244138201418
"both","crr",5000,"get_cat","windows_linux","curve/direct","probability",539,1.98729921407903e-14,6.22322249729776e-14,0,0.5410679943849,0,0.54106799438492
"both","crr",5000,"get_cat","windows_linux","curve/unadj","probability",335,0,0,0,0.537361945575966,0,0.537361945575966
"both","crr",5000,"get_cat","windows_linux","curve/direct","se",539,4.02282374079022e-15,4.64852443883107e-13,0,0.0743177288779841,0,0.0743177288779878
"both","crr",5000,"get_cat","windows_linux","curve/unadj","se",335,0,0,0,0.102001728139151,0,0.102001728139151
"both","crr",5000,"get_cat","windows_linux","UM/sur_direct","time",12,0,0,120,120,120,120
"both","crr",5000,"get_cat","windows_linux","UM/sur_unadj","time",12,0,0,120,120,120,120
"both","crr",5000,"get_cat","windows_linux","curve/direct","time",539,0,0,0,261,0,261
"both","crr",5000,"get_cat","windows_linux","curve/unadj","time",335,0,0,0,287,0,287
"both","crr",5000,"get_eff","windows_linux","result/haz_direct","conf.high",11,5.03064256918151e-12,3.27328301751335e-13,1,30.5299184352376,1,30.529918435233
"both","crr",5000,"get_eff","windows_linux","result/haz_unadj","conf.high",11,1.12834186438704e-11,2.261308059528e-13,1,51.5415970648585,1,51.5415970648472
"both","crr",5000,"get_eff","windows_linux","result/sur_direct","conf.high",11,1.69309011255336e-14,1.44427236716093e-12,-0.334501824025416,0.00945121057830663,-0.334501824025419,0.00945121057830447
"both","crr",5000,"get_eff","windows_linux","result/sur_unadj","conf.high",11,0,0,-0.435050043566735,0,-0.435050043566735,0
"both","crr",5000,"get_eff","windows_linux","result/sur_direct","conf.high_sur",11,2.23154827949656e-14,1.14105594260655e-13,0.0445137713936914,0.539602641642361,0.0445137713936863,0.539602641642344
"both","crr",5000,"get_eff","windows_linux","result/sur_unadj","conf.high_sur",11,0,0,0.0330752176918555,0.616026139992034,0.0330752176918555,0.616026139992034
"both","crr",5000,"get_eff","windows_linux","result/haz_direct","conf.low",11,2.27196039759292e-12,3.07944993678052e-13,0.849400217478937,11.0058025983722,0.849400217479198,11.0058025983723
"both","crr",5000,"get_eff","windows_linux","result/haz_unadj","conf.low",11,2.1422863483167e-12,1.25943551620419e-13,1,21.2495188658886,1,21.2495188658865
"both","crr",5000,"get_eff","windows_linux","result/sur_direct","conf.low",11,2.09277040141842e-14,6.03295979091924e-14,-0.508235845257115,0,-0.508235845257097,0
"both","crr",5000,"get_eff","windows_linux","result/sur_unadj","conf.low",11,0,0,-0.593662115283705,0,-0.593662115283705,0
"both","crr",5000,"get_eff","windows_linux","result/sur_direct","conf.low_sur",11,1.69309011255336e-14,3.22782741627624e-13,0.0196483523133581,0.368358318553435,0.0196483523133645,0.368358318553437
"both","crr",5000,"get_eff","windows_linux","result/sur_unadj","conf.low_sur",11,0,0,0.0129365146096371,0.458697751159898,0.0129365146096371,0.458697751159898
"both","crr",5000,"get_eff","windows_linux","result/haz_direct","estimate",11,1.4104273304838e-12,7.90443392055163e-14,1,18.0606623957954,1,18.0606623957959
"both","crr",5000,"get_eff","windows_linux","result/haz_unadj","estimate",11,5.29354338141275e-12,1.64698708126979e-13,1,33.094321857499,1,33.0943218574937
"both","crr",5000,"get_eff","windows_linux","result/sur_direct","estimate",11,1.74860126378462e-14,6.30272604239343e-14,-0.403452973304476,0,-0.403452973304494,0
"both","crr",5000,"get_eff","windows_linux","result/sur_unadj","estimate",11,0,0,-0.51435607942522,0,-0.51435607942522,0
"both","crr",5000,"get_eff","windows_linux","result/sur_direct","estimate_sur",11,1.78190795452338e-14,5.67290066242848e-14,0.0320810618535248,0.435534035158001,0.0320810618535254,0.435534035158019
"both","crr",5000,"get_eff","windows_linux","result/sur_unadj","estimate_sur",11,0,0,0.0230058661507463,0.537361945575966,0.0230058661507463,0.537361945575966
"both","crr",5000,"get_eff","windows_linux","result/haz_direct","p.value_0.95",10,1.83048021185073e-13,9.06062405231734e-12,1.11699468531635e-39,0.140132416024488,1.11699468523163e-39,0.140132416024305
"both","crr",5000,"get_eff","windows_linux","result/haz_unadj","p.value_0.95",10,1.95017613169313e-14,9.63417232807743e-13,4.64297474685924e-54,0.0202422799310908,4.64297474676167e-54,0.0202422799311104
"both","crr",5000,"get_eff","windows_linux","result/haz_direct","p_value",10,1.83048021185073e-13,9.06062405231734e-12,1.11699468531635e-39,0.140132416024488,1.11699468523163e-39,0.140132416024305
"both","crr",5000,"get_eff","windows_linux","result/haz_unadj","p_value",10,1.95017613169313e-14,9.63417232807743e-13,4.64297474685924e-54,0.0202422799310908,4.64297474676167e-54,0.0202422799311104
"both","crr",5000,"get_eff","windows_linux","result/sur_direct","p_value",10,3.14748227481232e-14,1.27463034346105e-12,9.40185758290246e-63,0.182902164197243,9.40185758282624e-63,0.182902164197212
"both","crr",5000,"get_eff","windows_linux","result/sur_unadj","p_value",10,0,0,6.70724330087553e-73,0.0242244138201418,6.70724330087553e-73,0.0242244138201418
"both","crr",5000,"get_eff","windows_linux","result/sur_direct","time",12,0,0,120,120,120,120
"both","crr",5000,"get_eff","windows_linux","result/sur_unadj","time",12,0,0,120,120,120,120
"both","crr",5000,"get_score","windows_linux","result/AUC/score","AUC",2,0,0,0.802756938638742,0.82464756638609,0.802756938638742,0.82464756638609
"both","crr",5000,"get_score","windows_linux","result/Brier/score","Brier",2,4.16333634234434e-17,5.58574743919072e-16,0.0745349908435448,0.108557299872487,0.0745349908435447,0.108557299872487
"both","crr",5000,"get_score","windows_linux","result/AUC/score","lower",2,0,0,0.783403641664323,0.805212501353884,0.783403641664323,0.805212501353884
"both","crr",5000,"get_score","windows_linux","result/Brier/score","lower",2,4.16333634234434e-17,6.03743108308595e-16,0.0689587389909601,0.101777892832987,0.0689587389909601,0.101777892832987
"both","crr",5000,"get_score","windows_linux","result/AUC/score","se",2,0,0,0.00987431255220776,0.00991603171563739,0.00987431255220776,0.00991603171563739
"both","crr",5000,"get_score","windows_linux","result/Brier/score","se",2,2.16840434497101e-18,6.26897661595056e-16,0.00284507873438974,0.00345894470152241,0.00284507873438974,0.00345894470152241
"both","crr",5000,"get_score","windows_linux","result/AUC/score","times",2,0,0,60,120,60,120
"both","crr",5000,"get_score","windows_linux","result/Brier/score","times",2,0,0,60,120,60,120
"both","crr",5000,"get_score","windows_linux","result/AUC/score","upper",2,0,0,0.822110235613161,0.844082631418296,0.822110235613161,0.844082631418296
"both","crr",5000,"get_score","windows_linux","result/Brier/score","upper",2,4.16333634234434e-17,5.19694390228887e-16,0.0801112426961295,0.115336706911987,0.0801112426961294,0.115336706911987
"both","crr",5000,"get_score","latest_windows_linux","result/AUC/score","AUC",2,0,0,0.802756938638742,0.82464756638609,0.802756938638742,0.82464756638609
"both","crr",5000,"get_score","latest_windows_linux","result/Brier/score","Brier",2,4.16333634234434e-17,5.58574743919072e-16,0.0745349908435448,0.108557299872487,0.0745349908435447,0.108557299872487
"both","crr",5000,"get_score","latest_windows_linux","result/AUC/score","lower",2,0,0,0.783403641664323,0.805212501353884,0.783403641664323,0.805212501353884
"both","crr",5000,"get_score","latest_windows_linux","result/Brier/score","lower",2,4.16333634234434e-17,6.03743108308595e-16,0.0689587389909601,0.101777892832987,0.0689587389909601,0.101777892832987
"both","crr",5000,"get_score","latest_windows_linux","result/AUC/score","se",2,0,0,0.00987431255220776,0.00991603171563739,0.00987431255220776,0.00991603171563739
"both","crr",5000,"get_score","latest_windows_linux","result/Brier/score","se",2,2.16840434497101e-18,6.26897661595056e-16,0.00284507873438974,0.00345894470152241,0.00284507873438974,0.00345894470152241
"both","crr",5000,"get_score","latest_windows_linux","result/AUC/score","times",2,0,0,60,120,60,120
"both","crr",5000,"get_score","latest_windows_linux","result/Brier/score","times",2,0,0,60,120,60,120
"both","crr",5000,"get_score","latest_windows_linux","result/AUC/score","upper",2,0,0,0.822110235613161,0.844082631418296,0.822110235613161,0.844082631418296
"both","crr",5000,"get_score","latest_windows_linux","result/Brier/score","upper",2,4.16333634234434e-17,5.19694390228887e-16,0.0801112426961295,0.115336706911987,0.0801112426961294,0.115336706911987
"both","crr",5000,"get_score_boot","windows_linux","result/AUC/score","AUC",2,0,0,0.801989202179875,0.823237520337031,0.801989202179875,0.823237520337031
"both","crr",5000,"get_score_boot","windows_linux","result/Brier/score","Brier",2,2.77555756156289e-17,2.54120253744976e-16,0.0725833144876654,0.109222209590123,0.0725833144876654,0.109222209590123
"both","crr",5000,"get_score_boot","windows_linux","result/AUC/score","lower",2,0,0,0.777723713697638,0.804879114064728,0.777723713697638,0.804879114064728
"both","crr",5000,"get_score_boot","windows_linux","result/Brier/score","lower",2,6.93889390390723e-17,6.70666946542446e-16,0.0684282096862882,0.103462589586083,0.0684282096862882,0.103462589586083
"both","crr",5000,"get_score_boot","windows_linux","result/AUC/score","se",2,0,0,0.014260253625464,0.0158156287177759,0.014260253625464,0.0158156287177759
"both","crr",5000,"get_score_boot","windows_linux","result/Brier/score","se",2,6.15826833971767e-17,1.56910499750526e-14,0.0028677790243656,0.00392470124657608,0.00286777902436556,0.00392470124657602
"both","crr",5000,"get_score_boot","windows_linux","result/AUC/score","times",2,0,0,60,120,60,120
"both","crr",5000,"get_score_boot","windows_linux","result/Brier/score","times",2,0,0,60,120,60,120
"both","crr",5000,"get_score_boot","windows_linux","result/AUC/score","upper",2,0,0,0.82118876574846,0.852748938533779,0.82118876574846,0.852748938533779
"both","crr",5000,"get_score_boot","windows_linux","result/Brier/score","upper",2,1.52655665885959e-16,1.3329238524638e-15,0.0761988383252511,0.114526921852128,0.076198838325251,0.114526921852128
"both","crr",5000,"get_score_boot","latest_windows_linux","result/AUC/score","AUC",2,0,0,0.801989202179875,0.823237520337031,0.801989202179875,0.823237520337031
"both","crr",5000,"get_score_boot","latest_windows_linux","result/Brier/score","Brier",2,2.77555756156289e-17,2.54120253744976e-16,0.0725833144876654,0.109222209590123,0.0725833144876654,0.109222209590123
"both","crr",5000,"get_score_boot","latest_windows_linux","result/AUC/score","lower",2,0,0,0.777723713697638,0.804879114064728,0.777723713697638,0.804879114064728
"both","crr",5000,"get_score_boot","latest_windows_linux","result/Brier/score","lower",2,6.93889390390723e-17,6.70666946542446e-16,0.0684282096862882,0.103462589586083,0.0684282096862882,0.103462589586083
"both","crr",5000,"get_score_boot","latest_windows_linux","result/AUC/score","se",2,0,0,0.014260253625464,0.0158156287177759,0.014260253625464,0.0158156287177759
"both","crr",5000,"get_score_boot","latest_windows_linux","result/Brier/score","se",2,6.15826833971767e-17,1.56910499750526e-14,0.0028677790243656,0.00392470124657608,0.00286777902436556,0.00392470124657602
"both","crr",5000,"get_score_boot","latest_windows_linux","result/AUC/score","times",2,0,0,60,120,60,120
"both","crr",5000,"get_score_boot","latest_windows_linux","result/Brier/score","times",2,0,0,60,120,60,120
"both","crr",5000,"get_score_boot","latest_windows_linux","result/AUC/score","upper",2,0,0,0.82118876574846,0.852748938533779,0.82118876574846,0.852748938533779
"both","crr",5000,"get_score_boot","latest_windows_linux","result/Brier/score","upper",2,1.52655665885959e-16,1.3329238524638e-15,0.0761988383252511,0.114526921852128,0.076198838325251,0.114526921852128
"both","crr",5000,"fit_hazard","windows_linux","fit","beta",12,1.99840144432528e-14,2.86799018944253e-14,0.0135922914477011,2.89373622482435,0.0135922914477014,2.89373622482433
"both","crr",5000,"fit_hazard","windows_linux","fit","se",12,8.24340595784179e-15,1.3153956826478e-13,0.00425308010648469,0.383742495179827,0.00425308010648524,0.383742495179825
"both","crr",5000,"get_eff_sub","windows_linux","result/haz_direct","conf.high",3,4.44089209850063e-16,1.83014938753289e-16,2.41514316401884,2.8994868396839,2.41514316401884,2.8994868396839
"both","crr",5000,"get_eff_sub","windows_linux","result/haz_unadj","conf.high",3,1.33226762955019e-15,4.53375710575176e-16,2.46387122026773,2.9385509599974,2.46387122026773,2.9385509599974
"both","crr",5000,"get_eff_sub","windows_linux","result/haz_direct","conf.low",3,2.22044604925031e-16,1.34218869770547e-16,1.65434715181722,1.78834080370251,1.65434715181722,1.78834080370251
"both","crr",5000,"get_eff_sub","windows_linux","result/haz_unadj","conf.low",3,8.88178419700125e-16,5.03562696575966e-16,1.69169390810947,1.88617628770052,1.69169390810947,1.88617628770052
"both","crr",5000,"get_eff_sub","windows_linux","result/haz_direct","estimate",3,0,0,1.99887098498763,2.24703209224343,1.99887098498763,2.24703209224343
"both","crr",5000,"get_eff_sub","windows_linux","result/haz_unadj","estimate",3,0,0,2.0415964179272,2.27661685290169,2.0415964179272,2.27661685290169
"both","crr",5000,"get_eff_sub","windows_linux","result/haz_direct","p.value_0.95",3,8.27180612553028e-24,8.27180612553028e-16,4.23343992386211e-21,4.82662953364265e-10,4.23343992386175e-21,4.82662953364256e-10
"both","crr",5000,"get_eff_sub","windows_linux","result/haz_unadj","p.value_0.95",3,1.83530698410203e-23,1.83530698410203e-15,2.40662999044449e-24,2.65471792623784e-10,2.40662999044484e-24,2.65471792623766e-10
"both","crr",5000,"get_eff_sub","windows_linux","result/haz_direct","p_value",3,8.27180612553028e-24,8.27180612553028e-16,4.23343992386211e-21,4.82662953364265e-10,4.23343992386175e-21,4.82662953364256e-10
"both","crr",5000,"get_eff_sub","windows_linux","result/haz_unadj","p_value",3,1.83530698410203e-23,1.83530698410203e-15,2.40662999044449e-24,2.65471792623784e-10,2.40662999044484e-24,2.65471792623766e-10
"both","crr",5000,"curve_CSC","windows_linux","result","ci_lower",539,1.38777878078145e-17,1.68725474806167e-16,0,0.49051628358589,0,0.49051628358589
"both","crr",5000,"curve_CSC","windows_linux","result","ci_upper",539,0,0,0,0.692832475863453,0,0.692832475863453
"both","crr",5000,"curve_CSC","windows_linux","result","probability",539,0,0,0,0.591674379724671,0,0.591674379724671
"both","crr",5000,"curve_CSC","windows_linux","result","se",539,1.73472347597681e-18,1.14806291954811e-16,0,0.0810761822625669,0,0.0810761822625669
"both","crr",5000,"curve_CSC","windows_linux","result","time",539,0,0,0,261,0,261
"both","crr",5000,"get_cat_no_ci","windows_linux","curve/unadj","ci_lower",335,0,0,-0.0193182690186449,0.466494712926122,-0.0193182690186449,0.466494712926122
"both","crr",5000,"get_cat_no_ci","windows_linux","curve/unadj","ci_upper",335,0,0,0,0.616026139992034,0,0.616026139992034
"both","crr",5000,"get_cat_no_ci","windows_linux","UM/haz_direct","conf.high",11,5.03064256918151e-12,3.27328301751335e-13,1,30.5299184352376,1,30.529918435233
"both","crr",5000,"get_cat_no_ci","windows_linux","UM/haz_unadj","conf.high",11,1.12834186438704e-11,2.261308059528e-13,1,51.5415970648585,1,51.5415970648472
"both","crr",5000,"get_cat_no_ci","windows_linux","UM/sur_direct","conf.high",11,1.69309011255336e-14,1.44427236716093e-12,-0.334501824025416,0.00945121057830663,-0.334501824025419,0.00945121057830447
"both","crr",5000,"get_cat_no_ci","windows_linux","UM/sur_unadj","conf.high",11,0,0,-0.435050043566735,0,-0.435050043566735,0
"both","crr",5000,"get_cat_no_ci","windows_linux","UM/sur_direct","conf.high_sur",11,2.23154827949656e-14,1.14105594260655e-13,0.0445137713936914,0.539602641642361,0.0445137713936863,0.539602641642344
"both","crr",5000,"get_cat_no_ci","windows_linux","UM/sur_unadj","conf.high_sur",11,0,0,0.0330752176918555,0.616026139992034,0.0330752176918555,0.616026139992034
"both","crr",5000,"get_cat_no_ci","windows_linux","UM/haz_direct","conf.low",11,2.27196039759292e-12,3.07944993678052e-13,0.849400217478937,11.0058025983722,0.849400217479198,11.0058025983723
"both","crr",5000,"get_cat_no_ci","windows_linux","UM/haz_unadj","conf.low",11,2.1422863483167e-12,1.25943551620419e-13,1,21.2495188658886,1,21.2495188658865
"both","crr",5000,"get_cat_no_ci","windows_linux","UM/sur_direct","conf.low",11,2.09277040141842e-14,6.03295979091924e-14,-0.508235845257115,0,-0.508235845257097,0
"both","crr",5000,"get_cat_no_ci","windows_linux","UM/sur_unadj","conf.low",11,0,0,-0.593662115283705,0,-0.593662115283705,0
"both","crr",5000,"get_cat_no_ci","windows_linux","UM/sur_direct","conf.low_sur",11,1.69309011255336e-14,3.22782741627624e-13,0.0196483523133581,0.368358318553435,0.0196483523133645,0.368358318553437
"both","crr",5000,"get_cat_no_ci","windows_linux","UM/sur_unadj","conf.low_sur",11,0,0,0.0129365146096371,0.458697751159898,0.0129365146096371,0.458697751159898
"both","crr",5000,"get_cat_no_ci","windows_linux","UM/haz_direct","estimate",11,1.4104273304838e-12,7.90443392055163e-14,1,18.0606623957954,1,18.0606623957959
"both","crr",5000,"get_cat_no_ci","windows_linux","UM/haz_unadj","estimate",11,5.29354338141275e-12,1.64698708126979e-13,1,33.094321857499,1,33.0943218574937
"both","crr",5000,"get_cat_no_ci","windows_linux","UM/sur_direct","estimate",11,1.74860126378462e-14,6.30272604239343e-14,-0.403452973304476,0,-0.403452973304494,0
"both","crr",5000,"get_cat_no_ci","windows_linux","UM/sur_unadj","estimate",11,0,0,-0.51435607942522,0,-0.51435607942522,0
"both","crr",5000,"get_cat_no_ci","windows_linux","UM/sur_direct","estimate_sur",11,1.78190795452338e-14,5.67290066242848e-14,0.0320810618535248,0.435534035158001,0.0320810618535254,0.435534035158019
"both","crr",5000,"get_cat_no_ci","windows_linux","UM/sur_unadj","estimate_sur",11,0,0,0.0230058661507463,0.537361945575966,0.0230058661507463,0.537361945575966
"both","crr",5000,"get_cat_no_ci","windows_linux","UM/haz_direct","p.value_0.95",10,1.83048021185073e-13,9.06062405231734e-12,1.11699468531635e-39,0.140132416024488,1.11699468523163e-39,0.140132416024305
"both","crr",5000,"get_cat_no_ci","windows_linux","UM/haz_unadj","p.value_0.95",10,1.95017613169313e-14,9.63417232807743e-13,4.64297474685924e-54,0.0202422799310908,4.64297474676167e-54,0.0202422799311104
"both","crr",5000,"get_cat_no_ci","windows_linux","UM/haz_direct","p_value",10,1.83048021185073e-13,9.06062405231734e-12,1.11699468531635e-39,0.140132416024488,1.11699468523163e-39,0.140132416024305
"both","crr",5000,"get_cat_no_ci","windows_linux","UM/haz_unadj","p_value",10,1.95017613169313e-14,9.63417232807743e-13,4.64297474685924e-54,0.0202422799310908,4.64297474676167e-54,0.0202422799311104
"both","crr",5000,"get_cat_no_ci","windows_linux","UM/sur_direct","p_value",10,3.14748227481232e-14,1.27463034346105e-12,9.40185758290246e-63,0.182902164197243,9.40185758282624e-63,0.182902164197212
"both","crr",5000,"get_cat_no_ci","windows_linux","UM/sur_unadj","p_value",10,0,0,6.70724330087553e-73,0.0242244138201418,6.70724330087553e-73,0.0242244138201418
"both","crr",5000,"get_cat_no_ci","windows_linux","curve/direct","probability",539,1.98729921407903e-14,6.22322249729776e-14,0,0.5410679943849,0,0.54106799438492
"both","crr",5000,"get_cat_no_ci","windows_linux","curve/unadj","probability",335,0,0,0,0.537361945575966,0,0.537361945575966
"both","crr",5000,"get_cat_no_ci","windows_linux","curve/unadj","se",335,0,0,0,0.102001728139151,0,0.102001728139151
"both","crr",5000,"get_cat_no_ci","windows_linux","UM/sur_direct","time",12,0,0,120,120,120,120
"both","crr",5000,"get_cat_no_ci","windows_linux","UM/sur_unadj","time",12,0,0,120,120,120,120
"both","crr",5000,"get_cat_no_ci","windows_linux","curve/direct","time",539,0,0,0,261,0,261
"both","crr",5000,"get_cat_no_ci","windows_linux","curve/unadj","time",335,0,0,0,287,0,287
"both","crr",5000,"get_inter_abs","windows_linux","result/estimates","conf.high",18,4.84057238736568e-14,1.19200407190422e-13,0.0454801286353435,1.79688840859003,0.0454801286353419,1.79688840859003
"both","crr",5000,"get_inter_abs","windows_linux","result/risks","conf.high",8,7.21644966006352e-15,3.50786868513502e-14,0.0872769378786809,0.308911443955331,0.0872769378786809,0.308911443955331
"both","crr",5000,"get_inter_abs","windows_linux","result/estimates","conf.low",18,2.83106871279415e-14,3.06439116301619e-13,-0.536472559166454,0.99276979778093,-0.536472559166454,0.99276979778093
"both","crr",5000,"get_inter_abs","windows_linux","result/risks","conf.low",8,4.44089209850063e-15,5.56599059068699e-14,0.0569295151282583,0.248294637422084,0.0569295151282583,0.248294637422084
"both","crr",5000,"get_inter_abs","windows_linux","result/estimates","estimate",18,2.24265050974282e-14,5.7597041894138e-13,-0.0467238434415991,1.33562589898175,-0.0467238434415971,1.33562589898175
"both","crr",5000,"get_inter_abs","windows_linux","result/risks","estimate",8,4.413136522885e-15,4.29308112032017e-14,0.0721032265034696,0.278603040688707,0.0721032265034696,0.278603040688707
"both","crr",5000,"get_inter_abs","windows_linux","result/estimates","p.value",18,1.77191594730175e-13,2.37628487378375e-12,4.34403649789767e-14,0.852597042574144,4.34403649789767e-14,0.85259704257415
"both","crr",5000,"get_fit_stats_simple","windows_linux","result/stats","estimate",6,3.46944695195361e-18,1.98892082794921e-16,0.0174438665591882,11259.8595111241,0.0174438665591882,11259.8595111241
"both","crr",5000,"get_fit_stats_simple","latest_windows_linux","result/stats","estimate",6,3.46944695195361e-18,1.98892082794921e-16,0.0174438665591882,11259.8595111241,0.0174438665591882,11259.8595111241
"both","crr",5000,"get_fit_stats_simple_boot","windows_linux","result/boot","AIC",20,3.63797880709171e-12,3.06716224808604e-16,10584.4150165167,12377.7456867123,10584.4150165167,12377.7456867123
"both","crr",5000,"get_fit_stats_simple_boot","windows_linux","result/boot","BIC",20,3.63797880709171e-12,3.06478441992526e-16,10593.3994961867,12382.3881735137,10593.3994961867,12382.3881735137
"both","crr",5000,"get_fit_stats_simple_boot","windows_linux","result/boot","PVE",20,7.14706072102445e-16,2.8356378030866e-14,0.0119222596229042,0.0375009027963199,0.0119222596229042,0.0375009027963199
"both","crr",5000,"get_fit_stats_simple_boot","windows_linux","result/stats","SE",6,2.27373675443232e-13,4.47972846116918e-14,0.00250742090407214,555.766967583585,0.00250742090407214,555.766967583585
"both","crr",5000,"get_fit_stats_simple_boot","windows_linux","result/stats","estimate",6,3.46944695195361e-18,1.98892082794921e-16,0.0174438665591882,11259.8595111241,0.0174438665591882,11259.8595111241
"both","crr",5000,"get_fit_stats_simple_boot","windows_linux","result/stats","lower",6,5.55111512312578e-16,2.11535312413793e-14,0.0123332869435802,10696.313989325,0.0123332869435802,10696.313989325
"both","crr",5000,"get_fit_stats_simple_boot","windows_linux","result/boot","replicate",20,0,0,1,10,1,10
"both","crr",5000,"get_fit_stats_simple_boot","windows_linux","result/stats","upper",6,3.46944695195361e-18,1.77387147031411e-16,0.0195586152098115,12323.8629340978,0.0195586152098115,12323.8629340978
"both","crr",5000,"get_fit_stats_simple_boot","latest_windows_linux","result/boot","AIC",20,3.63797880709171e-12,3.06716224808604e-16,10584.4150165167,12377.7456867123,10584.4150165167,12377.7456867123
"both","crr",5000,"get_fit_stats_simple_boot","latest_windows_linux","result/boot","BIC",20,3.63797880709171e-12,3.06478441992526e-16,10593.3994961867,12382.3881735137,10593.3994961867,12382.3881735137
"both","crr",5000,"get_fit_stats_simple_boot","latest_windows_linux","result/boot","PVE",20,7.14706072102445e-16,2.8356378030866e-14,0.0119222596229042,0.0375009027963199,0.0119222596229042,0.0375009027963199
"both","crr",5000,"get_fit_stats_simple_boot","latest_windows_linux","result/stats","SE",6,2.27373675443232e-13,4.47972846116918e-14,0.00250742090407214,555.766967583585,0.00250742090407214,555.766967583585
"both","crr",5000,"get_fit_stats_simple_boot","latest_windows_linux","result/stats","estimate",6,3.46944695195361e-18,1.98892082794921e-16,0.0174438665591882,11259.8595111241,0.0174438665591882,11259.8595111241
"both","crr",5000,"get_fit_stats_simple_boot","latest_windows_linux","result/stats","lower",6,5.55111512312578e-16,2.11535312413793e-14,0.0123332869435802,10696.313989325,0.0123332869435802,10696.313989325
"both","crr",5000,"get_fit_stats_simple_boot","latest_windows_linux","result/boot","replicate",20,0,0,1,10,1,10
"both","crr",5000,"get_fit_stats_simple_boot","latest_windows_linux","result/stats","upper",6,3.46944695195361e-18,1.77387147031411e-16,0.0195586152098115,12323.8629340978,0.0195586152098115,12323.8629340978
"both","crr",5000,"get_score_all_boot","latest_windows_linux","result/fit.stats/boot","AIC",10,4.00177668780088e-11,3.67946494577132e-15,10252.8236433171,11187.8309544146,10252.8236433171,11187.8309544146
"both","crr",5000,"get_score_all_boot","latest_windows_linux","result/AUC/score","AUC",2,0,0,0.801989202179875,0.823237520337031,0.801989202179875,0.823237520337031
"both","crr",5000,"get_score_all_boot","latest_windows_linux","result/fit.stats/boot","BIC",10,4.00177668780088e-11,3.66096227594561e-15,10307.0179602297,11243.1431453326,10307.0179602296,11243.1431453326
"both","crr",5000,"get_score_all_boot","latest_windows_linux","result/Brier/score","Brier",2,2.77555756156289e-17,2.54120253744976e-16,0.0725833144876654,0.109222209590123,0.0725833144876654,0.109222209590123
"both","crr",5000,"get_score_all_boot","latest_windows_linux","result/fit.stats/boot","PVE",10,6.80011602582908e-15,4.42400502300789e-14,0.132984852570945,0.167712869038774,0.132984852570948,0.167712869038774
"both","crr",5000,"get_score_all_boot","latest_windows_linux","result/fit.stats/info","R",1,0,0,10,10,10,10
"both","crr",5000,"get_score_all_boot","latest_windows_linux","result/fit.stats/info","R_success",1,0,0,10,10,10,10
"both","crr",5000,"get_score_all_boot","latest_windows_linux","result/fit.stats/stats","SE",3,1.22781784739345e-11,1.30976650501702e-13,0.013853772782563,262.149342762754,0.0138537727825612,262.149342762766
"both","crr",5000,"get_score_all_boot","latest_windows_linux","result/fit.stats/info","bic_n",1,0,0,698,698,698,698
"both","crr",5000,"get_score_all_boot","latest_windows_linux","result/fit.stats/info","conf_level",1,0,0,0.95,0.95,0.95,0.95
"both","crr",5000,"get_score_all_boot","latest_windows_linux","result/fit.stats/info","df",1,0,0,12,12,12,12
"both","crr",5000,"get_score_all_boot","latest_windows_linux","result/fit.stats/stats","estimate",3,1.2732925824821e-11,1.4616315516722e-14,0.148117690504302,10619.9853233401,0.148117690504304,10619.9853233401
"both","crr",5000,"get_score_all_boot","latest_windows_linux","result/fit.stats/info","events",1,0,0,698,698,698,698
"both","crr",5000,"get_score_all_boot","latest_windows_linux","result/fit.stats/info","logLik",1,6.3664629124105e-12,1.20789626985355e-15,-5270.70334705346,-5270.70334705346,-5270.70334705346,-5270.70334705346
"both","crr",5000,"get_score_all_boot","latest_windows_linux","result/fit.stats/info","logLik_null",1,0,0,-5671.4705872759,-5671.4705872759,-5671.4705872759,-5671.4705872759
"both","crr",5000,"get_score_all_boot","latest_windows_linux","result/AUC/score","lower",2,0,0,0.777723713697638,0.804879114064728,0.777723713697638,0.804879114064728
"both","crr",5000,"get_score_all_boot","latest_windows_linux","result/Brier/score","lower",2,6.93889390390723e-17,6.70666946542446e-16,0.0684282096862882,0.103462589586083,0.0684282096862882,0.103462589586083
"both","crr",5000,"get_score_all_boot","latest_windows_linux","result/fit.stats/stats","lower",3,2.18278728425503e-11,2.52624978156479e-14,0.134039802786614,10346.3961725878,0.134039802786618,10346.3961725878
"both","crr",5000,"get_score_all_boot","latest_windows_linux","result/fit.stats/info","n",1,0,0,5000,5000,5000,5000
"both","crr",5000,"get_score_all_boot","latest_windows_linux","result/fit.stats/info","n_omitted",1,0,0,0,0,0,0
"both","crr",5000,"get_score_all_boot","latest_windows_linux","result/fit.stats/boot","replicate",10,0,0,1,10,1,10
"both","crr",5000,"get_score_all_boot","latest_windows_linux","result/AUC/score","se",2,0,0,0.014260253625464,0.0158156287177759,0.014260253625464,0.0158156287177759
"both","crr",5000,"get_score_all_boot","latest_windows_linux","result/Brier/score","se",2,6.15826833971767e-17,1.56910499750526e-14,0.0028677790243656,0.00392470124657608,0.00286777902436556,0.00392470124657602
"both","crr",5000,"get_score_all_boot","latest_windows_linux","result/AUC/score","times",2,0,0,60,120,60,120
"both","crr",5000,"get_score_all_boot","latest_windows_linux","result/Brier/score","times",2,0,0,60,120,60,120
"both","crr",5000,"get_score_all_boot","latest_windows_linux","result/AUC/score","upper",2,0,0,0.82118876574846,0.852748938533779,0.82118876574846,0.852748938533779
"both","crr",5000,"get_score_all_boot","latest_windows_linux","result/Brier/score","upper",2,1.52655665885959e-16,1.3329238524638e-15,0.0761988383252511,0.114526921852128,0.076198838325251,0.114526921852128
"both","crr",5000,"get_score_all_boot","latest_windows_linux","result/fit.stats/stats","upper",3,2.5465851649642e-11,2.2905759131614e-15,0.167457317685892,11172.8979230001,0.167457317685892,11172.8979230001
"both","crr",5000,"get_score_all","latest_windows_linux","result/AUC/score","AUC",2,0,0,0.802756938638742,0.82464756638609,0.802756938638742,0.82464756638609
"both","crr",5000,"get_score_all","latest_windows_linux","result/Brier/score","Brier",2,4.16333634234434e-17,5.58574743919072e-16,0.0745349908435448,0.108557299872487,0.0745349908435447,0.108557299872487
"both","crr",5000,"get_score_all","latest_windows_linux","result/fit.stats/info","R",1,0,0,0,0,0,0
"both","crr",5000,"get_score_all","latest_windows_linux","result/fit.stats/info","R_success",1,0,0,0,0,0,0
"both","crr",5000,"get_score_all","latest_windows_linux","result/fit.stats/info","bic_n",1,0,0,698,698,698,698
"both","crr",5000,"get_score_all","latest_windows_linux","result/fit.stats/info","conf_level",1,0,0,0.95,0.95,0.95,0.95
"both","crr",5000,"get_score_all","latest_windows_linux","result/fit.stats/info","df",1,0,0,12,12,12,12
"both","crr",5000,"get_score_all","latest_windows_linux","result/fit.stats/stats","estimate",3,1.2732925824821e-11,1.4616315516722e-14,0.148117690504302,10619.9853233401,0.148117690504304,10619.9853233401
"both","crr",5000,"get_score_all","latest_windows_linux","result/fit.stats/info","events",1,0,0,698,698,698,698
"both","crr",5000,"get_score_all","latest_windows_linux","result/fit.stats/info","logLik",1,6.3664629124105e-12,1.20789626985355e-15,-5270.70334705346,-5270.70334705346,-5270.70334705346,-5270.70334705346
"both","crr",5000,"get_score_all","latest_windows_linux","result/fit.stats/info","logLik_null",1,0,0,-5671.4705872759,-5671.4705872759,-5671.4705872759,-5671.4705872759
"both","crr",5000,"get_score_all","latest_windows_linux","result/AUC/score","lower",2,0,0,0.783403641664323,0.805212501353884,0.783403641664323,0.805212501353884
"both","crr",5000,"get_score_all","latest_windows_linux","result/Brier/score","lower",2,4.16333634234434e-17,6.03743108308595e-16,0.0689587389909601,0.101777892832987,0.0689587389909601,0.101777892832987
"both","crr",5000,"get_score_all","latest_windows_linux","result/fit.stats/info","n",1,0,0,5000,5000,5000,5000
"both","crr",5000,"get_score_all","latest_windows_linux","result/fit.stats/info","n_omitted",1,0,0,0,0,0,0
"both","crr",5000,"get_score_all","latest_windows_linux","result/AUC/score","se",2,0,0,0.00987431255220776,0.00991603171563739,0.00987431255220776,0.00991603171563739
"both","crr",5000,"get_score_all","latest_windows_linux","result/Brier/score","se",2,2.16840434497101e-18,6.26897661595056e-16,0.00284507873438974,0.00345894470152241,0.00284507873438974,0.00345894470152241
"both","crr",5000,"get_score_all","latest_windows_linux","result/AUC/score","times",2,0,0,60,120,60,120
"both","crr",5000,"get_score_all","latest_windows_linux","result/Brier/score","times",2,0,0,60,120,60,120
"both","crr",5000,"get_score_all","latest_windows_linux","result/AUC/score","upper",2,0,0,0.822110235613161,0.844082631418296,0.822110235613161,0.844082631418296
"both","crr",5000,"get_score_all","latest_windows_linux","result/Brier/score","upper",2,4.16333634234434e-17,5.19694390228887e-16,0.0801112426961295,0.115336706911987,0.0801112426961294,0.115336706911987
"both","crr",10000,"get_facet","windows_linux","result/sur.data","ci_lower",298,5.55111512312578e-17,1.50790086161996e-15,0,0.288841093251531,0,0.288841093251531
"both","crr",10000,"get_facet","windows_linux","result/sur.data","ci_upper",298,5.55111512312578e-17,4.51124992310091e-16,0,0.362193579198961,0,0.362193579198961
"both","crr",10000,"get_facet","windows_linux","result/sur.data","cif",298,6.93889390390723e-18,3.22437969746306e-16,0,0.325517336225246,0,0.325517336225246
"both","crr",10000,"get_facet","windows_linux","result/sur.data","se",298,3.46944695195361e-17,2.70219475879362e-15,0,0.0194058883622015,0,0.0194058883622015
"both","crr",10000,"get_facet","windows_linux","result/sur.data","time",298,0,0,0,263,0,263
"both","crr",10000,"get_facet","windows_linux","result/insert.data","x",3,0,0,0.5,0.5,0.5,0.5
"both","crr",10000,"get_facet","windows_linux","result/insert.data","y",3,0,0,0.5,0.5,0.5,0.5
"both","crr",10000,"get_facet","windows_linux","result/sur.data","yhat",298,6.93889390390723e-18,3.22437969746306e-16,0,0.325517336225246,0,0.325517336225246
"both","crr",10000,"get_eff_cat","windows_linux","result/haz_models","conf.high",20,1.18802745419089e-11,2.76695930552591e-13,2.24619679335158,45.113015883264,2.24619679335164,45.1130158832521
"both","crr",10000,"get_eff_cat","windows_linux","result/haz_models","conf.low",20,3.96482846554136e-12,2.00773179750077e-13,1.04148768245975,24.5770967567511,1.04148768245978,24.5770967567471
"both","crr",10000,"get_eff_cat","windows_linux","result/haz_models","estimate",20,7.069900220813e-12,2.38851161778397e-13,1.52950524440299,33.2978521282053,1.52950524440304,33.2978521281982
"both","crr",10000,"get_eff_cat","windows_linux","result/haz_models","p.value_0.95",20,4.52554660412829e-14,4.10943288732688e-12,2.47305763902141e-113,0.0302130136493886,2.47305763888538e-113,0.0302130136493749
"both","crr",10000,"get_eff_cat","windows_linux","result/haz_models","p_value",20,4.52554660412829e-14,4.10943288732688e-12,2.47305763902141e-113,0.0302130136493886,2.47305763888538e-113,0.0302130136493749
"both","crr",10000,"get_facet_diff_serial","windows_linux","result/diff.data","conf.high",705,5.55111512312578e-17,1.67945719834253e-14,-0.164279816090634,0.0184932423467555,-0.164279816090634,0.0184932423467555
"both","crr",10000,"get_facet_diff_serial","windows_linux","result/forest.data","conf.high",24,2.77555756156289e-17,1.00678852468799e-14,-0.125171862765312,0.014481066245361,-0.125171862765312,0.014481066245361
"both","crr",10000,"get_facet_diff_serial","windows_linux","result/diff.data","conf.high_Female",579,5.55111512312578e-17,4.51124992310091e-16,0,0.24272909097748,0,0.24272909097748
"both","crr",10000,"get_facet_diff_serial","windows_linux","result/forest.data","conf.high_Female",24,2.77555756156289e-17,3.80448040110002e-16,0.0162364189304012,0.178468128986408,0.0162364189304012,0.178468128986408
"both","crr",10000,"get_facet_diff_serial","windows_linux","result/diff.data","conf.high_Male",639,5.55111512312578e-17,4.34043802980339e-16,0,0.374990096212192,0,0.374990096212192
"both","crr",10000,"get_facet_diff_serial","windows_linux","result/forest.data","conf.high_Male",24,2.77555756156289e-17,4.34043802980339e-16,0.0319732425910089,0.283516118049242,0.0319732425910089,0.283516118049242
"both","crr",10000,"get_facet_diff_serial","windows_linux","result/diff.data","conf.low",705,5.55111512312578e-17,7.36646489209708e-16,-0.231491729606429,0,-0.231491729606429,0
"both","crr",10000,"get_facet_diff_serial","windows_linux","result/forest.data","conf.low",24,2.77555756156289e-17,7.36646489209708e-16,-0.179523946400668,-0.0185391908031129,-0.179523946400668,-0.0185391908031129
"both","crr",10000,"get_facet_diff_serial","windows_linux","result/diff.data","conf.low_Female",579,4.16333634234434e-17,8.53043588940272e-16,-0.000578292824610949,0.177090996107503,-0.000578292824610949,0.177090996107503
"both","crr",10000,"get_facet_diff_serial","windows_linux","result/forest.data","conf.low_Female",24,2.77555756156289e-17,3.48957091857286e-16,0.00601133144574079,0.138200682443837,0.00601133144574079,0.138200682443837
"both","crr",10000,"get_facet_diff_serial","windows_linux","result/diff.data","conf.low_Male",639,5.55111512312578e-17,1.50790086161996e-15,-0.000398869923644252,0.299794821986311,-0.000398869923644252,0.299794821986311
"both","crr",10000,"get_facet_diff_serial","windows_linux","result/forest.data","conf.low_Male",24,2.77555756156289e-17,8.47223882774427e-16,0.0163803076022462,0.231500597970731,0.0163803076022462,0.231500597970731
"both","crr",10000,"get_facet_diff_serial","windows_linux","result/diff.data","estimate",705,6.93889390390723e-18,2.20536846533264e-16,-0.197286277521325,0.00437001102836523,-0.197286277521325,0.00437001102836523
"both","crr",10000,"get_facet_diff_serial","windows_linux","result/forest.data","estimate",24,0,0,-0.15234790458299,-0.00202906227887591,-0.15234790458299,-0.00202906227887591
"both","crr",10000,"get_facet_diff_serial","windows_linux","result/diff.data","estimate_Female",579,6.93889390390723e-18,3.22437969746306e-16,0,0.204984712985456,0,0.204984712985456
"both","crr",10000,"get_facet_diff_serial","windows_linux","result/forest.data","estimate_Female",24,0,0,0.011123875188071,0.158334405715122,0.011123875188071,0.158334405715122
"both","crr",10000,"get_facet_diff_serial","windows_linux","result/diff.data","estimate_Male",639,0,0,0,0.337392459099252,0,0.337392459099252
"both","crr",10000,"get_facet_diff_serial","windows_linux","result/forest.data","estimate_Male",24,0,0,0.0241767750966275,0.256800068615043,0.0241767750966275,0.256800068615043
"both","crr",10000,"get_facet_diff_serial","windows_linux","result/diff.data","p.value_0.95",699,5.13478148889135e-16,4.19275762831553e-14,2.9538106453053e-32,0.961239147817567,2.9538106453053e-32,0.961239147817567
"both","crr",10000,"get_facet_diff_serial","windows_linux","result/forest.data","p.value_0.95",24,1.94289029309402e-16,3.12033754150964e-14,4.38978621829787e-28,0.809651445787122,4.38978621829787e-28,0.809651445787122
"both","crr",10000,"get_facet_diff_serial","windows_linux","result/diff.data","p_value",699,5.13478148889135e-16,4.19275762831553e-14,2.9538106453053e-32,0.961239147817567,2.9538106453053e-32,0.961239147817567
"both","crr",10000,"get_facet_diff_serial","windows_linux","result/forest.data","p_value",24,1.94289029309402e-16,3.12033754150964e-14,4.38978621829787e-28,0.809651445787122,4.38978621829787e-28,0.809651445787122
"both","crr",10000,"get_facet_diff_serial","windows_linux","result/diff.data","time",707,0,0,0,287,0,287
"both","crr",10000,"get_facet_diff_serial","windows_linux","result/forest.data","time",24,0,0,12,120,12,120
"both","crr",10000,"get_facet_serial","windows_linux","result/sur.data","ci_lower",298,5.55111512312578e-17,1.50790086161996e-15,0,0.288841093251531,0,0.288841093251531
"both","crr",10000,"get_facet_serial","windows_linux","result/sur.data","ci_upper",298,5.55111512312578e-17,4.51124992310091e-16,0,0.362193579198961,0,0.362193579198961
"both","crr",10000,"get_facet_serial","windows_linux","result/sur.data","cif",298,6.93889390390723e-18,3.22437969746306e-16,0,0.325517336225246,0,0.325517336225246
"both","crr",10000,"get_facet_serial","windows_linux","result/sur.data","se",298,3.46944695195361e-17,2.70219475879362e-15,0,0.0194058883622015,0,0.0194058883622015
"both","crr",10000,"get_facet_serial","windows_linux","result/sur.data","time",298,0,0,0,263,0,263
"both","crr",10000,"get_facet_serial","windows_linux","result/insert.data","x",3,0,0,0.5,0.5,0.5,0.5
"both","crr",10000,"get_facet_serial","windows_linux","result/insert.data","y",3,0,0,0.5,0.5,0.5,0.5
"both","crr",10000,"get_facet_serial","windows_linux","result/sur.data","yhat",298,6.93889390390723e-18,3.22437969746306e-16,0,0.325517336225246,0,0.325517336225246
"both","crr",10000,"curve_direct","windows_linux","result","ci_lower",550,1.01030295240889e-14,4.17932992747162e-14,0,0.507541462178992,0,0.507541462179002
"both","crr",10000,"curve_direct","windows_linux","result","ci_upper",550,9.2148511043888e-15,2.59935328832217e-14,0,0.659638312563609,0,0.659638312563608
"both","crr",10000,"curve_direct","windows_linux","result","probability",550,4.44089209850063e-15,2.36654045944223e-14,0,0.5835898873713,0,0.583589887371305
"both","crr",10000,"curve_direct","windows_linux","result","se",550,2.8796409701215e-15,7.53464961462412e-14,0,0.0551647013614543,0,0.0551647013614533
"both","crr",10000,"curve_direct","windows_linux","result","time",550,0,0,0,263,0,263
"both","crr",10000,"get_facet_diff","windows_linux","result/diff.data","conf.high",705,5.55111512312578e-17,1.67945719834253e-14,-0.164279816090634,0.0184932423467555,-0.164279816090634,0.0184932423467555
"both","crr",10000,"get_facet_diff","windows_linux","result/forest.data","conf.high",24,2.77555756156289e-17,1.00678852468799e-14,-0.125171862765312,0.014481066245361,-0.125171862765312,0.014481066245361
"both","crr",10000,"get_facet_diff","windows_linux","result/diff.data","conf.high_Female",579,5.55111512312578e-17,4.51124992310091e-16,0,0.24272909097748,0,0.24272909097748
"both","crr",10000,"get_facet_diff","windows_linux","result/forest.data","conf.high_Female",24,2.77555756156289e-17,3.80448040110002e-16,0.0162364189304012,0.178468128986408,0.0162364189304012,0.178468128986408
"both","crr",10000,"get_facet_diff","windows_linux","result/diff.data","conf.high_Male",639,5.55111512312578e-17,4.34043802980339e-16,0,0.374990096212192,0,0.374990096212192
"both","crr",10000,"get_facet_diff","windows_linux","result/forest.data","conf.high_Male",24,2.77555756156289e-17,4.34043802980339e-16,0.0319732425910089,0.283516118049242,0.0319732425910089,0.283516118049242
"both","crr",10000,"get_facet_diff","windows_linux","result/diff.data","conf.low",705,5.55111512312578e-17,7.36646489209708e-16,-0.231491729606429,0,-0.231491729606429,0
"both","crr",10000,"get_facet_diff","windows_linux","result/forest.data","conf.low",24,2.77555756156289e-17,7.36646489209708e-16,-0.179523946400668,-0.0185391908031129,-0.179523946400668,-0.0185391908031129
"both","crr",10000,"get_facet_diff","windows_linux","result/diff.data","conf.low_Female",579,4.16333634234434e-17,8.53043588940272e-16,-0.000578292824610949,0.177090996107503,-0.000578292824610949,0.177090996107503
"both","crr",10000,"get_facet_diff","windows_linux","result/forest.data","conf.low_Female",24,2.77555756156289e-17,3.48957091857286e-16,0.00601133144574079,0.138200682443837,0.00601133144574079,0.138200682443837
"both","crr",10000,"get_facet_diff","windows_linux","result/diff.data","conf.low_Male",639,5.55111512312578e-17,1.50790086161996e-15,-0.000398869923644252,0.299794821986311,-0.000398869923644252,0.299794821986311
"both","crr",10000,"get_facet_diff","windows_linux","result/forest.data","conf.low_Male",24,2.77555756156289e-17,8.47223882774427e-16,0.0163803076022462,0.231500597970731,0.0163803076022462,0.231500597970731
"both","crr",10000,"get_facet_diff","windows_linux","result/diff.data","estimate",705,6.93889390390723e-18,2.20536846533264e-16,-0.197286277521325,0.00437001102836523,-0.197286277521325,0.00437001102836523
"both","crr",10000,"get_facet_diff","windows_linux","result/forest.data","estimate",24,0,0,-0.15234790458299,-0.00202906227887591,-0.15234790458299,-0.00202906227887591
"both","crr",10000,"get_facet_diff","windows_linux","result/diff.data","estimate_Female",579,6.93889390390723e-18,3.22437969746306e-16,0,0.204984712985456,0,0.204984712985456
"both","crr",10000,"get_facet_diff","windows_linux","result/forest.data","estimate_Female",24,0,0,0.011123875188071,0.158334405715122,0.011123875188071,0.158334405715122
"both","crr",10000,"get_facet_diff","windows_linux","result/diff.data","estimate_Male",639,0,0,0,0.337392459099252,0,0.337392459099252
"both","crr",10000,"get_facet_diff","windows_linux","result/forest.data","estimate_Male",24,0,0,0.0241767750966275,0.256800068615043,0.0241767750966275,0.256800068615043
"both","crr",10000,"get_facet_diff","windows_linux","result/diff.data","p.value_0.95",699,5.13478148889135e-16,4.19275762831553e-14,2.9538106453053e-32,0.961239147817567,2.9538106453053e-32,0.961239147817567
"both","crr",10000,"get_facet_diff","windows_linux","result/forest.data","p.value_0.95",24,1.94289029309402e-16,3.12033754150964e-14,4.38978621829787e-28,0.809651445787122,4.38978621829787e-28,0.809651445787122
"both","crr",10000,"get_facet_diff","windows_linux","result/diff.data","p_value",699,5.13478148889135e-16,4.19275762831553e-14,2.9538106453053e-32,0.961239147817567,2.9538106453053e-32,0.961239147817567
"both","crr",10000,"get_facet_diff","windows_linux","result/forest.data","p_value",24,1.94289029309402e-16,3.12033754150964e-14,4.38978621829787e-28,0.809651445787122,4.38978621829787e-28,0.809651445787122
"both","crr",10000,"get_facet_diff","windows_linux","result/diff.data","time",707,0,0,0,287,0,287
"both","crr",10000,"get_facet_diff","windows_linux","result/forest.data","time",24,0,0,12,120,12,120
"both","crr",10000,"get_cat","windows_linux","curve/direct","ci_lower",550,1.01030295240889e-14,4.17932992747162e-14,0,0.507541462178992,0,0.507541462179002
"both","crr",10000,"get_cat","windows_linux","curve/unadj","ci_lower",399,0,0,-0.0104343911363049,0.521023858562279,-0.0104343911363049,0.521023858562279
"both","crr",10000,"get_cat","windows_linux","curve/direct","ci_upper",550,9.2148511043888e-15,2.59935328832217e-14,0,0.659638312563609,0,0.659638312563608
"both","crr",10000,"get_cat","windows_linux","curve/unadj","ci_upper",399,0,0,0,0.634748557359656,0,0.634748557359656
"both","crr",10000,"get_cat","windows_linux","UM/haz_direct","conf.high",11,7.67386154620908e-13,2.29051416293209e-13,1,27.9011024313369,1,27.9011024313377
"both","crr",10000,"get_cat","windows_linux","UM/haz_unadj","conf.high",11,1.18802745419089e-11,2.76695930552591e-13,1,45.113015883264,1,45.1130158832521
"both","crr",10000,"get_cat","windows_linux","UM/sur_direct","conf.high",11,9.43689570931383e-15,6.19876529217122e-13,-0.371260172252935,0,-0.371260172252945,0
"both","crr",10000,"get_cat","windows_linux","UM/sur_unadj","conf.high",11,0,0,-0.495639588088101,0,-0.495639588088101,0
"both","crr",10000,"get_cat","windows_linux","UM/sur_direct","conf.high_sur",11,8.65973959207622e-15,1.77025175978126e-14,0.0427810125948307,0.543419925149885,0.04278101259483,0.543419925149884
"both","crr",10000,"get_cat","windows_linux","UM/sur_unadj","conf.high_sur",11,0,0,0.0323080686555871,0.634748557359656,0.0323080686555871,0.634748557359656
"both","crr",10000,"get_cat","windows_linux","UM/haz_direct","conf.low",11,5.32907051820075e-13,1.82020391801234e-13,1,13.3514564452387,1,13.3514564452392
"both","crr",10000,"get_cat","windows_linux","UM/haz_unadj","conf.low",11,3.96482846554136e-12,2.00773179750077e-13,1,24.5770967567511,1,24.5770967567471
"both","crr",10000,"get_cat","windows_linux","UM/sur_direct","conf.low",11,8.04911692853238e-15,3.38896259771719e-14,-0.510280501145226,0,-0.510280501145226,0
"both","crr",10000,"get_cat","windows_linux","UM/sur_unadj","conf.low",11,0,0,-0.610324246277336,0,-0.610324246277336,0
"both","crr",10000,"get_cat","windows_linux","UM/sur_direct","conf.low_sur",11,8.71525074330748e-15,3.17689998160039e-14,0.0246811361919717,0.405582897035079,0.0246811361919709,0.405582897035087
"both","crr",10000,"get_cat","windows_linux","UM/sur_unadj","conf.low_sur",11,0,0,0.0175005129009107,0.521023858562279,0.0175005129009107,0.521023858562279
"both","crr",10000,"get_cat","windows_linux","UM/haz_direct","estimate",11,6.50146603220492e-13,3.74101749124075e-14,1,19.3007863540877,1,19.3007863540883
"both","crr",10000,"get_cat","windows_linux","UM/haz_unadj","estimate",11,7.069900220813e-12,2.38851161778397e-13,1,33.2978521282053,1,33.2978521281982
"both","crr",10000,"get_cat","windows_linux","UM/sur_direct","estimate",11,4.82947015711943e-15,7.03683771755593e-14,-0.440770336699081,0,-0.440770336699085,0
"both","crr",10000,"get_cat","windows_linux","UM/sur_unadj","estimate",11,0,0,-0.552981917182718,0,-0.552981917182718,0
"both","crr",10000,"get_cat","windows_linux","UM/sur_direct","estimate_sur",11,4.10782519111308e-15,2.18054944006781e-14,0.0337310743934012,0.474501411092482,0.0337310743934005,0.474501411092486
"both","crr",10000,"get_cat","windows_linux","UM/sur_unadj","estimate_sur",11,0,0,0.0249042907782489,0.577886207960967,0.0249042907782489,0.577886207960967
"both","crr",10000,"get_cat","windows_linux","UM/haz_direct","p.value_0.95",10,4.52554660412829e-14,2.67901484950323e-12,1.49310027324154e-77,0.0302130136493886,1.49310027323083e-77,0.0302130136493749
"both","crr",10000,"get_cat","windows_linux","UM/haz_unadj","p.value_0.95",10,1.21403538264064e-15,4.10943288732688e-12,2.47305763902141e-113,0.000462429807944186,2.47305763888538e-113,0.0004624298079454
"both","crr",10000,"get_cat","windows_linux","UM/haz_direct","p_value",10,4.52554660412829e-14,2.67901484950323e-12,1.49310027324154e-77,0.0302130136493886,1.49310027323083e-77,0.0302130136493749
"both","crr",10000,"get_cat","windows_linux","UM/haz_unadj","p_value",10,1.21403538264064e-15,4.10943288732688e-12,2.47305763902141e-113,0.000462429807944186,2.47305763888538e-113,0.0004624298079454
"both","crr",10000,"get_cat","windows_linux","UM/sur_direct","p_value",10,1.13832554493598e-14,1.05039649994099e-12,3.31428950041611e-121,0.0321985076787599,3.31428950039346e-121,0.0321985076787553
"both","crr",10000,"get_cat","windows_linux","UM/sur_unadj","p_value",10,0,0,9.95484218059768e-141,0.00384949668054202,9.95484218059768e-141,0.00384949668054202
"both","crr",10000,"get_cat","windows_linux","curve/direct","probability",550,4.44089209850063e-15,2.36654045944223e-14,0,0.5835898873713,0,0.583589887371305
"both","crr",10000,"get_cat","windows_linux","curve/unadj","probability",399,0,0,0,0.577886207960967,0,0.577886207960967
"both","crr",10000,"get_cat","windows_linux","curve/direct","se",550,2.8796409701215e-15,7.53464961462412e-14,0,0.0551647013614543,0,0.0551647013614533
"both","crr",10000,"get_cat","windows_linux","curve/unadj","se",399,0,0,0,0.0657178599800544,0,0.0657178599800544
"both","crr",10000,"get_cat","windows_linux","UM/sur_direct","time",12,0,0,120,120,120,120
"both","crr",10000,"get_cat","windows_linux","UM/sur_unadj","time",12,0,0,120,120,120,120
"both","crr",10000,"get_cat","windows_linux","curve/direct","time",550,0,0,0,263,0,263
"both","crr",10000,"get_cat","windows_linux","curve/unadj","time",399,0,0,0,287,0,287
"both","crr",10000,"get_eff","windows_linux","result/haz_direct","conf.high",11,7.67386154620908e-13,2.29051416293209e-13,1,27.9011024313369,1,27.9011024313377
"both","crr",10000,"get_eff","windows_linux","result/haz_unadj","conf.high",11,1.18802745419089e-11,2.76695930552591e-13,1,45.113015883264,1,45.1130158832521
"both","crr",10000,"get_eff","windows_linux","result/sur_direct","conf.high",11,9.43689570931383e-15,6.19876529217122e-13,-0.371260172252935,0,-0.371260172252945,0
"both","crr",10000,"get_eff","windows_linux","result/sur_unadj","conf.high",11,0,0,-0.495639588088101,0,-0.495639588088101,0
"both","crr",10000,"get_eff","windows_linux","result/sur_direct","conf.high_sur",11,8.65973959207622e-15,1.77025175978126e-14,0.0427810125948307,0.543419925149885,0.04278101259483,0.543419925149884
"both","crr",10000,"get_eff","windows_linux","result/sur_unadj","conf.high_sur",11,0,0,0.0323080686555871,0.634748557359656,0.0323080686555871,0.634748557359656
"both","crr",10000,"get_eff","windows_linux","result/haz_direct","conf.low",11,5.32907051820075e-13,1.82020391801234e-13,1,13.3514564452387,1,13.3514564452392
"both","crr",10000,"get_eff","windows_linux","result/haz_unadj","conf.low",11,3.96482846554136e-12,2.00773179750077e-13,1,24.5770967567511,1,24.5770967567471
"both","crr",10000,"get_eff","windows_linux","result/sur_direct","conf.low",11,8.04911692853238e-15,3.38896259771719e-14,-0.510280501145226,0,-0.510280501145226,0
"both","crr",10000,"get_eff","windows_linux","result/sur_unadj","conf.low",11,0,0,-0.610324246277336,0,-0.610324246277336,0
"both","crr",10000,"get_eff","windows_linux","result/sur_direct","conf.low_sur",11,8.71525074330748e-15,3.17689998160039e-14,0.0246811361919717,0.405582897035079,0.0246811361919709,0.405582897035087
"both","crr",10000,"get_eff","windows_linux","result/sur_unadj","conf.low_sur",11,0,0,0.0175005129009107,0.521023858562279,0.0175005129009107,0.521023858562279
"both","crr",10000,"get_eff","windows_linux","result/haz_direct","estimate",11,6.50146603220492e-13,3.74101749124075e-14,1,19.3007863540877,1,19.3007863540883
"both","crr",10000,"get_eff","windows_linux","result/haz_unadj","estimate",11,7.069900220813e-12,2.38851161778397e-13,1,33.2978521282053,1,33.2978521281982
"both","crr",10000,"get_eff","windows_linux","result/sur_direct","estimate",11,4.82947015711943e-15,7.03683771755593e-14,-0.440770336699081,0,-0.440770336699085,0
"both","crr",10000,"get_eff","windows_linux","result/sur_unadj","estimate",11,0,0,-0.552981917182718,0,-0.552981917182718,0
"both","crr",10000,"get_eff","windows_linux","result/sur_direct","estimate_sur",11,4.10782519111308e-15,2.18054944006781e-14,0.0337310743934012,0.474501411092482,0.0337310743934005,0.474501411092486
"both","crr",10000,"get_eff","windows_linux","result/sur_unadj","estimate_sur",11,0,0,0.0249042907782489,0.577886207960967,0.0249042907782489,0.577886207960967
"both","crr",10000,"get_eff","windows_linux","result/haz_direct","p.value_0.95",10,4.52554660412829e-14,2.67901484950323e-12,1.49310027324154e-77,0.0302130136493886,1.49310027323083e-77,0.0302130136493749
"both","crr",10000,"get_eff","windows_linux","result/haz_unadj","p.value_0.95",10,1.21403538264064e-15,4.10943288732688e-12,2.47305763902141e-113,0.000462429807944186,2.47305763888538e-113,0.0004624298079454
"both","crr",10000,"get_eff","windows_linux","result/haz_direct","p_value",10,4.52554660412829e-14,2.67901484950323e-12,1.49310027324154e-77,0.0302130136493886,1.49310027323083e-77,0.0302130136493749
"both","crr",10000,"get_eff","windows_linux","result/haz_unadj","p_value",10,1.21403538264064e-15,4.10943288732688e-12,2.47305763902141e-113,0.000462429807944186,2.47305763888538e-113,0.0004624298079454
"both","crr",10000,"get_eff","windows_linux","result/sur_direct","p_value",10,1.13832554493598e-14,1.05039649994099e-12,3.31428950041611e-121,0.0321985076787599,3.31428950039346e-121,0.0321985076787553
"both","crr",10000,"get_eff","windows_linux","result/sur_unadj","p_value",10,0,0,9.95484218059768e-141,0.00384949668054202,9.95484218059768e-141,0.00384949668054202
"both","crr",10000,"get_eff","windows_linux","result/sur_direct","time",12,0,0,120,120,120,120
"both","crr",10000,"get_eff","windows_linux","result/sur_unadj","time",12,0,0,120,120,120,120
"both","crr",10000,"get_score","windows_linux","result/AUC/score","AUC",2,0,0,0.806918644997575,0.831644895311684,0.806918644997575,0.831644895311684
"both","crr",10000,"get_score","windows_linux","result/Brier/score","Brier",2,1.11022302462516e-16,1.48186854568959e-15,0.07492047981277,0.107220711267184,0.0749204798127701,0.107220711267184
"both","crr",10000,"get_score","windows_linux","result/AUC/score","lower",2,0,0,0.793278083933753,0.818153162650767,0.793278083933753,0.818153162650767
"both","crr",10000,"get_score","windows_linux","result/Brier/score","lower",2,1.2490009027033e-16,1.75892508592574e-15,0.0710093290895295,0.102405769990764,0.0710093290895296,0.102405769990764
"both","crr",10000,"get_score","windows_linux","result/AUC/score","se",2,0,0,0.00688366356082988,0.00695959781476435,0.00688366356082988,0.00695959781476435
"both","crr",10000,"get_score","windows_linux","result/Brier/score","se",2,7.80625564189563e-18,3.91188706211545e-15,0.0019955217310579,0.00245664783353144,0.0019955217310579,0.00245664783353143
"both","crr",10000,"get_score","windows_linux","result/AUC/score","times",2,0,0,60,120,60,120
"both","crr",10000,"get_score","windows_linux","result/Brier/score","times",2,0,0,60,120,60,120
"both","crr",10000,"get_score","windows_linux","result/AUC/score","upper",2,0,0,0.820559206061397,0.845136627972602,0.820559206061397,0.845136627972602
"both","crr",10000,"get_score","windows_linux","result/Brier/score","upper",2,9.71445146547012e-17,1.23230375921662e-15,0.0788316305360105,0.112035652543604,0.0788316305360106,0.112035652543604
"both","crr",10000,"get_score","latest_windows_linux","result/AUC/score","AUC",2,0,0,0.806918644997575,0.831644895311684,0.806918644997575,0.831644895311684
"both","crr",10000,"get_score","latest_windows_linux","result/Brier/score","Brier",2,1.11022302462516e-16,1.48186854568959e-15,0.07492047981277,0.107220711267184,0.0749204798127701,0.107220711267184
"both","crr",10000,"get_score","latest_windows_linux","result/AUC/score","lower",2,0,0,0.793278083933753,0.818153162650767,0.793278083933753,0.818153162650767
"both","crr",10000,"get_score","latest_windows_linux","result/Brier/score","lower",2,1.2490009027033e-16,1.75892508592574e-15,0.0710093290895295,0.102405769990764,0.0710093290895296,0.102405769990764
"both","crr",10000,"get_score","latest_windows_linux","result/AUC/score","se",2,0,0,0.00688366356082988,0.00695959781476435,0.00688366356082988,0.00695959781476435
"both","crr",10000,"get_score","latest_windows_linux","result/Brier/score","se",2,7.80625564189563e-18,3.91188706211545e-15,0.0019955217310579,0.00245664783353144,0.0019955217310579,0.00245664783353143
"both","crr",10000,"get_score","latest_windows_linux","result/AUC/score","times",2,0,0,60,120,60,120
"both","crr",10000,"get_score","latest_windows_linux","result/Brier/score","times",2,0,0,60,120,60,120
"both","crr",10000,"get_score","latest_windows_linux","result/AUC/score","upper",2,0,0,0.820559206061397,0.845136627972602,0.820559206061397,0.845136627972602
"both","crr",10000,"get_score","latest_windows_linux","result/Brier/score","upper",2,9.71445146547012e-17,1.23230375921662e-15,0.0788316305360105,0.112035652543604,0.0788316305360106,0.112035652543604
"both","crr",10000,"get_score_boot","windows_linux","result/AUC/score","AUC",2,0,0,0.807908224180354,0.827309129649126,0.807908224180354,0.827309129649126
"both","crr",10000,"get_score_boot","windows_linux","result/Brier/score","Brier",2,2.77555756156289e-17,3.65326717258547e-16,0.0759746667966414,0.107664151609962,0.0759746667966414,0.107664151609962
"both","crr",10000,"get_score_boot","windows_linux","result/AUC/score","lower",2,0,0,0.795858562727515,0.812995953370681,0.795858562727515,0.812995953370681
"both","crr",10000,"get_score_boot","windows_linux","result/Brier/score","lower",2,1.52655665885959e-16,1.46661737214987e-15,0.0726724640224415,0.104086906908913,0.0726724640224416,0.104086906908913
"both","crr",10000,"get_score_boot","windows_linux","result/AUC/score","se",2,0,0,0.00782217826186827,0.00870366037594877,0.00782217826186827,0.00870366037594877
"both","crr",10000,"get_score_boot","windows_linux","result/Brier/score","se",2,8.23993651088983e-17,2.76182238016077e-14,0.00194010262523407,0.00298351428031015,0.00194010262523412,0.00298351428031007
"both","crr",10000,"get_score_boot","windows_linux","result/AUC/score","times",2,0,0,60,120,60,120
"both","crr",10000,"get_score_boot","windows_linux","result/Brier/score","times",2,0,0,60,120,60,120
"both","crr",10000,"get_score_boot","windows_linux","result/AUC/score","upper",2,0,0,0.818878993455222,0.837055104446321,0.818878993455222,0.837055104446321
"both","crr",10000,"get_score_boot","windows_linux","result/Brier/score","upper",2,3.05311331771918e-16,3.54835035919788e-15,0.0782210684006503,0.111873142545421,0.0782210684006506,0.111873142545421
"both","crr",10000,"get_score_boot","latest_windows_linux","result/AUC/score","AUC",2,0,0,0.807908224180354,0.827309129649126,0.807908224180354,0.827309129649126
"both","crr",10000,"get_score_boot","latest_windows_linux","result/Brier/score","Brier",2,2.77555756156289e-17,3.65326717258547e-16,0.0759746667966414,0.107664151609962,0.0759746667966414,0.107664151609962
"both","crr",10000,"get_score_boot","latest_windows_linux","result/AUC/score","lower",2,0,0,0.795858562727515,0.812995953370681,0.795858562727515,0.812995953370681
"both","crr",10000,"get_score_boot","latest_windows_linux","result/Brier/score","lower",2,1.52655665885959e-16,1.46661737214987e-15,0.0726724640224415,0.104086906908913,0.0726724640224416,0.104086906908913
"both","crr",10000,"get_score_boot","latest_windows_linux","result/AUC/score","se",2,0,0,0.00782217826186827,0.00870366037594877,0.00782217826186827,0.00870366037594877
"both","crr",10000,"get_score_boot","latest_windows_linux","result/Brier/score","se",2,8.23993651088983e-17,2.76182238016077e-14,0.00194010262523407,0.00298351428031015,0.00194010262523412,0.00298351428031007
"both","crr",10000,"get_score_boot","latest_windows_linux","result/AUC/score","times",2,0,0,60,120,60,120
"both","crr",10000,"get_score_boot","latest_windows_linux","result/Brier/score","times",2,0,0,60,120,60,120
"both","crr",10000,"get_score_boot","latest_windows_linux","result/AUC/score","upper",2,0,0,0.818878993455222,0.837055104446321,0.818878993455222,0.837055104446321
"both","crr",10000,"get_score_boot","latest_windows_linux","result/Brier/score","upper",2,3.05311331771918e-16,3.54835035919788e-15,0.0782210684006503,0.111873142545421,0.0782210684006506,0.111873142545421
"both","crr",10000,"fit_hazard","windows_linux","fit","beta",12,1.19459997449667e-13,2.1854664969763e-13,0.0123521501223849,2.96014583881591,0.0123521501223823,2.96014583881602
"both","crr",10000,"fit_hazard","windows_linux","fit","se",12,2.90878432451791e-14,4.2032663336697e-13,0.00297975491018142,0.256308454398331,0.00297975491018017,0.256308454398303
"both","crr",10000,"get_eff_sub","windows_linux","result/haz_direct","conf.high",3,4.44089209850063e-16,1.93551253174711e-16,2.21162050728584,2.77197075186018,2.21162050728584,2.77197075186018
"both","crr",10000,"get_eff_sub","windows_linux","result/haz_unadj","conf.high",3,1.33226762955019e-15,4.7598404102064e-16,2.24673620810471,2.79897541668296,2.24673620810471,2.79897541668296
"both","crr",10000,"get_eff_sub","windows_linux","result/haz_direct","conf.low",3,2.22044604925031e-16,1.20089477063278e-16,1.69100352799631,1.9377241773325,1.69100352799631,1.9377241773325
"both","crr",10000,"get_eff_sub","windows_linux","result/haz_unadj","conf.low",3,8.88178419700125e-16,4.54103157788479e-16,1.71998760769215,1.95589571326839,1.71998760769215,1.95589571326839
"both","crr",10000,"get_eff_sub","windows_linux","result/haz_direct","estimate",3,0,0,1.93387126779663,2.317609705006,1.93387126779663,2.317609705006
"both","crr",10000,"get_eff_sub","windows_linux","result/haz_unadj","estimate",3,0,0,1.96579715018955,2.33976580431329,1.96579715018955,2.33976580431329
"both","crr",10000,"get_eff_sub","windows_linux","result/haz_direct","p.value_0.95",3,2.3231529954171e-33,2.3231529954171e-25,2.44640226867038e-39,3.50273427263012e-20,2.44640226867101e-39,3.50273427262989e-20
"both","crr",10000,"get_eff_sub","windows_linux","result/haz_unadj","p.value_0.95",3,3.13565469070547e-33,3.13565469070547e-25,6.05261590549757e-45,1.44293156868995e-20,6.05261590549636e-45,1.44293156868963e-20
"both","crr",10000,"get_eff_sub","windows_linux","result/haz_direct","p_value",3,2.3231529954171e-33,2.3231529954171e-25,2.44640226867038e-39,3.50273427263012e-20,2.44640226867101e-39,3.50273427262989e-20
"both","crr",10000,"get_eff_sub","windows_linux","result/haz_unadj","p_value",3,3.13565469070547e-33,3.13565469070547e-25,6.05261590549757e-45,1.44293156868995e-20,6.05261590549636e-45,1.44293156868963e-20
"both","crr",10000,"curve_CSC","windows_linux","result","ci_lower",550,0,0,0,0.546725653066396,0,0.546725653066396
"both","crr",10000,"curve_CSC","windows_linux","result","ci_upper",550,0,0,0,0.690108880151221,0,0.690108880151221
"both","crr",10000,"curve_CSC","windows_linux","result","probability",550,0,0,0,0.618417266608808,0,0.618417266608808
"both","crr",10000,"curve_CSC","windows_linux","result","se",550,1.73472347597681e-18,1.41216640349917e-16,0,0.058329479680645,0,0.058329479680645
"both","crr",10000,"curve_CSC","windows_linux","result","time",550,0,0,0,263,0,263
"both","crr",10000,"get_cat_no_ci","windows_linux","curve/unadj","ci_lower",399,0,0,-0.0104343911363049,0.521023858562279,-0.0104343911363049,0.521023858562279
"both","crr",10000,"get_cat_no_ci","windows_linux","curve/unadj","ci_upper",399,0,0,0,0.634748557359656,0,0.634748557359656
"both","crr",10000,"get_cat_no_ci","windows_linux","UM/haz_direct","conf.high",11,7.67386154620908e-13,2.29051416293209e-13,1,27.9011024313369,1,27.9011024313377
"both","crr",10000,"get_cat_no_ci","windows_linux","UM/haz_unadj","conf.high",11,1.18802745419089e-11,2.76695930552591e-13,1,45.113015883264,1,45.1130158832521
"both","crr",10000,"get_cat_no_ci","windows_linux","UM/sur_direct","conf.high",11,9.43689570931383e-15,6.19876529217122e-13,-0.371260172252935,0,-0.371260172252945,0
"both","crr",10000,"get_cat_no_ci","windows_linux","UM/sur_unadj","conf.high",11,0,0,-0.495639588088101,0,-0.495639588088101,0
"both","crr",10000,"get_cat_no_ci","windows_linux","UM/sur_direct","conf.high_sur",11,8.65973959207622e-15,1.77025175978126e-14,0.0427810125948307,0.543419925149885,0.04278101259483,0.543419925149884
"both","crr",10000,"get_cat_no_ci","windows_linux","UM/sur_unadj","conf.high_sur",11,0,0,0.0323080686555871,0.634748557359656,0.0323080686555871,0.634748557359656
"both","crr",10000,"get_cat_no_ci","windows_linux","UM/haz_direct","conf.low",11,5.32907051820075e-13,1.82020391801234e-13,1,13.3514564452387,1,13.3514564452392
"both","crr",10000,"get_cat_no_ci","windows_linux","UM/haz_unadj","conf.low",11,3.96482846554136e-12,2.00773179750077e-13,1,24.5770967567511,1,24.5770967567471
"both","crr",10000,"get_cat_no_ci","windows_linux","UM/sur_direct","conf.low",11,8.04911692853238e-15,3.38896259771719e-14,-0.510280501145226,0,-0.510280501145226,0
"both","crr",10000,"get_cat_no_ci","windows_linux","UM/sur_unadj","conf.low",11,0,0,-0.610324246277336,0,-0.610324246277336,0
"both","crr",10000,"get_cat_no_ci","windows_linux","UM/sur_direct","conf.low_sur",11,8.71525074330748e-15,3.17689998160039e-14,0.0246811361919717,0.405582897035079,0.0246811361919709,0.405582897035087
"both","crr",10000,"get_cat_no_ci","windows_linux","UM/sur_unadj","conf.low_sur",11,0,0,0.0175005129009107,0.521023858562279,0.0175005129009107,0.521023858562279
"both","crr",10000,"get_cat_no_ci","windows_linux","UM/haz_direct","estimate",11,6.50146603220492e-13,3.74101749124075e-14,1,19.3007863540877,1,19.3007863540883
"both","crr",10000,"get_cat_no_ci","windows_linux","UM/haz_unadj","estimate",11,7.069900220813e-12,2.38851161778397e-13,1,33.2978521282053,1,33.2978521281982
"both","crr",10000,"get_cat_no_ci","windows_linux","UM/sur_direct","estimate",11,4.82947015711943e-15,7.03683771755593e-14,-0.440770336699081,0,-0.440770336699085,0
"both","crr",10000,"get_cat_no_ci","windows_linux","UM/sur_unadj","estimate",11,0,0,-0.552981917182718,0,-0.552981917182718,0
"both","crr",10000,"get_cat_no_ci","windows_linux","UM/sur_direct","estimate_sur",11,4.10782519111308e-15,2.18054944006781e-14,0.0337310743934012,0.474501411092482,0.0337310743934005,0.474501411092486
"both","crr",10000,"get_cat_no_ci","windows_linux","UM/sur_unadj","estimate_sur",11,0,0,0.0249042907782489,0.577886207960967,0.0249042907782489,0.577886207960967
"both","crr",10000,"get_cat_no_ci","windows_linux","UM/haz_direct","p.value_0.95",10,4.52554660412829e-14,2.67901484950323e-12,1.49310027324154e-77,0.0302130136493886,1.49310027323083e-77,0.0302130136493749
"both","crr",10000,"get_cat_no_ci","windows_linux","UM/haz_unadj","p.value_0.95",10,1.21403538264064e-15,4.10943288732688e-12,2.47305763902141e-113,0.000462429807944186,2.47305763888538e-113,0.0004624298079454
"both","crr",10000,"get_cat_no_ci","windows_linux","UM/haz_direct","p_value",10,4.52554660412829e-14,2.67901484950323e-12,1.49310027324154e-77,0.0302130136493886,1.49310027323083e-77,0.0302130136493749
"both","crr",10000,"get_cat_no_ci","windows_linux","UM/haz_unadj","p_value",10,1.21403538264064e-15,4.10943288732688e-12,2.47305763902141e-113,0.000462429807944186,2.47305763888538e-113,0.0004624298079454
"both","crr",10000,"get_cat_no_ci","windows_linux","UM/sur_direct","p_value",10,1.13832554493598e-14,1.05039649994099e-12,3.31428950041611e-121,0.0321985076787599,3.31428950039346e-121,0.0321985076787553
"both","crr",10000,"get_cat_no_ci","windows_linux","UM/sur_unadj","p_value",10,0,0,9.95484218059768e-141,0.00384949668054202,9.95484218059768e-141,0.00384949668054202
"both","crr",10000,"get_cat_no_ci","windows_linux","curve/direct","probability",550,4.44089209850063e-15,2.36654045944223e-14,0,0.5835898873713,0,0.583589887371305
"both","crr",10000,"get_cat_no_ci","windows_linux","curve/unadj","probability",399,0,0,0,0.577886207960967,0,0.577886207960967
"both","crr",10000,"get_cat_no_ci","windows_linux","curve/unadj","se",399,0,0,0,0.0657178599800544,0,0.0657178599800544
"both","crr",10000,"get_cat_no_ci","windows_linux","UM/sur_direct","time",12,0,0,120,120,120,120
"both","crr",10000,"get_cat_no_ci","windows_linux","UM/sur_unadj","time",12,0,0,120,120,120,120
"both","crr",10000,"get_cat_no_ci","windows_linux","curve/direct","time",550,0,0,0,263,0,263
"both","crr",10000,"get_cat_no_ci","windows_linux","curve/unadj","time",399,0,0,0,287,0,287
"both","crr",10000,"get_inter_abs","windows_linux","result/estimates","conf.high",18,3.44169137633799e-14,2.48355292527749e-13,0.0126973281360458,1.47461698787147,0.012697328136044,1.47461698787147
"both","crr",10000,"get_inter_abs","windows_linux","result/risks","conf.high",8,8.88178419700125e-15,3.45624489314521e-14,0.0855333841087043,0.283391537356102,0.0855333841087043,0.283391537356102
"both","crr",10000,"get_inter_abs","windows_linux","result/estimates","conf.low",18,9.54791801177635e-14,1.95296634630431e-13,-0.553916940144965,0.970619181398092,-0.55391694014506,0.970619181398092
"both","crr",10000,"get_inter_abs","windows_linux","result/risks","conf.low",8,3.73312492030209e-15,4.11236877789394e-14,0.0632977872276293,0.242196592728657,0.0632977872276293,0.242196592728657
"both","crr",10000,"get_inter_abs","windows_linux","result/estimates","estimate",18,5.5871973714261e-14,4.10408498713714e-13,-0.216284338467549,1.19636596977828,-0.216284338467605,1.19636596977828
"both","crr",10000,"get_inter_abs","windows_linux","result/risks","estimate",8,4.21884749357559e-15,2.49802581685467e-14,0.0744155856681668,0.26279406504238,0.0744155856681668,0.26279406504238
"both","crr",10000,"get_inter_abs","windows_linux","result/estimates","p.value",18,1.15907283770866e-13,5.98168000227707e-13,3.56707927288787e-22,0.535816165247358,3.56707927288787e-22,0.535816165247242
"both","crr",10000,"get_fit_stats_simple","windows_linux","result/stats","estimate",6,0,0,0.0166195061911886,24411.6145258009,0.0166195061911886,24411.6145258009
"both","crr",10000,"get_fit_stats_simple","latest_windows_linux","result/stats","estimate",6,0,0,0.0166195061911886,24411.6145258009,0.0166195061911886,24411.6145258009
"both","crr",10000,"get_fit_stats_simple_boot","windows_linux","result/boot","AIC",20,2.5465851649642e-11,1.00078394359013e-15,23787.202168417,26675.6490639345,23787.202168417,26675.6490639345
"both","crr",10000,"get_fit_stats_simple_boot","windows_linux","result/boot","BIC",20,2.5465851649642e-11,1.00057632466033e-15,23797.6443786134,26680.9768444729,23797.6443786134,26680.9768444729
"both","crr",10000,"get_fit_stats_simple_boot","windows_linux","result/boot","PVE",20,2.50494069931051e-15,1.56777352350627e-13,0.0136797198224669,0.0425543554749234,0.0136797198224669,0.0425543554749234
"both","crr",10000,"get_fit_stats_simple_boot","windows_linux","result/stats","SE",6,1.13686837721616e-12,2.65016355199729e-14,0.00276556768750305,768.063324927701,0.00276556768750298,768.063324927699
"both","crr",10000,"get_fit_stats_simple_boot","windows_linux","result/stats","estimate",6,0,0,0.0166195061911886,24411.6145258009,0.0166195061911886,24411.6145258009
"both","crr",10000,"get_fit_stats_simple_boot","windows_linux","result/stats","lower",6,3.46944695195361e-18,1.21300649606991e-16,0.0137308453673733,24022.9273022028,0.0137308453673733,24022.9273022028
"both","crr",10000,"get_fit_stats_simple_boot","windows_linux","result/boot","replicate",20,0,0,1,10,1,10
"both","crr",10000,"get_fit_stats_simple_boot","windows_linux","result/stats","upper",6,0,0,0.0211258054242844,26473.1593196412,0.0211258054242844,26473.1593196412
"both","crr",10000,"get_fit_stats_simple_boot","latest_windows_linux","result/boot","AIC",20,2.5465851649642e-11,1.00078394359013e-15,23787.202168417,26675.6490639345,23787.202168417,26675.6490639345
"both","crr",10000,"get_fit_stats_simple_boot","latest_windows_linux","result/boot","BIC",20,2.5465851649642e-11,1.00057632466033e-15,23797.6443786134,26680.9768444729,23797.6443786134,26680.9768444729
"both","crr",10000,"get_fit_stats_simple_boot","latest_windows_linux","result/boot","PVE",20,2.50494069931051e-15,1.56777352350627e-13,0.0136797198224669,0.0425543554749234,0.0136797198224669,0.0425543554749234
"both","crr",10000,"get_fit_stats_simple_boot","latest_windows_linux","result/stats","SE",6,1.13686837721616e-12,2.65016355199729e-14,0.00276556768750305,768.063324927701,0.00276556768750298,768.063324927699
"both","crr",10000,"get_fit_stats_simple_boot","latest_windows_linux","result/stats","estimate",6,0,0,0.0166195061911886,24411.6145258009,0.0166195061911886,24411.6145258009
"both","crr",10000,"get_fit_stats_simple_boot","latest_windows_linux","result/stats","lower",6,3.46944695195361e-18,1.21300649606991e-16,0.0137308453673733,24022.9273022028,0.0137308453673733,24022.9273022028
"both","crr",10000,"get_fit_stats_simple_boot","latest_windows_linux","result/boot","replicate",20,0,0,1,10,1,10
"both","crr",10000,"get_fit_stats_simple_boot","latest_windows_linux","result/stats","upper",6,0,0,0.0211258054242844,26473.1593196412,0.0211258054242844,26473.1593196412
"both","crr",10000,"get_score_all_boot","latest_windows_linux","result/fit.stats/boot","AIC",10,1.4915713109076e-10,6.43830474240371e-15,22307.8560345671,23509.1120638266,22307.8560345671,23509.1120638265
"both","crr",10000,"get_score_all_boot","latest_windows_linux","result/AUC/score","AUC",2,0,0,0.807908224180354,0.827309129649126,0.807908224180354,0.827309129649126
"both","crr",10000,"get_score_all_boot","latest_windows_linux","result/fit.stats/boot","BIC",10,1.4915713109076e-10,6.42086561777525e-15,22370.4477345989,23572.3056091812,22370.4477345989,23572.3056091812
"both","crr",10000,"get_score_all_boot","latest_windows_linux","result/Brier/score","Brier",2,2.77555756156289e-17,3.65326717258547e-16,0.0759746667966414,0.107664151609962,0.0759746667966414,0.107664151609962
"both","crr",10000,"get_score_all_boot","latest_windows_linux","result/fit.stats/boot","PVE",10,1.27398092075737e-14,8.74797866768298e-14,0.143111701824714,0.16507339935524,0.143111701824705,0.165073399355244
"both","crr",10000,"get_score_all_boot","latest_windows_linux","result/fit.stats/info","R",1,0,0,10,10,10,10
"both","crr",10000,"get_score_all_boot","latest_windows_linux","result/fit.stats/info","R_success",1,0,0,10,10,10,10
"both","crr",10000,"get_score_all_boot","latest_windows_linux","result/fit.stats/stats","SE",3,1.93836058315355e-11,2.23073278302425e-13,0.00715824401644297,385.914117100785,0.00715824401644457,385.914117100766
"both","crr",10000,"get_score_all_boot","latest_windows_linux","result/fit.stats/info","bic_n",1,0,0,1392,1392,1392,1392
"both","crr",10000,"get_score_all_boot","latest_windows_linux","result/fit.stats/info","conf_level",1,0,0,0.95,0.95,0.95,0.95
"both","crr",10000,"get_score_all_boot","latest_windows_linux","result/fit.stats/info","df",1,0,0,12,12,12,12
"both","crr",10000,"get_score_all_boot","latest_windows_linux","result/fit.stats/stats","estimate",3,7.27595761418343e-12,3.86127628373941e-15,0.150951924984694,23025.8976596895,0.150951924984694,23025.8976596895
"both","crr",10000,"get_score_all_boot","latest_windows_linux","result/fit.stats/info","events",1,0,0,1392,1392,1392,1392
"both","crr",10000,"get_score_all_boot","latest_windows_linux","result/fit.stats/info","logLik",1,3.63797880709171e-12,3.17186725287893e-16,-11469.5178487994,-11469.5178487994,-11469.5178487994,-11469.5178487994
"both","crr",10000,"get_score_all_boot","latest_windows_linux","result/fit.stats/info","logLik_null",1,0,0,-12287.7151928705,-12287.7151928705,-12287.7151928705,-12287.7151928705
"both","crr",10000,"get_score_all_boot","latest_windows_linux","result/AUC/score","lower",2,0,0,0.795858562727515,0.812995953370681,0.795858562727515,0.812995953370681
"both","crr",10000,"get_score_all_boot","latest_windows_linux","result/Brier/score","lower",2,1.52655665885959e-16,1.46661737214987e-15,0.0726724640224415,0.104086906908913,0.0726724640224416,0.104086906908913
"both","crr",10000,"get_score_all_boot","latest_windows_linux","result/fit.stats/stats","lower",3,1.81898940354586e-11,3.81818433683067e-14,0.143205458770949,22398.5246019729,0.143205458770944,22398.5246019729
"both","crr",10000,"get_score_all_boot","latest_windows_linux","result/fit.stats/info","n",1,0,0,10000,10000,10000,10000
"both","crr",10000,"get_score_all_boot","latest_windows_linux","result/fit.stats/info","n_omitted",1,0,0,0,0,0,0
"both","crr",10000,"get_score_all_boot","latest_windows_linux","result/fit.stats/boot","replicate",10,0,0,1,10,1,10
"both","crr",10000,"get_score_all_boot","latest_windows_linux","result/AUC/score","se",2,0,0,0.00782217826186827,0.00870366037594877,0.00782217826186827,0.00870366037594877
"both","crr",10000,"get_score_all_boot","latest_windows_linux","result/Brier/score","se",2,8.23993651088983e-17,2.76182238016077e-14,0.00194010262523407,0.00298351428031015,0.00194010262523412,0.00298351428031007
"both","crr",10000,"get_score_all_boot","latest_windows_linux","result/AUC/score","times",2,0,0,60,120,60,120
"both","crr",10000,"get_score_all_boot","latest_windows_linux","result/Brier/score","times",2,0,0,60,120,60,120
"both","crr",10000,"get_score_all_boot","latest_windows_linux","result/AUC/score","upper",2,0,0,0.818878993455222,0.837055104446321,0.818878993455222,0.837055104446321
"both","crr",10000,"get_score_all_boot","latest_windows_linux","result/Brier/score","upper",2,3.05311331771918e-16,3.54835035919788e-15,0.0782210684006503,0.111873142545421,0.0782210684006506,0.111873142545421
"both","crr",10000,"get_score_all_boot","latest_windows_linux","result/fit.stats/stats","upper",3,4.00177668780088e-11,2.17539872352421e-14,0.163313218877181,23527.4644109661,0.163313218877185,23527.4644109661
"both","crr",10000,"get_score_all","latest_windows_linux","result/AUC/score","AUC",2,0,0,0.806918644997575,0.831644895311684,0.806918644997575,0.831644895311684
"both","crr",10000,"get_score_all","latest_windows_linux","result/Brier/score","Brier",2,1.11022302462516e-16,1.48186854568959e-15,0.07492047981277,0.107220711267184,0.0749204798127701,0.107220711267184
"both","crr",10000,"get_score_all","latest_windows_linux","result/fit.stats/info","R",1,0,0,0,0,0,0
"both","crr",10000,"get_score_all","latest_windows_linux","result/fit.stats/info","R_success",1,0,0,0,0,0,0
"both","crr",10000,"get_score_all","latest_windows_linux","result/fit.stats/info","bic_n",1,0,0,1392,1392,1392,1392
"both","crr",10000,"get_score_all","latest_windows_linux","result/fit.stats/info","conf_level",1,0,0,0.95,0.95,0.95,0.95
"both","crr",10000,"get_score_all","latest_windows_linux","result/fit.stats/info","df",1,0,0,12,12,12,12
"both","crr",10000,"get_score_all","latest_windows_linux","result/fit.stats/stats","estimate",3,7.27595761418343e-12,3.86127628373941e-15,0.150951924984694,23025.8976596895,0.150951924984694,23025.8976596895
"both","crr",10000,"get_score_all","latest_windows_linux","result/fit.stats/info","events",1,0,0,1392,1392,1392,1392
"both","crr",10000,"get_score_all","latest_windows_linux","result/fit.stats/info","logLik",1,3.63797880709171e-12,3.17186725287893e-16,-11469.5178487994,-11469.5178487994,-11469.5178487994,-11469.5178487994
"both","crr",10000,"get_score_all","latest_windows_linux","result/fit.stats/info","logLik_null",1,0,0,-12287.7151928705,-12287.7151928705,-12287.7151928705,-12287.7151928705
"both","crr",10000,"get_score_all","latest_windows_linux","result/AUC/score","lower",2,0,0,0.793278083933753,0.818153162650767,0.793278083933753,0.818153162650767
"both","crr",10000,"get_score_all","latest_windows_linux","result/Brier/score","lower",2,1.2490009027033e-16,1.75892508592574e-15,0.0710093290895295,0.102405769990764,0.0710093290895296,0.102405769990764
"both","crr",10000,"get_score_all","latest_windows_linux","result/fit.stats/info","n",1,0,0,10000,10000,10000,10000
"both","crr",10000,"get_score_all","latest_windows_linux","result/fit.stats/info","n_omitted",1,0,0,0,0,0,0
"both","crr",10000,"get_score_all","latest_windows_linux","result/AUC/score","se",2,0,0,0.00688366356082988,0.00695959781476435,0.00688366356082988,0.00695959781476435
"both","crr",10000,"get_score_all","latest_windows_linux","result/Brier/score","se",2,7.80625564189563e-18,3.91188706211545e-15,0.0019955217310579,0.00245664783353144,0.0019955217310579,0.00245664783353143
"both","crr",10000,"get_score_all","latest_windows_linux","result/AUC/score","times",2,0,0,60,120,60,120
"both","crr",10000,"get_score_all","latest_windows_linux","result/Brier/score","times",2,0,0,60,120,60,120
"both","crr",10000,"get_score_all","latest_windows_linux","result/AUC/score","upper",2,0,0,0.820559206061397,0.845136627972602,0.820559206061397,0.845136627972602
"both","crr",10000,"get_score_all","latest_windows_linux","result/Brier/score","upper",2,9.71445146547012e-17,1.23230375921662e-15,0.0788316305360105,0.112035652543604,0.0788316305360106,0.112035652543604
"both","crr",30000,"get_facet","windows_linux","result/sur.data","ci_lower",296,5.55111512312578e-17,2.10098701837174e-15,0,0.296399788059854,0,0.296399788059854
"both","crr",30000,"get_facet","windows_linux","result/sur.data","ci_upper",296,1.11022302462516e-16,5.4446335892493e-16,0,0.334663333515492,0,0.334663333515492
"both","crr",30000,"get_facet","windows_linux","result/sur.data","cif",296,2.77555756156289e-17,2.04094038240696e-16,0,0.313763041938584,0,0.313763041938584
"both","crr",30000,"get_facet","windows_linux","result/sur.data","se",296,3.46944695195361e-17,4.73257847444486e-15,0,0.0120316752490568,0,0.0120316752490568
"both","crr",30000,"get_facet","windows_linux","result/sur.data","time",296,0,0,0,263,0,263
"both","crr",30000,"get_facet","windows_linux","result/insert.data","x",3,0,0,0.5,0.5,0.5,0.5
"both","crr",30000,"get_facet","windows_linux","result/insert.data","y",3,0,0,0.5,0.5,0.5,0.5
"both","crr",30000,"get_facet","windows_linux","result/sur.data","yhat",296,2.77555756156289e-17,2.04094038240696e-16,0,0.313763041938584,0,0.313763041938584
"both","crr",30000,"get_eff_cat","windows_linux","result/haz_models","conf.high",20,2.23110419028671e-12,8.87564347781808e-14,1.76414632116779,39.8357284107879,1.76414632116773,39.8357284107856
"both","crr",30000,"get_eff_cat","windows_linux","result/haz_models","conf.low",20,9.01323460311687e-12,3.49473576979395e-13,1.12490484678126,28.0338275219439,1.12490484678116,28.033827521953
"both","crr",30000,"get_eff_cat","windows_linux","result/haz_models","estimate",20,4.43378667114303e-12,1.57538926355842e-13,1.40872167127256,33.4177787933164,1.40872167127248,33.4177787933209
"both","crr",30000,"get_eff_cat","windows_linux","result/haz_models","p.value_0.95",20,8.00791724597794e-15,2.00403337150453e-11,0,0.00283299109001123,0,0.00283299109001924
"both","crr",30000,"get_eff_cat","windows_linux","result/haz_models","p_value",20,8.00791724597794e-15,2.00403337150453e-11,0,0.00283299109001123,0,0.00283299109001924
"both","crr",30000,"get_facet_diff_serial","windows_linux","result/diff.data","conf.high",750,8.32667268468867e-17,1.08058493801262e-14,-0.18831359175403,0.0104118927908837,-0.18831359175403,0.0104118927908837
"both","crr",30000,"get_facet_diff_serial","windows_linux","result/forest.data","conf.high",24,5.55111512312578e-17,9.30400175409605e-16,-0.137781716746232,0.000927778322795792,-0.137781716746232,0.000927778322795792
"both","crr",30000,"get_facet_diff_serial","windows_linux","result/diff.data","conf.high_Female",617,5.55111512312578e-17,5.45253003107946e-16,0,0.224190347301694,0,0.224190347301694
"both","crr",30000,"get_facet_diff_serial","windows_linux","result/forest.data","conf.high_Female",24,2.77555756156289e-17,2.72369236514004e-16,0.0120305722620619,0.16383410184758,0.0120305722620619,0.16383410184758
"both","crr",30000,"get_facet_diff_serial","windows_linux","result/diff.data","conf.high_Male",681,1.11022302462516e-16,4.92052299129426e-16,0,0.34237408781637,0,0.34237408781637
"both","crr",30000,"get_facet_diff_serial","windows_linux","result/forest.data","conf.high_Male",24,2.77555756156289e-17,2.067517613668e-16,0.0284058396931454,0.267853715236033,0.0284058396931454,0.267853715236033
"both","crr",30000,"get_facet_diff_serial","windows_linux","result/diff.data","conf.low",750,8.32667268468867e-17,7.24409962078096e-16,-0.229944436723568,0.00171174819137998,-0.229944436723568,0.00171174819137998
"both","crr",30000,"get_facet_diff_serial","windows_linux","result/forest.data","conf.low",24,5.55111512312578e-17,4.14177774290446e-16,-0.168446764596138,-0.015664171586701,-0.168446764596138,-0.015664171586701
"both","crr",30000,"get_facet_diff_serial","windows_linux","result/diff.data","conf.low_Female",617,4.16333634234434e-17,2.10098701837174e-15,0,0.178815043343072,0,0.178815043343072
"both","crr",30000,"get_facet_diff_serial","windows_linux","result/forest.data","conf.low_Female",24,2.77555756156289e-17,3.32018871194354e-16,0.00656133071700603,0.141556629806936,0.00656133071700603,0.141556629806936
"both","crr",30000,"get_facet_diff_serial","windows_linux","result/diff.data","conf.low_Male",681,8.32667268468867e-17,2.02993977619281e-15,0,0.305680166274431,0,0.305680166274431
"both","crr",30000,"get_facet_diff_serial","windows_linux","result/forest.data","conf.low_Male",24,4.16333634234434e-17,3.82181693539097e-16,0.0193109976606114,0.237529261806079,0.0193109976606114,0.237529261806079
"both","crr",30000,"get_facet_diff_serial","windows_linux","result/diff.data","estimate",750,2.77555756156289e-17,4.77456154281889e-16,-0.209129014238799,0.00590577986934966,-0.209129014238799,0.00590577986934966
"both","crr",30000,"get_facet_diff_serial","windows_linux","result/forest.data","estimate",24,0,0,-0.153114240671185,-0.0084571548228511,-0.153114240671185,-0.0084571548228511
"both","crr",30000,"get_facet_diff_serial","windows_linux","result/diff.data","estimate_Female",617,1.38777878078145e-17,3.52907135730081e-16,0,0.19842153794877,0,0.19842153794877
"both","crr",30000,"get_facet_diff_serial","windows_linux","result/forest.data","estimate_Female",24,0,0,0.00929595148953395,0.152695365827258,0.00929595148953395,0.152695365827258
"both","crr",30000,"get_facet_diff_serial","windows_linux","result/diff.data","estimate_Male",681,2.77555756156289e-17,1.22025910018653e-16,0,0.3240271270454,0,0.3240271270454
"both","crr",30000,"get_facet_diff_serial","windows_linux","result/forest.data","estimate_Male",24,0,0,0.0238584186768784,0.252691488521056,0.0238584186768784,0.252691488521056
"both","crr",30000,"get_facet_diff_serial","windows_linux","result/diff.data","p.value_0.95",744,4.9960036108132e-16,5.47068597992726e-14,1.90601559123981e-96,0.248481121077226,1.90601559123981e-96,0.248481121077226
"both","crr",30000,"get_facet_diff_serial","windows_linux","result/forest.data","p.value_0.95",24,2.52786395196205e-21,2.47088491682308e-14,1.13369086138644e-87,0.0773614085894838,1.13369086138483e-87,0.0773614085894838
"both","crr",30000,"get_facet_diff_serial","windows_linux","result/diff.data","p_value",744,4.9960036108132e-16,5.47068597992726e-14,1.90601559123981e-96,0.248481121077226,1.90601559123981e-96,0.248481121077226
"both","crr",30000,"get_facet_diff_serial","windows_linux","result/forest.data","p_value",24,2.52786395196205e-21,2.47088491682308e-14,1.13369086138644e-87,0.0773614085894838,1.13369086138483e-87,0.0773614085894838
"both","crr",30000,"get_facet_diff_serial","windows_linux","result/diff.data","time",752,0,0,0,287,0,287
"both","crr",30000,"get_facet_diff_serial","windows_linux","result/forest.data","time",24,0,0,12,120,12,120
"both","crr",30000,"get_facet_serial","windows_linux","result/sur.data","ci_lower",296,5.55111512312578e-17,2.10098701837174e-15,0,0.296399788059854,0,0.296399788059854
"both","crr",30000,"get_facet_serial","windows_linux","result/sur.data","ci_upper",296,1.11022302462516e-16,5.4446335892493e-16,0,0.334663333515492,0,0.334663333515492
"both","crr",30000,"get_facet_serial","windows_linux","result/sur.data","cif",296,2.77555756156289e-17,2.04094038240696e-16,0,0.313763041938584,0,0.313763041938584
"both","crr",30000,"get_facet_serial","windows_linux","result/sur.data","se",296,3.46944695195361e-17,4.73257847444486e-15,0,0.0120316752490568,0,0.0120316752490568
"both","crr",30000,"get_facet_serial","windows_linux","result/sur.data","time",296,0,0,0,263,0,263
"both","crr",30000,"get_facet_serial","windows_linux","result/insert.data","x",3,0,0,0.5,0.5,0.5,0.5
"both","crr",30000,"get_facet_serial","windows_linux","result/insert.data","y",3,0,0,0.5,0.5,0.5,0.5
"both","crr",30000,"get_facet_serial","windows_linux","result/sur.data","yhat",296,2.77555756156289e-17,2.04094038240696e-16,0,0.313763041938584,0,0.313763041938584
"both","crr",30000,"curve_direct","windows_linux","result","ci_lower",539,3.84137166520304e-14,1.35061623165058e-13,0,0.548137103453131,0,0.548137103453093
"both","crr",30000,"curve_direct","windows_linux","result","ci_upper",539,4.98490138056695e-14,1.4825927284197e-13,0,0.636178977084187,0,0.636178977084138
"both","crr",30000,"curve_direct","windows_linux","result","probability",539,4.38538094726937e-14,1.42760632517993e-13,0,0.592158040268659,0,0.592158040268615
"both","crr",30000,"curve_direct","windows_linux","result","se",539,3.90659726789977e-15,2.1627387717091e-13,0,0.0327630316400823,0,0.0327630316400786
"both","crr",30000,"curve_direct","windows_linux","result","time",539,0,0,0,263,0,263
"both","crr",30000,"get_facet_diff","windows_linux","result/diff.data","conf.high",750,8.32667268468867e-17,1.08058493801262e-14,-0.18831359175403,0.0104118927908837,-0.18831359175403,0.0104118927908837
"both","crr",30000,"get_facet_diff","windows_linux","result/forest.data","conf.high",24,5.55111512312578e-17,9.30400175409605e-16,-0.137781716746232,0.000927778322795792,-0.137781716746232,0.000927778322795792
"both","crr",30000,"get_facet_diff","windows_linux","result/diff.data","conf.high_Female",617,5.55111512312578e-17,5.45253003107946e-16,0,0.224190347301694,0,0.224190347301694
"both","crr",30000,"get_facet_diff","windows_linux","result/forest.data","conf.high_Female",24,2.77555756156289e-17,2.72369236514004e-16,0.0120305722620619,0.16383410184758,0.0120305722620619,0.16383410184758
"both","crr",30000,"get_facet_diff","windows_linux","result/diff.data","conf.high_Male",681,1.11022302462516e-16,4.92052299129426e-16,0,0.34237408781637,0,0.34237408781637
"both","crr",30000,"get_facet_diff","windows_linux","result/forest.data","conf.high_Male",24,2.77555756156289e-17,2.067517613668e-16,0.0284058396931454,0.267853715236033,0.0284058396931454,0.267853715236033
"both","crr",30000,"get_facet_diff","windows_linux","result/diff.data","conf.low",750,8.32667268468867e-17,7.24409962078096e-16,-0.229944436723568,0.00171174819137998,-0.229944436723568,0.00171174819137998
"both","crr",30000,"get_facet_diff","windows_linux","result/forest.data","conf.low",24,5.55111512312578e-17,4.14177774290446e-16,-0.168446764596138,-0.015664171586701,-0.168446764596138,-0.015664171586701
"both","crr",30000,"get_facet_diff","windows_linux","result/diff.data","conf.low_Female",617,4.16333634234434e-17,2.10098701837174e-15,0,0.178815043343072,0,0.178815043343072
"both","crr",30000,"get_facet_diff","windows_linux","result/forest.data","conf.low_Female",24,2.77555756156289e-17,3.32018871194354e-16,0.00656133071700603,0.141556629806936,0.00656133071700603,0.141556629806936
"both","crr",30000,"get_facet_diff","windows_linux","result/diff.data","conf.low_Male",681,8.32667268468867e-17,2.02993977619281e-15,0,0.305680166274431,0,0.305680166274431
"both","crr",30000,"get_facet_diff","windows_linux","result/forest.data","conf.low_Male",24,4.16333634234434e-17,3.82181693539097e-16,0.0193109976606114,0.237529261806079,0.0193109976606114,0.237529261806079
"both","crr",30000,"get_facet_diff","windows_linux","result/diff.data","estimate",750,2.77555756156289e-17,4.77456154281889e-16,-0.209129014238799,0.00590577986934966,-0.209129014238799,0.00590577986934966
"both","crr",30000,"get_facet_diff","windows_linux","result/forest.data","estimate",24,0,0,-0.153114240671185,-0.0084571548228511,-0.153114240671185,-0.0084571548228511
"both","crr",30000,"get_facet_diff","windows_linux","result/diff.data","estimate_Female",617,1.38777878078145e-17,3.52907135730081e-16,0,0.19842153794877,0,0.19842153794877
"both","crr",30000,"get_facet_diff","windows_linux","result/forest.data","estimate_Female",24,0,0,0.00929595148953395,0.152695365827258,0.00929595148953395,0.152695365827258
"both","crr",30000,"get_facet_diff","windows_linux","result/diff.data","estimate_Male",681,2.77555756156289e-17,1.22025910018653e-16,0,0.3240271270454,0,0.3240271270454
"both","crr",30000,"get_facet_diff","windows_linux","result/forest.data","estimate_Male",24,0,0,0.0238584186768784,0.252691488521056,0.0238584186768784,0.252691488521056
"both","crr",30000,"get_facet_diff","windows_linux","result/diff.data","p.value_0.95",744,4.9960036108132e-16,5.47068597992726e-14,1.90601559123981e-96,0.248481121077226,1.90601559123981e-96,0.248481121077226
"both","crr",30000,"get_facet_diff","windows_linux","result/forest.data","p.value_0.95",24,2.52786395196205e-21,2.47088491682308e-14,1.13369086138644e-87,0.0773614085894838,1.13369086138483e-87,0.0773614085894838
"both","crr",30000,"get_facet_diff","windows_linux","result/diff.data","p_value",744,4.9960036108132e-16,5.47068597992726e-14,1.90601559123981e-96,0.248481121077226,1.90601559123981e-96,0.248481121077226
"both","crr",30000,"get_facet_diff","windows_linux","result/forest.data","p_value",24,2.52786395196205e-21,2.47088491682308e-14,1.13369086138644e-87,0.0773614085894838,1.13369086138483e-87,0.0773614085894838
"both","crr",30000,"get_facet_diff","windows_linux","result/diff.data","time",752,0,0,0,287,0,287
"both","crr",30000,"get_facet_diff","windows_linux","result/forest.data","time",24,0,0,12,120,12,120
"both","crr",30000,"get_cat","windows_linux","curve/direct","ci_lower",539,3.84137166520304e-14,1.35061623165058e-13,0,0.548137103453131,0,0.548137103453093
"both","crr",30000,"get_cat","windows_linux","curve/unadj","ci_lower",434,0,0,0,0.541529150350764,0,0.541529150350764
"both","crr",30000,"get_cat","windows_linux","curve/direct","ci_upper",539,4.98490138056695e-14,1.4825927284197e-13,0,0.636178977084187,0,0.636178977084138
"both","crr",30000,"get_cat","windows_linux","curve/unadj","ci_upper",434,0,0,0,0.606359078158382,0,0.606359078158382
"both","crr",30000,"get_cat","windows_linux","UM/haz_direct","conf.high",11,1.46016532198701e-12,8.50824711509444e-14,1,24.4096594791707,1,24.4096594791694
"both","crr",30000,"get_cat","windows_linux","UM/haz_unadj","conf.high",11,2.23110419028671e-12,8.87564347781808e-14,1,39.8357284107879,1,39.8357284107856
"both","crr",30000,"get_cat","windows_linux","UM/sur_direct","conf.high",11,3.49720252756924e-14,4.99665075995472e-13,-0.405013347952906,0,-0.405013347952871,0
"both","crr",30000,"get_cat","windows_linux","UM/sur_unadj","conf.high",11,0,0,-0.516333925567547,0,-0.516333925567547,0
"both","crr",30000,"get_cat","windows_linux","UM/sur_direct","conf.high_sur",11,4.82947015711943e-14,1.23326414441268e-13,0.0386269518323036,0.518761326096772,0.0386269518323032,0.518761326096723
"both","crr",30000,"get_cat","windows_linux","UM/sur_unadj","conf.high_sur",11,0,0,0.0292110626447495,0.606359078158382,0.0292110626447495,0.606359078158382
"both","crr",30000,"get_cat","windows_linux","UM/haz_direct","conf.low",11,2.74091860319459e-12,1.90068640730499e-13,1,15.9354232764903,1,15.9354232764881
"both","crr",30000,"get_cat","windows_linux","UM/haz_unadj","conf.low",11,9.01323460311687e-12,3.49473576979395e-13,1,28.0338275219439,1,28.033827521953
"both","crr",30000,"get_cat","windows_linux","UM/sur_direct","conf.low",11,4.75175454539567e-14,1.62401251601518e-13,-0.485664967497785,0,-0.485664967497738,0
"both","crr",30000,"get_cat","windows_linux","UM/sur_unadj","conf.low",11,0,0,-0.581731721333711,0,-0.581731721333711,0
"both","crr",30000,"get_cat","windows_linux","UM/sur_direct","conf.low_sur",11,3.56936702416988e-14,1.19023994293008e-13,0.0282377155850796,0.438781656771303,0.0282377155850786,0.438781656771267
"both","crr",30000,"get_cat","windows_linux","UM/sur_unadj","conf.low_sur",11,0,0,0.0206115189631385,0.541529150350764,0.0206115189631385,0.541529150350764
"both","crr",30000,"get_cat","windows_linux","UM/haz_direct","estimate",11,2.25952589971712e-12,1.29656609449892e-13,1,19.7225316791627,1,19.7225316791609
"both","crr",30000,"get_cat","windows_linux","UM/haz_unadj","estimate",11,4.43378667114303e-12,1.57538926355842e-13,1,33.4177787933164,1,33.4177787933209
"both","crr",30000,"get_cat","windows_linux","UM/sur_direct","estimate",11,4.12447853648246e-14,2.2415196522105e-13,-0.445339157725346,0,-0.445339157725304,0
"both","crr",30000,"get_cat","windows_linux","UM/sur_unadj","estimate",11,0,0,-0.549032823450629,0,-0.549032823450629,0
"both","crr",30000,"get_cat","windows_linux","UM/sur_direct","estimate_sur",11,4.20219414820622e-14,1.21550737209844e-13,0.0334323337086916,0.478771491434037,0.0334323337086909,0.478771491433995
"both","crr",30000,"get_cat","windows_linux","UM/sur_unadj","estimate_sur",11,0,0,0.024911290803944,0.573944114254573,0.024911290803944,0.573944114254573
"both","crr",30000,"get_cat","windows_linux","UM/haz_direct","p.value_0.95",10,8.00791724597794e-15,5.92089680760719e-12,2.85847499795223e-222,0.00283299109001123,2.85847499818517e-222,0.00283299109001924
"both","crr",30000,"get_cat","windows_linux","UM/haz_unadj","p.value_0.95",10,6.09731373125088e-19,2.00403337150453e-11,0,3.04252105675931e-08,0,3.04252105669834e-08
"both","crr",30000,"get_cat","windows_linux","UM/haz_direct","p_value",10,8.00791724597794e-15,5.92089680760719e-12,2.85847499795223e-222,0.00283299109001123,2.85847499818517e-222,0.00283299109001924
"both","crr",30000,"get_cat","windows_linux","UM/haz_unadj","p_value",10,6.09731373125088e-19,2.00403337150453e-11,0,3.04252105675931e-08,0,3.04252105669834e-08
"both","crr",30000,"get_cat","windows_linux","UM/sur_direct","p_value",10,3.29727564696292e-15,1.6603551268143e-12,0,0.00198588578654817,0,0.00198588578655147
"both","crr",30000,"get_cat","windows_linux","UM/sur_unadj","p_value",10,0,0,0,1.98228250064735e-06,0,1.98228250064735e-06
"both","crr",30000,"get_cat","windows_linux","curve/direct","probability",539,4.38538094726937e-14,1.42760632517993e-13,0,0.592158040268659,0,0.592158040268615
"both","crr",30000,"get_cat","windows_linux","curve/unadj","probability",434,0,0,0,0.573944114254573,0,0.573944114254573
"both","crr",30000,"get_cat","windows_linux","curve/direct","se",539,3.90659726789977e-15,2.1627387717091e-13,0,0.0327630316400823,0,0.0327630316400786
"both","crr",30000,"get_cat","windows_linux","curve/unadj","se",434,0,0,0,0.0381091113548232,0,0.0381091113548232
"both","crr",30000,"get_cat","windows_linux","UM/sur_direct","time",12,0,0,120,120,120,120
"both","crr",30000,"get_cat","windows_linux","UM/sur_unadj","time",12,0,0,120,120,120,120
"both","crr",30000,"get_cat","windows_linux","curve/direct","time",539,0,0,0,263,0,263
"both","crr",30000,"get_cat","windows_linux","curve/unadj","time",434,0,0,0,287,0,287
"both","crr",30000,"get_eff","windows_linux","result/haz_direct","conf.high",11,1.46016532198701e-12,8.50824711509444e-14,1,24.4096594791707,1,24.4096594791694
"both","crr",30000,"get_eff","windows_linux","result/haz_unadj","conf.high",11,2.23110419028671e-12,8.87564347781808e-14,1,39.8357284107879,1,39.8357284107856
"both","crr",30000,"get_eff","windows_linux","result/sur_direct","conf.high",11,3.49720252756924e-14,4.99665075995472e-13,-0.405013347952906,0,-0.405013347952871,0
"both","crr",30000,"get_eff","windows_linux","result/sur_unadj","conf.high",11,0,0,-0.516333925567547,0,-0.516333925567547,0
"both","crr",30000,"get_eff","windows_linux","result/sur_direct","conf.high_sur",11,4.82947015711943e-14,1.23326414441268e-13,0.0386269518323036,0.518761326096772,0.0386269518323032,0.518761326096723
"both","crr",30000,"get_eff","windows_linux","result/sur_unadj","conf.high_sur",11,0,0,0.0292110626447495,0.606359078158382,0.0292110626447495,0.606359078158382
"both","crr",30000,"get_eff","windows_linux","result/haz_direct","conf.low",11,2.74091860319459e-12,1.90068640730499e-13,1,15.9354232764903,1,15.9354232764881
"both","crr",30000,"get_eff","windows_linux","result/haz_unadj","conf.low",11,9.01323460311687e-12,3.49473576979395e-13,1,28.0338275219439,1,28.033827521953
"both","crr",30000,"get_eff","windows_linux","result/sur_direct","conf.low",11,4.75175454539567e-14,1.62401251601518e-13,-0.485664967497785,0,-0.485664967497738,0
"both","crr",30000,"get_eff","windows_linux","result/sur_unadj","conf.low",11,0,0,-0.581731721333711,0,-0.581731721333711,0
"both","crr",30000,"get_eff","windows_linux","result/sur_direct","conf.low_sur",11,3.56936702416988e-14,1.19023994293008e-13,0.0282377155850796,0.438781656771303,0.0282377155850786,0.438781656771267
"both","crr",30000,"get_eff","windows_linux","result/sur_unadj","conf.low_sur",11,0,0,0.0206115189631385,0.541529150350764,0.0206115189631385,0.541529150350764
"both","crr",30000,"get_eff","windows_linux","result/haz_direct","estimate",11,2.25952589971712e-12,1.29656609449892e-13,1,19.7225316791627,1,19.7225316791609
"both","crr",30000,"get_eff","windows_linux","result/haz_unadj","estimate",11,4.43378667114303e-12,1.57538926355842e-13,1,33.4177787933164,1,33.4177787933209
"both","crr",30000,"get_eff","windows_linux","result/sur_direct","estimate",11,4.12447853648246e-14,2.2415196522105e-13,-0.445339157725346,0,-0.445339157725304,0
"both","crr",30000,"get_eff","windows_linux","result/sur_unadj","estimate",11,0,0,-0.549032823450629,0,-0.549032823450629,0
"both","crr",30000,"get_eff","windows_linux","result/sur_direct","estimate_sur",11,4.20219414820622e-14,1.21550737209844e-13,0.0334323337086916,0.478771491434037,0.0334323337086909,0.478771491433995
"both","crr",30000,"get_eff","windows_linux","result/sur_unadj","estimate_sur",11,0,0,0.024911290803944,0.573944114254573,0.024911290803944,0.573944114254573
"both","crr",30000,"get_eff","windows_linux","result/haz_direct","p.value_0.95",10,8.00791724597794e-15,5.92089680760719e-12,2.85847499795223e-222,0.00283299109001123,2.85847499818517e-222,0.00283299109001924
"both","crr",30000,"get_eff","windows_linux","result/haz_unadj","p.value_0.95",10,6.09731373125088e-19,2.00403337150453e-11,0,3.04252105675931e-08,0,3.04252105669834e-08
"both","crr",30000,"get_eff","windows_linux","result/haz_direct","p_value",10,8.00791724597794e-15,5.92089680760719e-12,2.85847499795223e-222,0.00283299109001123,2.85847499818517e-222,0.00283299109001924
"both","crr",30000,"get_eff","windows_linux","result/haz_unadj","p_value",10,6.09731373125088e-19,2.00403337150453e-11,0,3.04252105675931e-08,0,3.04252105669834e-08
"both","crr",30000,"get_eff","windows_linux","result/sur_direct","p_value",10,3.29727564696292e-15,1.6603551268143e-12,0,0.00198588578654817,0,0.00198588578655147
"both","crr",30000,"get_eff","windows_linux","result/sur_unadj","p_value",10,0,0,0,1.98228250064735e-06,0,1.98228250064735e-06
"both","crr",30000,"get_eff","windows_linux","result/sur_direct","time",12,0,0,120,120,120,120
"both","crr",30000,"get_eff","windows_linux","result/sur_unadj","time",12,0,0,120,120,120,120
"both","crr",30000,"get_score","windows_linux","result/AUC/score","AUC",2,0,0,0.80646310122456,0.829596587854898,0.80646310122456,0.829596587854898
"both","crr",30000,"get_score","windows_linux","result/Brier/score","Brier",2,2.22044604925031e-16,2.98683593870983e-15,0.0743410784795044,0.105663978072214,0.0743410784795042,0.105663978072214
"both","crr",30000,"get_score","windows_linux","result/AUC/score","lower",2,0,0,0.798458548036828,0.821617883106216,0.798458548036828,0.821617883106216
"both","crr",30000,"get_score","windows_linux","result/Brier/score","lower",2,2.22044604925031e-16,3.08056417160454e-15,0.0720792012618187,0.102896893161455,0.0720792012618185,0.102896893161455
"both","crr",30000,"get_score","windows_linux","result/AUC/score","se",2,0,0,0.00407084253160639,0.00408403075304999,0.00407084253160639,0.00408403075304999
"both","crr",30000,"get_score","windows_linux","result/Brier/score","se",2,4.33680868994202e-18,3.38214200854866e-15,0.00115404019437455,0.00141180395792234,0.00115404019437454,0.00141180395792234
"both","crr",30000,"get_score","windows_linux","result/AUC/score","times",2,0,0,60,120,60,120
"both","crr",30000,"get_score","windows_linux","result/Brier/score","times",2,0,0,60,120,60,120
"both","crr",30000,"get_score","windows_linux","result/AUC/score","upper",2,0,0,0.814467654412292,0.837575292603581,0.814467654412292,0.837575292603581
"both","crr",30000,"get_score","windows_linux","result/Brier/score","upper",2,2.22044604925031e-16,2.8986427860926e-15,0.0766029556971901,0.108431062982973,0.0766029556971899,0.108431062982973
"both","crr",30000,"get_score","latest_windows_linux","result/AUC/score","AUC",2,0,0,0.80646310122456,0.829596587854898,0.80646310122456,0.829596587854898
"both","crr",30000,"get_score","latest_windows_linux","result/Brier/score","Brier",2,2.22044604925031e-16,2.98683593870983e-15,0.0743410784795044,0.105663978072214,0.0743410784795042,0.105663978072214
"both","crr",30000,"get_score","latest_windows_linux","result/AUC/score","lower",2,0,0,0.798458548036828,0.821617883106216,0.798458548036828,0.821617883106216
"both","crr",30000,"get_score","latest_windows_linux","result/Brier/score","lower",2,2.22044604925031e-16,3.08056417160454e-15,0.0720792012618187,0.102896893161455,0.0720792012618185,0.102896893161455
"both","crr",30000,"get_score","latest_windows_linux","result/AUC/score","se",2,0,0,0.00407084253160639,0.00408403075304999,0.00407084253160639,0.00408403075304999
"both","crr",30000,"get_score","latest_windows_linux","result/Brier/score","se",2,4.33680868994202e-18,3.38214200854866e-15,0.00115404019437455,0.00141180395792234,0.00115404019437454,0.00141180395792234
"both","crr",30000,"get_score","latest_windows_linux","result/AUC/score","times",2,0,0,60,120,60,120
"both","crr",30000,"get_score","latest_windows_linux","result/Brier/score","times",2,0,0,60,120,60,120
"both","crr",30000,"get_score","latest_windows_linux","result/AUC/score","upper",2,0,0,0.814467654412292,0.837575292603581,0.814467654412292,0.837575292603581
"both","crr",30000,"get_score","latest_windows_linux","result/Brier/score","upper",2,2.22044604925031e-16,2.8986427860926e-15,0.0766029556971901,0.108431062982973,0.0766029556971899,0.108431062982973
"both","crr",30000,"get_score_boot","windows_linux","result/AUC/score","AUC",2,0,0,0.806740313955269,0.829683595247981,0.806740313955269,0.829683595247981
"both","crr",30000,"get_score_boot","windows_linux","result/Brier/score","Brier",2,4.16333634234434e-17,3.96957010746451e-16,0.0740612436055049,0.104881290155714,0.0740612436055048,0.104881290155714
"both","crr",30000,"get_score_boot","windows_linux","result/AUC/score","lower",2,0,0,0.796338425515561,0.818338383278093,0.796338425515561,0.818338383278093
"both","crr",30000,"get_score_boot","windows_linux","result/Brier/score","lower",2,2.63677968348475e-16,3.67726153622502e-15,0.0717049809351227,0.101720643288828,0.0717049809351229,0.101720643288828
"both","crr",30000,"get_score_boot","windows_linux","result/AUC/score","se",2,0,0,0.00585723187831863,0.00645809693210757,0.00585723187831863,0.00645809693210757
"both","crr",30000,"get_score_boot","windows_linux","result/Brier/score","se",2,3.40439482160448e-17,1.79518403050923e-14,0.0018964043595234,0.00300446333989419,0.00189640435952336,0.00300446333989418
"both","crr",30000,"get_score_boot","windows_linux","result/AUC/score","times",2,0,0,60,120,60,120
"both","crr",30000,"get_score_boot","windows_linux","result/Brier/score","times",2,0,0,60,120,60,120
"both","crr",30000,"get_score_boot","windows_linux","result/AUC/score","upper",2,0,0,0.81330779022035,0.834613521381914,0.81330779022035,0.834613521381914
"both","crr",30000,"get_score_boot","windows_linux","result/Brier/score","upper",2,2.35922392732846e-16,2.144474527757e-15,0.0775657778474814,0.110014080223003,0.0775657778474813,0.110014080223003
"both","crr",30000,"get_score_boot","latest_windows_linux","result/AUC/score","AUC",2,0,0,0.806740313955269,0.829683595247981,0.806740313955269,0.829683595247981
"both","crr",30000,"get_score_boot","latest_windows_linux","result/Brier/score","Brier",2,4.16333634234434e-17,3.96957010746451e-16,0.0740612436055049,0.104881290155714,0.0740612436055048,0.104881290155714
"both","crr",30000,"get_score_boot","latest_windows_linux","result/AUC/score","lower",2,0,0,0.796338425515561,0.818338383278093,0.796338425515561,0.818338383278093
"both","crr",30000,"get_score_boot","latest_windows_linux","result/Brier/score","lower",2,2.63677968348475e-16,3.67726153622502e-15,0.0717049809351227,0.101720643288828,0.0717049809351229,0.101720643288828
"both","crr",30000,"get_score_boot","latest_windows_linux","result/AUC/score","se",2,0,0,0.00585723187831863,0.00645809693210757,0.00585723187831863,0.00645809693210757
"both","crr",30000,"get_score_boot","latest_windows_linux","result/Brier/score","se",2,3.40439482160448e-17,1.79518403050923e-14,0.0018964043595234,0.00300446333989419,0.00189640435952336,0.00300446333989418
"both","crr",30000,"get_score_boot","latest_windows_linux","result/AUC/score","times",2,0,0,60,120,60,120
"both","crr",30000,"get_score_boot","latest_windows_linux","result/Brier/score","times",2,0,0,60,120,60,120
"both","crr",30000,"get_score_boot","latest_windows_linux","result/AUC/score","upper",2,0,0,0.81330779022035,0.834613521381914,0.81330779022035,0.834613521381914
"both","crr",30000,"get_score_boot","latest_windows_linux","result/Brier/score","upper",2,2.35922392732846e-16,2.144474527757e-15,0.0775657778474814,0.110014080223003,0.0775657778474813,0.110014080223003
"both","crr",30000,"fit_hazard","windows_linux","fit","beta",12,1.97619698383278e-13,2.84454359940948e-13,0.0112210437503757,2.98176172223063,0.011221043750373,2.98176172223055
"both","crr",30000,"fit_hazard","windows_linux","fit","se",12,1.1143863609675e-14,1.65024889859055e-13,0.00169898420804411,0.151779622451532,0.00169898420804382,0.151779622451523
"both","crr",30000,"get_eff_sub","windows_linux","result/haz_direct","conf.high",3,4.44089209850063e-16,2.06347738714813e-16,2.1521399391918,2.7844852232541,2.1521399391918,2.7844852232541
"both","crr",30000,"get_eff_sub","windows_linux","result/haz_unadj","conf.high",3,1.77635683940025e-15,6.38129552636699e-16,2.18195414040284,2.78369311068652,2.18195414040284,2.78369311068652
"both","crr",30000,"get_eff_sub","windows_linux","result/haz_direct","conf.low",3,6.66133814775094e-16,3.62175014443585e-16,1.83925944145673,2.25735353796941,1.83925944145674,2.25735353796941
"both","crr",30000,"get_eff_sub","windows_linux","result/haz_unadj","conf.low",3,1.77635683940025e-15,7.86994715473177e-16,1.86612034469235,2.2571394756218,1.86612034469235,2.25713947562179
"both","crr",30000,"get_eff_sub","windows_linux","result/haz_direct","estimate",3,0,0,1.98955867028209,2.50710342230554,1.98955867028209,2.50710342230554
"both","crr",30000,"get_eff_sub","windows_linux","result/haz_unadj","estimate",3,0,0,2.01786744177893,2.50662793572301,2.01786744177893,2.50662793572301
"both","crr",30000,"get_eff_sub","windows_linux","result/haz_direct","p.value_0.95",3,5.37441251145892e-78,5.37441251145892e-70,3.90107517843734e-126,4.8797959567046e-66,3.90107517843535e-126,4.87979595669923e-66
"both","crr",30000,"get_eff_sub","windows_linux","result/haz_unadj","p.value_0.95",3,8.1243448449506e-78,8.1243448449506e-70,5.66347001957383e-140,3.79054227872238e-66,5.66347001958652e-140,3.79054227873051e-66
"both","crr",30000,"get_eff_sub","windows_linux","result/haz_direct","p_value",3,5.37441251145892e-78,5.37441251145892e-70,3.90107517843734e-126,4.8797959567046e-66,3.90107517843535e-126,4.87979595669923e-66
"both","crr",30000,"get_eff_sub","windows_linux","result/haz_unadj","p_value",3,8.1243448449506e-78,8.1243448449506e-70,5.66347001957383e-140,3.79054227872238e-66,5.66347001958652e-140,3.79054227873051e-66
"both","crr",30000,"curve_CSC","windows_linux","result","ci_lower",539,0,0,0,0.579995805599271,0,0.579995805599271
"both","crr",30000,"curve_CSC","windows_linux","result","ci_upper",539,0,0,0,0.662583393039529,0,0.662583393039529
"both","crr",30000,"curve_CSC","windows_linux","result","probability",539,0,0,0,0.6212895993194,0,0.6212895993194
"both","crr",30000,"curve_CSC","windows_linux","result","se",539,4.33680868994202e-19,1.31414714235935e-16,0,0.0351427201908631,0,0.0351427201908631
"both","crr",30000,"curve_CSC","windows_linux","result","time",539,0,0,0,263,0,263
"both","crr",30000,"get_cat_no_ci","windows_linux","curve/unadj","ci_lower",434,0,0,0,0.541529150350764,0,0.541529150350764
"both","crr",30000,"get_cat_no_ci","windows_linux","curve/unadj","ci_upper",434,0,0,0,0.606359078158382,0,0.606359078158382
"both","crr",30000,"get_cat_no_ci","windows_linux","UM/haz_direct","conf.high",11,1.46016532198701e-12,8.50824711509444e-14,1,24.4096594791707,1,24.4096594791694
"both","crr",30000,"get_cat_no_ci","windows_linux","UM/haz_unadj","conf.high",11,2.23110419028671e-12,8.87564347781808e-14,1,39.8357284107879,1,39.8357284107856
"both","crr",30000,"get_cat_no_ci","windows_linux","UM/sur_direct","conf.high",11,3.49720252756924e-14,4.99665075995472e-13,-0.405013347952906,0,-0.405013347952871,0
"both","crr",30000,"get_cat_no_ci","windows_linux","UM/sur_unadj","conf.high",11,0,0,-0.516333925567547,0,-0.516333925567547,0
"both","crr",30000,"get_cat_no_ci","windows_linux","UM/sur_direct","conf.high_sur",11,4.82947015711943e-14,1.23326414441268e-13,0.0386269518323036,0.518761326096772,0.0386269518323032,0.518761326096723
"both","crr",30000,"get_cat_no_ci","windows_linux","UM/sur_unadj","conf.high_sur",11,0,0,0.0292110626447495,0.606359078158382,0.0292110626447495,0.606359078158382
"both","crr",30000,"get_cat_no_ci","windows_linux","UM/haz_direct","conf.low",11,2.74091860319459e-12,1.90068640730499e-13,1,15.9354232764903,1,15.9354232764881
"both","crr",30000,"get_cat_no_ci","windows_linux","UM/haz_unadj","conf.low",11,9.01323460311687e-12,3.49473576979395e-13,1,28.0338275219439,1,28.033827521953
"both","crr",30000,"get_cat_no_ci","windows_linux","UM/sur_direct","conf.low",11,4.75175454539567e-14,1.62401251601518e-13,-0.485664967497785,0,-0.485664967497738,0
"both","crr",30000,"get_cat_no_ci","windows_linux","UM/sur_unadj","conf.low",11,0,0,-0.581731721333711,0,-0.581731721333711,0
"both","crr",30000,"get_cat_no_ci","windows_linux","UM/sur_direct","conf.low_sur",11,3.56936702416988e-14,1.19023994293008e-13,0.0282377155850796,0.438781656771303,0.0282377155850786,0.438781656771267
"both","crr",30000,"get_cat_no_ci","windows_linux","UM/sur_unadj","conf.low_sur",11,0,0,0.0206115189631385,0.541529150350764,0.0206115189631385,0.541529150350764
"both","crr",30000,"get_cat_no_ci","windows_linux","UM/haz_direct","estimate",11,2.25952589971712e-12,1.29656609449892e-13,1,19.7225316791627,1,19.7225316791609
"both","crr",30000,"get_cat_no_ci","windows_linux","UM/haz_unadj","estimate",11,4.43378667114303e-12,1.57538926355842e-13,1,33.4177787933164,1,33.4177787933209
"both","crr",30000,"get_cat_no_ci","windows_linux","UM/sur_direct","estimate",11,4.12447853648246e-14,2.2415196522105e-13,-0.445339157725346,0,-0.445339157725304,0
"both","crr",30000,"get_cat_no_ci","windows_linux","UM/sur_unadj","estimate",11,0,0,-0.549032823450629,0,-0.549032823450629,0
"both","crr",30000,"get_cat_no_ci","windows_linux","UM/sur_direct","estimate_sur",11,4.20219414820622e-14,1.21550737209844e-13,0.0334323337086916,0.478771491434037,0.0334323337086909,0.478771491433995
"both","crr",30000,"get_cat_no_ci","windows_linux","UM/sur_unadj","estimate_sur",11,0,0,0.024911290803944,0.573944114254573,0.024911290803944,0.573944114254573
"both","crr",30000,"get_cat_no_ci","windows_linux","UM/haz_direct","p.value_0.95",10,8.00791724597794e-15,5.92089680760719e-12,2.85847499795223e-222,0.00283299109001123,2.85847499818517e-222,0.00283299109001924
"both","crr",30000,"get_cat_no_ci","windows_linux","UM/haz_unadj","p.value_0.95",10,6.09731373125088e-19,2.00403337150453e-11,0,3.04252105675931e-08,0,3.04252105669834e-08
"both","crr",30000,"get_cat_no_ci","windows_linux","UM/haz_direct","p_value",10,8.00791724597794e-15,5.92089680760719e-12,2.85847499795223e-222,0.00283299109001123,2.85847499818517e-222,0.00283299109001924
"both","crr",30000,"get_cat_no_ci","windows_linux","UM/haz_unadj","p_value",10,6.09731373125088e-19,2.00403337150453e-11,0,3.04252105675931e-08,0,3.04252105669834e-08
"both","crr",30000,"get_cat_no_ci","windows_linux","UM/sur_direct","p_value",10,3.29727564696292e-15,1.6603551268143e-12,0,0.00198588578654817,0,0.00198588578655147
"both","crr",30000,"get_cat_no_ci","windows_linux","UM/sur_unadj","p_value",10,0,0,0,1.98228250064735e-06,0,1.98228250064735e-06
"both","crr",30000,"get_cat_no_ci","windows_linux","curve/direct","probability",539,4.38538094726937e-14,1.42760632517993e-13,0,0.592158040268659,0,0.592158040268615
"both","crr",30000,"get_cat_no_ci","windows_linux","curve/unadj","probability",434,0,0,0,0.573944114254573,0,0.573944114254573
"both","crr",30000,"get_cat_no_ci","windows_linux","curve/unadj","se",434,0,0,0,0.0381091113548232,0,0.0381091113548232
"both","crr",30000,"get_cat_no_ci","windows_linux","UM/sur_direct","time",12,0,0,120,120,120,120
"both","crr",30000,"get_cat_no_ci","windows_linux","UM/sur_unadj","time",12,0,0,120,120,120,120
"both","crr",30000,"get_cat_no_ci","windows_linux","curve/direct","time",539,0,0,0,263,0,263
"both","crr",30000,"get_cat_no_ci","windows_linux","curve/unadj","time",434,0,0,0,287,0,287
"both","crr",30000,"get_inter_abs","windows_linux","result/estimates","conf.high",18,4.21884749357559e-15,4.2039636914856e-14,-0.0884700108144835,1.35985763052117,-0.0884700108144798,1.35985763052117
"both","crr",30000,"get_inter_abs","windows_linux","result/risks","conf.high",8,2.63677968348475e-16,2.4013879496141e-15,0.0785409304723742,0.269215615073156,0.0785409304723742,0.269215615073156
"both","crr",30000,"get_inter_abs","windows_linux","result/estimates","conf.low",18,3.66373598126302e-15,1.88194384652068e-13,-0.513944679614146,1.06612384523868,-0.51394467961415,1.06612384523868
"both","crr",30000,"get_inter_abs","windows_linux","result/risks","conf.low",8,2.63677968348475e-16,2.88868204758352e-15,0.0657923464302868,0.245788959287661,0.0657923464302868,0.245788959287661
"both","crr",30000,"get_inter_abs","windows_linux","result/estimates","estimate",18,0,0,-0.301207345214315,1.20406671161875,-0.301207345214315,1.20406671161875
"both","crr",30000,"get_inter_abs","windows_linux","result/risks","estimate",8,0,0,0.0721666384513305,0.257502287180409,0.0721666384513305,0.257502287180409
"both","crr",30000,"get_inter_abs","windows_linux","result/estimates","p.value",18,1.22402088464924e-14,4.02744504679249e-13,6.59536813413471e-66,0.109394102025217,6.59536813413471e-66,0.109394102025229
"both","crr",30000,"get_fit_stats_simple","windows_linux","result/stats","estimate",6,6.93889390390723e-18,2.04088237287731e-16,0.0146352278119033,80958.6164383956,0.0146352278119033,80958.6164383956
"both","crr",30000,"get_fit_stats_simple","latest_windows_linux","result/stats","estimate",6,6.93889390390723e-18,2.04088237287731e-16,0.0146352278119033,80958.6164383956,0.0146352278119033,80958.6164383956
"both","crr",30000,"get_fit_stats_simple_boot","windows_linux","result/boot","AIC",20,1.01863406598568e-10,1.29616730025046e-15,78588.16263833,82690.4308054517,78588.1626383299,82690.4308054517
"both","crr",30000,"get_fit_stats_simple_boot","windows_linux","result/boot","BIC",20,1.01863406598568e-10,1.29595964182769e-15,78600.7552325553,82696.7719771989,78600.7552325552,82696.7719771989
"both","crr",30000,"get_fit_stats_simple_boot","windows_linux","result/boot","PVE",20,3.28209681654812e-15,9.51940305212357e-14,0.0128169095383904,0.0394513331619243,0.0128169095383904,0.0394513331619243
"both","crr",30000,"get_fit_stats_simple_boot","windows_linux","result/stats","SE",6,2.77395884040743e-11,6.93358500354211e-14,0.00160122508638458,992.362257261751,0.00160122508638469,992.362257261779
"both","crr",30000,"get_fit_stats_simple_boot","windows_linux","result/stats","estimate",6,6.93889390390723e-18,2.04088237287731e-16,0.0146352278119033,80958.6164383956,0.0146352278119033,80958.6164383956
"both","crr",30000,"get_fit_stats_simple_boot","windows_linux","result/stats","lower",6,8.73114913702011e-11,1.10464299803831e-15,0.0130658688988281,79664.1432095104,0.0130658688988281,79664.1432095104
"both","crr",30000,"get_fit_stats_simple_boot","windows_linux","result/boot","replicate",20,0,0,1,10,1,10
"both","crr",30000,"get_fit_stats_simple_boot","windows_linux","result/stats","upper",6,1.45519152283669e-11,2.03255596977931e-14,0.018093542434997,82634.1542373926,0.0180935424349973,82634.1542373926
"both","crr",30000,"get_fit_stats_simple_boot","latest_windows_linux","result/boot","AIC",20,1.01863406598568e-10,1.29616730025046e-15,78588.16263833,82690.4308054517,78588.1626383299,82690.4308054517
"both","crr",30000,"get_fit_stats_simple_boot","latest_windows_linux","result/boot","BIC",20,1.01863406598568e-10,1.29595964182769e-15,78600.7552325553,82696.7719771989,78600.7552325552,82696.7719771989
"both","crr",30000,"get_fit_stats_simple_boot","latest_windows_linux","result/boot","PVE",20,3.28209681654812e-15,9.51940305212357e-14,0.0128169095383904,0.0394513331619243,0.0128169095383904,0.0394513331619243
"both","crr",30000,"get_fit_stats_simple_boot","latest_windows_linux","result/stats","SE",6,2.77395884040743e-11,6.93358500354211e-14,0.00160122508638458,992.362257261751,0.00160122508638469,992.362257261779
"both","crr",30000,"get_fit_stats_simple_boot","latest_windows_linux","result/stats","estimate",6,6.93889390390723e-18,2.04088237287731e-16,0.0146352278119033,80958.6164383956,0.0146352278119033,80958.6164383956
"both","crr",30000,"get_fit_stats_simple_boot","latest_windows_linux","result/stats","lower",6,8.73114913702011e-11,1.10464299803831e-15,0.0130658688988281,79664.1432095104,0.0130658688988281,79664.1432095104
"both","crr",30000,"get_fit_stats_simple_boot","latest_windows_linux","result/boot","replicate",20,0,0,1,10,1,10
"both","crr",30000,"get_fit_stats_simple_boot","latest_windows_linux","result/stats","upper",6,1.45519152283669e-11,2.03255596977931e-14,0.018093542434997,82634.1542373926,0.0180935424349973,82634.1542373926
"both","crr",30000,"get_score_all_boot","latest_windows_linux","result/fit.stats/boot","AIC",10,6.25732354819775e-10,8.20148243378094e-15,75243.9518754133,78125.9192312025,75243.9518754133,78125.9192312027
"both","crr",30000,"get_score_all_boot","latest_windows_linux","result/AUC/score","AUC",2,0,0,0.806740313955269,0.829683595247981,0.806740313955269,0.829683595247981
"both","crr",30000,"get_score_all_boot","latest_windows_linux","result/fit.stats/boot","BIC",10,6.25732354819775e-10,8.19334461473415e-15,75319.5850143818,78201.9760295087,75319.5850143817,78201.976029509
"both","crr",30000,"get_score_all_boot","latest_windows_linux","result/Brier/score","Brier",2,4.16333634234434e-17,3.96957010746451e-16,0.0740612436055049,0.104881290155714,0.0740612436055048,0.104881290155714
"both","crr",30000,"get_score_all_boot","latest_windows_linux","result/fit.stats/boot","PVE",10,1.77635683940025e-14,1.19407211068411e-13,0.144689574752807,0.157627241445398,0.144689574752805,0.157627241445406
"both","crr",30000,"get_score_all_boot","latest_windows_linux","result/fit.stats/info","R",1,0,0,10,10,10,10
"both","crr",30000,"get_score_all_boot","latest_windows_linux","result/fit.stats/info","R_success",1,0,0,10,10,10,10
"both","crr",30000,"get_score_all_boot","latest_windows_linux","result/fit.stats/stats","SE",3,4.9453774408903e-11,2.53601704923039e-13,0.00351764806861923,916.332936101198,0.00351764806862012,916.332936101148
"both","crr",30000,"get_score_all_boot","latest_windows_linux","result/fit.stats/info","bic_n",1,0,0,4101,4101,4101,4101
"both","crr",30000,"get_score_all_boot","latest_windows_linux","result/fit.stats/info","conf_level",1,0,0,0.95,0.95,0.95,0.95
"both","crr",30000,"get_score_all_boot","latest_windows_linux","result/fit.stats/info","df",1,0,0,12,12,12,12
"both","crr",30000,"get_score_all_boot","latest_windows_linux","result/fit.stats/stats","estimate",3,7.8580342233181e-10,1.48248625114658e-13,0.150152971918074,76621.5601397917,0.150152971918096,76621.5601397909
"both","crr",30000,"get_score_all_boot","latest_windows_linux","result/fit.stats/info","events",1,0,0,4101,4101,4101,4101
"both","crr",30000,"get_score_all_boot","latest_windows_linux","result/fit.stats/info","logLik",1,3.92901711165905e-10,1.02690229121649e-14,-38260.8661531435,-38260.8661531435,-38260.8661531431,-38260.8661531431
"both","crr",30000,"get_score_all_boot","latest_windows_linux","result/fit.stats/info","logLik_null",1,0,0,-40701.3498429867,-40701.3498429867,-40701.3498429867,-40701.3498429867
"both","crr",30000,"get_score_all_boot","latest_windows_linux","result/AUC/score","lower",2,0,0,0.796338425515561,0.818338383278093,0.796338425515561,0.818338383278093
"both","crr",30000,"get_score_all_boot","latest_windows_linux","result/Brier/score","lower",2,2.63677968348475e-16,3.67726153622502e-15,0.0717049809351227,0.101720643288828,0.0717049809351229,0.101720643288828
"both","crr",30000,"get_score_all_boot","latest_windows_linux","result/fit.stats/stats","lower",3,1.30967237055302e-10,2.00915213831086e-14,0.145052999425478,75425.5775299377,0.145052999425475,75425.5775299379
"both","crr",30000,"get_score_all_boot","latest_windows_linux","result/fit.stats/info","n",1,0,0,30000,30000,30000,30000
"both","crr",30000,"get_score_all_boot","latest_windows_linux","result/fit.stats/info","n_omitted",1,0,0,0,0,0,0
"both","crr",30000,"get_score_all_boot","latest_windows_linux","result/fit.stats/boot","replicate",10,0,0,1,10,1,10
"both","crr",30000,"get_score_all_boot","latest_windows_linux","result/AUC/score","se",2,0,0,0.00585723187831863,0.00645809693210757,0.00585723187831863,0.00645809693210757
"both","crr",30000,"get_score_all_boot","latest_windows_linux","result/Brier/score","se",2,3.40439482160448e-17,1.79518403050923e-14,0.0018964043595234,0.00300446333989419,0.00189640435952336,0.00300446333989418
"both","crr",30000,"get_score_all_boot","latest_windows_linux","result/AUC/score","times",2,0,0,60,120,60,120
"both","crr",30000,"get_score_all_boot","latest_windows_linux","result/Brier/score","times",2,0,0,60,120,60,120
"both","crr",30000,"get_score_all_boot","latest_windows_linux","result/AUC/score","upper",2,0,0,0.81330779022035,0.834613521381914,0.81330779022035,0.834613521381914
"both","crr",30000,"get_score_all_boot","latest_windows_linux","result/Brier/score","upper",2,2.35922392732846e-16,2.144474527757e-15,0.0775657778474814,0.110014080223003,0.0775657778474813,0.110014080223003
"both","crr",30000,"get_score_all_boot","latest_windows_linux","result/fit.stats/stats","upper",3,1.16415321826935e-10,3.69278838181798e-14,0.156336056419476,78174.1964116203,0.156336056419482,78174.1964116204
"both","crr",30000,"get_score_all","latest_windows_linux","result/AUC/score","AUC",2,0,0,0.80646310122456,0.829596587854898,0.80646310122456,0.829596587854898
"both","crr",30000,"get_score_all","latest_windows_linux","result/Brier/score","Brier",2,2.22044604925031e-16,2.98683593870983e-15,0.0743410784795044,0.105663978072214,0.0743410784795042,0.105663978072214
"both","crr",30000,"get_score_all","latest_windows_linux","result/fit.stats/info","R",1,0,0,0,0,0,0
"both","crr",30000,"get_score_all","latest_windows_linux","result/fit.stats/info","R_success",1,0,0,0,0,0,0
"both","crr",30000,"get_score_all","latest_windows_linux","result/fit.stats/info","bic_n",1,0,0,4101,4101,4101,4101
"both","crr",30000,"get_score_all","latest_windows_linux","result/fit.stats/info","conf_level",1,0,0,0.95,0.95,0.95,0.95
"both","crr",30000,"get_score_all","latest_windows_linux","result/fit.stats/info","df",1,0,0,12,12,12,12
"both","crr",30000,"get_score_all","latest_windows_linux","result/fit.stats/stats","estimate",3,7.8580342233181e-10,1.48248625114658e-13,0.150152971918074,76621.5601397917,0.150152971918096,76621.5601397909
"both","crr",30000,"get_score_all","latest_windows_linux","result/fit.stats/info","events",1,0,0,4101,4101,4101,4101
"both","crr",30000,"get_score_all","latest_windows_linux","result/fit.stats/info","logLik",1,3.92901711165905e-10,1.02690229121649e-14,-38260.8661531435,-38260.8661531435,-38260.8661531431,-38260.8661531431
"both","crr",30000,"get_score_all","latest_windows_linux","result/fit.stats/info","logLik_null",1,0,0,-40701.3498429867,-40701.3498429867,-40701.3498429867,-40701.3498429867
"both","crr",30000,"get_score_all","latest_windows_linux","result/AUC/score","lower",2,0,0,0.798458548036828,0.821617883106216,0.798458548036828,0.821617883106216
"both","crr",30000,"get_score_all","latest_windows_linux","result/Brier/score","lower",2,2.22044604925031e-16,3.08056417160454e-15,0.0720792012618187,0.102896893161455,0.0720792012618185,0.102896893161455
"both","crr",30000,"get_score_all","latest_windows_linux","result/fit.stats/info","n",1,0,0,30000,30000,30000,30000
"both","crr",30000,"get_score_all","latest_windows_linux","result/fit.stats/info","n_omitted",1,0,0,0,0,0,0
"both","crr",30000,"get_score_all","latest_windows_linux","result/AUC/score","se",2,0,0,0.00407084253160639,0.00408403075304999,0.00407084253160639,0.00408403075304999
"both","crr",30000,"get_score_all","latest_windows_linux","result/Brier/score","se",2,4.33680868994202e-18,3.38214200854866e-15,0.00115404019437455,0.00141180395792234,0.00115404019437454,0.00141180395792234
"both","crr",30000,"get_score_all","latest_windows_linux","result/AUC/score","times",2,0,0,60,120,60,120
"both","crr",30000,"get_score_all","latest_windows_linux","result/Brier/score","times",2,0,0,60,120,60,120
"both","crr",30000,"get_score_all","latest_windows_linux","result/AUC/score","upper",2,0,0,0.814467654412292,0.837575292603581,0.814467654412292,0.837575292603581
"both","crr",30000,"get_score_all","latest_windows_linux","result/Brier/score","upper",2,2.22044604925031e-16,2.8986427860926e-15,0.0766029556971901,0.108431062982973,0.0766029556971899,0.108431062982973
"both","crr",50000,"get_facet","windows_linux","result/sur.data","ci_lower",296,8.32667268468867e-17,3.02632403784695e-15,0,0.300568511589918,0,0.300568511589918
"both","crr",50000,"get_facet","windows_linux","result/sur.data","ci_upper",296,8.32667268468867e-17,9.95381620681717e-16,0,0.333211667337783,0,0.333211667337783
"both","crr",50000,"get_facet","windows_linux","result/sur.data","cif",296,6.93889390390723e-18,8.95671572125746e-16,0,0.31689008946385,0,0.31689008946385
"both","crr",50000,"get_facet","windows_linux","result/sur.data","se",296,3.81639164714898e-17,6.88356833475604e-15,0,0.00915952242015256,0,0.0091595224201526
"both","crr",50000,"get_facet","windows_linux","result/sur.data","time",296,0,0,0,263,0,263
"both","crr",50000,"get_facet","windows_linux","result/insert.data","x",3,0,0,0.5,0.5,0.5,0.5
"both","crr",50000,"get_facet","windows_linux","result/insert.data","y",3,0,0,0.5,0.5,0.5,0.5
"both","crr",50000,"get_facet","windows_linux","result/sur.data","yhat",296,6.93889390390723e-18,8.95671572125746e-16,0,0.31689008946385,0,0.31689008946385
"both","crr",50000,"get_eff_cat","windows_linux","result/haz_models","conf.high",20,1.97509564259235e-10,5.71064422470965e-12,1.68746171435346,35.479995455073,1.68746171435342,35.4799954552705
"both","crr",50000,"get_eff_cat","windows_linux","result/haz_models","conf.low",20,1.53139723124696e-10,5.80940981842389e-12,1.19616227129338,27.1211632605194,1.19616227129319,27.1211632606726
"both","crr",50000,"get_eff_cat","windows_linux","result/haz_models","estimate",20,1.73919545432e-10,5.76009678650597e-12,1.42073151473516,31.0202957629279,1.42073151473503,31.0202957631018
"both","crr",50000,"get_eff_cat","windows_linux","result/haz_models","p.value_0.95",20,6.73113366260469e-16,1.45411217254039e-11,0,6.32336822534163e-05,0,6.32336822540894e-05
"both","crr",50000,"get_eff_cat","windows_linux","result/haz_models","p_value",20,6.73113366260469e-16,1.45411217254039e-11,0,6.32336822534163e-05,0,6.32336822540894e-05
"both","crr",50000,"get_facet_diff_serial","windows_linux","result/diff.data","conf.high",750,6.93889390390723e-17,1.43742615926846e-14,-0.191376036791509,0.00823603893257388,-0.191376036791509,0.00823603893257388
"both","crr",50000,"get_facet_diff_serial","windows_linux","result/forest.data","conf.high",24,2.77555756156289e-17,9.23365053083997e-16,-0.146052188275646,-0.00545533739407255,-0.146052188275646,-0.00545533739407255
"both","crr",50000,"get_facet_diff_serial","windows_linux","result/diff.data","conf.high_Female",617,4.16333634234434e-17,9.95381620681717e-16,0,0.217907439033901,0,0.217907439033901
"both","crr",50000,"get_facet_diff_serial","windows_linux","result/forest.data","conf.high_Female",24,2.08166817117217e-17,4.72460882227089e-16,0.011742309642567,0.158979612532412,0.011742309642567,0.158979612532412
"both","crr",50000,"get_facet_diff_serial","windows_linux","result/diff.data","conf.high_Male",681,8.32667268468867e-17,1.10665328194652e-15,0,0.334628864043345,0,0.334628864043345
"both","crr",50000,"get_facet_diff_serial","windows_linux","result/forest.data","conf.high_Male",24,2.77555756156289e-17,3.76156014887731e-16,0.0268440329861322,0.265929634942468,0.0268440329861322,0.265929634942468
"both","crr",50000,"get_facet_diff_serial","windows_linux","result/diff.data","conf.low",750,6.93889390390723e-17,1.53589581904097e-15,-0.22313474804004,0.00105568303306496,-0.22313474804004,0.00105568303306496
"both","crr",50000,"get_facet_diff_serial","windows_linux","result/forest.data","conf.low",24,2.77555756156289e-17,5.5881458962281e-16,-0.169767823280793,-0.0143926542521937,-0.169767823280793,-0.0143926542521937
"both","crr",50000,"get_facet_diff_serial","windows_linux","result/diff.data","conf.low_Female",617,4.16333634234434e-17,3.02632403784695e-15,0,0.178850215865302,0,0.178850215865302
"both","crr",50000,"get_facet_diff_serial","windows_linux","result/forest.data","conf.low_Female",24,2.08166817117217e-17,6.25375852808033e-16,0.00744778394682836,0.141664236061457,0.00744778394682836,0.141664236061457
"both","crr",50000,"get_facet_diff_serial","windows_linux","result/diff.data","conf.low_Male",681,8.32667268468867e-17,2.02293139051201e-15,0,0.306802970073188,0,0.306802970073188
"both","crr",50000,"get_facet_diff_serial","windows_linux","result/forest.data","conf.low_Male",24,2.77555756156289e-17,3.407030095262e-16,0.0199522021883044,0.242806379796313,0.0199522021883044,0.242806379796313
"both","crr",50000,"get_facet_diff_serial","windows_linux","result/diff.data","estimate",750,6.93889390390723e-18,1.09269022009697e-15,-0.207255392415775,0.0045555198216329,-0.207255392415775,0.0045555198216329
"both","crr",50000,"get_facet_diff_serial","windows_linux","result/forest.data","estimate",24,0,0,-0.15791000577822,-0.0105069858810924,-0.15791000577822,-0.0105069858810924
"both","crr",50000,"get_facet_diff_serial","windows_linux","result/diff.data","estimate_Female",617,6.93889390390723e-18,8.95671572125746e-16,0,0.198051694898974,0,0.198051694898974
"both","crr",50000,"get_facet_diff_serial","windows_linux","result/forest.data","estimate_Female",24,0,0,0.00959504679469768,0.150321924296935,0.00959504679469768,0.150321924296935
"both","crr",50000,"get_facet_diff_serial","windows_linux","result/diff.data","estimate_Male",681,6.93889390390723e-18,2.03858177809124e-16,0,0.320715917058267,0,0.320715917058267
"both","crr",50000,"get_facet_diff_serial","windows_linux","result/forest.data","estimate_Male",24,0,0,0.0233981175872183,0.25420413761015,0.0233981175872183,0.25420413761015
"both","crr",50000,"get_facet_diff_serial","windows_linux","result/diff.data","p.value_0.95",744,6.66133814775094e-16,1.66079923239316e-13,1.49246317731303e-168,0.312583298602763,1.49246317731303e-168,0.312583298602763
"both","crr",50000,"get_facet_diff_serial","windows_linux","result/forest.data","p.value_0.95",24,5.69100261436483e-22,4.90935276325782e-15,3.57506755608055e-150,0.000642877311811373,3.57506755608055e-150,0.000642877311811373
"both","crr",50000,"get_facet_diff_serial","windows_linux","result/diff.data","p_value",744,6.66133814775094e-16,1.66079923239316e-13,1.49246317731303e-168,0.312583298602763,1.49246317731303e-168,0.312583298602763
"both","crr",50000,"get_facet_diff_serial","windows_linux","result/forest.data","p_value",24,5.69100261436483e-22,4.90935276325782e-15,3.57506755608055e-150,0.000642877311811373,3.57506755608055e-150,0.000642877311811373
"both","crr",50000,"get_facet_diff_serial","windows_linux","result/diff.data","time",752,0,0,0,287,0,287
"both","crr",50000,"get_facet_diff_serial","windows_linux","result/forest.data","time",24,0,0,12,120,12,120
"both","crr",50000,"get_facet_serial","windows_linux","result/sur.data","ci_lower",296,8.32667268468867e-17,3.02632403784695e-15,0,0.300568511589918,0,0.300568511589918
"both","crr",50000,"get_facet_serial","windows_linux","result/sur.data","ci_upper",296,8.32667268468867e-17,9.95381620681717e-16,0,0.333211667337783,0,0.333211667337783
"both","crr",50000,"get_facet_serial","windows_linux","result/sur.data","cif",296,6.93889390390723e-18,8.95671572125746e-16,0,0.31689008946385,0,0.31689008946385
"both","crr",50000,"get_facet_serial","windows_linux","result/sur.data","se",296,3.81639164714898e-17,6.88356833475604e-15,0,0.00915952242015256,0,0.0091595224201526
"both","crr",50000,"get_facet_serial","windows_linux","result/sur.data","time",296,0,0,0,263,0,263
"both","crr",50000,"get_facet_serial","windows_linux","result/insert.data","x",3,0,0,0.5,0.5,0.5,0.5
"both","crr",50000,"get_facet_serial","windows_linux","result/insert.data","y",3,0,0,0.5,0.5,0.5,0.5
"both","crr",50000,"get_facet_serial","windows_linux","result/sur.data","yhat",296,6.93889390390723e-18,8.95671572125746e-16,0,0.31689008946385,0,0.31689008946385
"both","crr",50000,"curve_direct","windows_linux","result","ci_lower",539,3.63042929052426e-14,9.00753729757396e-14,0,0.54784422358019,0,0.547844223580175
"both","crr",50000,"curve_direct","windows_linux","result","ci_upper",539,3.31956684362922e-14,1.23236646643086e-13,0,0.616355539779647,0,0.616355539779613
"both","crr",50000,"curve_direct","windows_linux","result","probability",539,2.69784194983913e-14,1.08160611097091e-13,0,0.582099881679918,0,0.582099881679894
"both","crr",50000,"curve_direct","windows_linux","result","se",539,4.76355066503231e-15,5.93172595000798e-13,0,0.0254656289137383,0,0.0254656289137341
"both","crr",50000,"curve_direct","windows_linux","result","time",539,0,0,0,263,0,263
"both","crr",50000,"get_facet_diff","windows_linux","result/diff.data","conf.high",750,6.93889390390723e-17,1.43742615926846e-14,-0.191376036791509,0.00823603893257388,-0.191376036791509,0.00823603893257388
"both","crr",50000,"get_facet_diff","windows_linux","result/forest.data","conf.high",24,2.77555756156289e-17,9.23365053083997e-16,-0.146052188275646,-0.00545533739407255,-0.146052188275646,-0.00545533739407255
"both","crr",50000,"get_facet_diff","windows_linux","result/diff.data","conf.high_Female",617,4.16333634234434e-17,9.95381620681717e-16,0,0.217907439033901,0,0.217907439033901
"both","crr",50000,"get_facet_diff","windows_linux","result/forest.data","conf.high_Female",24,2.08166817117217e-17,4.72460882227089e-16,0.011742309642567,0.158979612532412,0.011742309642567,0.158979612532412
"both","crr",50000,"get_facet_diff","windows_linux","result/diff.data","conf.high_Male",681,8.32667268468867e-17,1.10665328194652e-15,0,0.334628864043345,0,0.334628864043345
"both","crr",50000,"get_facet_diff","windows_linux","result/forest.data","conf.high_Male",24,2.77555756156289e-17,3.76156014887731e-16,0.0268440329861322,0.265929634942468,0.0268440329861322,0.265929634942468
"both","crr",50000,"get_facet_diff","windows_linux","result/diff.data","conf.low",750,6.93889390390723e-17,1.53589581904097e-15,-0.22313474804004,0.00105568303306496,-0.22313474804004,0.00105568303306496
"both","crr",50000,"get_facet_diff","windows_linux","result/forest.data","conf.low",24,2.77555756156289e-17,5.5881458962281e-16,-0.169767823280793,-0.0143926542521937,-0.169767823280793,-0.0143926542521937
"both","crr",50000,"get_facet_diff","windows_linux","result/diff.data","conf.low_Female",617,4.16333634234434e-17,3.02632403784695e-15,0,0.178850215865302,0,0.178850215865302
"both","crr",50000,"get_facet_diff","windows_linux","result/forest.data","conf.low_Female",24,2.08166817117217e-17,6.25375852808033e-16,0.00744778394682836,0.141664236061457,0.00744778394682836,0.141664236061457
"both","crr",50000,"get_facet_diff","windows_linux","result/diff.data","conf.low_Male",681,8.32667268468867e-17,2.02293139051201e-15,0,0.306802970073188,0,0.306802970073188
"both","crr",50000,"get_facet_diff","windows_linux","result/forest.data","conf.low_Male",24,2.77555756156289e-17,3.407030095262e-16,0.0199522021883044,0.242806379796313,0.0199522021883044,0.242806379796313
"both","crr",50000,"get_facet_diff","windows_linux","result/diff.data","estimate",750,6.93889390390723e-18,1.09269022009697e-15,-0.207255392415775,0.0045555198216329,-0.207255392415775,0.0045555198216329
"both","crr",50000,"get_facet_diff","windows_linux","result/forest.data","estimate",24,0,0,-0.15791000577822,-0.0105069858810924,-0.15791000577822,-0.0105069858810924
"both","crr",50000,"get_facet_diff","windows_linux","result/diff.data","estimate_Female",617,6.93889390390723e-18,8.95671572125746e-16,0,0.198051694898974,0,0.198051694898974
"both","crr",50000,"get_facet_diff","windows_linux","result/forest.data","estimate_Female",24,0,0,0.00959504679469768,0.150321924296935,0.00959504679469768,0.150321924296935
"both","crr",50000,"get_facet_diff","windows_linux","result/diff.data","estimate_Male",681,6.93889390390723e-18,2.03858177809124e-16,0,0.320715917058267,0,0.320715917058267
"both","crr",50000,"get_facet_diff","windows_linux","result/forest.data","estimate_Male",24,0,0,0.0233981175872183,0.25420413761015,0.0233981175872183,0.25420413761015
"both","crr",50000,"get_facet_diff","windows_linux","result/diff.data","p.value_0.95",744,6.66133814775094e-16,1.66079923239316e-13,1.49246317731303e-168,0.312583298602763,1.49246317731303e-168,0.312583298602763
"both","crr",50000,"get_facet_diff","windows_linux","result/forest.data","p.value_0.95",24,5.69100261436483e-22,4.90935276325782e-15,3.57506755608055e-150,0.000642877311811373,3.57506755608055e-150,0.000642877311811373
"both","crr",50000,"get_facet_diff","windows_linux","result/diff.data","p_value",744,6.66133814775094e-16,1.66079923239316e-13,1.49246317731303e-168,0.312583298602763,1.49246317731303e-168,0.312583298602763
"both","crr",50000,"get_facet_diff","windows_linux","result/forest.data","p_value",24,5.69100261436483e-22,4.90935276325782e-15,3.57506755608055e-150,0.000642877311811373,3.57506755608055e-150,0.000642877311811373
"both","crr",50000,"get_facet_diff","windows_linux","result/diff.data","time",752,0,0,0,287,0,287
"both","crr",50000,"get_facet_diff","windows_linux","result/forest.data","time",24,0,0,12,120,12,120
"both","crr",50000,"get_cat","windows_linux","curve/direct","ci_lower",539,3.63042929052426e-14,9.00753729757396e-14,0,0.54784422358019,0,0.547844223580175
"both","crr",50000,"get_cat","windows_linux","curve/unadj","ci_lower",434,0,0,0,0.538047318159006,0,0.538047318159006
"both","crr",50000,"get_cat","windows_linux","curve/direct","ci_upper",539,3.31956684362922e-14,1.23236646643086e-13,0,0.616355539779647,0,0.616355539779613
"both","crr",50000,"get_cat","windows_linux","curve/unadj","ci_upper",434,0,0,0,0.588910922076291,0,0.588910922076291
"both","crr",50000,"get_cat","windows_linux","UM/haz_direct","conf.high",11,1.09068309939175e-12,1.02569680173769e-13,1,21.9138765933989,1,21.9138765933979
"both","crr",50000,"get_cat","windows_linux","UM/haz_unadj","conf.high",11,1.97509564259235e-10,5.71064422470965e-12,1,35.479995455073,1,35.4799954552705
"both","crr",50000,"get_cat","windows_linux","UM/sur_direct","conf.high",11,3.07531777821168e-14,6.55318924911761e-13,-0.405694912887074,0,-0.405694912887058,0
"both","crr",50000,"get_cat","windows_linux","UM/sur_unadj","conf.high",11,0,0,-0.510325109581053,0,-0.510325109581053,0
"both","crr",50000,"get_cat","windows_linux","UM/sur_direct","conf.high_sur",11,3.17523785042795e-14,9.85615980126828e-14,0.0388616815492776,0.502967394596333,0.0388616815492814,0.502967394596302
"both","crr",50000,"get_cat","windows_linux","UM/sur_unadj","conf.high_sur",11,0,0,0.0309990932114352,0.588910922076291,0.0309990932114352,0.588910922076291
"both","crr",50000,"get_cat","windows_linux","UM/haz_direct","conf.low",11,2.63256083599117e-12,1.66986869307733e-13,1,15.7650769003863,1,15.7650769003837
"both","crr",50000,"get_cat","windows_linux","UM/haz_unadj","conf.low",11,1.53139723124696e-10,5.80940981842389e-12,1,27.1211632605194,1,27.1211632606726
"both","crr",50000,"get_cat","windows_linux","UM/sur_direct","conf.low",11,3.28070903776734e-14,1.21070925794444e-13,-0.468485179726832,0,-0.468485179726799,0
"both","crr",50000,"get_cat","windows_linux","UM/sur_unadj","conf.low",11,0,0,-0.561673390229175,0,-0.561673390229175,0
"both","crr",50000,"get_cat","windows_linux","UM/sur_direct","conf.low_sur",11,3.25850457727483e-14,8.68196597245055e-14,0.0306429537934952,0.440717333360345,0.0306429537934943,0.44071733336033
"both","crr",50000,"get_cat","windows_linux","UM/sur_unadj","conf.low_sur",11,0,0,0.023960647213634,0.538047318159006,0.023960647213634,0.538047318159006
"both","crr",50000,"get_cat","windows_linux","UM/haz_direct","estimate",11,2.01438865587988e-12,1.27118812036981e-13,1,18.5869295388052,1,18.5869295388032
"both","crr",50000,"get_cat","windows_linux","UM/haz_unadj","estimate",11,1.73919545432e-10,5.76009678650597e-12,1,31.0202957629279,1,31.0202957631018
"both","crr",50000,"get_cat","windows_linux","UM/sur_direct","estimate",11,2.4535928844216e-14,2.61972748173648e-13,-0.437090046306953,0,-0.437090046306928,0
"both","crr",50000,"get_cat","windows_linux","UM/sur_unadj","estimate",11,0,0,-0.535999249905114,0,-0.535999249905114,0
"both","crr",50000,"get_cat","windows_linux","UM/sur_direct","estimate_sur",11,2.43693953905222e-14,7.21492631902907e-14,0.0347523176713864,0.471842363978339,0.0347523176713879,0.471842363978316
"both","crr",50000,"get_cat","windows_linux","UM/sur_unadj","estimate_sur",11,0,0,0.0274798702125346,0.563479120117648,0.0274798702125346,0.563479120117648
"both","crr",50000,"get_cat","windows_linux","UM/haz_direct","p.value_0.95",10,6.73113366260469e-16,1.06448548032185e-11,0,6.32336822534163e-05,0,6.32336822540894e-05
"both","crr",50000,"get_cat","windows_linux","UM/haz_unadj","p.value_0.95",10,1.45411217254039e-19,1.45411217254039e-11,0,4.18345986392062e-10,0,4.18345986246651e-10
"both","crr",50000,"get_cat","windows_linux","UM/haz_direct","p_value",10,6.73113366260469e-16,1.06448548032185e-11,0,6.32336822534163e-05,0,6.32336822540894e-05
"both","crr",50000,"get_cat","windows_linux","UM/haz_unadj","p_value",10,1.45411217254039e-19,1.45411217254039e-11,0,4.18345986392062e-10,0,4.18345986246651e-10
"both","crr",50000,"get_cat","windows_linux","UM/sur_direct","p_value",10,5.71808225768855e-16,7.93949520773537e-12,0,0.000180709672045396,0,0.000180709672045968
"both","crr",50000,"get_cat","windows_linux","UM/sur_unadj","p_value",10,0,0,0,1.57603231928425e-07,0,1.57603231928425e-07
"both","crr",50000,"get_cat","windows_linux","curve/direct","probability",539,2.69784194983913e-14,1.08160611097091e-13,0,0.582099881679918,0,0.582099881679894
"both","crr",50000,"get_cat","windows_linux","curve/unadj","probability",434,0,0,0,0.563479120117648,0,0.563479120117648
"both","crr",50000,"get_cat","windows_linux","curve/direct","se",539,4.76355066503231e-15,5.93172595000798e-13,0,0.0254656289137383,0,0.0254656289137341
"both","crr",50000,"get_cat","windows_linux","curve/unadj","se",434,0,0,0,0.0278398031550047,0,0.0278398031550047
"both","crr",50000,"get_cat","windows_linux","UM/sur_direct","time",12,0,0,120,120,120,120
"both","crr",50000,"get_cat","windows_linux","UM/sur_unadj","time",12,0,0,120,120,120,120
"both","crr",50000,"get_cat","windows_linux","curve/direct","time",539,0,0,0,263,0,263
"both","crr",50000,"get_cat","windows_linux","curve/unadj","time",434,0,0,0,287,0,287
"both","crr",50000,"get_eff","windows_linux","result/haz_direct","conf.high",11,1.09068309939175e-12,1.02569680173769e-13,1,21.9138765933989,1,21.9138765933979
"both","crr",50000,"get_eff","windows_linux","result/haz_unadj","conf.high",11,1.97509564259235e-10,5.71064422470965e-12,1,35.479995455073,1,35.4799954552705
"both","crr",50000,"get_eff","windows_linux","result/sur_direct","conf.high",11,3.07531777821168e-14,6.55318924911761e-13,-0.405694912887074,0,-0.405694912887058,0
"both","crr",50000,"get_eff","windows_linux","result/sur_unadj","conf.high",11,0,0,-0.510325109581053,0,-0.510325109581053,0
"both","crr",50000,"get_eff","windows_linux","result/sur_direct","conf.high_sur",11,3.17523785042795e-14,9.85615980126828e-14,0.0388616815492776,0.502967394596333,0.0388616815492814,0.502967394596302
"both","crr",50000,"get_eff","windows_linux","result/sur_unadj","conf.high_sur",11,0,0,0.0309990932114352,0.588910922076291,0.0309990932114352,0.588910922076291
"both","crr",50000,"get_eff","windows_linux","result/haz_direct","conf.low",11,2.63256083599117e-12,1.66986869307733e-13,1,15.7650769003863,1,15.7650769003837
"both","crr",50000,"get_eff","windows_linux","result/haz_unadj","conf.low",11,1.53139723124696e-10,5.80940981842389e-12,1,27.1211632605194,1,27.1211632606726
"both","crr",50000,"get_eff","windows_linux","result/sur_direct","conf.low",11,3.28070903776734e-14,1.21070925794444e-13,-0.468485179726832,0,-0.468485179726799,0
"both","crr",50000,"get_eff","windows_linux","result/sur_unadj","conf.low",11,0,0,-0.561673390229175,0,-0.561673390229175,0
"both","crr",50000,"get_eff","windows_linux","result/sur_direct","conf.low_sur",11,3.25850457727483e-14,8.68196597245055e-14,0.0306429537934952,0.440717333360345,0.0306429537934943,0.44071733336033
"both","crr",50000,"get_eff","windows_linux","result/sur_unadj","conf.low_sur",11,0,0,0.023960647213634,0.538047318159006,0.023960647213634,0.538047318159006
"both","crr",50000,"get_eff","windows_linux","result/haz_direct","estimate",11,2.01438865587988e-12,1.27118812036981e-13,1,18.5869295388052,1,18.5869295388032
"both","crr",50000,"get_eff","windows_linux","result/haz_unadj","estimate",11,1.73919545432e-10,5.76009678650597e-12,1,31.0202957629279,1,31.0202957631018
"both","crr",50000,"get_eff","windows_linux","result/sur_direct","estimate",11,2.4535928844216e-14,2.61972748173648e-13,-0.437090046306953,0,-0.437090046306928,0
"both","crr",50000,"get_eff","windows_linux","result/sur_unadj","estimate",11,0,0,-0.535999249905114,0,-0.535999249905114,0
"both","crr",50000,"get_eff","windows_linux","result/sur_direct","estimate_sur",11,2.43693953905222e-14,7.21492631902907e-14,0.0347523176713864,0.471842363978339,0.0347523176713879,0.471842363978316
"both","crr",50000,"get_eff","windows_linux","result/sur_unadj","estimate_sur",11,0,0,0.0274798702125346,0.563479120117648,0.0274798702125346,0.563479120117648
"both","crr",50000,"get_eff","windows_linux","result/haz_direct","p.value_0.95",10,6.73113366260469e-16,1.06448548032185e-11,0,6.32336822534163e-05,0,6.32336822540894e-05
"both","crr",50000,"get_eff","windows_linux","result/haz_unadj","p.value_0.95",10,1.45411217254039e-19,1.45411217254039e-11,0,4.18345986392062e-10,0,4.18345986246651e-10
"both","crr",50000,"get_eff","windows_linux","result/haz_direct","p_value",10,6.73113366260469e-16,1.06448548032185e-11,0,6.32336822534163e-05,0,6.32336822540894e-05
"both","crr",50000,"get_eff","windows_linux","result/haz_unadj","p_value",10,1.45411217254039e-19,1.45411217254039e-11,0,4.18345986392062e-10,0,4.18345986246651e-10
"both","crr",50000,"get_eff","windows_linux","result/sur_direct","p_value",10,5.71808225768855e-16,7.93949520773537e-12,0,0.000180709672045396,0,0.000180709672045968
"both","crr",50000,"get_eff","windows_linux","result/sur_unadj","p_value",10,0,0,0,1.57603231928425e-07,0,1.57603231928425e-07
"both","crr",50000,"get_eff","windows_linux","result/sur_direct","time",12,0,0,120,120,120,120
"both","crr",50000,"get_eff","windows_linux","result/sur_unadj","time",12,0,0,120,120,120,120
"both","crr",50000,"get_score","windows_linux","result/AUC/score","AUC",2,0,0,0.804380528790844,0.828598687907514,0.804380528790844,0.828598687907514
"both","crr",50000,"get_score","windows_linux","result/Brier/score","Brier",2,1.56819002228303e-15,2.10177598199844e-14,0.0746126150319761,0.106362413525816,0.0746126150319777,0.106362413525817
"both","crr",50000,"get_score","windows_linux","result/AUC/score","lower",2,0,0,0.799884863817019,0.824182843956895,0.799884863817019,0.824182843956895
"both","crr",50000,"get_score","windows_linux","result/Brier/score","lower",2,1.56819002228303e-15,2.15248572393005e-14,0.0728548396325622,0.104204001683325,0.0728548396325638,0.104204001683326
"both","crr",50000,"get_score","windows_linux","result/AUC/score","se",2,0,0,0.00225302300728502,0.0022937487674706,0.00225302300728502,0.0022937487674706
"both","crr",50000,"get_score","windows_linux","result/Brier/score","se",2,2.47198095326695e-17,2.24470304670025e-14,0.000896840663032063,0.00110125076762416,0.000896840663032064,0.00110125076762414
"both","crr",50000,"get_score","windows_linux","result/AUC/score","times",2,0,0,60,120,60,120
"both","crr",50000,"get_score","windows_linux","result/Brier/score","times",2,0,0,60,120,60,120
"both","crr",50000,"get_score","windows_linux","result/AUC/score","upper",2,0,0,0.80887619376467,0.833014531858133,0.80887619376467,0.833014531858133
"both","crr",50000,"get_score","windows_linux","result/Brier/score","upper",2,1.56819002228303e-15,2.05340055671428e-14,0.07637039043139,0.108520825368306,0.0763703904313915,0.108520825368307
"both","crr",50000,"get_score","latest_windows_linux","result/AUC/score","AUC",2,0,0,0.804380528790844,0.828598687907514,0.804380528790844,0.828598687907514
"both","crr",50000,"get_score","latest_windows_linux","result/Brier/score","Brier",2,1.56819002228303e-15,2.10177598199844e-14,0.0746126150319761,0.106362413525816,0.0746126150319777,0.106362413525817
"both","crr",50000,"get_score","latest_windows_linux","result/AUC/score","lower",2,0,0,0.799884863817019,0.824182843956895,0.799884863817019,0.824182843956895
"both","crr",50000,"get_score","latest_windows_linux","result/Brier/score","lower",2,1.56819002228303e-15,2.15248572393005e-14,0.0728548396325622,0.104204001683325,0.0728548396325638,0.104204001683326
"both","crr",50000,"get_score","latest_windows_linux","result/AUC/score","se",2,0,0,0.00225302300728502,0.0022937487674706,0.00225302300728502,0.0022937487674706
"both","crr",50000,"get_score","latest_windows_linux","result/Brier/score","se",2,2.47198095326695e-17,2.24470304670025e-14,0.000896840663032063,0.00110125076762416,0.000896840663032064,0.00110125076762414
"both","crr",50000,"get_score","latest_windows_linux","result/AUC/score","times",2,0,0,60,120,60,120
"both","crr",50000,"get_score","latest_windows_linux","result/Brier/score","times",2,0,0,60,120,60,120
"both","crr",50000,"get_score","latest_windows_linux","result/AUC/score","upper",2,0,0,0.80887619376467,0.833014531858133,0.80887619376467,0.833014531858133
"both","crr",50000,"get_score","latest_windows_linux","result/Brier/score","upper",2,1.56819002228303e-15,2.05340055671428e-14,0.07637039043139,0.108520825368306,0.0763703904313915,0.108520825368307
"both","crr",50000,"get_score_boot","windows_linux","result/AUC/score","AUC",2,0,0,0.803031993649571,0.82732797564436,0.803031993649571,0.82732797564436
"both","crr",50000,"get_score_boot","windows_linux","result/Brier/score","Brier",2,4.02455846426619e-16,5.40691142062827e-15,0.0744335934358353,0.106380960024063,0.0744335934358357,0.106380960024063
"both","crr",50000,"get_score_boot","windows_linux","result/AUC/score","lower",2,0,0,0.798311125860442,0.819144747963033,0.798311125860442,0.819144747963033
"both","crr",50000,"get_score_boot","windows_linux","result/Brier/score","lower",2,9.71445146547012e-17,9.50566000908153e-16,0.0729974972519313,0.104557210396162,0.0729974972519314,0.104557210396162
"both","crr",50000,"get_score_boot","windows_linux","result/AUC/score","se",2,0,0,0.00297427230440566,0.00613400101401722,0.00297427230440566,0.00613400101401722
"both","crr",50000,"get_score_boot","windows_linux","result/Brier/score","se",2,1.56125112837913e-16,1.36390816179585e-13,0.00114468933621119,0.0012821886353212,0.00114468933621104,0.00128218863532104
"both","crr",50000,"get_score_boot","windows_linux","result/AUC/score","times",2,0,0,60,120,60,120
"both","crr",50000,"get_score_boot","windows_linux","result/Brier/score","times",2,0,0,60,120,60,120
"both","crr",50000,"get_score_boot","windows_linux","result/AUC/score","upper",2,0,0,0.807806513841317,0.837700567739646,0.807806513841317,0.837700567739646
"both","crr",50000,"get_score_boot","windows_linux","result/Brier/score","upper",2,1.52655665885959e-16,2.00208213721453e-15,0.0762484530721335,0.108374982759931,0.0762484530721333,0.108374982759931
"both","crr",50000,"get_score_boot","latest_windows_linux","result/AUC/score","AUC",2,0,0,0.803031993649571,0.82732797564436,0.803031993649571,0.82732797564436
"both","crr",50000,"get_score_boot","latest_windows_linux","result/Brier/score","Brier",2,4.02455846426619e-16,5.40691142062827e-15,0.0744335934358353,0.106380960024063,0.0744335934358357,0.106380960024063
"both","crr",50000,"get_score_boot","latest_windows_linux","result/AUC/score","lower",2,0,0,0.798311125860442,0.819144747963033,0.798311125860442,0.819144747963033
"both","crr",50000,"get_score_boot","latest_windows_linux","result/Brier/score","lower",2,9.71445146547012e-17,9.50566000908153e-16,0.0729974972519313,0.104557210396162,0.0729974972519314,0.104557210396162
"both","crr",50000,"get_score_boot","latest_windows_linux","result/AUC/score","se",2,0,0,0.00297427230440566,0.00613400101401722,0.00297427230440566,0.00613400101401722
"both","crr",50000,"get_score_boot","latest_windows_linux","result/Brier/score","se",2,1.56125112837913e-16,1.36390816179585e-13,0.00114468933621119,0.0012821886353212,0.00114468933621104,0.00128218863532104
"both","crr",50000,"get_score_boot","latest_windows_linux","result/AUC/score","times",2,0,0,60,120,60,120
"both","crr",50000,"get_score_boot","latest_windows_linux","result/Brier/score","times",2,0,0,60,120,60,120
"both","crr",50000,"get_score_boot","latest_windows_linux","result/AUC/score","upper",2,0,0,0.807806513841317,0.837700567739646,0.807806513841317,0.837700567739646
"both","crr",50000,"get_score_boot","latest_windows_linux","result/Brier/score","upper",2,1.52655665885959e-16,2.00208213721453e-15,0.0762484530721335,0.108374982759931,0.0762484530721333,0.108374982759931
"both","crr",50000,"fit_hazard","windows_linux","fit","beta",12,1.13686837721616e-13,1.68106763463201e-13,0.0104739648295108,2.92245862073334,0.0104739648295126,2.92245862073337
"both","crr",50000,"fit_hazard","windows_linux","fit","se",12,1.22818422099158e-14,1.17605041666273e-12,0.00131389344736696,0.115907792459073,0.00131389344736541,0.115907792459062
"both","crr",50000,"get_eff_sub","windows_linux","result/haz_direct","conf.high",3,4.44089209850063e-16,1.99977122733079e-16,2.22070006699123,2.6454770166914,2.22070006699123,2.6454770166914
"both","crr",50000,"get_eff_sub","windows_linux","result/haz_unadj","conf.high",3,1.77635683940025e-15,6.7059338629206e-16,2.25031090963881,2.6489328342803,2.25031090963882,2.6489328342803
"both","crr",50000,"get_eff_sub","windows_linux","result/haz_direct","conf.low",3,4.44089209850063e-16,2.26200955634744e-16,1.96325081211042,2.25372490640211,1.96325081211042,2.25372490640211
"both","crr",50000,"get_eff_sub","windows_linux","result/haz_unadj","conf.low",3,1.33226762955019e-15,5.90342830539263e-16,1.99055222503152,2.25676938997158,1.99055222503152,2.25676938997158
"both","crr",50000,"get_eff_sub","windows_linux","result/haz_direct","estimate",3,0,0,2.08801130503984,2.44175703988578,2.08801130503984,2.44175703988578
"both","crr",50000,"get_eff_sub","windows_linux","result/haz_unadj","estimate",3,0,0,2.11645018561606,2.44500113220719,2.11645018561606,2.44500113220719
"both","crr",50000,"get_eff_sub","windows_linux","result/haz_direct","p.value_0.95",3,1.77171080104356e-117,1.77171080104356e-109,1.75830856391132e-220,1.08547307252042e-105,1.75830856391231e-220,1.08547307251864e-105
"both","crr",50000,"get_eff_sub","windows_linux","result/haz_unadj","p.value_0.95",3,1.8897280396486e-117,1.8897280396486e-109,1.22501499612028e-244,4.6666373219887e-106,1.22501499612144e-244,4.6666373219698e-106
"both","crr",50000,"get_eff_sub","windows_linux","result/haz_direct","p_value",3,1.77171080104356e-117,1.77171080104356e-109,1.75830856391132e-220,1.08547307252042e-105,1.75830856391231e-220,1.08547307251864e-105
"both","crr",50000,"get_eff_sub","windows_linux","result/haz_unadj","p_value",3,1.8897280396486e-117,1.8897280396486e-109,1.22501499612028e-244,4.6666373219887e-106,1.22501499612144e-244,4.6666373219698e-106
"both","crr",50000,"curve_CSC","windows_linux","result","ci_lower",539,1.38777878078145e-17,1.80171199448603e-16,0,0.581800598627153,0,0.581800598627153
"both","crr",50000,"curve_CSC","windows_linux","result","ci_upper",539,1.38777878078145e-17,1.51977139537024e-16,0,0.646048035304569,0,0.646048035304569
"both","crr",50000,"curve_CSC","windows_linux","result","probability",539,1.38777878078145e-17,1.64877558037936e-16,0,0.613924316965861,0,0.613924316965861
"both","crr",50000,"curve_CSC","windows_linux","result","se",539,8.67361737988404e-19,2.2063834693557e-16,0,0.027221439894503,0,0.027221439894503
"both","crr",50000,"curve_CSC","windows_linux","result","time",539,0,0,0,263,0,263
"both","crr",50000,"get_cat_no_ci","windows_linux","curve/unadj","ci_lower",434,0,0,0,0.538047318159006,0,0.538047318159006
"both","crr",50000,"get_cat_no_ci","windows_linux","curve/unadj","ci_upper",434,0,0,0,0.588910922076291,0,0.588910922076291
"both","crr",50000,"get_cat_no_ci","windows_linux","UM/haz_direct","conf.high",11,1.09068309939175e-12,1.02569680173769e-13,1,21.9138765933989,1,21.9138765933979
"both","crr",50000,"get_cat_no_ci","windows_linux","UM/haz_unadj","conf.high",11,1.97509564259235e-10,5.71064422470965e-12,1,35.479995455073,1,35.4799954552705
"both","crr",50000,"get_cat_no_ci","windows_linux","UM/sur_direct","conf.high",11,3.07531777821168e-14,6.55318924911761e-13,-0.405694912887074,0,-0.405694912887058,0
"both","crr",50000,"get_cat_no_ci","windows_linux","UM/sur_unadj","conf.high",11,0,0,-0.510325109581053,0,-0.510325109581053,0
"both","crr",50000,"get_cat_no_ci","windows_linux","UM/sur_direct","conf.high_sur",11,3.17523785042795e-14,9.85615980126828e-14,0.0388616815492776,0.502967394596333,0.0388616815492814,0.502967394596302
"both","crr",50000,"get_cat_no_ci","windows_linux","UM/sur_unadj","conf.high_sur",11,0,0,0.0309990932114352,0.588910922076291,0.0309990932114352,0.588910922076291
"both","crr",50000,"get_cat_no_ci","windows_linux","UM/haz_direct","conf.low",11,2.63256083599117e-12,1.66986869307733e-13,1,15.7650769003863,1,15.7650769003837
"both","crr",50000,"get_cat_no_ci","windows_linux","UM/haz_unadj","conf.low",11,1.53139723124696e-10,5.80940981842389e-12,1,27.1211632605194,1,27.1211632606726
"both","crr",50000,"get_cat_no_ci","windows_linux","UM/sur_direct","conf.low",11,3.28070903776734e-14,1.21070925794444e-13,-0.468485179726832,0,-0.468485179726799,0
"both","crr",50000,"get_cat_no_ci","windows_linux","UM/sur_unadj","conf.low",11,0,0,-0.561673390229175,0,-0.561673390229175,0
"both","crr",50000,"get_cat_no_ci","windows_linux","UM/sur_direct","conf.low_sur",11,3.25850457727483e-14,8.68196597245055e-14,0.0306429537934952,0.440717333360345,0.0306429537934943,0.44071733336033
"both","crr",50000,"get_cat_no_ci","windows_linux","UM/sur_unadj","conf.low_sur",11,0,0,0.023960647213634,0.538047318159006,0.023960647213634,0.538047318159006
"both","crr",50000,"get_cat_no_ci","windows_linux","UM/haz_direct","estimate",11,2.01438865587988e-12,1.27118812036981e-13,1,18.5869295388052,1,18.5869295388032
"both","crr",50000,"get_cat_no_ci","windows_linux","UM/haz_unadj","estimate",11,1.73919545432e-10,5.76009678650597e-12,1,31.0202957629279,1,31.0202957631018
"both","crr",50000,"get_cat_no_ci","windows_linux","UM/sur_direct","estimate",11,2.4535928844216e-14,2.61972748173648e-13,-0.437090046306953,0,-0.437090046306928,0
"both","crr",50000,"get_cat_no_ci","windows_linux","UM/sur_unadj","estimate",11,0,0,-0.535999249905114,0,-0.535999249905114,0
"both","crr",50000,"get_cat_no_ci","windows_linux","UM/sur_direct","estimate_sur",11,2.43693953905222e-14,7.21492631902907e-14,0.0347523176713864,0.471842363978339,0.0347523176713879,0.471842363978316
"both","crr",50000,"get_cat_no_ci","windows_linux","UM/sur_unadj","estimate_sur",11,0,0,0.0274798702125346,0.563479120117648,0.0274798702125346,0.563479120117648
"both","crr",50000,"get_cat_no_ci","windows_linux","UM/haz_direct","p.value_0.95",10,6.73113366260469e-16,1.06448548032185e-11,0,6.32336822534163e-05,0,6.32336822540894e-05
"both","crr",50000,"get_cat_no_ci","windows_linux","UM/haz_unadj","p.value_0.95",10,1.45411217254039e-19,1.45411217254039e-11,0,4.18345986392062e-10,0,4.18345986246651e-10
"both","crr",50000,"get_cat_no_ci","windows_linux","UM/haz_direct","p_value",10,6.73113366260469e-16,1.06448548032185e-11,0,6.32336822534163e-05,0,6.32336822540894e-05
"both","crr",50000,"get_cat_no_ci","windows_linux","UM/haz_unadj","p_value",10,1.45411217254039e-19,1.45411217254039e-11,0,4.18345986392062e-10,0,4.18345986246651e-10
"both","crr",50000,"get_cat_no_ci","windows_linux","UM/sur_direct","p_value",10,5.71808225768855e-16,7.93949520773537e-12,0,0.000180709672045396,0,0.000180709672045968
"both","crr",50000,"get_cat_no_ci","windows_linux","UM/sur_unadj","p_value",10,0,0,0,1.57603231928425e-07,0,1.57603231928425e-07
"both","crr",50000,"get_cat_no_ci","windows_linux","curve/direct","probability",539,2.69784194983913e-14,1.08160611097091e-13,0,0.582099881679918,0,0.582099881679894
"both","crr",50000,"get_cat_no_ci","windows_linux","curve/unadj","probability",434,0,0,0,0.563479120117648,0,0.563479120117648
"both","crr",50000,"get_cat_no_ci","windows_linux","curve/unadj","se",434,0,0,0,0.0278398031550047,0,0.0278398031550047
"both","crr",50000,"get_cat_no_ci","windows_linux","UM/sur_direct","time",12,0,0,120,120,120,120
"both","crr",50000,"get_cat_no_ci","windows_linux","UM/sur_unadj","time",12,0,0,120,120,120,120
"both","crr",50000,"get_cat_no_ci","windows_linux","curve/direct","time",539,0,0,0,263,0,263
"both","crr",50000,"get_cat_no_ci","windows_linux","curve/unadj","time",434,0,0,0,287,0,287
"both","crr",50000,"get_inter_abs","windows_linux","result/estimates","conf.high",18,7.05102642939437e-13,3.83701327253632e-11,-0.0376926191081422,1.4054695582524,-0.0376926191088473,1.4054695582524
"both","crr",50000,"get_inter_abs","windows_linux","result/risks","conf.high",8,4.87387907810444e-14,2.20445884906183e-13,0.0804581463273079,0.268916013916341,0.0804581463273079,0.268916013916341
"both","crr",50000,"get_inter_abs","windows_linux","result/estimates","conf.low",18,3.67983421512008e-13,6.05439506737241e-12,-0.358129215727255,1.15140693650046,-0.358129215727623,1.15140693650046
"both","crr",50000,"get_inter_abs","windows_linux","result/risks","conf.low",8,7.58004770062826e-14,3.54723668683482e-13,0.0703982683992623,0.250700486236479,0.0703982683992623,0.250700486236479
"both","crr",50000,"get_inter_abs","windows_linux","result/estimates","estimate",18,5.36543032225723e-13,6.23150676900335e-12,-0.197910917417699,1.27211139386928,-0.197910917418235,1.27211139386928
"both","crr",50000,"get_inter_abs","windows_linux","result/risks","estimate",8,5.7370774797505e-14,2.52655717730844e-13,0.0754282073632851,0.25980825007641,0.0754282073632851,0.25980825007641
"both","crr",50000,"get_inter_abs","windows_linux","result/estimates","p.value",18,2.99954505678102e-12,2.96740232037191e-11,1.74808693516244e-121,0.269918204910137,1.74808693516244e-121,0.26991820491269
"both","crr",50000,"get_fit_stats_simple","windows_linux","result/stats","estimate",6,6.93889390390723e-18,2.03753048565186e-16,0.0135472724914316,142014.392945074,0.0135472724914316,142014.392945074
"both","crr",50000,"get_fit_stats_simple","latest_windows_linux","result/stats","estimate",6,6.93889390390723e-18,2.03753048565186e-16,0.0135472724914316,142014.392945074,0.0135472724914316,142014.392945074
"both","crr",50000,"get_fit_stats_simple_boot","windows_linux","result/boot","AIC",20,2.91038304567337e-11,2.06357857168787e-16,138462.428134438,145935.213254856,138462.428134438,145935.213254856
"both","crr",50000,"get_fit_stats_simple_boot","windows_linux","result/boot","BIC",20,2.91038304567337e-11,2.06347874208253e-16,138476.053821305,145942.070627689,138476.053821305,145942.070627689
"both","crr",50000,"get_fit_stats_simple_boot","windows_linux","result/boot","PVE",20,5.72458747072346e-16,4.21749415414685e-14,0.0128133534146168,0.0370496449549775,0.0128133534146168,0.0370496449549775
"both","crr",50000,"get_fit_stats_simple_boot","windows_linux","result/stats","SE",6,2.27373675443232e-12,2.88845968267692e-14,0.000964666254474224,2071.54205136806,0.000964666254474196,2071.54205136807
"both","crr",50000,"get_fit_stats_simple_boot","windows_linux","result/stats","estimate",6,6.93889390390723e-18,2.03753048565186e-16,0.0135472724914316,142014.392945074,0.0135472724914316,142014.392945074
"both","crr",50000,"get_fit_stats_simple_boot","windows_linux","result/stats","lower",6,0,0,0.0128193893215701,139585.358940685,0.0128193893215701,139585.358940685
"both","crr",50000,"get_fit_stats_simple_boot","windows_linux","result/boot","replicate",20,0,0,1,10,1,10
"both","crr",50000,"get_fit_stats_simple_boot","windows_linux","result/stats","upper",6,0,0,0.0155544117020797,145644.696812662,0.0155544117020797,145644.696812662
"both","crr",50000,"get_fit_stats_simple_boot","latest_windows_linux","result/boot","AIC",20,2.91038304567337e-11,2.06357857168787e-16,138462.428134438,145935.213254856,138462.428134438,145935.213254856
"both","crr",50000,"get_fit_stats_simple_boot","latest_windows_linux","result/boot","BIC",20,2.91038304567337e-11,2.06347874208253e-16,138476.053821305,145942.070627689,138476.053821305,145942.070627689
"both","crr",50000,"get_fit_stats_simple_boot","latest_windows_linux","result/boot","PVE",20,5.72458747072346e-16,4.21749415414685e-14,0.0128133534146168,0.0370496449549775,0.0128133534146168,0.0370496449549775
"both","crr",50000,"get_fit_stats_simple_boot","latest_windows_linux","result/stats","SE",6,2.27373675443232e-12,2.88845968267692e-14,0.000964666254474224,2071.54205136806,0.000964666254474196,2071.54205136807
"both","crr",50000,"get_fit_stats_simple_boot","latest_windows_linux","result/stats","estimate",6,6.93889390390723e-18,2.03753048565186e-16,0.0135472724914316,142014.392945074,0.0135472724914316,142014.392945074
"both","crr",50000,"get_fit_stats_simple_boot","latest_windows_linux","result/stats","lower",6,0,0,0.0128193893215701,139585.358940685,0.0128193893215701,139585.358940685
"both","crr",50000,"get_fit_stats_simple_boot","latest_windows_linux","result/boot","replicate",20,0,0,1,10,1,10
"both","crr",50000,"get_fit_stats_simple_boot","latest_windows_linux","result/stats","upper",6,0,0,0.0155544117020797,145644.696812662,0.0155544117020797,145644.696812662
"both","crr",50000,"get_score_all_boot","latest_windows_linux","result/fit.stats/boot","AIC",10,2.70665623247623e-09,2.01010516195114e-14,131574.500347436,138187.802130049,131574.500347436,138187.802130047
"both","crr",50000,"get_score_all_boot","latest_windows_linux","result/AUC/score","AUC",2,0,0,0.803031993649571,0.82732797564436,0.803031993649571,0.82732797564436
"both","crr",50000,"get_score_all_boot","latest_windows_linux","result/fit.stats/boot","BIC",10,2.70665623247623e-09,2.0088824068711e-14,131656.19360024,138270.068380231,131656.19360024,138270.06838023
"both","crr",50000,"get_score_all_boot","latest_windows_linux","result/Brier/score","Brier",2,4.02455846426619e-16,5.40691142062827e-15,0.0744335934358353,0.106380960024063,0.0744335934358357,0.106380960024063
"both","crr",50000,"get_score_all_boot","latest_windows_linux","result/fit.stats/boot","PVE",10,4.6074255521944e-14,3.08235117467239e-13,0.143881374767325,0.151894320669857,0.143881374767327,0.151894320669887
"both","crr",50000,"get_score_all_boot","latest_windows_linux","result/fit.stats/info","R",1,0,0,10,10,10,10
"both","crr",50000,"get_score_all_boot","latest_windows_linux","result/fit.stats/info","R_success",1,0,0,10,10,10,10
"both","crr",50000,"get_score_all_boot","latest_windows_linux","result/fit.stats/stats","SE",3,4.38831193605438e-10,1.38717153524314e-12,0.00239573579378563,1873.33330380513,0.00239573579378231,1873.33330380469
"both","crr",50000,"get_score_all_boot","latest_windows_linux","result/fit.stats/info","bic_n",1,0,0,6837,6837,6837,6837
"both","crr",50000,"get_score_all_boot","latest_windows_linux","result/fit.stats/info","conf_level",1,0,0,0.95,0.95,0.95,0.95
"both","crr",50000,"get_score_all_boot","latest_windows_linux","result/fit.stats/info","df",1,0,0,12,12,12,12
"both","crr",50000,"get_score_all_boot","latest_windows_linux","result/fit.stats/stats","estimate",3,1.33877620100975e-09,1.52528566861145e-13,0.149215143583791,134730.431884264,0.149215143583814,134730.431884263
"both","crr",50000,"get_score_all_boot","latest_windows_linux","result/fit.stats/info","events",1,0,0,6837,6837,6837,6837
"both","crr",50000,"get_score_all_boot","latest_windows_linux","result/fit.stats/info","logLik",1,6.69388100504875e-10,9.94452341925912e-15,-67312.2353162245,-67312.2353162245,-67312.2353162238,-67312.2353162238
"both","crr",50000,"get_score_all_boot","latest_windows_linux","result/fit.stats/info","logLik_null",1,0,0,-71352.135192304,-71352.135192304,-71352.135192304,-71352.135192304
"both","crr",50000,"get_score_all_boot","latest_windows_linux","result/AUC/score","lower",2,0,0,0.798311125860442,0.819144747963033,0.798311125860442,0.819144747963033
"both","crr",50000,"get_score_all_boot","latest_windows_linux","result/Brier/score","lower",2,9.71445146547012e-17,9.50566000908153e-16,0.0729974972519313,0.104557210396162,0.0729974972519314,0.104557210396162
"both","crr",50000,"get_score_all_boot","latest_windows_linux","result/fit.stats/stats","lower",3,4.36557456851006e-10,1.74540937314312e-14,0.144708595008509,131887.270889934,0.144708595008506,131887.270889935
"both","crr",50000,"get_score_all_boot","latest_windows_linux","result/fit.stats/info","n",1,0,0,50000,50000,50000,50000
"both","crr",50000,"get_score_all_boot","latest_windows_linux","result/fit.stats/info","n_omitted",1,0,0,0,0,0,0
"both","crr",50000,"get_score_all_boot","latest_windows_linux","result/fit.stats/boot","replicate",10,0,0,1,10,1,10
"both","crr",50000,"get_score_all_boot","latest_windows_linux","result/AUC/score","se",2,0,0,0.00297427230440566,0.00613400101401722,0.00297427230440566,0.00613400101401722
"both","crr",50000,"get_score_all_boot","latest_windows_linux","result/Brier/score","se",2,1.56125112837913e-16,1.36390816179585e-13,0.00114468933621119,0.0012821886353212,0.00114468933621104,0.00128218863532104
"both","crr",50000,"get_score_all_boot","latest_windows_linux","result/AUC/score","times",2,0,0,60,120,60,120
"both","crr",50000,"get_score_all_boot","latest_windows_linux","result/Brier/score","times",2,0,0,60,120,60,120
"both","crr",50000,"get_score_all_boot","latest_windows_linux","result/AUC/score","upper",2,0,0,0.807806513841317,0.837700567739646,0.807806513841317,0.837700567739646
"both","crr",50000,"get_score_all_boot","latest_windows_linux","result/Brier/score","upper",2,1.52655665885959e-16,2.00208213721453e-15,0.0762484530721335,0.108374982759931,0.0762484530721333,0.108374982759931
"both","crr",50000,"get_score_all_boot","latest_windows_linux","result/fit.stats/stats","upper",3,8.14907252788544e-10,9.13675193275733e-14,0.151889729632031,137735.398416137,0.151889729632045,137735.398416137
"both","crr",50000,"get_score_all","latest_windows_linux","result/AUC/score","AUC",2,0,0,0.804380528790844,0.828598687907514,0.804380528790844,0.828598687907514
"both","crr",50000,"get_score_all","latest_windows_linux","result/Brier/score","Brier",2,1.56819002228303e-15,2.10177598199844e-14,0.0746126150319761,0.106362413525816,0.0746126150319777,0.106362413525817
"both","crr",50000,"get_score_all","latest_windows_linux","result/fit.stats/info","R",1,0,0,0,0,0,0
"both","crr",50000,"get_score_all","latest_windows_linux","result/fit.stats/info","R_success",1,0,0,0,0,0,0
"both","crr",50000,"get_score_all","latest_windows_linux","result/fit.stats/info","bic_n",1,0,0,6837,6837,6837,6837
"both","crr",50000,"get_score_all","latest_windows_linux","result/fit.stats/info","conf_level",1,0,0,0.95,0.95,0.95,0.95
"both","crr",50000,"get_score_all","latest_windows_linux","result/fit.stats/info","df",1,0,0,12,12,12,12
"both","crr",50000,"get_score_all","latest_windows_linux","result/fit.stats/stats","estimate",3,1.33877620100975e-09,1.52528566861145e-13,0.149215143583791,134730.431884264,0.149215143583814,134730.431884263
"both","crr",50000,"get_score_all","latest_windows_linux","result/fit.stats/info","events",1,0,0,6837,6837,6837,6837
"both","crr",50000,"get_score_all","latest_windows_linux","result/fit.stats/info","logLik",1,6.69388100504875e-10,9.94452341925912e-15,-67312.2353162245,-67312.2353162245,-67312.2353162238,-67312.2353162238
"both","crr",50000,"get_score_all","latest_windows_linux","result/fit.stats/info","logLik_null",1,0,0,-71352.135192304,-71352.135192304,-71352.135192304,-71352.135192304
"both","crr",50000,"get_score_all","latest_windows_linux","result/AUC/score","lower",2,0,0,0.799884863817019,0.824182843956895,0.799884863817019,0.824182843956895
"both","crr",50000,"get_score_all","latest_windows_linux","result/Brier/score","lower",2,1.56819002228303e-15,2.15248572393005e-14,0.0728548396325622,0.104204001683325,0.0728548396325638,0.104204001683326
"both","crr",50000,"get_score_all","latest_windows_linux","result/fit.stats/info","n",1,0,0,50000,50000,50000,50000
"both","crr",50000,"get_score_all","latest_windows_linux","result/fit.stats/info","n_omitted",1,0,0,0,0,0,0
"both","crr",50000,"get_score_all","latest_windows_linux","result/AUC/score","se",2,0,0,0.00225302300728502,0.0022937487674706,0.00225302300728502,0.0022937487674706
"both","crr",50000,"get_score_all","latest_windows_linux","result/Brier/score","se",2,2.47198095326695e-17,2.24470304670025e-14,0.000896840663032063,0.00110125076762416,0.000896840663032064,0.00110125076762414
"both","crr",50000,"get_score_all","latest_windows_linux","result/AUC/score","times",2,0,0,60,120,60,120
"both","crr",50000,"get_score_all","latest_windows_linux","result/Brier/score","times",2,0,0,60,120,60,120
"both","crr",50000,"get_score_all","latest_windows_linux","result/AUC/score","upper",2,0,0,0.80887619376467,0.833014531858133,0.80887619376467,0.833014531858133
"both","crr",50000,"get_score_all","latest_windows_linux","result/Brier/score","upper",2,1.56819002228303e-15,2.05340055671428e-14,0.07637039043139,0.108520825368306,0.0763703904313915,0.108520825368307
"both","crr",100000,"get_facet","windows_linux","result/sur.data","ci_lower",296,1.11022302462516e-16,1.60639755537489e-15,0,0.308984795027228,0,0.308984795027228
"both","crr",100000,"get_facet","windows_linux","result/sur.data","ci_upper",296,1.11022302462516e-16,1.06675280301396e-15,0,0.327868947340552,0,0.327868947340552
"both","crr",100000,"get_facet","windows_linux","result/sur.data","cif",296,6.93889390390723e-18,2.10878249183873e-16,0,0.31842687118389,0,0.31842687118389
"both","crr",100000,"get_facet","windows_linux","result/sur.data","se",296,3.51281503885303e-17,1.53705811459839e-14,0,0.00643807806718206,0,0.00643807806718204
"both","crr",100000,"get_facet","windows_linux","result/sur.data","time",296,0,0,0,263,0,263
"both","crr",100000,"get_facet","windows_linux","result/insert.data","x",3,0,0,0.5,0.5,0.5,0.5
"both","crr",100000,"get_facet","windows_linux","result/insert.data","y",3,0,0,0.5,0.5,0.5,0.5
"both","crr",100000,"get_facet","windows_linux","result/sur.data","yhat",296,6.93889390390723e-18,2.10878249183873e-16,0,0.31842687118389,0,0.31842687118389
"both","crr",100000,"get_eff_cat","windows_linux","result/haz_models","conf.high",20,3.20909521178692e-10,9.3847793714959e-12,1.67703661818255,34.660447357698,1.67703661818189,34.6604473580189
"both","crr",100000,"get_eff_cat","windows_linux","result/haz_models","conf.low",20,2.52587284421679e-10,8.95458020537052e-12,1.31502620987654,28.6378289087389,1.31502620987613,28.6378289089915
"both","crr",100000,"get_eff_cat","windows_linux","result/haz_models","estimate",20,2.84792633920006e-10,9.16964180380169e-12,1.48504111317928,31.5055544520344,1.48504111317876,31.5055544523192
"both","crr",100000,"get_eff_cat","windows_linux","result/haz_models","p.value_0.95",20,4.21363219095098e-21,4.21363219095098e-13,0,3.22977151581931e-10,0,3.22977151582504e-10
"both","crr",100000,"get_eff_cat","windows_linux","result/haz_models","p_value",20,4.21363219095098e-21,4.21363219095098e-13,0,3.22977151581931e-10,0,3.22977151582504e-10
"both","crr",100000,"get_facet_diff_serial","windows_linux","result/diff.data","conf.high",750,8.32667268468867e-17,2.93632979486684e-14,-0.198410428764387,0.00616249623549239,-0.198410428764387,0.00616249623549239
"both","crr",100000,"get_facet_diff_serial","windows_linux","result/forest.data","conf.high",24,5.55111512312578e-17,6.54619278916039e-16,-0.145147289906421,-0.00794991928216326,-0.145147289906421,-0.00794991928216325
"both","crr",100000,"get_facet_diff_serial","windows_linux","result/diff.data","conf.high_Female",617,6.93889390390723e-17,1.76935201762299e-15,0,0.209201088123513,0,0.209201088123513
"both","crr",100000,"get_facet_diff_serial","windows_linux","result/forest.data","conf.high_Female",24,3.46944695195361e-17,5.70237960891562e-16,0.0118705764343544,0.150579970603522,0.0118705764343544,0.150579970603522
"both","crr",100000,"get_facet_diff_serial","windows_linux","result/diff.data","conf.high_Male",681,1.11022302462516e-16,1.49484015484226e-15,0,0.337916886601152,0,0.337916886601152
"both","crr",100000,"get_facet_diff_serial","windows_linux","result/forest.data","conf.high_Male",24,5.55111512312578e-17,2.22237658882147e-16,0.0252667405695107,0.262392262652624,0.0252667405695107,0.262392262652624
"both","crr",100000,"get_facet_diff_serial","windows_linux","result/diff.data","conf.low",750,8.32667268468867e-17,2.82749331012073e-15,-0.221601312423822,0.000987041902129293,-0.221601312423822,0.000987041902129293
"both","crr",100000,"get_facet_diff_serial","windows_linux","result/forest.data","conf.low",24,5.55111512312578e-17,3.99821102570691e-16,-0.162026256479591,-0.013320189799995,-0.162026256479591,-0.013320189799995
"both","crr",100000,"get_facet_diff_serial","windows_linux","result/diff.data","conf.low_Female",617,6.93889390390723e-17,2.8322593691006e-15,0,0.181134184434338,0,0.181134184434338
"both","crr",100000,"get_facet_diff_serial","windows_linux","result/forest.data","conf.low_Female",24,3.46944695195361e-17,6.27269604468471e-16,0.00872459299087786,0.13863217713651,0.00872459299087786,0.13863217713651
"both","crr",100000,"get_facet_diff_serial","windows_linux","result/diff.data","conf.low_Male",681,1.11022302462516e-16,2.29825566416404e-15,0,0.317640381361035,0,0.317640381361035
"both","crr",100000,"get_facet_diff_serial","windows_linux","result/forest.data","conf.low_Male",24,5.55111512312578e-17,2.35490735302235e-16,0.0205116240387303,0.245862607910143,0.0205116240387303,0.245862607910143
"both","crr",100000,"get_facet_diff_serial","windows_linux","result/diff.data","estimate",750,2.77555756156289e-17,3.43259717532515e-16,-0.210005870594105,0.00357476906881084,-0.210005870594105,0.00357476906881084
"both","crr",100000,"get_facet_diff_serial","windows_linux","result/forest.data","estimate",24,1.38777878078145e-17,3.43259717532515e-16,-0.153586773193006,-0.0106350545410791,-0.153586773193006,-0.0106350545410791
"both","crr",100000,"get_facet_diff_serial","windows_linux","result/diff.data","estimate_Female",617,1.38777878078145e-17,3.06257811659301e-16,0,0.195167636278925,0,0.195167636278925
"both","crr",100000,"get_facet_diff_serial","windows_linux","result/forest.data","estimate_Female",24,6.93889390390723e-18,3.06257811659301e-16,0.0102975847126161,0.144606073870016,0.0102975847126161,0.144606073870016
"both","crr",100000,"get_facet_diff_serial","windows_linux","result/diff.data","estimate_Male",681,2.77555756156289e-17,2.05846049260904e-16,0,0.327778633981093,0,0.327778633981093
"both","crr",100000,"get_facet_diff_serial","windows_linux","result/forest.data","estimate_Male",24,0,0,0.0228891823041205,0.254127435281383,0.0228891823041205,0.254127435281383
"both","crr",100000,"get_facet_diff_serial","windows_linux","result/diff.data","p.value_0.95",744,2.4980018054066e-16,9.66221065513906e-14,0,0.390374956558615,0,0.390374956558615
"both","crr",100000,"get_facet_diff_serial","windows_linux","result/forest.data","p.value_0.95",24,9.30855868160794e-28,9.30855868160794e-20,4.71656369671969e-287,7.02026359736222e-09,4.71656369675734e-287,7.02026359736222e-09
"both","crr",100000,"get_facet_diff_serial","windows_linux","result/diff.data","p_value",744,2.4980018054066e-16,9.66221065513906e-14,0,0.390374956558615,0,0.390374956558615
"both","crr",100000,"get_facet_diff_serial","windows_linux","result/forest.data","p_value",24,9.30855868160794e-28,9.30855868160794e-20,4.71656369671969e-287,7.02026359736222e-09,4.71656369675734e-287,7.02026359736222e-09
"both","crr",100000,"get_facet_diff_serial","windows_linux","result/diff.data","time",752,0,0,0,287,0,287
"both","crr",100000,"get_facet_diff_serial","windows_linux","result/forest.data","time",24,0,0,12,120,12,120
"both","crr",100000,"get_facet_serial","windows_linux","result/sur.data","ci_lower",296,1.11022302462516e-16,1.60639755537489e-15,0,0.308984795027228,0,0.308984795027228
"both","crr",100000,"get_facet_serial","windows_linux","result/sur.data","ci_upper",296,1.11022302462516e-16,1.06675280301396e-15,0,0.327868947340552,0,0.327868947340552
"both","crr",100000,"get_facet_serial","windows_linux","result/sur.data","cif",296,6.93889390390723e-18,2.10878249183873e-16,0,0.31842687118389,0,0.31842687118389
"both","crr",100000,"get_facet_serial","windows_linux","result/sur.data","se",296,3.51281503885303e-17,1.53705811459839e-14,0,0.00643807806718206,0,0.00643807806718204
"both","crr",100000,"get_facet_serial","windows_linux","result/sur.data","time",296,0,0,0,263,0,263
"both","crr",100000,"get_facet_serial","windows_linux","result/insert.data","x",3,0,0,0.5,0.5,0.5,0.5
"both","crr",100000,"get_facet_serial","windows_linux","result/insert.data","y",3,0,0,0.5,0.5,0.5,0.5
"both","crr",100000,"get_facet_serial","windows_linux","result/sur.data","yhat",296,6.93889390390723e-18,2.10878249183873e-16,0,0.31842687118389,0,0.31842687118389
"both","crr",100000,"curve_direct","windows_linux","result","ci_lower",539,4.50750547997814e-14,4.51444913364832e-13,0,0.5628336451411,0,0.5628336451411
"both","crr",100000,"curve_direct","windows_linux","result","ci_upper",539,7.84927678409986e-14,3.42172153034139e-13,0,0.61206900304412,0,0.612069003044199
"both","crr",100000,"curve_direct","windows_linux","result","probability",539,4.03566069451244e-14,3.92157830531654e-13,0,0.58745132409261,0,0.587451324092649
"both","crr",100000,"curve_direct","windows_linux","result","se",539,1.99926880606327e-14,1.61592961269895e-12,0,0.0186511013695861,0,0.018651101369598
"both","crr",100000,"curve_direct","windows_linux","result","time",539,0,0,0,263,0,263
"both","crr",100000,"get_facet_diff","windows_linux","result/diff.data","conf.high",750,8.32667268468867e-17,2.93632979486684e-14,-0.198410428764387,0.00616249623549239,-0.198410428764387,0.00616249623549239
"both","crr",100000,"get_facet_diff","windows_linux","result/forest.data","conf.high",24,5.55111512312578e-17,6.54619278916039e-16,-0.145147289906421,-0.00794991928216326,-0.145147289906421,-0.00794991928216325
"both","crr",100000,"get_facet_diff","windows_linux","result/diff.data","conf.high_Female",617,6.93889390390723e-17,1.76935201762299e-15,0,0.209201088123513,0,0.209201088123513
"both","crr",100000,"get_facet_diff","windows_linux","result/forest.data","conf.high_Female",24,3.46944695195361e-17,5.70237960891562e-16,0.0118705764343544,0.150579970603522,0.0118705764343544,0.150579970603522
"both","crr",100000,"get_facet_diff","windows_linux","result/diff.data","conf.high_Male",681,1.11022302462516e-16,1.49484015484226e-15,0,0.337916886601152,0,0.337916886601152
"both","crr",100000,"get_facet_diff","windows_linux","result/forest.data","conf.high_Male",24,5.55111512312578e-17,2.22237658882147e-16,0.0252667405695107,0.262392262652624,0.0252667405695107,0.262392262652624
"both","crr",100000,"get_facet_diff","windows_linux","result/diff.data","conf.low",750,8.32667268468867e-17,2.82749331012073e-15,-0.221601312423822,0.000987041902129293,-0.221601312423822,0.000987041902129293
"both","crr",100000,"get_facet_diff","windows_linux","result/forest.data","conf.low",24,5.55111512312578e-17,3.99821102570691e-16,-0.162026256479591,-0.013320189799995,-0.162026256479591,-0.013320189799995
"both","crr",100000,"get_facet_diff","windows_linux","result/diff.data","conf.low_Female",617,6.93889390390723e-17,2.8322593691006e-15,0,0.181134184434338,0,0.181134184434338
"both","crr",100000,"get_facet_diff","windows_linux","result/forest.data","conf.low_Female",24,3.46944695195361e-17,6.27269604468471e-16,0.00872459299087786,0.13863217713651,0.00872459299087786,0.13863217713651
"both","crr",100000,"get_facet_diff","windows_linux","result/diff.data","conf.low_Male",681,1.11022302462516e-16,2.29825566416404e-15,0,0.317640381361035,0,0.317640381361035
"both","crr",100000,"get_facet_diff","windows_linux","result/forest.data","conf.low_Male",24,5.55111512312578e-17,2.35490735302235e-16,0.0205116240387303,0.245862607910143,0.0205116240387303,0.245862607910143
"both","crr",100000,"get_facet_diff","windows_linux","result/diff.data","estimate",750,2.77555756156289e-17,3.43259717532515e-16,-0.210005870594105,0.00357476906881084,-0.210005870594105,0.00357476906881084
"both","crr",100000,"get_facet_diff","windows_linux","result/forest.data","estimate",24,1.38777878078145e-17,3.43259717532515e-16,-0.153586773193006,-0.0106350545410791,-0.153586773193006,-0.0106350545410791
"both","crr",100000,"get_facet_diff","windows_linux","result/diff.data","estimate_Female",617,1.38777878078145e-17,3.06257811659301e-16,0,0.195167636278925,0,0.195167636278925
"both","crr",100000,"get_facet_diff","windows_linux","result/forest.data","estimate_Female",24,6.93889390390723e-18,3.06257811659301e-16,0.0102975847126161,0.144606073870016,0.0102975847126161,0.144606073870016
"both","crr",100000,"get_facet_diff","windows_linux","result/diff.data","estimate_Male",681,2.77555756156289e-17,2.05846049260904e-16,0,0.327778633981093,0,0.327778633981093
"both","crr",100000,"get_facet_diff","windows_linux","result/forest.data","estimate_Male",24,0,0,0.0228891823041205,0.254127435281383,0.0228891823041205,0.254127435281383
"both","crr",100000,"get_facet_diff","windows_linux","result/diff.data","p.value_0.95",744,2.4980018054066e-16,9.66221065513906e-14,0,0.390374956558615,0,0.390374956558615
"both","crr",100000,"get_facet_diff","windows_linux","result/forest.data","p.value_0.95",24,9.30855868160794e-28,9.30855868160794e-20,4.71656369671969e-287,7.02026359736222e-09,4.71656369675734e-287,7.02026359736222e-09
"both","crr",100000,"get_facet_diff","windows_linux","result/diff.data","p_value",744,2.4980018054066e-16,9.66221065513906e-14,0,0.390374956558615,0,0.390374956558615
"both","crr",100000,"get_facet_diff","windows_linux","result/forest.data","p_value",24,9.30855868160794e-28,9.30855868160794e-20,4.71656369671969e-287,7.02026359736222e-09,4.71656369675734e-287,7.02026359736222e-09
"both","crr",100000,"get_facet_diff","windows_linux","result/diff.data","time",752,0,0,0,287,0,287
"both","crr",100000,"get_facet_diff","windows_linux","result/forest.data","time",24,0,0,12,120,12,120
"both","crr",100000,"get_cat","windows_linux","curve/direct","ci_lower",539,4.50750547997814e-14,4.51444913364832e-13,0,0.5628336451411,0,0.5628336451411
"both","crr",100000,"get_cat","windows_linux","curve/unadj","ci_lower",434,0,0,0,0.546885189715796,0,0.546885189715796
"both","crr",100000,"get_cat","windows_linux","curve/direct","ci_upper",539,7.84927678409986e-14,3.42172153034139e-13,0,0.61206900304412,0,0.612069003044199
"both","crr",100000,"get_cat","windows_linux","curve/unadj","ci_upper",434,0,0,0,0.583152040140861,0,0.583152040140861
"both","crr",100000,"get_cat","windows_linux","UM/haz_direct","conf.high",11,6.87094825480017e-12,4.67247504854343e-13,1,21.6218781628131,1,21.6218781628063
"both","crr",100000,"get_cat","windows_linux","UM/haz_unadj","conf.high",11,3.20909521178692e-10,9.3847793714959e-12,1,34.660447357698,1,34.6604473580189
"both","crr",100000,"get_cat","windows_linux","UM/sur_direct","conf.high",11,5.12923037376822e-14,1.10165890413177e-12,-0.416704725294192,0,-0.416704725294183,0
"both","crr",100000,"get_cat","windows_linux","UM/sur_unadj","conf.high",11,0,0,-0.520467020401606,0,-0.520467020401606,0
"both","crr",100000,"get_cat","windows_linux","UM/sur_direct","conf.high_sur",11,7.54951656745106e-14,3.3406795335413e-13,0.0365152519437797,0.495343936884907,0.0365152519437919,0.495343936884983
"both","crr",100000,"get_cat","windows_linux","UM/sur_unadj","conf.high_sur",11,0,0,0.0286815997851089,0.583152040140861,0.0286815997851089,0.583152040140861
"both","crr",100000,"get_cat","windows_linux","UM/haz_direct","conf.low",11,8.20143952751096e-12,5.38281633654257e-13,1,17.1026241337572,1,17.102624133753
"both","crr",100000,"get_cat","windows_linux","UM/haz_unadj","conf.low",11,2.52587284421679e-10,8.95458020537052e-12,1,28.6378289087389,1,28.6378289089915
"both","crr",100000,"get_cat","windows_linux","UM/sur_direct","conf.low",11,6.21169782277775e-14,4.66426821160964e-13,-0.461823903624838,0,-0.4618239036249,0
"both","crr",100000,"get_cat","windows_linux","UM/sur_unadj","conf.low",11,0,0,-0.557056688671294,0,-0.557056688671294,0
"both","crr",100000,"get_cat","windows_linux","UM/sur_direct","conf.low_sur",11,3.86357612569554e-14,4.45389734561483e-13,0.0308783221757115,0.450578266153614,0.0308783221757253,0.450578266153618
"both","crr",100000,"get_cat","windows_linux","UM/sur_unadj","conf.low_sur",11,0,0,0.0238319209986479,0.546885189715796,0.0238319209986479,0.546885189715796
"both","crr",100000,"get_cat","windows_linux","UM/haz_direct","estimate",11,7.26174675946822e-12,4.30253867386719e-13,1,19.2299468351965,1,19.2299468351911
"both","crr",100000,"get_cat","windows_linux","UM/haz_unadj","estimate",11,2.84792633920006e-10,9.16964180380169e-12,1,31.5055544520344,1,31.5055544523192
"both","crr",100000,"get_cat","windows_linux","UM/sur_direct","estimate",11,2.692290834716e-14,6.8929784972252e-13,-0.439264314459515,0,-0.439264314459542,0
"both","crr",100000,"get_cat","windows_linux","UM/sur_unadj","estimate",11,0,0,-0.53876185453645,0,-0.53876185453645,0
"both","crr",100000,"get_cat","windows_linux","UM/sur_direct","estimate_sur",11,3.99125177352744e-14,3.85073258684873e-13,0.0336967870597456,0.472961101519261,0.0336967870597586,0.4729611015193
"both","crr",100000,"get_cat","windows_linux","UM/sur_unadj","estimate_sur",11,0,0,0.0262567603918784,0.565018614928328,0.0262567603918784,0.565018614928328
"both","crr",100000,"get_cat","windows_linux","UM/haz_direct","p.value_0.95",10,4.21363219095098e-21,4.21363219095098e-13,0,3.22977151581931e-10,0,3.22977151582504e-10
"both","crr",100000,"get_cat","windows_linux","UM/haz_unadj","p.value_0.95",10,5.81718473017415e-29,5.81718473017415e-21,0,5.55860800222317e-20,0,5.55860799640599e-20
"both","crr",100000,"get_cat","windows_linux","UM/haz_direct","p_value",10,4.21363219095098e-21,4.21363219095098e-13,0,3.22977151581931e-10,0,3.22977151582504e-10
"both","crr",100000,"get_cat","windows_linux","UM/haz_unadj","p_value",10,5.81718473017415e-29,5.81718473017415e-21,0,5.55860800222317e-20,0,5.55860799640599e-20
"both","crr",100000,"get_cat","windows_linux","UM/sur_direct","p_value",10,2.55109118356254e-19,1.61963614118216e-11,0,1.57510141858191e-08,0,1.57510141860742e-08
"both","crr",100000,"get_cat","windows_linux","UM/sur_unadj","p_value",10,0,0,0,1.35519560694793e-14,0,1.35519560694793e-14
"both","crr",100000,"get_cat","windows_linux","curve/direct","probability",539,4.03566069451244e-14,3.92157830531654e-13,0,0.58745132409261,0,0.587451324092649
"both","crr",100000,"get_cat","windows_linux","curve/unadj","probability",434,0,0,0,0.565018614928328,0,0.565018614928328
"both","crr",100000,"get_cat","windows_linux","curve/direct","se",539,1.99926880606327e-14,1.61592961269895e-12,0,0.0186511013695861,0,0.018651101369598
"both","crr",100000,"get_cat","windows_linux","curve/unadj","se",434,0,0,0,0.0193239079575017,0,0.0193239079575017
"both","crr",100000,"get_cat","windows_linux","UM/sur_direct","time",12,0,0,120,120,120,120
"both","crr",100000,"get_cat","windows_linux","UM/sur_unadj","time",12,0,0,120,120,120,120
"both","crr",100000,"get_cat","windows_linux","curve/direct","time",539,0,0,0,263,0,263
"both","crr",100000,"get_cat","windows_linux","curve/unadj","time",434,0,0,0,287,0,287
"both","crr",100000,"get_eff","windows_linux","result/haz_direct","conf.high",11,6.87094825480017e-12,4.67247504854343e-13,1,21.6218781628131,1,21.6218781628063
"both","crr",100000,"get_eff","windows_linux","result/haz_unadj","conf.high",11,3.20909521178692e-10,9.3847793714959e-12,1,34.660447357698,1,34.6604473580189
"both","crr",100000,"get_eff","windows_linux","result/sur_direct","conf.high",11,5.12923037376822e-14,1.10165890413177e-12,-0.416704725294192,0,-0.416704725294183,0
"both","crr",100000,"get_eff","windows_linux","result/sur_unadj","conf.high",11,0,0,-0.520467020401606,0,-0.520467020401606,0
"both","crr",100000,"get_eff","windows_linux","result/sur_direct","conf.high_sur",11,7.54951656745106e-14,3.3406795335413e-13,0.0365152519437797,0.495343936884907,0.0365152519437919,0.495343936884983
"both","crr",100000,"get_eff","windows_linux","result/sur_unadj","conf.high_sur",11,0,0,0.0286815997851089,0.583152040140861,0.0286815997851089,0.583152040140861
"both","crr",100000,"get_eff","windows_linux","result/haz_direct","conf.low",11,8.20143952751096e-12,5.38281633654257e-13,1,17.1026241337572,1,17.102624133753
"both","crr",100000,"get_eff","windows_linux","result/haz_unadj","conf.low",11,2.52587284421679e-10,8.95458020537052e-12,1,28.6378289087389,1,28.6378289089915
"both","crr",100000,"get_eff","windows_linux","result/sur_direct","conf.low",11,6.21169782277775e-14,4.66426821160964e-13,-0.461823903624838,0,-0.4618239036249,0
"both","crr",100000,"get_eff","windows_linux","result/sur_unadj","conf.low",11,0,0,-0.557056688671294,0,-0.557056688671294,0
"both","crr",100000,"get_eff","windows_linux","result/sur_direct","conf.low_sur",11,3.86357612569554e-14,4.45389734561483e-13,0.0308783221757115,0.450578266153614,0.0308783221757253,0.450578266153618
"both","crr",100000,"get_eff","windows_linux","result/sur_unadj","conf.low_sur",11,0,0,0.0238319209986479,0.546885189715796,0.0238319209986479,0.546885189715796
"both","crr",100000,"get_eff","windows_linux","result/haz_direct","estimate",11,7.26174675946822e-12,4.30253867386719e-13,1,19.2299468351965,1,19.2299468351911
"both","crr",100000,"get_eff","windows_linux","result/haz_unadj","estimate",11,2.84792633920006e-10,9.16964180380169e-12,1,31.5055544520344,1,31.5055544523192
"both","crr",100000,"get_eff","windows_linux","result/sur_direct","estimate",11,2.692290834716e-14,6.8929784972252e-13,-0.439264314459515,0,-0.439264314459542,0
"both","crr",100000,"get_eff","windows_linux","result/sur_unadj","estimate",11,0,0,-0.53876185453645,0,-0.53876185453645,0
"both","crr",100000,"get_eff","windows_linux","result/sur_direct","estimate_sur",11,3.99125177352744e-14,3.85073258684873e-13,0.0336967870597456,0.472961101519261,0.0336967870597586,0.4729611015193
"both","crr",100000,"get_eff","windows_linux","result/sur_unadj","estimate_sur",11,0,0,0.0262567603918784,0.565018614928328,0.0262567603918784,0.565018614928328
"both","crr",100000,"get_eff","windows_linux","result/haz_direct","p.value_0.95",10,4.21363219095098e-21,4.21363219095098e-13,0,3.22977151581931e-10,0,3.22977151582504e-10
"both","crr",100000,"get_eff","windows_linux","result/haz_unadj","p.value_0.95",10,5.81718473017415e-29,5.81718473017415e-21,0,5.55860800222317e-20,0,5.55860799640599e-20
"both","crr",100000,"get_eff","windows_linux","result/haz_direct","p_value",10,4.21363219095098e-21,4.21363219095098e-13,0,3.22977151581931e-10,0,3.22977151582504e-10
"both","crr",100000,"get_eff","windows_linux","result/haz_unadj","p_value",10,5.81718473017415e-29,5.81718473017415e-21,0,5.55860800222317e-20,0,5.55860799640599e-20
"both","crr",100000,"get_eff","windows_linux","result/sur_direct","p_value",10,2.55109118356254e-19,1.61963614118216e-11,0,1.57510141858191e-08,0,1.57510141860742e-08
"both","crr",100000,"get_eff","windows_linux","result/sur_unadj","p_value",10,0,0,0,1.35519560694793e-14,0,1.35519560694793e-14
"both","crr",100000,"get_eff","windows_linux","result/sur_direct","time",12,0,0,120,120,120,120
"both","crr",100000,"get_eff","windows_linux","result/sur_unadj","time",12,0,0,120,120,120,120
"both","crr",100000,"get_score","windows_linux","result/AUC/score","AUC",2,0,0,0.803845928413467,0.829936593166262,0.803845928413467,0.829936593166262
"both","crr",100000,"get_score","windows_linux","result/Brier/score","Brier",2,1.94289029309402e-16,2.61959385663207e-15,0.0741676152650601,0.10589975082254,0.0741676152650603,0.105899750822539
"both","crr",100000,"get_score","windows_linux","result/AUC/score","lower",2,0,0,0.803221231629608,0.829324578616639,0.803221231629608,0.829324578616639
"both","crr",100000,"get_score","windows_linux","result/Brier/score","lower",2,1.80411241501588e-16,2.47381882089029e-15,0.0729282354787246,0.10437501145744,0.0729282354787248,0.10437501145744
"both","crr",100000,"get_score","windows_linux","result/AUC/score","se",2,0,0,0.000312258059050875,0.000318728705622076,0.000312258059050875,0.000318728705622076
"both","crr",100000,"get_score","windows_linux","result/Brier/score","se",2,6.61363325216158e-18,1.04588465328447e-14,0.000632348245228792,0.000777942542376693,0.000632348245228799,0.000777942542376695
"both","crr",100000,"get_score","windows_linux","result/AUC/score","times",2,0,0,60,120,60,120
"both","crr",100000,"get_score","windows_linux","result/Brier/score","times",2,0,0,60,120,60,120
"both","crr",100000,"get_score","windows_linux","result/AUC/score","upper",2,0,0,0.804470625197325,0.830548607715884,0.804470625197325,0.830548607715884
"both","crr",100000,"get_score","windows_linux","result/Brier/score","upper",2,2.08166817117217e-16,2.76057701245535e-15,0.0754069950513957,0.107424490187639,0.0754069950513959,0.107424490187639
"both","crr",100000,"get_score","latest_windows_linux","result/AUC/score","AUC",2,0,0,0.803845928413467,0.829936593166262,0.803845928413467,0.829936593166262
"both","crr",100000,"get_score","latest_windows_linux","result/Brier/score","Brier",2,1.94289029309402e-16,2.61959385663207e-15,0.0741676152650601,0.10589975082254,0.0741676152650603,0.105899750822539
"both","crr",100000,"get_score","latest_windows_linux","result/AUC/score","lower",2,0,0,0.803221231629608,0.829324578616639,0.803221231629608,0.829324578616639
"both","crr",100000,"get_score","latest_windows_linux","result/Brier/score","lower",2,1.80411241501588e-16,2.47381882089029e-15,0.0729282354787246,0.10437501145744,0.0729282354787248,0.10437501145744
"both","crr",100000,"get_score","latest_windows_linux","result/AUC/score","se",2,0,0,0.000312258059050875,0.000318728705622076,0.000312258059050875,0.000318728705622076
"both","crr",100000,"get_score","latest_windows_linux","result/Brier/score","se",2,6.61363325216158e-18,1.04588465328447e-14,0.000632348245228792,0.000777942542376693,0.000632348245228799,0.000777942542376695
"both","crr",100000,"get_score","latest_windows_linux","result/AUC/score","times",2,0,0,60,120,60,120
"both","crr",100000,"get_score","latest_windows_linux","result/Brier/score","times",2,0,0,60,120,60,120
"both","crr",100000,"get_score","latest_windows_linux","result/AUC/score","upper",2,0,0,0.804470625197325,0.830548607715884,0.804470625197325,0.830548607715884
"both","crr",100000,"get_score","latest_windows_linux","result/Brier/score","upper",2,2.08166817117217e-16,2.76057701245535e-15,0.0754069950513957,0.107424490187639,0.0754069950513959,0.107424490187639
"both","crr",100000,"get_score_boot","windows_linux","result/AUC/score","AUC",2,0,0,0.802238794721948,0.828812474598555,0.802238794721948,0.828812474598555
"both","crr",100000,"get_score_boot","windows_linux","result/Brier/score","Brier",2,4.57966997657877e-16,6.17324793509985e-15,0.0741857450846852,0.106543952731241,0.0741857450846857,0.106543952731241
"both","crr",100000,"get_score_boot","windows_linux","result/AUC/score","lower",2,0,0,0.799706255123137,0.82478359554159,0.799706255123137,0.82478359554159
"both","crr",100000,"get_score_boot","windows_linux","result/Brier/score","lower",2,8.18789480661053e-16,1.11952500704741e-14,0.0731372211881625,0.105228850350366,0.0731372211881634,0.105228850350366
"both","crr",100000,"get_score_boot","windows_linux","result/AUC/score","se",2,0,0,0.00174557856315107,0.00272803210565251,0.00174557856315107,0.00272803210565251
"both","crr",100000,"get_score_boot","windows_linux","result/Brier/score","se",2,3.68520318427823e-16,4.48982116368853e-13,0.000662138256418422,0.000879795779834176,0.000662138256418719,0.000879795779833808
"both","crr",100000,"get_score_boot","windows_linux","result/AUC/score","times",2,0,0,60,120,60,120
"both","crr",100000,"get_score_boot","windows_linux","result/Brier/score","times",2,0,0,60,120,60,120
"both","crr",100000,"get_score_boot","windows_linux","result/AUC/score","upper",2,0,0,0.804588158348989,0.832403771068146,0.804588158348989,0.832403771068146
"both","crr",100000,"get_score_boot","windows_linux","result/Brier/score","upper",2,1.30451205393456e-15,1.21702614727088e-14,0.0753809801789652,0.107188498526499,0.0753809801789644,0.1071884985265
"both","crr",100000,"get_score_boot","latest_windows_linux","result/AUC/score","AUC",2,0,0,0.802238794721948,0.828812474598555,0.802238794721948,0.828812474598555
"both","crr",100000,"get_score_boot","latest_windows_linux","result/Brier/score","Brier",2,4.57966997657877e-16,6.17324793509985e-15,0.0741857450846852,0.106543952731241,0.0741857450846857,0.106543952731241
"both","crr",100000,"get_score_boot","latest_windows_linux","result/AUC/score","lower",2,0,0,0.799706255123137,0.82478359554159,0.799706255123137,0.82478359554159
"both","crr",100000,"get_score_boot","latest_windows_linux","result/Brier/score","lower",2,8.18789480661053e-16,1.11952500704741e-14,0.0731372211881625,0.105228850350366,0.0731372211881634,0.105228850350366
"both","crr",100000,"get_score_boot","latest_windows_linux","result/AUC/score","se",2,0,0,0.00174557856315107,0.00272803210565251,0.00174557856315107,0.00272803210565251
"both","crr",100000,"get_score_boot","latest_windows_linux","result/Brier/score","se",2,3.68520318427823e-16,4.48982116368853e-13,0.000662138256418422,0.000879795779834176,0.000662138256418719,0.000879795779833808
"both","crr",100000,"get_score_boot","latest_windows_linux","result/AUC/score","times",2,0,0,60,120,60,120
"both","crr",100000,"get_score_boot","latest_windows_linux","result/Brier/score","times",2,0,0,60,120,60,120
"both","crr",100000,"get_score_boot","latest_windows_linux","result/AUC/score","upper",2,0,0,0.804588158348989,0.832403771068146,0.804588158348989,0.832403771068146
"both","crr",100000,"get_score_boot","latest_windows_linux","result/Brier/score","upper",2,1.30451205393456e-15,1.21702614727088e-14,0.0753809801789652,0.107188498526499,0.0753809801789644,0.1071884985265
"both","crr",100000,"fit_hazard","windows_linux","fit","beta",12,9.29922805426031e-13,3.00761727162829e-12,0.00963390072685472,2.95646879491699,0.00963390072688369,2.95646879491618
"both","crr",100000,"fit_hazard","windows_linux","fit","se",12,5.05220865143485e-14,6.07635792604944e-12,0.000925603599757858,0.081468689527365,0.000925603599763483,0.0814686895273698
"both","crr",100000,"get_eff_sub","windows_linux","result/haz_direct","conf.high",3,4.44089209850063e-16,1.9180765986339e-16,2.21386242015552,2.60717832600055,2.21386242015552,2.60717832600055
"both","crr",100000,"get_eff_sub","windows_linux","result/haz_unadj","conf.high",3,1.33226762955019e-15,5.94932518487182e-16,2.23935923512457,2.60873576056916,2.23935923512457,2.60873576056916
"both","crr",100000,"get_eff_sub","windows_linux","result/haz_direct","conf.low",3,4.44089209850063e-16,1.90805194852288e-16,2.02813076214021,2.3274482133144,2.02813076214021,2.3274482133144
"both","crr",100000,"get_eff_sub","windows_linux","result/haz_unadj","conf.low",3,1.33226762955019e-15,5.95980287928584e-16,2.05220561388302,2.32902426422427,2.05220561388302,2.32902426422427
"both","crr",100000,"get_eff_sub","windows_linux","result/haz_direct","estimate",3,0,0,2.1189625946353,2.46334580127152,2.1189625946353,2.46334580127152
"both","crr",100000,"get_eff_sub","windows_linux","result/haz_unadj","estimate",3,0,0,2.14374102769514,2.4649155939535,2.14374102769514,2.4649155939535
"both","crr",100000,"get_eff_sub","windows_linux","result/haz_direct","p.value_0.95",3,2.4637713524688e-224,2.4637713524688e-216,0,7.67215889377424e-213,0,7.6721588937496e-213
"both","crr",100000,"get_eff_sub","windows_linux","result/haz_unadj","p.value_0.95",3,2.37875231104533e-225,2.37875231104533e-217,0,1.9503284422112e-213,0,1.95032844220882e-213
"both","crr",100000,"get_eff_sub","windows_linux","result/haz_direct","p_value",3,2.4637713524688e-224,2.4637713524688e-216,0,7.67215889377424e-213,0,7.6721588937496e-213
"both","crr",100000,"get_eff_sub","windows_linux","result/haz_unadj","p_value",3,2.37875231104533e-225,2.37875231104533e-217,0,1.9503284422112e-213,0,1.95032844220882e-213
"both","crr",100000,"get_cat_no_ci","windows_linux","curve/unadj","ci_lower",434,0,0,0,0.546885189715796,0,0.546885189715796
"both","crr",100000,"get_cat_no_ci","windows_linux","curve/unadj","ci_upper",434,0,0,0,0.583152040140861,0,0.583152040140861
"both","crr",100000,"get_cat_no_ci","windows_linux","UM/haz_direct","conf.high",11,6.87094825480017e-12,4.67247504854343e-13,1,21.6218781628131,1,21.6218781628063
"both","crr",100000,"get_cat_no_ci","windows_linux","UM/haz_unadj","conf.high",11,3.20909521178692e-10,9.3847793714959e-12,1,34.660447357698,1,34.6604473580189
"both","crr",100000,"get_cat_no_ci","windows_linux","UM/sur_direct","conf.high",11,5.12923037376822e-14,1.10165890413177e-12,-0.416704725294192,0,-0.416704725294183,0
"both","crr",100000,"get_cat_no_ci","windows_linux","UM/sur_unadj","conf.high",11,0,0,-0.520467020401606,0,-0.520467020401606,0
"both","crr",100000,"get_cat_no_ci","windows_linux","UM/sur_direct","conf.high_sur",11,7.54951656745106e-14,3.3406795335413e-13,0.0365152519437797,0.495343936884907,0.0365152519437919,0.495343936884983
"both","crr",100000,"get_cat_no_ci","windows_linux","UM/sur_unadj","conf.high_sur",11,0,0,0.0286815997851089,0.583152040140861,0.0286815997851089,0.583152040140861
"both","crr",100000,"get_cat_no_ci","windows_linux","UM/haz_direct","conf.low",11,8.20143952751096e-12,5.38281633654257e-13,1,17.1026241337572,1,17.102624133753
"both","crr",100000,"get_cat_no_ci","windows_linux","UM/haz_unadj","conf.low",11,2.52587284421679e-10,8.95458020537052e-12,1,28.6378289087389,1,28.6378289089915
"both","crr",100000,"get_cat_no_ci","windows_linux","UM/sur_direct","conf.low",11,6.21169782277775e-14,4.66426821160964e-13,-0.461823903624838,0,-0.4618239036249,0
"both","crr",100000,"get_cat_no_ci","windows_linux","UM/sur_unadj","conf.low",11,0,0,-0.557056688671294,0,-0.557056688671294,0
"both","crr",100000,"get_cat_no_ci","windows_linux","UM/sur_direct","conf.low_sur",11,3.86357612569554e-14,4.45389734561483e-13,0.0308783221757115,0.450578266153614,0.0308783221757253,0.450578266153618
"both","crr",100000,"get_cat_no_ci","windows_linux","UM/sur_unadj","conf.low_sur",11,0,0,0.0238319209986479,0.546885189715796,0.0238319209986479,0.546885189715796
"both","crr",100000,"get_cat_no_ci","windows_linux","UM/haz_direct","estimate",11,7.26174675946822e-12,4.30253867386719e-13,1,19.2299468351965,1,19.2299468351911
"both","crr",100000,"get_cat_no_ci","windows_linux","UM/haz_unadj","estimate",11,2.84792633920006e-10,9.16964180380169e-12,1,31.5055544520344,1,31.5055544523192
"both","crr",100000,"get_cat_no_ci","windows_linux","UM/sur_direct","estimate",11,2.692290834716e-14,6.8929784972252e-13,-0.439264314459515,0,-0.439264314459542,0
"both","crr",100000,"get_cat_no_ci","windows_linux","UM/sur_unadj","estimate",11,0,0,-0.53876185453645,0,-0.53876185453645,0
"both","crr",100000,"get_cat_no_ci","windows_linux","UM/sur_direct","estimate_sur",11,3.99125177352744e-14,3.85073258684873e-13,0.0336967870597456,0.472961101519261,0.0336967870597586,0.4729611015193
"both","crr",100000,"get_cat_no_ci","windows_linux","UM/sur_unadj","estimate_sur",11,0,0,0.0262567603918784,0.565018614928328,0.0262567603918784,0.565018614928328
"both","crr",100000,"get_cat_no_ci","windows_linux","UM/haz_direct","p.value_0.95",10,4.21363219095098e-21,4.21363219095098e-13,0,3.22977151581931e-10,0,3.22977151582504e-10
"both","crr",100000,"get_cat_no_ci","windows_linux","UM/haz_unadj","p.value_0.95",10,5.81718473017415e-29,5.81718473017415e-21,0,5.55860800222317e-20,0,5.55860799640599e-20
"both","crr",100000,"get_cat_no_ci","windows_linux","UM/haz_direct","p_value",10,4.21363219095098e-21,4.21363219095098e-13,0,3.22977151581931e-10,0,3.22977151582504e-10
"both","crr",100000,"get_cat_no_ci","windows_linux","UM/haz_unadj","p_value",10,5.81718473017415e-29,5.81718473017415e-21,0,5.55860800222317e-20,0,5.55860799640599e-20
"both","crr",100000,"get_cat_no_ci","windows_linux","UM/sur_direct","p_value",10,2.55109118356254e-19,1.61963614118216e-11,0,1.57510141858191e-08,0,1.57510141860742e-08
"both","crr",100000,"get_cat_no_ci","windows_linux","UM/sur_unadj","p_value",10,0,0,0,1.35519560694793e-14,0,1.35519560694793e-14
"both","crr",100000,"get_cat_no_ci","windows_linux","curve/direct","probability",539,4.03566069451244e-14,3.92157830531654e-13,0,0.58745132409261,0,0.587451324092649
"both","crr",100000,"get_cat_no_ci","windows_linux","curve/unadj","probability",434,0,0,0,0.565018614928328,0,0.565018614928328
"both","crr",100000,"get_cat_no_ci","windows_linux","curve/unadj","se",434,0,0,0,0.0193239079575017,0,0.0193239079575017
"both","crr",100000,"get_cat_no_ci","windows_linux","UM/sur_direct","time",12,0,0,120,120,120,120
"both","crr",100000,"get_cat_no_ci","windows_linux","UM/sur_unadj","time",12,0,0,120,120,120,120
"both","crr",100000,"get_cat_no_ci","windows_linux","curve/direct","time",539,0,0,0,263,0,263
"both","crr",100000,"get_cat_no_ci","windows_linux","curve/unadj","time",434,0,0,0,287,0,287
"both","crr",100000,"get_inter_abs","windows_linux","result/estimates","conf.high",18,1.73307201922768e-12,4.78637652475498e-11,-0.0984975588920281,1.3529390862279,-0.0984975588937611,1.3529390862279
"both","crr",100000,"get_inter_abs","windows_linux","result/risks","conf.high",8,2.26735297204073e-13,9.54288450174273e-13,0.0783827924834662,0.263375547022426,0.0783827924834662,0.263375547022426
"both","crr",100000,"get_inter_abs","windows_linux","result/estimates","conf.low",18,1.96098692839541e-12,2.80124169685125e-11,-0.32487129094293,1.17477170688937,-0.324871290944891,1.17477170688937
"both","crr",100000,"get_inter_abs","windows_linux","result/risks","conf.low",8,1.78052017574259e-13,8.14521579816211e-13,0.0713222589921854,0.250533791095612,0.0713222589921854,0.250533791095612
"both","crr",100000,"get_inter_abs","windows_linux","result/estimates","estimate",18,1.84705029049326e-12,2.97877595774294e-11,-0.211684424917479,1.26071192571709,-0.211684424919326,1.26071192571709
"both","crr",100000,"get_inter_abs","windows_linux","result/risks","estimate",8,2.02393657389166e-13,8.87315458613265e-13,0.0748525257378258,0.256954669059019,0.0748525257378258,0.256954669059019
"both","crr",100000,"get_inter_abs","windows_linux","result/estimates","p.value",18,1.4750700660926e-11,1.17248250414047e-10,1.55021996017849e-241,0.357845197451537,1.55021996017849e-241,0.357845197466288
"both","crr",100000,"get_fit_stats_simple","windows_linux","result/stats","estimate",6,0,0,0.0133823211323646,301243.207366412,0.0133823211323646,301243.207366412
"both","crr",100000,"get_fit_stats_simple","latest_windows_linux","result/stats","estimate",6,0,0,0.0133823211323646,301243.207366412,0.0133823211323646,301243.207366412
"both","crr",100000,"get_fit_stats_simple_boot","windows_linux","result/boot","AIC",20,0,0,295139.798438196,304197.476316619,295139.798438196,304197.476316619
"both","crr",100000,"get_fit_stats_simple_boot","windows_linux","result/boot","BIC",20,0,0,295154.806844803,304205.003946408,295154.806844803,304205.003946408
"both","crr",100000,"get_fit_stats_simple_boot","windows_linux","result/boot","PVE",20,6.93889390390723e-18,2.06951623083767e-16,0.0126726262867257,0.0353657244531031,0.0126726262867257,0.0353657244531031
"both","crr",100000,"get_fit_stats_simple_boot","windows_linux","result/stats","SE",6,1.30104260698261e-18,2.22936976060588e-15,0.000583592111982813,2004.53326809432,0.000583592111982814,2004.53326809432
"both","crr",100000,"get_fit_stats_simple_boot","windows_linux","result/stats","estimate",6,0,0,0.0133823211323646,301243.207366412,0.0133823211323646,301243.207366412
"both","crr",100000,"get_fit_stats_simple_boot","windows_linux","result/stats","lower",6,0,0,0.0127479005445009,297709.904150931,0.0127479005445009,297709.904150931
"both","crr",100000,"get_fit_stats_simple_boot","windows_linux","result/boot","replicate",20,0,0,1,10,1,10
"both","crr",100000,"get_fit_stats_simple_boot","windows_linux","result/stats","upper",6,0,0,0.0146019727741531,303886.293861802,0.0146019727741531,303886.293861802
"both","crr",100000,"get_fit_stats_simple_boot","latest_windows_linux","result/boot","AIC",20,0,0,295139.798438196,304197.476316619,295139.798438196,304197.476316619
"both","crr",100000,"get_fit_stats_simple_boot","latest_windows_linux","result/boot","BIC",20,0,0,295154.806844803,304205.003946408,295154.806844803,304205.003946408
"both","crr",100000,"get_fit_stats_simple_boot","latest_windows_linux","result/boot","PVE",20,6.93889390390723e-18,2.06951623083767e-16,0.0126726262867257,0.0353657244531031,0.0126726262867257,0.0353657244531031
"both","crr",100000,"get_fit_stats_simple_boot","latest_windows_linux","result/stats","SE",6,1.30104260698261e-18,2.22936976060588e-15,0.000583592111982813,2004.53326809432,0.000583592111982814,2004.53326809432
"both","crr",100000,"get_fit_stats_simple_boot","latest_windows_linux","result/stats","estimate",6,0,0,0.0133823211323646,301243.207366412,0.0133823211323646,301243.207366412
"both","crr",100000,"get_fit_stats_simple_boot","latest_windows_linux","result/stats","lower",6,0,0,0.0127479005445009,297709.904150931,0.0127479005445009,297709.904150931
"both","crr",100000,"get_fit_stats_simple_boot","latest_windows_linux","result/boot","replicate",20,0,0,1,10,1,10
"both","crr",100000,"get_fit_stats_simple_boot","latest_windows_linux","result/stats","upper",6,0,0,0.0146019727741531,303886.293861802,0.0146019727741531,303886.293861802
"both","crr",100000,"get_score_all_boot","latest_windows_linux","result/fit.stats/boot","AIC",10,1.2456439435482e-08,4.36947433162237e-14,283899.169729099,289002.334880414,283899.169729101,289002.334880422
"both","crr",100000,"get_score_all_boot","latest_windows_linux","result/AUC/score","AUC",2,0,0,0.802238794721948,0.828812474598555,0.802238794721948,0.828812474598555
"both","crr",100000,"get_score_all_boot","latest_windows_linux","result/fit.stats/boot","BIC",10,1.2456439435482e-08,4.36809291794475e-14,283989.258568774,289092.662068369,283989.258568775,289092.662068377
"both","crr",100000,"get_score_all_boot","latest_windows_linux","result/Brier/score","Brier",2,4.57966997657877e-16,6.17324793509985e-15,0.0741857450846852,0.106543952731241,0.0741857450846857,0.106543952731241
"both","crr",100000,"get_score_all_boot","latest_windows_linux","result/fit.stats/boot","PVE",10,1.06081810002934e-13,7.14960407268695e-13,0.14449462636367,0.151468979378421,0.144494626363658,0.15146897937835
"both","crr",100000,"get_score_all_boot","latest_windows_linux","result/fit.stats/info","R",1,0,0,10,10,10,10
"both","crr",100000,"get_score_all_boot","latest_windows_linux","result/fit.stats/info","R_success",1,0,0,10,10,10,10
"both","crr",100000,"get_score_all_boot","latest_windows_linux","result/fit.stats/stats","SE",3,1.88947524293326e-10,3.50722973570268e-12,0.00206525902771805,1654.99184923722,0.00206525902771081,1654.99184923703
"both","crr",100000,"get_score_all_boot","latest_windows_linux","result/fit.stats/info","bic_n",1,0,0,13601,13601,13601,13601
"both","crr",100000,"get_score_all_boot","latest_windows_linux","result/fit.stats/info","conf_level",1,0,0,0.95,0.95,0.95,0.95
"both","crr",100000,"get_score_all_boot","latest_windows_linux","result/fit.stats/info","df",1,0,0,12,12,12,12
"both","crr",100000,"get_score_all_boot","latest_windows_linux","result/fit.stats/stats","estimate",3,2.15368345379829e-09,1.24103669759004e-13,0.147831530828681,286731.114830857,0.1478315308287,286731.114830855
"both","crr",100000,"get_score_all_boot","latest_windows_linux","result/fit.stats/info","events",1,0,0,13601,13601,13601,13601
"both","crr",100000,"get_score_all_boot","latest_windows_linux","result/fit.stats/info","logLik",1,1.07684172689915e-09,7.51415374822647e-15,-143308.450023838,-143308.450023838,-143308.450023837,-143308.450023837
"both","crr",100000,"get_score_all_boot","latest_windows_linux","result/fit.stats/info","logLik_null",1,0,0,-151307.001920359,-151307.001920359,-151307.001920359,-151307.001920359
"both","crr",100000,"get_score_all_boot","latest_windows_linux","result/AUC/score","lower",2,0,0,0.799706255123137,0.82478359554159,0.799706255123137,0.82478359554159
"both","crr",100000,"get_score_all_boot","latest_windows_linux","result/Brier/score","lower",2,8.18789480661053e-16,1.11952500704741e-14,0.0731372211881625,0.105228850350366,0.0731372211881634,0.105228850350366
"both","crr",100000,"get_score_all_boot","latest_windows_linux","result/fit.stats/stats","lower",3,3.89991328120232e-09,4.99318065569371e-14,0.145081977505032,284254.661976309,0.145081977505039,284254.661976313
"both","crr",100000,"get_score_all_boot","latest_windows_linux","result/fit.stats/info","n",1,0,0,1e+05,1e+05,1e+05,1e+05
"both","crr",100000,"get_score_all_boot","latest_windows_linux","result/fit.stats/info","n_omitted",1,0,0,0,0,0,0
"both","crr",100000,"get_score_all_boot","latest_windows_linux","result/fit.stats/boot","replicate",10,0,0,1,10,1,10
"both","crr",100000,"get_score_all_boot","latest_windows_linux","result/AUC/score","se",2,0,0,0.00174557856315107,0.00272803210565251,0.00174557856315107,0.00272803210565251
"both","crr",100000,"get_score_all_boot","latest_windows_linux","result/Brier/score","se",2,3.68520318427823e-16,4.48982116368853e-13,0.000662138256418422,0.000879795779834176,0.000662138256418719,0.000879795779833808
"both","crr",100000,"get_score_all_boot","latest_windows_linux","result/AUC/score","times",2,0,0,60,120,60,120
"both","crr",100000,"get_score_all_boot","latest_windows_linux","result/Brier/score","times",2,0,0,60,120,60,120
"both","crr",100000,"get_score_all_boot","latest_windows_linux","result/AUC/score","upper",2,0,0,0.804588158348989,0.832403771068146,0.804588158348989,0.832403771068146
"both","crr",100000,"get_score_all_boot","latest_windows_linux","result/Brier/score","upper",2,1.30451205393456e-15,1.21702614727088e-14,0.0753809801789652,0.107188498526499,0.0753809801789644,0.1071884985265
"both","crr",100000,"get_score_all_boot","latest_windows_linux","result/fit.stats/stats","upper",3,5.355104804039e-09,3.56372419701251e-13,0.151327881844437,288930.395815736,0.151327881844383,288930.395815741
"both","crr",100000,"get_score_all","latest_windows_linux","result/AUC/score","AUC",2,0,0,0.803845928413467,0.829936593166262,0.803845928413467,0.829936593166262
"both","crr",100000,"get_score_all","latest_windows_linux","result/Brier/score","Brier",2,1.94289029309402e-16,2.61959385663207e-15,0.0741676152650601,0.10589975082254,0.0741676152650603,0.105899750822539
"both","crr",100000,"get_score_all","latest_windows_linux","result/fit.stats/info","R",1,0,0,0,0,0,0
"both","crr",100000,"get_score_all","latest_windows_linux","result/fit.stats/info","R_success",1,0,0,0,0,0,0
"both","crr",100000,"get_score_all","latest_windows_linux","result/fit.stats/info","bic_n",1,0,0,13601,13601,13601,13601
"both","crr",100000,"get_score_all","latest_windows_linux","result/fit.stats/info","conf_level",1,0,0,0.95,0.95,0.95,0.95
"both","crr",100000,"get_score_all","latest_windows_linux","result/fit.stats/info","df",1,0,0,12,12,12,12
"both","crr",100000,"get_score_all","latest_windows_linux","result/fit.stats/stats","estimate",3,2.15368345379829e-09,1.24103669759004e-13,0.147831530828681,286731.114830857,0.1478315308287,286731.114830855
"both","crr",100000,"get_score_all","latest_windows_linux","result/fit.stats/info","events",1,0,0,13601,13601,13601,13601
"both","crr",100000,"get_score_all","latest_windows_linux","result/fit.stats/info","logLik",1,1.07684172689915e-09,7.51415374822647e-15,-143308.450023838,-143308.450023838,-143308.450023837,-143308.450023837
"both","crr",100000,"get_score_all","latest_windows_linux","result/fit.stats/info","logLik_null",1,0,0,-151307.001920359,-151307.001920359,-151307.001920359,-151307.001920359
"both","crr",100000,"get_score_all","latest_windows_linux","result/AUC/score","lower",2,0,0,0.803221231629608,0.829324578616639,0.803221231629608,0.829324578616639
"both","crr",100000,"get_score_all","latest_windows_linux","result/Brier/score","lower",2,1.80411241501588e-16,2.47381882089029e-15,0.0729282354787246,0.10437501145744,0.0729282354787248,0.10437501145744
"both","crr",100000,"get_score_all","latest_windows_linux","result/fit.stats/info","n",1,0,0,1e+05,1e+05,1e+05,1e+05
"both","crr",100000,"get_score_all","latest_windows_linux","result/fit.stats/info","n_omitted",1,0,0,0,0,0,0
"both","crr",100000,"get_score_all","latest_windows_linux","result/AUC/score","se",2,0,0,0.000312258059050875,0.000318728705622076,0.000312258059050875,0.000318728705622076
"both","crr",100000,"get_score_all","latest_windows_linux","result/Brier/score","se",2,6.61363325216158e-18,1.04588465328447e-14,0.000632348245228792,0.000777942542376693,0.000632348245228799,0.000777942542376695
"both","crr",100000,"get_score_all","latest_windows_linux","result/AUC/score","times",2,0,0,60,120,60,120
"both","crr",100000,"get_score_all","latest_windows_linux","result/Brier/score","times",2,0,0,60,120,60,120
"both","crr",100000,"get_score_all","latest_windows_linux","result/AUC/score","upper",2,0,0,0.804470625197325,0.830548607715884,0.804470625197325,0.830548607715884
"both","crr",100000,"get_score_all","latest_windows_linux","result/Brier/score","upper",2,2.08166817117217e-16,2.76057701245535e-15,0.0754069950513957,0.107424490187639,0.0754069950513959,0.107424490187639
"both","cox",5000,"get_facet","windows_linux","result/sur.data","ci_lower",290,6.66133814775094e-16,1.07295999149579e-15,0.328392173958604,1,0.328392173958604,1
"both","cox",5000,"get_facet","windows_linux","result/sur.data","ci_upper",290,6.66133814775094e-16,9.13042095692306e-16,0.634066196630332,1,0.634066196630332,1
"both","cox",5000,"get_facet","windows_linux","result/sur.data","se",290,3.12250225675825e-16,1.52070732983556e-14,0,0.0779794998997037,0,0.0779794998997038
"both","cox",5000,"get_facet","windows_linux","result/sur.data","surv",290,0,0,0.481229185294468,1,0.481229185294468,1
"both","cox",5000,"get_facet","windows_linux","result/sur.data","time",290,0,0,0,253,0,253
"both","cox",5000,"get_facet","windows_linux","result/insert.data","x",3,0,0,0.5,0.5,0.5,0.5
"both","cox",5000,"get_facet","windows_linux","result/insert.data","y",3,0,0,0.5,0.5,0.5,0.5
"both","cox",5000,"get_facet","windows_linux","result/sur.data","yhat",290,0,0,0.481229185294468,1,0.481229185294468,1
"both","cox",5000,"get_rpa","windows_linux","UM/haz_direct","conf.high",10,0,0,1,54.0384980113128,1,54.0384980113128
"both","cox",5000,"get_rpa","windows_linux","UM/haz_unadj","conf.high",10,0,0,1,60.3551695396433,1,60.3551695396433
"both","cox",5000,"get_rpa","windows_linux","UM/sur_direct","conf.high",10,0,0,0,0.750136808397898,0,0.750136808397898
"both","cox",5000,"get_rpa","windows_linux","UM/sur_unadj","conf.high",10,0,0,0,0.987123862824597,0,0.987123862824597
"both","cox",5000,"get_rpa","windows_linux","UM/sur_direct","conf.high_sur",10,0,0,0.49011460195641,0.97750591279411,0.49011460195641,0.97750591279411
"both","cox",5000,"get_rpa","windows_linux","UM/sur_unadj","conf.high_sur",10,0,0,0.493856198851931,0.979340290436552,0.493856198851931,0.979340290436552
"both","cox",5000,"get_rpa","windows_linux","UM/haz_direct","conf.low",10,0,0,1,19.3729101834695,1,19.3729101834695
"both","cox",5000,"get_rpa","windows_linux","UM/haz_unadj","conf.low",10,0,0,1,21.693172107243,1,21.693172107243
"both","cox",5000,"get_rpa","windows_linux","UM/sur_direct","conf.low",10,0,0,0,0.477050865079235,0,0.477050865079235
"both","cox",5000,"get_rpa","windows_linux","UM/sur_unadj","conf.low",10,0,0,0,0.41707971813178,0,0.41707971813178
"both","cox",5000,"get_rpa","windows_linux","UM/sur_direct","conf.low_sur",10,0,0,0.217758428563039,0.957554791202472,0.217758428563039,0.957554791202472
"both","cox",5000,"get_rpa","windows_linux","UM/sur_unadj","conf.low_sur",10,0,0,0.270429957944055,0.958294326904247,0.270429957944055,0.958294326904247
"both","cox",5000,"get_rpa","windows_linux","tree_groups","count",10,0,0,36,1514,36,1514
"both","cox",5000,"get_rpa","windows_linux","UM/haz_direct","estimate",10,0,0,1,32.355570902439,1,32.355570902439
"both","cox",5000,"get_rpa","windows_linux","UM/haz_unadj","estimate",10,0,0,1,36.1841827375625,1,36.1841827375625
"both","cox",5000,"get_rpa","windows_linux","UM/sur_direct","estimate",10,0,0,0,0.613593836738567,0,0.613593836738567
"both","cox",5000,"get_rpa","windows_linux","UM/sur_unadj","estimate",10,0,0,0,0.550213445561574,0,0.550213445561574
"both","cox",5000,"get_rpa","windows_linux","UM/sur_direct","estimate_sur",10,0,0,0.353936515259724,0.967530351998291,0.353936515259724,0.967530351998291
"both","cox",5000,"get_rpa","windows_linux","UM/sur_unadj","estimate_sur",10,0,0,0.418546712802768,0.968760158364342,0.418546712802768,0.968760158364342
"both","cox",5000,"get_rpa","windows_linux","UM/haz_direct","p.value_0.95",9,0,0,1.51611656745642e-80,4.99933993737434e-05,1.51611656745642e-80,4.99933993737434e-05
"both","cox",5000,"get_rpa","windows_linux","UM/haz_unadj","p.value_0.95",9,0,0,3.18593884898891e-86,3.77811574414747e-05,3.18593884898891e-86,3.77811574414747e-05
"both","cox",5000,"get_rpa","windows_linux","UM/haz_direct","p_value",9,0,0,1.51611656745642e-80,4.99933993737434e-05,1.51611656745642e-80,4.99933993737434e-05
"both","cox",5000,"get_rpa","windows_linux","UM/haz_unadj","p_value",9,0,0,3.18593884898891e-86,3.77811574414747e-05,3.18593884898891e-86,3.77811574414747e-05
"both","cox",5000,"get_rpa","windows_linux","UM/sur_direct","p_value",9,0,0,1.08900079466399e-109,0.000687679122059758,1.08900079466399e-109,0.000687679122059758
"both","cox",5000,"get_rpa","windows_linux","UM/sur_unadj","p_value",9,0,0,1.87830797230557e-21,0.0212882321238742,1.87830797230557e-21,0.0212882321238742
"both","cox",5000,"get_rpa","windows_linux","UM/sur_direct","time",11,0,0,120,120,120,120
"both","cox",5000,"get_rpa","windows_linux","UM/sur_unadj","time",11,0,0,120,120,120,120
"both","cox",5000,"get_fit_stats","windows_linux","result/stats","estimate",6,6.93889390390723e-18,1.53306733747275e-16,0.0452615076604916,11030.4267020355,0.0452615076604916,11030.4267020355
"both","cox",5000,"get_fit_stats","latest_windows_linux","result/stats","estimate",6,6.93889390390723e-18,1.53306733747275e-16,0.0452615076604916,11030.4267020355,0.0452615076604916,11030.4267020355
"both","cox",5000,"get_eff_cat","windows_linux","result/haz_models","conf.high",20,0,0,3.04345994709717,76.4435145239951,3.04345994709717,76.4435145239951
"both","cox",5000,"get_eff_cat","windows_linux","result/haz_models","conf.low",20,0,0,0.812322666262108,32.1441352152532,0.812322666262108,32.1441352152532
"both","cox",5000,"get_eff_cat","windows_linux","result/haz_models","estimate",20,0,0,1.57234585854637,49.5702599064043,1.57234585854637,49.5702599064043
"both","cox",5000,"get_eff_cat","windows_linux","result/haz_models","p.value_0.95",20,0,0,8.22196951371322e-70,0.179239734551374,8.22196951371322e-70,0.179239734551374
"both","cox",5000,"get_eff_cat","windows_linux","result/haz_models","p_value",20,0,0,8.22196951371322e-70,0.179239734551374,8.22196951371322e-70,0.179239734551374
"both","cox",5000,"get_facet_diff_serial","windows_linux","result/diff.data","conf.high",979,5.27355936696949e-16,2.84112549741544e-15,-0.000464240032406237,0.595748808660274,-0.000464240032406237,0.595748808660274
"both","cox",5000,"get_facet_diff_serial","windows_linux","result/forest.data","conf.high",24,2.4980018054066e-16,2.26858196656849e-15,0.0223109495702481,0.227924282119044,0.0223109495702481,0.227924282119044
"both","cox",5000,"get_facet_diff_serial","windows_linux","result/diff.data","conf.high_Female",906,1.11022302462516e-16,1.4405367372471e-16,0.770700944945574,1,0.770700944945573,1
"both","cox",5000,"get_facet_diff_serial","windows_linux","result/forest.data","conf.high_Female",24,1.11022302462516e-16,1.22344484683279e-16,0.848012299516008,0.995382164795685,0.848012299516008,0.995382164795685
"both","cox",5000,"get_facet_diff_serial","windows_linux","result/diff.data","conf.high_Male",784,6.66133814775094e-16,9.13042095692306e-16,0.627747402355645,1,0.627747402355645,1
"both","cox",5000,"get_facet_diff_serial","windows_linux","result/forest.data","conf.high_Male",24,4.44089209850063e-16,5.80316700717659e-16,0.740595524450705,0.986261250224809,0.740595524450705,0.986261250224809
"both","cox",5000,"get_facet_diff_serial","windows_linux","result/diff.data","conf.low",979,5.27355936696949e-16,1.31080480975865e-13,-0.36784428834091,0.157770710324642,-0.36784428834091,0.157770710324642
"both","cox",5000,"get_facet_diff_serial","windows_linux","result/forest.data","conf.low",24,2.63677968348475e-16,8.59848582814306e-14,-0.027106790610034,0.116713707092292,-0.027106790610034,0.116713707092293
"both","cox",5000,"get_facet_diff_serial","windows_linux","result/diff.data","conf.low_Female",906,2.22044604925031e-16,2.56223491771704e-16,0.406397894495705,1,0.406397894495705,1
"both","cox",5000,"get_facet_diff_serial","windows_linux","result/forest.data","conf.low_Female",24,1.11022302462516e-16,1.27985307738873e-16,0.781000133219073,0.980466544216805,0.781000133219073,0.980466544216805
"both","cox",5000,"get_facet_diff_serial","windows_linux","result/diff.data","conf.low_Male",784,6.66133814775094e-16,1.07295999149579e-15,0.328392173958604,1,0.328392173958604,1
"both","cox",5000,"get_facet_diff_serial","windows_linux","result/forest.data","conf.low_Male",24,3.33066907387547e-16,4.77221325992693e-16,0.653365765266002,0.96292490785129,0.653365765266002,0.96292490785129
"both","cox",5000,"get_facet_diff_serial","windows_linux","result/diff.data","estimate",979,0,0,-0.011077308770299,0.272052749305149,-0.011077308770299,0.272052749305149
"both","cox",5000,"get_facet_diff_serial","windows_linux","result/forest.data","estimate",24,0,0,-0.00239792051989296,0.171701925504584,-0.00239792051989296,0.171701925504584
"both","cox",5000,"get_facet_diff_serial","windows_linux","result/diff.data","estimate_Female",906,0,0,0.632401956581869,1,0.632401956581869,1
"both","cox",5000,"get_facet_diff_serial","windows_linux","result/forest.data","estimate_Female",24,0,0,0.814506216367541,0.987896204715995,0.814506216367541,0.987896204715995
"both","cox",5000,"get_facet_diff_serial","windows_linux","result/diff.data","estimate_Male",784,0,0,0.481229185294468,1,0.481229185294468,1
"both","cox",5000,"get_facet_diff_serial","windows_linux","result/forest.data","estimate_Male",24,0,0,0.697209268735059,0.974043040593427,0.697209268735059,0.974043040593427
"both","cox",5000,"get_facet_diff_serial","windows_linux","result/diff.data","p.value_0.95",976,6.59194920871187e-16,1.29777240491616e-13,5.71623223669824e-15,0.999711673114235,5.71623223669876e-15,0.999711673114235
"both","cox",5000,"get_facet_diff_serial","windows_linux","result/forest.data","p.value_0.95",24,4.44089209850063e-16,1.01550702136492e-13,6.07272469915504e-15,0.849145727202918,6.07272469915243e-15,0.849145727202918
"both","cox",5000,"get_facet_diff_serial","windows_linux","result/diff.data","p_value",976,6.59194920871187e-16,1.29777240491616e-13,5.71623223669824e-15,0.999711673114235,5.71623223669876e-15,0.999711673114235
"both","cox",5000,"get_facet_diff_serial","windows_linux","result/forest.data","p_value",24,4.44089209850063e-16,1.01550702136492e-13,6.07272469915504e-15,0.849145727202918,6.07272469915243e-15,0.849145727202918
"both","cox",5000,"get_facet_diff_serial","windows_linux","result/diff.data","time",983,0,0,0,287,0,287
"both","cox",5000,"get_facet_diff_serial","windows_linux","result/forest.data","time",24,0,0,12,120,12,120
"both","cox",5000,"get_fit_stats_boot","windows_linux","result/boot","AIC",20,2.91038304567337e-11,2.79144743011693e-15,9891.99431567595,12134.8404975316,9891.99431567595,12134.8404975316
"both","cox",5000,"get_fit_stats_boot","windows_linux","result/boot","BIC",20,2.91038304567337e-11,2.7768835825281e-15,9946.09954531961,12144.1254711343,9946.09954531961,12144.1254711343
"both","cox",5000,"get_fit_stats_boot","windows_linux","result/boot","PVE",20,4.8017145815038e-15,2.73820914443611e-14,0.0346184328028985,0.195300306031937,0.0346184328028985,0.195300306031937
"both","cox",5000,"get_fit_stats_boot","windows_linux","result/stats","SE",6,1.93267624126747e-12,2.16293770484948e-14,0.00381781415927163,542.830900399306,0.00381781415927163,542.830900399306
"both","cox",5000,"get_fit_stats_boot","windows_linux","result/stats","estimate",6,6.93889390390723e-18,1.53306733747275e-16,0.0452615076604916,11030.4267020355,0.0452615076604916,11030.4267020355
"both","cox",5000,"get_fit_stats_boot","windows_linux","result/stats","lower",6,0,0,0.0357234738443322,10495.2510592702,0.0357234738443322,10495.2510592702
"both","cox",5000,"get_fit_stats_boot","windows_linux","result/boot","replicate",20,0,0,1,10,1,10
"both","cox",5000,"get_fit_stats_boot","windows_linux","result/stats","upper",6,0,0,0.0473191103321445,12084.072361981,0.0473191103321445,12084.072361981
"both","cox",5000,"get_fit_stats_boot","latest_windows_linux","result/boot","AIC",20,2.91038304567337e-11,2.79144743011693e-15,9891.99431567595,12134.8404975316,9891.99431567595,12134.8404975316
"both","cox",5000,"get_fit_stats_boot","latest_windows_linux","result/boot","BIC",20,2.91038304567337e-11,2.7768835825281e-15,9946.09954531961,12144.1254711343,9946.09954531961,12144.1254711343
"both","cox",5000,"get_fit_stats_boot","latest_windows_linux","result/boot","PVE",20,4.8017145815038e-15,2.73820914443611e-14,0.0346184328028985,0.195300306031937,0.0346184328028985,0.195300306031937
"both","cox",5000,"get_fit_stats_boot","latest_windows_linux","result/stats","SE",6,1.93267624126747e-12,2.16293770484948e-14,0.00381781415927163,542.830900399306,0.00381781415927163,542.830900399306
"both","cox",5000,"get_fit_stats_boot","latest_windows_linux","result/stats","estimate",6,6.93889390390723e-18,1.53306733747275e-16,0.0452615076604916,11030.4267020355,0.0452615076604916,11030.4267020355
"both","cox",5000,"get_fit_stats_boot","latest_windows_linux","result/stats","lower",6,0,0,0.0357234738443322,10495.2510592702,0.0357234738443322,10495.2510592702
"both","cox",5000,"get_fit_stats_boot","latest_windows_linux","result/boot","replicate",20,0,0,1,10,1,10
"both","cox",5000,"get_fit_stats_boot","latest_windows_linux","result/stats","upper",6,0,0,0.0473191103321445,12084.072361981,0.0473191103321445,12084.072361981
"both","cox",5000,"get_facet_serial","windows_linux","result/sur.data","ci_lower",290,6.66133814775094e-16,1.07295999149579e-15,0.328392173958604,1,0.328392173958604,1
"both","cox",5000,"get_facet_serial","windows_linux","result/sur.data","ci_upper",290,6.66133814775094e-16,9.13042095692306e-16,0.634066196630332,1,0.634066196630332,1
"both","cox",5000,"get_facet_serial","windows_linux","result/sur.data","se",290,3.12250225675825e-16,1.52070732983556e-14,0,0.0779794998997037,0,0.0779794998997038
"both","cox",5000,"get_facet_serial","windows_linux","result/sur.data","surv",290,0,0,0.481229185294468,1,0.481229185294468,1
"both","cox",5000,"get_facet_serial","windows_linux","result/sur.data","time",290,0,0,0,253,0,253
"both","cox",5000,"get_facet_serial","windows_linux","result/insert.data","x",3,0,0,0.5,0.5,0.5,0.5
"both","cox",5000,"get_facet_serial","windows_linux","result/insert.data","y",3,0,0,0.5,0.5,0.5,0.5
"both","cox",5000,"get_facet_serial","windows_linux","result/sur.data","yhat",290,0,0,0.481229185294468,1,0.481229185294468,1
"both","cox",5000,"curve_direct","windows_linux","result","ci_lower",528,2.44249065417534e-15,9.0679324287183e-15,0.215772194691539,1,0.215772194691539,1
"both","cox",5000,"curve_direct","windows_linux","result","ci_upper",528,2.44249065417534e-15,4.88130075833389e-15,0.417156406252021,1,0.417156406252021,1
"both","cox",5000,"curve_direct","windows_linux","result","probability",528,1.11022302462516e-16,1.31606724602709e-16,0.31646430047178,1,0.31646430047178,1
"both","cox",5000,"curve_direct","windows_linux","result","se",528,1.2490009027033e-15,2.60492646126847e-14,0,0.0881303694057724,0,0.0881303694057726
"both","cox",5000,"curve_direct","windows_linux","result","time",528,0,0,0,253,0,253
"both","cox",5000,"get_facet_diff","windows_linux","result/diff.data","conf.high",979,5.27355936696949e-16,2.84112549741544e-15,-0.000464240032406237,0.595748808660274,-0.000464240032406237,0.595748808660274
"both","cox",5000,"get_facet_diff","windows_linux","result/forest.data","conf.high",24,2.4980018054066e-16,2.26858196656849e-15,0.0223109495702481,0.227924282119044,0.0223109495702481,0.227924282119044
"both","cox",5000,"get_facet_diff","windows_linux","result/diff.data","conf.high_Female",906,1.11022302462516e-16,1.4405367372471e-16,0.770700944945574,1,0.770700944945573,1
"both","cox",5000,"get_facet_diff","windows_linux","result/forest.data","conf.high_Female",24,1.11022302462516e-16,1.22344484683279e-16,0.848012299516008,0.995382164795685,0.848012299516008,0.995382164795685
"both","cox",5000,"get_facet_diff","windows_linux","result/diff.data","conf.high_Male",784,6.66133814775094e-16,9.13042095692306e-16,0.627747402355645,1,0.627747402355645,1
"both","cox",5000,"get_facet_diff","windows_linux","result/forest.data","conf.high_Male",24,4.44089209850063e-16,5.80316700717659e-16,0.740595524450705,0.986261250224809,0.740595524450705,0.986261250224809
"both","cox",5000,"get_facet_diff","windows_linux","result/diff.data","conf.low",979,5.27355936696949e-16,1.31080480975865e-13,-0.36784428834091,0.157770710324642,-0.36784428834091,0.157770710324642
"both","cox",5000,"get_facet_diff","windows_linux","result/forest.data","conf.low",24,2.63677968348475e-16,8.59848582814306e-14,-0.027106790610034,0.116713707092292,-0.027106790610034,0.116713707092293
"both","cox",5000,"get_facet_diff","windows_linux","result/diff.data","conf.low_Female",906,2.22044604925031e-16,2.56223491771704e-16,0.406397894495705,1,0.406397894495705,1
"both","cox",5000,"get_facet_diff","windows_linux","result/forest.data","conf.low_Female",24,1.11022302462516e-16,1.27985307738873e-16,0.781000133219073,0.980466544216805,0.781000133219073,0.980466544216805
"both","cox",5000,"get_facet_diff","windows_linux","result/diff.data","conf.low_Male",784,6.66133814775094e-16,1.07295999149579e-15,0.328392173958604,1,0.328392173958604,1
"both","cox",5000,"get_facet_diff","windows_linux","result/forest.data","conf.low_Male",24,3.33066907387547e-16,4.77221325992693e-16,0.653365765266002,0.96292490785129,0.653365765266002,0.96292490785129
"both","cox",5000,"get_facet_diff","windows_linux","result/diff.data","estimate",979,0,0,-0.011077308770299,0.272052749305149,-0.011077308770299,0.272052749305149
"both","cox",5000,"get_facet_diff","windows_linux","result/forest.data","estimate",24,0,0,-0.00239792051989296,0.171701925504584,-0.00239792051989296,0.171701925504584
"both","cox",5000,"get_facet_diff","windows_linux","result/diff.data","estimate_Female",906,0,0,0.632401956581869,1,0.632401956581869,1
"both","cox",5000,"get_facet_diff","windows_linux","result/forest.data","estimate_Female",24,0,0,0.814506216367541,0.987896204715995,0.814506216367541,0.987896204715995
"both","cox",5000,"get_facet_diff","windows_linux","result/diff.data","estimate_Male",784,0,0,0.481229185294468,1,0.481229185294468,1
"both","cox",5000,"get_facet_diff","windows_linux","result/forest.data","estimate_Male",24,0,0,0.697209268735059,0.974043040593427,0.697209268735059,0.974043040593427
"both","cox",5000,"get_facet_diff","windows_linux","result/diff.data","p.value_0.95",976,6.59194920871187e-16,1.29777240491616e-13,5.71623223669824e-15,0.999711673114235,5.71623223669876e-15,0.999711673114235
"both","cox",5000,"get_facet_diff","windows_linux","result/forest.data","p.value_0.95",24,4.44089209850063e-16,1.01550702136492e-13,6.07272469915504e-15,0.849145727202918,6.07272469915243e-15,0.849145727202918
"both","cox",5000,"get_facet_diff","windows_linux","result/diff.data","p_value",976,6.59194920871187e-16,1.29777240491616e-13,5.71623223669824e-15,0.999711673114235,5.71623223669876e-15,0.999711673114235
"both","cox",5000,"get_facet_diff","windows_linux","result/forest.data","p_value",24,4.44089209850063e-16,1.01550702136492e-13,6.07272469915504e-15,0.849145727202918,6.07272469915243e-15,0.849145727202918
"both","cox",5000,"get_facet_diff","windows_linux","result/diff.data","time",983,0,0,0,287,0,287
"both","cox",5000,"get_facet_diff","windows_linux","result/forest.data","time",24,0,0,12,120,12,120
"both","cox",5000,"get_cat","windows_linux","curve/direct","ci_lower",528,2.44249065417534e-15,9.0679324287183e-15,0.215772194691539,1,0.215772194691539,1
"both","cox",5000,"get_cat","windows_linux","curve/unadj","ci_lower",1488,0,0,0.235067935468534,1,0.235067935468534,1
"both","cox",5000,"get_cat","windows_linux","curve/direct","ci_upper",528,2.44249065417534e-15,4.88130075833389e-15,0.417156406252021,1,0.417156406252021,1
"both","cox",5000,"get_cat","windows_linux","curve/unadj","ci_upper",1488,0,0,0.459946393991276,1,0.459946393991276,1
"both","cox",5000,"get_cat","windows_linux","UM/haz_direct","conf.high",11,0,0,1,39.3946952988299,1,39.3946952988299
"both","cox",5000,"get_cat","windows_linux","UM/haz_unadj","conf.high",11,0,0,1,76.4435145239951,1,76.4435145239951
"both","cox",5000,"get_cat","windows_linux","UM/sur_direct","conf.high",11,1.99840144432528e-15,5.49231050250132e-15,0,0.601097547893278,0,0.601097547893277
"both","cox",5000,"get_cat","windows_linux","UM/sur_unadj","conf.high",11,0,0,0,1.15624971294175,0,1.15624971294175
"both","cox",5000,"get_cat","windows_linux","UM/sur_direct","conf.high_sur",11,1.99840144432528e-15,2.29675831496951e-15,0.553006076016,0.978839634893289,0.553006076016,0.978839634893289
"both","cox",5000,"get_cat","windows_linux","UM/sur_unadj","conf.high_sur",11,0,0,0.459946393991276,0.986925829988921,0.459946393991276,0.986925829988921
"both","cox",5000,"get_cat","windows_linux","UM/haz_direct","conf.low",11,0,0,0.812322666262108,13.9770349444463,0.812322666262108,13.9770349444463
"both","cox",5000,"get_cat","windows_linux","UM/haz_unadj","conf.low",11,0,0,1,32.1441352152532,1,32.1441352152532
"both","cox",5000,"get_cat","windows_linux","UM/sur_direct","conf.low",11,2.02615701994091e-15,2.14124139818298e-14,-0.0114616045322441,0.411431002426494,-0.0114616045322441,0.411431002426494
"both","cox",5000,"get_cat","windows_linux","UM/sur_unadj","conf.low",11,0,0,-0.0716321257216399,0.367376497130795,-0.0716321257216399,0.367376497130795
"both","cox",5000,"get_cat","windows_linux","UM/sur_direct","conf.low_sur",11,1.99840144432528e-15,3.31842621206748e-15,0.365255281868541,0.951950273311023,0.365255281868541,0.951950273311023
"both","cox",5000,"get_cat","windows_linux","UM/sur_unadj","conf.low_sur",11,0,0,0.235067935468534,0.966390942656843,0.235067935468534,0.966390942656843
"both","cox",5000,"get_cat","windows_linux","UM/haz_direct","estimate",11,0,0,1,23.4653155277648,1,23.4653155277648
"both","cox",5000,"get_cat","windows_linux","UM/haz_unadj","estimate",11,0,0,1,49.5702599064043,1,49.5702599064043
"both","cox",5000,"get_cat","windows_linux","UM/sur_direct","estimate",11,0,0,0,0.506264275159886,0,0.506264275159886
"both","cox",5000,"get_cat","windows_linux","UM/sur_unadj","estimate",11,0,0,0,0.627131182528583,0,0.627131182528583
"both","cox",5000,"get_cat","windows_linux","UM/sur_direct","estimate_sur",11,0,0,0.459130678942271,0.965394954102156,0.459130678942271,0.965394954102156
"both","cox",5000,"get_cat","windows_linux","UM/sur_unadj","estimate_sur",11,0,0,0.349473232357701,0.976604414886284,0.349473232357701,0.976604414886284
"both","cox",5000,"get_cat","windows_linux","UM/haz_direct","p.value_0.95",10,0,0,4.53391190087569e-40,0.179239734551374,4.53391190087569e-40,0.179239734551374
"both","cox",5000,"get_cat","windows_linux","UM/haz_unadj","p.value_0.95",10,0,0,8.22196951371322e-70,0.0153470763470404,8.22196951371322e-70,0.0153470763470404
"both","cox",5000,"get_cat","windows_linux","UM/haz_direct","p_value",10,0,0,4.53391190087569e-40,0.179239734551374,4.53391190087569e-40,0.179239734551374
"both","cox",5000,"get_cat","windows_linux","UM/haz_unadj","p_value",10,0,0,8.22196951371322e-70,0.0153470763470404,8.22196951371322e-70,0.0153470763470404
"both","cox",5000,"get_cat","windows_linux","UM/sur_direct","p_value",10,1.47104550762833e-15,1.82631417366669e-13,1.07561783173025e-69,0.21987853035085,1.07561783173256e-69,0.219878530350848
"both","cox",5000,"get_cat","windows_linux","UM/sur_unadj","p_value",10,0,0,1.83526165722642e-21,0.0834012359756297,1.83526165722642e-21,0.0834012359756297
"both","cox",5000,"get_cat","windows_linux","curve/direct","probability",528,1.11022302462516e-16,1.31606724602709e-16,0.31646430047178,1,0.31646430047178,1
"both","cox",5000,"get_cat","windows_linux","curve/unadj","probability",1488,0,0,0.349473232357701,1,0.349473232357701,1
"both","cox",5000,"get_cat","windows_linux","curve/direct","se",528,1.2490009027033e-15,2.60492646126847e-14,0,0.0881303694057724,0,0.0881303694057726
"both","cox",5000,"get_cat","windows_linux","curve/unadj","se",1488,0,0,0,0.313194988586154,0,0.313194988586154
"both","cox",5000,"get_cat","windows_linux","UM/sur_direct","time",12,0,0,120,120,120,120
"both","cox",5000,"get_cat","windows_linux","UM/sur_unadj","time",12,0,0,120,120,120,120
"both","cox",5000,"get_cat","windows_linux","curve/direct","time",528,0,0,0,253,0,253
"both","cox",5000,"get_cat","windows_linux","curve/unadj","time",1488,0,0,1,287,1,287
"both","cox",5000,"get_eff","windows_linux","result/haz_direct","conf.high",11,0,0,1,39.3946952988299,1,39.3946952988299
"both","cox",5000,"get_eff","windows_linux","result/haz_unadj","conf.high",11,0,0,1,76.4435145239951,1,76.4435145239951
"both","cox",5000,"get_eff","windows_linux","result/sur_direct","conf.high",11,1.99840144432528e-15,5.49231050250132e-15,0,0.601097547893278,0,0.601097547893277
"both","cox",5000,"get_eff","windows_linux","result/sur_unadj","conf.high",11,0,0,0,1.15624971294175,0,1.15624971294175
"both","cox",5000,"get_eff","windows_linux","result/sur_direct","conf.high_sur",11,1.99840144432528e-15,2.29675831496951e-15,0.553006076016,0.978839634893289,0.553006076016,0.978839634893289
"both","cox",5000,"get_eff","windows_linux","result/sur_unadj","conf.high_sur",11,0,0,0.459946393991276,0.986925829988921,0.459946393991276,0.986925829988921
"both","cox",5000,"get_eff","windows_linux","result/haz_direct","conf.low",11,0,0,0.812322666262108,13.9770349444463,0.812322666262108,13.9770349444463
"both","cox",5000,"get_eff","windows_linux","result/haz_unadj","conf.low",11,0,0,1,32.1441352152532,1,32.1441352152532
"both","cox",5000,"get_eff","windows_linux","result/sur_direct","conf.low",11,2.02615701994091e-15,2.14124139818298e-14,-0.0114616045322441,0.411431002426494,-0.0114616045322441,0.411431002426494
"both","cox",5000,"get_eff","windows_linux","result/sur_unadj","conf.low",11,0,0,-0.0716321257216399,0.367376497130795,-0.0716321257216399,0.367376497130795
"both","cox",5000,"get_eff","windows_linux","result/sur_direct","conf.low_sur",11,1.99840144432528e-15,3.31842621206748e-15,0.365255281868541,0.951950273311023,0.365255281868541,0.951950273311023
"both","cox",5000,"get_eff","windows_linux","result/sur_unadj","conf.low_sur",11,0,0,0.235067935468534,0.966390942656843,0.235067935468534,0.966390942656843
"both","cox",5000,"get_eff","windows_linux","result/haz_direct","estimate",11,0,0,1,23.4653155277648,1,23.4653155277648
"both","cox",5000,"get_eff","windows_linux","result/haz_unadj","estimate",11,0,0,1,49.5702599064043,1,49.5702599064043
"both","cox",5000,"get_eff","windows_linux","result/sur_direct","estimate",11,0,0,0,0.506264275159886,0,0.506264275159886
"both","cox",5000,"get_eff","windows_linux","result/sur_unadj","estimate",11,0,0,0,0.627131182528583,0,0.627131182528583
"both","cox",5000,"get_eff","windows_linux","result/sur_direct","estimate_sur",11,0,0,0.459130678942271,0.965394954102156,0.459130678942271,0.965394954102156
"both","cox",5000,"get_eff","windows_linux","result/sur_unadj","estimate_sur",11,0,0,0.349473232357701,0.976604414886284,0.349473232357701,0.976604414886284
"both","cox",5000,"get_eff","windows_linux","result/haz_direct","p.value_0.95",10,0,0,4.53391190087569e-40,0.179239734551374,4.53391190087569e-40,0.179239734551374
"both","cox",5000,"get_eff","windows_linux","result/haz_unadj","p.value_0.95",10,0,0,8.22196951371322e-70,0.0153470763470404,8.22196951371322e-70,0.0153470763470404
"both","cox",5000,"get_eff","windows_linux","result/haz_direct","p_value",10,0,0,4.53391190087569e-40,0.179239734551374,4.53391190087569e-40,0.179239734551374
"both","cox",5000,"get_eff","windows_linux","result/haz_unadj","p_value",10,0,0,8.22196951371322e-70,0.0153470763470404,8.22196951371322e-70,0.0153470763470404
"both","cox",5000,"get_eff","windows_linux","result/sur_direct","p_value",10,1.47104550762833e-15,1.82631417366669e-13,1.07561783173025e-69,0.21987853035085,1.07561783173256e-69,0.219878530350848
"both","cox",5000,"get_eff","windows_linux","result/sur_unadj","p_value",10,0,0,1.83526165722642e-21,0.0834012359756297,1.83526165722642e-21,0.0834012359756297
"both","cox",5000,"get_eff","windows_linux","result/sur_direct","time",12,0,0,120,120,120,120
"both","cox",5000,"get_eff","windows_linux","result/sur_unadj","time",12,0,0,120,120,120,120
"both","cox",5000,"get_score","windows_linux","result/AUC/score","AUC",2,0,0,0.827473096510077,0.836782868768149,0.827473096510077,0.836782868768149
"both","cox",5000,"get_score","windows_linux","result/Brier/score","Brier",2,0,0,0.073324598244987,0.104968002414367,0.073324598244987,0.104968002414367
"both","cox",5000,"get_score","windows_linux","result/AUC/score","lower",2,0,0,0.808393624151165,0.817634530035651,0.808393624151165,0.817634530035651
"both","cox",5000,"get_score","windows_linux","result/Brier/score","lower",2,0,0,0.0676772459033097,0.0977787469670733,0.0676772459033097,0.0977787469670733
"both","cox",5000,"get_score","windows_linux","result/AUC/score","se",2,0,0,0.00973460354853921,0.00976974009907195,0.00973460354853921,0.00976974009907195
"both","cox",5000,"get_score","windows_linux","result/Brier/score","se",2,0,0,0.00288135516071872,0.00366805487447821,0.00288135516071872,0.00366805487447821
"both","cox",5000,"get_score","windows_linux","result/AUC/score","times",2,0,0,60,120,60,120
"both","cox",5000,"get_score","windows_linux","result/Brier/score","times",2,0,0,60,120,60,120
"both","cox",5000,"get_score","windows_linux","result/AUC/score","upper",2,0,0,0.84655256886899,0.855931207500647,0.84655256886899,0.855931207500647
"both","cox",5000,"get_score","windows_linux","result/Brier/score","upper",2,0,0,0.0789719505866644,0.112157257861661,0.0789719505866644,0.112157257861661
"both","cox",5000,"get_score","latest_windows_linux","result/AUC/score","AUC",2,0,0,0.827473096510077,0.836782868768149,0.827473096510077,0.836782868768149
"both","cox",5000,"get_score","latest_windows_linux","result/Brier/score","Brier",2,0,0,0.073324598244987,0.104968002414367,0.073324598244987,0.104968002414367
"both","cox",5000,"get_score","latest_windows_linux","result/AUC/score","lower",2,0,0,0.808393624151165,0.817634530035651,0.808393624151165,0.817634530035651
"both","cox",5000,"get_score","latest_windows_linux","result/Brier/score","lower",2,0,0,0.0676772459033097,0.0977787469670733,0.0676772459033097,0.0977787469670733
"both","cox",5000,"get_score","latest_windows_linux","result/AUC/score","se",2,0,0,0.00973460354853921,0.00976974009907195,0.00973460354853921,0.00976974009907195
"both","cox",5000,"get_score","latest_windows_linux","result/Brier/score","se",2,0,0,0.00288135516071872,0.00366805487447821,0.00288135516071872,0.00366805487447821
"both","cox",5000,"get_score","latest_windows_linux","result/AUC/score","times",2,0,0,60,120,60,120
"both","cox",5000,"get_score","latest_windows_linux","result/Brier/score","times",2,0,0,60,120,60,120
"both","cox",5000,"get_score","latest_windows_linux","result/AUC/score","upper",2,0,0,0.84655256886899,0.855931207500647,0.84655256886899,0.855931207500647
"both","cox",5000,"get_score","latest_windows_linux","result/Brier/score","upper",2,0,0,0.0789719505866644,0.112157257861661,0.0789719505866644,0.112157257861661
"both","cox",5000,"get_score_boot","windows_linux","result/AUC/score","AUC",2,0,0,0.820923161758352,0.829847700046317,0.820923161758352,0.829847700046317
"both","cox",5000,"get_score_boot","windows_linux","result/Brier/score","Brier",2,0,0,0.0729089682160116,0.10645894110257,0.0729089682160116,0.10645894110257
"both","cox",5000,"get_score_boot","windows_linux","result/AUC/score","lower",2,0,0,0.796360593050235,0.808701787456127,0.796360593050235,0.808701787456127
"both","cox",5000,"get_score_boot","windows_linux","result/Brier/score","lower",2,0,0,0.0664388606626958,0.100463063498606,0.0664388606626958,0.100463063498606
"both","cox",5000,"get_score_boot","windows_linux","result/AUC/score","se",2,0,0,0.0143700761334054,0.0164151212587068,0.0143700761334054,0.0164151212587068
"both","cox",5000,"get_score_boot","windows_linux","result/Brier/score","se",2,0,0,0.00365893903586328,0.00511330025651134,0.00365893903586328,0.00511330025651134
"both","cox",5000,"get_score_boot","windows_linux","result/AUC/score","times",2,0,0,60,120,60,120
"both","cox",5000,"get_score_boot","windows_linux","result/Brier/score","times",2,0,0,60,120,60,120
"both","cox",5000,"get_score_boot","windows_linux","result/AUC/score","upper",2,0,0,0.846408883368795,0.853587564208547,0.846408883368795,0.853587564208547
"both","cox",5000,"get_score_boot","windows_linux","result/Brier/score","upper",2,0,0,0.0778895553756686,0.116070793044395,0.0778895553756686,0.116070793044395
"both","cox",5000,"get_score_boot","latest_windows_linux","result/AUC/score","AUC",2,0,0,0.820923161758352,0.829847700046317,0.820923161758352,0.829847700046317
"both","cox",5000,"get_score_boot","latest_windows_linux","result/Brier/score","Brier",2,0,0,0.0729089682160116,0.10645894110257,0.0729089682160116,0.10645894110257
"both","cox",5000,"get_score_boot","latest_windows_linux","result/AUC/score","lower",2,0,0,0.796360593050235,0.808701787456127,0.796360593050235,0.808701787456127
"both","cox",5000,"get_score_boot","latest_windows_linux","result/Brier/score","lower",2,0,0,0.0664388606626958,0.100463063498606,0.0664388606626958,0.100463063498606
"both","cox",5000,"get_score_boot","latest_windows_linux","result/AUC/score","se",2,0,0,0.0143700761334054,0.0164151212587068,0.0143700761334054,0.0164151212587068
"both","cox",5000,"get_score_boot","latest_windows_linux","result/Brier/score","se",2,0,0,0.00365893903586328,0.00511330025651134,0.00365893903586328,0.00511330025651134
"both","cox",5000,"get_score_boot","latest_windows_linux","result/AUC/score","times",2,0,0,60,120,60,120
"both","cox",5000,"get_score_boot","latest_windows_linux","result/Brier/score","times",2,0,0,60,120,60,120
"both","cox",5000,"get_score_boot","latest_windows_linux","result/AUC/score","upper",2,0,0,0.846408883368795,0.853587564208547,0.846408883368795,0.853587564208547
"both","cox",5000,"get_score_boot","latest_windows_linux","result/Brier/score","upper",2,0,0,0.0778895553756686,0.116070793044395,0.0778895553756686,0.116070793044395
"both","cox",5000,"fit_hazard","windows_linux","fit","beta",12,3.10862446895044e-15,5.76492411850386e-15,0.0183806462156436,3.15552339589638,0.0183806462156436,3.15552339589637
"both","cox",5000,"fit_hazard","windows_linux","fit","se",12,1.9151347174784e-15,8.95417330385104e-15,0.00428392556727997,0.393553134174484,0.00428392556727997,0.393553134174483
"both","cox",5000,"get_eff_sub","windows_linux","result/haz_direct","conf.high",3,0,0,2.47586351554725,2.93087189635263,2.47586351554725,2.93087189635263
"both","cox",5000,"get_eff_sub","windows_linux","result/haz_unadj","conf.high",3,0,0,2.56534055311235,2.97407125811804,2.56534055311235,2.97407125811804
"both","cox",5000,"get_eff_sub","windows_linux","result/haz_direct","conf.low",3,0,0,1.70043641547565,1.83251812051883,1.70043641547565,1.83251812051883
"both","cox",5000,"get_eff_sub","windows_linux","result/haz_unadj","conf.low",3,0,0,1.76300886173682,1.95066390852334,1.76300886173682,1.95066390852334
"both","cox",5000,"get_eff_sub","windows_linux","result/haz_direct","estimate",3,0,0,2.05184026707346,2.26961032672501,2.05184026707346,2.26961032672501
"both","cox",5000,"get_eff_sub","windows_linux","result/haz_unadj","estimate",3,0,0,2.12666831652468,2.30371962775926,2.12666831652468,2.30371962775926
"both","cox",5000,"get_eff_sub","windows_linux","result/haz_direct","p.value_0.95",3,0,0,1.15067143937507e-22,3.33014252727883e-10,1.15067143937507e-22,3.33014252727883e-10
"both","cox",5000,"get_eff_sub","windows_linux","result/haz_unadj","p.value_0.95",3,0,0,2.16564527473433e-26,1.51303243167921e-10,2.16564527473433e-26,1.51303243167921e-10
"both","cox",5000,"get_eff_sub","windows_linux","result/haz_direct","p_value",3,0,0,1.15067143937507e-22,3.33014252727883e-10,1.15067143937507e-22,3.33014252727883e-10
"both","cox",5000,"get_eff_sub","windows_linux","result/haz_unadj","p_value",3,0,0,2.16564527473433e-26,1.51303243167921e-10,2.16564527473433e-26,1.51303243167921e-10
"both","cox",5000,"get_cat_no_ci","windows_linux","curve/unadj","ci_lower",1488,0,0,0.235067935468534,1,0.235067935468534,1
"both","cox",5000,"get_cat_no_ci","windows_linux","curve/unadj","ci_upper",1488,0,0,0.459946393991276,1,0.459946393991276,1
"both","cox",5000,"get_cat_no_ci","windows_linux","UM/haz_direct","conf.high",11,0,0,1,39.3946952988299,1,39.3946952988299
"both","cox",5000,"get_cat_no_ci","windows_linux","UM/haz_unadj","conf.high",11,0,0,1,76.4435145239951,1,76.4435145239951
"both","cox",5000,"get_cat_no_ci","windows_linux","UM/sur_direct","conf.high",11,1.99840144432528e-15,5.49231050250132e-15,0,0.601097547893278,0,0.601097547893277
"both","cox",5000,"get_cat_no_ci","windows_linux","UM/sur_unadj","conf.high",11,0,0,0,1.15624971294175,0,1.15624971294175
"both","cox",5000,"get_cat_no_ci","windows_linux","UM/sur_direct","conf.high_sur",11,1.99840144432528e-15,2.29675831496951e-15,0.553006076016,0.978839634893289,0.553006076016,0.978839634893289
"both","cox",5000,"get_cat_no_ci","windows_linux","UM/sur_unadj","conf.high_sur",11,0,0,0.459946393991276,0.986925829988921,0.459946393991276,0.986925829988921
"both","cox",5000,"get_cat_no_ci","windows_linux","UM/haz_direct","conf.low",11,0,0,0.812322666262108,13.9770349444463,0.812322666262108,13.9770349444463
"both","cox",5000,"get_cat_no_ci","windows_linux","UM/haz_unadj","conf.low",11,0,0,1,32.1441352152532,1,32.1441352152532
"both","cox",5000,"get_cat_no_ci","windows_linux","UM/sur_direct","conf.low",11,2.02615701994091e-15,2.14124139818298e-14,-0.0114616045322441,0.411431002426494,-0.0114616045322441,0.411431002426494
"both","cox",5000,"get_cat_no_ci","windows_linux","UM/sur_unadj","conf.low",11,0,0,-0.0716321257216399,0.367376497130795,-0.0716321257216399,0.367376497130795
"both","cox",5000,"get_cat_no_ci","windows_linux","UM/sur_direct","conf.low_sur",11,1.99840144432528e-15,3.31842621206748e-15,0.365255281868541,0.951950273311023,0.365255281868541,0.951950273311023
"both","cox",5000,"get_cat_no_ci","windows_linux","UM/sur_unadj","conf.low_sur",11,0,0,0.235067935468534,0.966390942656843,0.235067935468534,0.966390942656843
"both","cox",5000,"get_cat_no_ci","windows_linux","UM/haz_direct","estimate",11,0,0,1,23.4653155277648,1,23.4653155277648
"both","cox",5000,"get_cat_no_ci","windows_linux","UM/haz_unadj","estimate",11,0,0,1,49.5702599064043,1,49.5702599064043
"both","cox",5000,"get_cat_no_ci","windows_linux","UM/sur_direct","estimate",11,0,0,0,0.506264275159886,0,0.506264275159886
"both","cox",5000,"get_cat_no_ci","windows_linux","UM/sur_unadj","estimate",11,0,0,0,0.627131182528583,0,0.627131182528583
"both","cox",5000,"get_cat_no_ci","windows_linux","UM/sur_direct","estimate_sur",11,0,0,0.459130678942271,0.965394954102156,0.459130678942271,0.965394954102156
"both","cox",5000,"get_cat_no_ci","windows_linux","UM/sur_unadj","estimate_sur",11,0,0,0.349473232357701,0.976604414886284,0.349473232357701,0.976604414886284
"both","cox",5000,"get_cat_no_ci","windows_linux","UM/haz_direct","p.value_0.95",10,0,0,4.53391190087569e-40,0.179239734551374,4.53391190087569e-40,0.179239734551374
"both","cox",5000,"get_cat_no_ci","windows_linux","UM/haz_unadj","p.value_0.95",10,0,0,8.22196951371322e-70,0.0153470763470404,8.22196951371322e-70,0.0153470763470404
"both","cox",5000,"get_cat_no_ci","windows_linux","UM/haz_direct","p_value",10,0,0,4.53391190087569e-40,0.179239734551374,4.53391190087569e-40,0.179239734551374
"both","cox",5000,"get_cat_no_ci","windows_linux","UM/haz_unadj","p_value",10,0,0,8.22196951371322e-70,0.0153470763470404,8.22196951371322e-70,0.0153470763470404
"both","cox",5000,"get_cat_no_ci","windows_linux","UM/sur_direct","p_value",10,1.47104550762833e-15,1.82631417366669e-13,1.07561783173025e-69,0.21987853035085,1.07561783173256e-69,0.219878530350848
"both","cox",5000,"get_cat_no_ci","windows_linux","UM/sur_unadj","p_value",10,0,0,1.83526165722642e-21,0.0834012359756297,1.83526165722642e-21,0.0834012359756297
"both","cox",5000,"get_cat_no_ci","windows_linux","curve/direct","probability",528,1.11022302462516e-16,1.31606724602709e-16,0.31646430047178,1,0.31646430047178,1
"both","cox",5000,"get_cat_no_ci","windows_linux","curve/unadj","probability",1488,0,0,0.349473232357701,1,0.349473232357701,1
"both","cox",5000,"get_cat_no_ci","windows_linux","curve/unadj","se",1488,0,0,0,0.313194988586154,0,0.313194988586154
"both","cox",5000,"get_cat_no_ci","windows_linux","UM/sur_direct","time",12,0,0,120,120,120,120
"both","cox",5000,"get_cat_no_ci","windows_linux","UM/sur_unadj","time",12,0,0,120,120,120,120
"both","cox",5000,"get_cat_no_ci","windows_linux","curve/direct","time",528,0,0,0,253,0,253
"both","cox",5000,"get_cat_no_ci","windows_linux","curve/unadj","time",1488,0,0,1,287,1,287
"both","cox",5000,"get_inter_abs","windows_linux","result/estimates","conf.high",18,8.65973959207622e-15,2.88162159408681e-14,0.0418788355991329,2.0938155262446,0.0418788355991325,2.0938155262446
"both","cox",5000,"get_inter_abs","windows_linux","result/risks","conf.high",8,1.55431223447522e-15,5.4746386562765e-15,0.0897612397249258,0.365186288030985,0.0897612397249258,0.365186288030985
"both","cox",5000,"get_inter_abs","windows_linux","result/estimates","conf.low",18,5.55111512312578e-15,2.96875405995975e-14,-0.52782281723997,1.01448406072695,-0.527822817239964,1.01448406072695
"both","cox",5000,"get_inter_abs","windows_linux","result/risks","conf.low",8,1.52655665885959e-15,7.92538489145128e-15,0.0565045307526634,0.263557156560469,0.0565045307526634,0.263557156560469
"both","cox",5000,"get_inter_abs","windows_linux","result/estimates","estimate",18,0,0,-0.0602180563126061,1.45744381623367,-0.0602180563126061,1.45744381623367
"both","cox",5000,"get_inter_abs","windows_linux","result/risks","estimate",8,0,0,0.0731328852387946,0.314371722295727,0.0731328852387946,0.314371722295727
"both","cox",5000,"get_inter_abs","windows_linux","result/estimates","p.value",18,3.33066907387547e-15,4.36817565408869e-13,3.30697907471912e-13,0.976712507343629,3.30697907471894e-13,0.976712507343629
"both","cox",5000,"get_fit_stats_simple","windows_linux","result/stats","estimate",6,6.93889390390723e-18,1.53306733747275e-16,0.0263246515003321,11122.0807696638,0.0263246515003321,11122.0807696638
"both","cox",5000,"get_fit_stats_simple","latest_windows_linux","result/stats","estimate",6,6.93889390390723e-18,1.53306733747275e-16,0.0263246515003321,11122.0807696638,0.0263246515003321,11122.0807696638
"both","cox",5000,"get_fit_stats_simple_boot","windows_linux","result/boot","AIC",20,3.63797880709171e-12,3.0873740200788e-16,10459.6334288773,12234.1758654474,10459.6334288773,12234.1758654474
"both","cox",5000,"get_fit_stats_simple_boot","windows_linux","result/boot","BIC",20,3.63797880709171e-12,3.08616892107375e-16,10468.6179085474,12238.8183522487,10468.6179085474,12238.8183522487
"both","cox",5000,"get_fit_stats_simple_boot","windows_linux","result/boot","PVE",20,7.11236625150491e-16,3.48312886775543e-14,0.0204194749075942,0.0474537130088179,0.0204194749075949,0.0474537130088179
"both","cox",5000,"get_fit_stats_simple_boot","windows_linux","result/stats","SE",6,2.27373675443232e-13,5.70210109216383e-14,0.00271521089732518,547.909582660672,0.00271521089732502,547.909582660672
"both","cox",5000,"get_fit_stats_simple_boot","windows_linux","result/stats","estimate",6,6.93889390390723e-18,1.53306733747275e-16,0.0263246515003321,11122.0807696638,0.0263246515003321,11122.0807696638
"both","cox",5000,"get_fit_stats_simple_boot","windows_linux","result/stats","lower",6,5.51642065360625e-16,2.6561498099651e-14,0.0207684846423581,10574.6524100383,0.0207684846423586,10574.6524100383
"both","cox",5000,"get_fit_stats_simple_boot","windows_linux","result/boot","replicate",20,0,0,1,10,1,10
"both","cox",5000,"get_fit_stats_simple_boot","windows_linux","result/stats","upper",6,3.46944695195361e-18,1.20752561841087e-16,0.0287318703558396,12177.9390594698,0.0287318703558396,12177.9390594698
"both","cox",5000,"get_fit_stats_simple_boot","latest_windows_linux","result/boot","AIC",20,3.63797880709171e-12,3.0873740200788e-16,10459.6334288773,12234.1758654474,10459.6334288773,12234.1758654474
"both","cox",5000,"get_fit_stats_simple_boot","latest_windows_linux","result/boot","BIC",20,3.63797880709171e-12,3.08616892107375e-16,10468.6179085474,12238.8183522487,10468.6179085474,12238.8183522487
"both","cox",5000,"get_fit_stats_simple_boot","latest_windows_linux","result/boot","PVE",20,7.11236625150491e-16,3.48312886775543e-14,0.0204194749075942,0.0474537130088179,0.0204194749075949,0.0474537130088179
"both","cox",5000,"get_fit_stats_simple_boot","latest_windows_linux","result/stats","SE",6,2.27373675443232e-13,5.70210109216383e-14,0.00271521089732518,547.909582660672,0.00271521089732502,547.909582660672
"both","cox",5000,"get_fit_stats_simple_boot","latest_windows_linux","result/stats","estimate",6,6.93889390390723e-18,1.53306733747275e-16,0.0263246515003321,11122.0807696638,0.0263246515003321,11122.0807696638
"both","cox",5000,"get_fit_stats_simple_boot","latest_windows_linux","result/stats","lower",6,5.51642065360625e-16,2.6561498099651e-14,0.0207684846423581,10574.6524100383,0.0207684846423586,10574.6524100383
"both","cox",5000,"get_fit_stats_simple_boot","latest_windows_linux","result/boot","replicate",20,0,0,1,10,1,10
"both","cox",5000,"get_fit_stats_simple_boot","latest_windows_linux","result/stats","upper",6,3.46944695195361e-18,1.20752561841087e-16,0.0287318703558396,12177.9390594698,0.0287318703558396,12177.9390594698
"both","cox",5000,"get_score_all_boot","latest_windows_linux","result/fit.stats/boot","AIC",10,0,0,10207.7957326914,10903.9869725876,10207.7957326914,10903.9869725876
"both","cox",5000,"get_score_all_boot","latest_windows_linux","result/AUC/score","AUC",2,0,0,0.820923161758352,0.829847700046317,0.820923161758352,0.829847700046317
"both","cox",5000,"get_score_all_boot","latest_windows_linux","result/fit.stats/boot","BIC",10,0,0,10262.2707641589,10959.054090318,10262.2707641589,10959.054090318
"both","cox",5000,"get_score_all_boot","latest_windows_linux","result/Brier/score","Brier",2,0,0,0.0729089682160116,0.10645894110257,0.0729089682160116,0.10645894110257
"both","cox",5000,"get_score_all_boot","latest_windows_linux","result/fit.stats/boot","PVE",10,2.77555756156289e-17,1.69784277484073e-16,0.14765651085028,0.192183361455046,0.14765651085028,0.192183361455046
"both","cox",5000,"get_score_all_boot","latest_windows_linux","result/fit.stats/info","R",1,0,0,10,10,10,10
"both","cox",5000,"get_score_all_boot","latest_windows_linux","result/fit.stats/info","R_success",1,0,0,10,10,10,10
"both","cox",5000,"get_score_all_boot","latest_windows_linux","result/fit.stats/stats","SE",3,1.73472347597681e-18,1.38797225620606e-16,0.0124982575712181,260.464739486917,0.0124982575712181,260.464739486917
"both","cox",5000,"get_score_all_boot","latest_windows_linux","result/fit.stats/info","bic_n",1,0,0,698,698,698,698
"both","cox",5000,"get_score_all_boot","latest_windows_linux","result/fit.stats/info","conf_level",1,0,0,0.95,0.95,0.95,0.95
"both","cox",5000,"get_score_all_boot","latest_windows_linux","result/fit.stats/info","df",1,0,0,12,12,12,12
"both","cox",5000,"get_score_all_boot","latest_windows_linux","result/fit.stats/stats","estimate",3,0,0,0.163465552736576,10435.0600272569,0.163465552736576,10435.0600272569
"both","cox",5000,"get_score_all_boot","latest_windows_linux","result/fit.stats/info","events",1,0,0,698,698,698,698
"both","cox",5000,"get_score_all_boot","latest_windows_linux","result/fit.stats/info","logLik",1,0,0,-5178.2406990119,-5178.2406990119,-5178.2406990119,-5178.2406990119
"both","cox",5000,"get_score_all_boot","latest_windows_linux","result/fit.stats/info","logLik_null",1,0,0,-5624.45964694167,-5624.45964694167,-5624.45964694167,-5624.45964694167
"both","cox",5000,"get_score_all_boot","latest_windows_linux","result/AUC/score","lower",2,0,0,0.796360593050235,0.808701787456127,0.796360593050235,0.808701787456127
"both","cox",5000,"get_score_all_boot","latest_windows_linux","result/Brier/score","lower",2,0,0,0.0664388606626958,0.100463063498606,0.0664388606626958,0.100463063498606
"both","cox",5000,"get_score_all_boot","latest_windows_linux","result/fit.stats/stats","lower",3,0,0,0.150474056468435,10267.5426792746,0.150474056468435,10267.5426792746
"both","cox",5000,"get_score_all_boot","latest_windows_linux","result/fit.stats/info","n",1,0,0,5000,5000,5000,5000
"both","cox",5000,"get_score_all_boot","latest_windows_linux","result/fit.stats/info","n_omitted",1,0,0,0,0,0,0
"both","cox",5000,"get_score_all_boot","latest_windows_linux","result/fit.stats/boot","replicate",10,0,0,1,10,1,10
"both","cox",5000,"get_score_all_boot","latest_windows_linux","result/AUC/score","se",2,0,0,0.0143700761334054,0.0164151212587068,0.0143700761334054,0.0164151212587068
"both","cox",5000,"get_score_all_boot","latest_windows_linux","result/Brier/score","se",2,0,0,0.00365893903586328,0.00511330025651134,0.00365893903586328,0.00511330025651134
"both","cox",5000,"get_score_all_boot","latest_windows_linux","result/AUC/score","times",2,0,0,60,120,60,120
"both","cox",5000,"get_score_all_boot","latest_windows_linux","result/Brier/score","times",2,0,0,60,120,60,120
"both","cox",5000,"get_score_all_boot","latest_windows_linux","result/AUC/score","upper",2,0,0,0.846408883368795,0.853587564208547,0.846408883368795,0.853587564208547
"both","cox",5000,"get_score_all_boot","latest_windows_linux","result/Brier/score","upper",2,0,0,0.0778895553756686,0.116070793044395,0.0778895553756686,0.116070793044395
"both","cox",5000,"get_score_all_boot","latest_windows_linux","result/fit.stats/stats","upper",3,0,0,0.190279365560397,10936.4995645307,0.190279365560397,10936.4995645307
"both","cox",5000,"get_score_all","latest_windows_linux","result/AUC/score","AUC",2,0,0,0.827473096510077,0.836782868768149,0.827473096510077,0.836782868768149
"both","cox",5000,"get_score_all","latest_windows_linux","result/Brier/score","Brier",2,0,0,0.073324598244987,0.104968002414367,0.073324598244987,0.104968002414367
"both","cox",5000,"get_score_all","latest_windows_linux","result/fit.stats/info","R",1,0,0,0,0,0,0
"both","cox",5000,"get_score_all","latest_windows_linux","result/fit.stats/info","R_success",1,0,0,0,0,0,0
"both","cox",5000,"get_score_all","latest_windows_linux","result/fit.stats/info","bic_n",1,0,0,698,698,698,698
"both","cox",5000,"get_score_all","latest_windows_linux","result/fit.stats/info","conf_level",1,0,0,0.95,0.95,0.95,0.95
"both","cox",5000,"get_score_all","latest_windows_linux","result/fit.stats/info","df",1,0,0,12,12,12,12
"both","cox",5000,"get_score_all","latest_windows_linux","result/fit.stats/stats","estimate",3,0,0,0.163465552736576,10435.0600272569,0.163465552736576,10435.0600272569
"both","cox",5000,"get_score_all","latest_windows_linux","result/fit.stats/info","events",1,0,0,698,698,698,698
"both","cox",5000,"get_score_all","latest_windows_linux","result/fit.stats/info","logLik",1,0,0,-5178.2406990119,-5178.2406990119,-5178.2406990119,-5178.2406990119
"both","cox",5000,"get_score_all","latest_windows_linux","result/fit.stats/info","logLik_null",1,0,0,-5624.45964694167,-5624.45964694167,-5624.45964694167,-5624.45964694167
"both","cox",5000,"get_score_all","latest_windows_linux","result/AUC/score","lower",2,0,0,0.808393624151165,0.817634530035651,0.808393624151165,0.817634530035651
"both","cox",5000,"get_score_all","latest_windows_linux","result/Brier/score","lower",2,0,0,0.0676772459033097,0.0977787469670733,0.0676772459033097,0.0977787469670733
"both","cox",5000,"get_score_all","latest_windows_linux","result/fit.stats/info","n",1,0,0,5000,5000,5000,5000
"both","cox",5000,"get_score_all","latest_windows_linux","result/fit.stats/info","n_omitted",1,0,0,0,0,0,0
"both","cox",5000,"get_score_all","latest_windows_linux","result/AUC/score","se",2,0,0,0.00973460354853921,0.00976974009907195,0.00973460354853921,0.00976974009907195
"both","cox",5000,"get_score_all","latest_windows_linux","result/Brier/score","se",2,0,0,0.00288135516071872,0.00366805487447821,0.00288135516071872,0.00366805487447821
"both","cox",5000,"get_score_all","latest_windows_linux","result/AUC/score","times",2,0,0,60,120,60,120
"both","cox",5000,"get_score_all","latest_windows_linux","result/Brier/score","times",2,0,0,60,120,60,120
"both","cox",5000,"get_score_all","latest_windows_linux","result/AUC/score","upper",2,0,0,0.84655256886899,0.855931207500647,0.84655256886899,0.855931207500647
"both","cox",5000,"get_score_all","latest_windows_linux","result/Brier/score","upper",2,0,0,0.0789719505866644,0.112157257861661,0.0789719505866644,0.112157257861661
"both","cox",10000,"get_facet","windows_linux","result/sur.data","ci_lower",294,6.66133814775094e-16,1.02926540895135e-15,0.384027126673009,1,0.384027126673009,1
"both","cox",10000,"get_facet","windows_linux","result/sur.data","ci_upper",294,6.66133814775094e-16,9.42992513000815e-16,0.59102839832726,1,0.59102839832726,1
"both","cox",10000,"get_facet","windows_linux","result/sur.data","se",294,3.27862736959617e-16,2.40130200705446e-14,0,0.0528074171992573,0,0.0528074171992574
"both","cox",10000,"get_facet","windows_linux","result/sur.data","surv",294,1.11022302462516e-16,1.34459142082523e-16,0.487527762500134,1,0.487527762500134,1
"both","cox",10000,"get_facet","windows_linux","result/sur.data","time",294,0,0,0,253,0,253
"both","cox",10000,"get_facet","windows_linux","result/insert.data","x",3,0,0,0.5,0.5,0.5,0.5
"both","cox",10000,"get_facet","windows_linux","result/insert.data","y",3,0,0,0.5,0.5,0.5,0.5
"both","cox",10000,"get_facet","windows_linux","result/sur.data","yhat",294,1.11022302462516e-16,1.34459142082523e-16,0.487527762500134,1,0.487527762500134,1
"both","cox",10000,"get_rpa","windows_linux","UM/haz_direct","conf.high",18,0,0,1,84.7307706111949,1,84.7307706111949
"both","cox",10000,"get_rpa","windows_linux","UM/haz_unadj","conf.high",18,0,0,1,100.935427260532,1,100.935427260532
"both","cox",10000,"get_rpa","windows_linux","UM/sur_direct","conf.high",18,5.71764857681956e-14,8.90009016783369e-14,0,0.843738673216194,0,0.843738673216189
"both","cox",10000,"get_rpa","windows_linux","UM/sur_unadj","conf.high",16,0,0,0,1.17571834675703,0,1.17571834675703
"both","cox",10000,"get_rpa","windows_linux","UM/sur_direct","conf.high_sur",18,5.71764857681956e-14,6.89984237881118e-14,0.286294714024908,1,0.286294714024903,1
"both","cox",10000,"get_rpa","windows_linux","UM/sur_unadj","conf.high_sur",16,0,0,0.504235463556485,1,0.504235463556485,1
"both","cox",10000,"get_rpa","windows_linux","UM/haz_direct","conf.low",18,0,0,0.122895937741319,40.6277981066354,0.122895937741319,40.6277981066354
"both","cox",10000,"get_rpa","windows_linux","UM/haz_unadj","conf.low",18,0,0,0.151340097409354,48.6369809085172,0.151340097409354,48.6369809085172
"both","cox",10000,"get_rpa","windows_linux","UM/sur_direct","conf.low",18,5.72319969194268e-14,3.98023824814174e-13,-0.0507817704576292,0.685927169837392,-0.0507817704576256,0.685927169837397
"both","cox",10000,"get_rpa","windows_linux","UM/sur_unadj","conf.low",16,0,0,-0.0559966955177694,0.397000889914185,-0.0559966955177694,0.397000889914185
"both","cox",10000,"get_rpa","windows_linux","UM/sur_direct","conf.low_sur",18,5.72875080706581e-14,1.73471040557847e-13,0.129161877693102,0.965251252526113,0.129161877693106,0.965251252526113
"both","cox",10000,"get_rpa","windows_linux","UM/sur_unadj","conf.low_sur",16,0,0,0.191525597704272,0.967862961119048,0.191525597704272,0.967862961119048
"both","cox",10000,"get_rpa","windows_linux","tree_groups","count",18,0,0,24,2288,24,2288
"both","cox",10000,"get_rpa","windows_linux","UM/haz_direct","estimate",18,0,0,0.889102726423063,58.6721794533939,0.889102726423063,58.6721794533939
"both","cox",10000,"get_rpa","windows_linux","UM/haz_unadj","estimate",18,0,0,1,70.065643853914,1,70.065643853914
"both","cox",10000,"get_rpa","windows_linux","UM/sur_direct","estimate",18,0,0,-0.00300354661373603,0.764832921526793,-0.00300354661373603,0.764832921526793
"both","cox",10000,"get_rpa","windows_linux","UM/sur_unadj","estimate",16,0,0,0,0.652207857788721,0,0.652207857788721
"both","cox",10000,"get_rpa","windows_linux","UM/sur_direct","estimate_sur",18,0,0,0.207728295859005,0.975564763999534,0.207728295859005,0.975564763999534
"both","cox",10000,"get_rpa","windows_linux","UM/sur_unadj","estimate_sur",16,0,0,0.323265306122449,0.97547316391117,0.323265306122449,0.97547316391117
"both","cox",10000,"get_rpa","windows_linux","UM/haz_direct","p.value_0.95",17,0,0,6.67149426388216e-105,0.90732030417626,6.67149426388216e-105,0.90732030417626
"both","cox",10000,"get_rpa","windows_linux","UM/haz_unadj","p.value_0.95",17,0,0,3.22302509638285e-115,0.928914998341644,3.22302509638285e-115,0.928914998341644
"both","cox",10000,"get_rpa","windows_linux","UM/haz_direct","p_value",17,0,0,6.67149426388216e-105,0.90732030417626,6.67149426388216e-105,0.90732030417626
"both","cox",10000,"get_rpa","windows_linux","UM/haz_unadj","p_value",17,0,0,3.22302509638285e-115,0.928914998341644,3.22302509638285e-115,0.928914998341644
"both","cox",10000,"get_rpa","windows_linux","UM/sur_direct","p_value",17,7.32747196252603e-15,2.38766508283176e-12,4.07907786914871e-135,0.901939344790782,4.07907786922233e-135,0.901939344790774
"both","cox",10000,"get_rpa","windows_linux","UM/sur_unadj","p_value",15,0,0,1.95398978020887e-33,0.833593151254687,1.95398978020887e-33,0.833593151254687
"both","cox",10000,"get_rpa","windows_linux","UM/sur_direct","time",19,0,0,120,120,120,120
"both","cox",10000,"get_rpa","windows_linux","UM/sur_unadj","time",19,0,0,120,120,120,120
"both","cox",10000,"get_fit_stats","windows_linux","result/stats","estimate",6,0,0,0.043382719925229,23962.8641027021,0.043382719925229,23962.8641027021
"both","cox",10000,"get_fit_stats","latest_windows_linux","result/stats","estimate",6,0,0,0.043382719925229,23962.8641027021,0.043382719925229,23962.8641027021
"both","cox",10000,"get_eff_cat","windows_linux","result/haz_models","conf.high",20,0,0,2.34520093022589,62.3092229196797,2.34520093022589,62.3092229196797
"both","cox",10000,"get_eff_cat","windows_linux","result/haz_models","conf.low",20,0,0,1.06998255480202,34.3307887679265,1.06998255480202,34.3307887679265
"both","cox",10000,"get_eff_cat","windows_linux","result/haz_models","estimate",20,0,0,1.59675694422664,46.2506731880647,1.59675694422664,46.2506731880647
"both","cox",10000,"get_eff_cat","windows_linux","result/haz_models","p.value_0.95",20,0,0,2.80448300826051e-140,0.0242264124005158,2.80448300826051e-140,0.0242264124005158
"both","cox",10000,"get_eff_cat","windows_linux","result/haz_models","p_value",20,0,0,2.80448300826051e-140,0.0242264124005158,2.80448300826051e-140,0.0242264124005158
"both","cox",10000,"get_facet_diff_serial","windows_linux","result/diff.data","conf.high",1046,6.66133814775094e-16,3.47173764459734e-15,0,0.500698553825821,0,0.500698553825821
"both","cox",10000,"get_facet_diff_serial","windows_linux","result/forest.data","conf.high",24,2.35922392732846e-16,2.2798899755379e-15,0.0191135256417022,0.204533422556299,0.0191135256417022,0.204533422556299
"both","cox",10000,"get_facet_diff_serial","windows_linux","result/diff.data","conf.high_Female",984,4.44089209850063e-16,4.89068858986089e-16,0.744885150664226,1,0.744885150664226,1
"both","cox",10000,"get_facet_diff_serial","windows_linux","result/forest.data","conf.high_Female",24,1.11022302462516e-16,1.22510602892211e-16,0.839885031185772,0.993991175791169,0.839885031185772,0.993991175791169
"both","cox",10000,"get_facet_diff_serial","windows_linux","result/diff.data","conf.high_Male",893,8.88178419700125e-16,1.20739758739478e-15,0.59102839832726,1,0.59102839832726,1
"both","cox",10000,"get_facet_diff_serial","windows_linux","result/forest.data","conf.high_Male",24,2.22044604925031e-16,3.03841052981286e-16,0.730791980696259,0.983380850815136,0.730791980696259,0.983380850815136
"both","cox",10000,"get_facet_diff_serial","windows_linux","result/diff.data","conf.low",1046,6.66133814775094e-16,1.67554670077745e-14,-0.35754310367155,0.169918663376719,-0.35754310367155,0.169918663376719
"both","cox",10000,"get_facet_diff_serial","windows_linux","result/forest.data","conf.low",24,2.35922392732846e-16,1.03970432725557e-14,-0.0155003719378561,0.129814437696749,-0.0155003719378561,0.129814437696749
"both","cox",10000,"get_facet_diff_serial","windows_linux","result/diff.data","conf.low_Female",984,4.44089209850063e-16,5.0430391996207e-16,0.394104786908388,1,0.394104786908388,1
"both","cox",10000,"get_facet_diff_serial","windows_linux","result/forest.data","conf.low_Female",24,1.11022302462516e-16,1.19912532333166e-16,0.792853317677694,0.983753689314683,0.792853317677694,0.983753689314683
"both","cox",10000,"get_facet_diff_serial","windows_linux","result/diff.data","conf.low_Male",893,8.88178419700125e-16,1.35756032444766e-15,0.384027126673009,1,0.384027126673009,1
"both","cox",10000,"get_facet_diff_serial","windows_linux","result/forest.data","conf.low_Male",24,3.33066907387547e-16,4.22773879655623e-16,0.672548556734925,0.967796587664093,0.672548556734925,0.967796587664093
"both","cox",10000,"get_facet_diff_serial","windows_linux","result/diff.data","estimate",1046,1.11022302462516e-16,1.59812075466274e-15,-0.00437001102836521,0.28336117880366,-0.00437001102836521,0.28336117880366
"both","cox",10000,"get_facet_diff_serial","windows_linux","result/forest.data","estimate",24,0,0,0.00216349368503377,0.166517683404346,0.00216349368503377,0.166517683404346
"both","cox",10000,"get_facet_diff_serial","windows_linux","result/diff.data","estimate_Female",984,0,0,0.589968192523889,1,0.589968192523889,1
"both","cox",10000,"get_facet_diff_serial","windows_linux","result/forest.data","estimate_Female",24,0,0,0.816369174431733,0.988859184277924,0.816369174431733,0.988859184277924
"both","cox",10000,"get_facet_diff_serial","windows_linux","result/diff.data","estimate_Male",893,1.11022302462516e-16,1.34459142082523e-16,0.487527762500134,1,0.487527762500134,1
"both","cox",10000,"get_facet_diff_serial","windows_linux","result/forest.data","estimate_Male",24,0,0,0.701670268715592,0.975588719239615,0.701670268715592,0.975588719239615
"both","cox",10000,"get_facet_diff_serial","windows_linux","result/diff.data","p.value_0.95",1043,1.02695629777827e-15,3.49807741454239e-13,1.12640707576324e-29,0.952997320286684,1.12640707576347e-29,0.952997320286684
"both","cox",10000,"get_facet_diff_serial","windows_linux","result/forest.data","p.value_0.95",24,2.53269627492614e-16,1.22133217443455e-13,1.46746834215299e-29,0.810284527564831,1.467468342154e-29,0.810284527564831
"both","cox",10000,"get_facet_diff_serial","windows_linux","result/diff.data","p_value",1043,1.02695629777827e-15,3.49807741454239e-13,1.12640707576324e-29,0.952997320286684,1.12640707576347e-29,0.952997320286684
"both","cox",10000,"get_facet_diff_serial","windows_linux","result/forest.data","p_value",24,2.53269627492614e-16,1.22133217443455e-13,1.46746834215299e-29,0.810284527564831,1.467468342154e-29,0.810284527564831
"both","cox",10000,"get_facet_diff_serial","windows_linux","result/diff.data","time",1051,0,0,0,287,0,287
"both","cox",10000,"get_facet_diff_serial","windows_linux","result/forest.data","time",24,0,0,12,120,12,120
"both","cox",10000,"get_fit_stats_boot","windows_linux","result/boot","AIC",20,0,0,22324.8131063056,26173.7627955981,22324.8131063056,26173.7627955981
"both","cox",10000,"get_fit_stats_boot","windows_linux","result/boot","BIC",20,0,0,22387.518883979,26184.418356675,22387.518883979,26184.418356675
"both","cox",10000,"get_fit_stats_boot","windows_linux","result/boot","PVE",20,2.77555756156289e-17,1.70389770231169e-16,0.0373545563798773,0.18398421082284,0.0373545563798773,0.18398421082284
"both","cox",10000,"get_fit_stats_boot","windows_linux","result/stats","SE",6,1.73472347597681e-18,3.41739256009671e-16,0.00507616097791152,752.81060515494,0.00507616097791152,752.81060515494
"both","cox",10000,"get_fit_stats_boot","windows_linux","result/stats","estimate",6,0,0,0.043382719925229,23962.8641027021,0.043382719925229,23962.8641027021
"both","cox",10000,"get_fit_stats_boot","windows_linux","result/stats","lower",6,0,0,0.0379810319137883,23557.4305424561,0.0379810319137883,23557.4305424561
"both","cox",10000,"get_fit_stats_boot","windows_linux","result/boot","replicate",20,0,0,1,10,1,10
"both","cox",10000,"get_fit_stats_boot","windows_linux","result/stats","upper",6,1.38777878078145e-17,2.61243027854407e-16,0.0531221365859711,25965.6553011175,0.0531221365859711,25965.6553011175
"both","cox",10000,"get_fit_stats_boot","latest_windows_linux","result/boot","AIC",20,0,0,22324.8131063056,26173.7627955981,22324.8131063056,26173.7627955981
"both","cox",10000,"get_fit_stats_boot","latest_windows_linux","result/boot","BIC",20,0,0,22387.518883979,26184.418356675,22387.518883979,26184.418356675
"both","cox",10000,"get_fit_stats_boot","latest_windows_linux","result/boot","PVE",20,2.77555756156289e-17,1.70389770231169e-16,0.0373545563798773,0.18398421082284,0.0373545563798773,0.18398421082284
"both","cox",10000,"get_fit_stats_boot","latest_windows_linux","result/stats","SE",6,1.73472347597681e-18,3.41739256009671e-16,0.00507616097791152,752.81060515494,0.00507616097791152,752.81060515494
"both","cox",10000,"get_fit_stats_boot","latest_windows_linux","result/stats","estimate",6,0,0,0.043382719925229,23962.8641027021,0.043382719925229,23962.8641027021
"both","cox",10000,"get_fit_stats_boot","latest_windows_linux","result/stats","lower",6,0,0,0.0379810319137883,23557.4305424561,0.0379810319137883,23557.4305424561
"both","cox",10000,"get_fit_stats_boot","latest_windows_linux","result/boot","replicate",20,0,0,1,10,1,10
"both","cox",10000,"get_fit_stats_boot","latest_windows_linux","result/stats","upper",6,1.38777878078145e-17,2.61243027854407e-16,0.0531221365859711,25965.6553011175,0.0531221365859711,25965.6553011175
"both","cox",10000,"get_facet_serial","windows_linux","result/sur.data","ci_lower",294,6.66133814775094e-16,1.02926540895135e-15,0.384027126673009,1,0.384027126673009,1
"both","cox",10000,"get_facet_serial","windows_linux","result/sur.data","ci_upper",294,6.66133814775094e-16,9.42992513000815e-16,0.59102839832726,1,0.59102839832726,1
"both","cox",10000,"get_facet_serial","windows_linux","result/sur.data","se",294,3.27862736959617e-16,2.40130200705446e-14,0,0.0528074171992573,0,0.0528074171992574
"both","cox",10000,"get_facet_serial","windows_linux","result/sur.data","surv",294,1.11022302462516e-16,1.34459142082523e-16,0.487527762500134,1,0.487527762500134,1
"both","cox",10000,"get_facet_serial","windows_linux","result/sur.data","time",294,0,0,0,253,0,253
"both","cox",10000,"get_facet_serial","windows_linux","result/insert.data","x",3,0,0,0.5,0.5,0.5,0.5
"both","cox",10000,"get_facet_serial","windows_linux","result/insert.data","y",3,0,0,0.5,0.5,0.5,0.5
"both","cox",10000,"get_facet_serial","windows_linux","result/sur.data","yhat",294,1.11022302462516e-16,1.34459142082523e-16,0.487527762500134,1,0.487527762500134,1
"both","cox",10000,"curve_direct","windows_linux","result","ci_lower",539,3.44169137633799e-15,8.78061851748765e-15,0.230980590607937,1,0.230980590607938,1
"both","cox",10000,"curve_direct","windows_linux","result","ci_upper",539,3.33066907387547e-15,6.2659629040816e-15,0.372829549150247,1,0.372829549150246,1
"both","cox",10000,"curve_direct","windows_linux","result","probability",539,1.11022302462516e-16,1.60331425293065e-16,0.301905069879092,1,0.301905069879092,1
"both","cox",10000,"curve_direct","windows_linux","result","se",539,1.70696790036118e-15,4.4669936778644e-14,0,0.0624666266916439,0,0.0624666266916428
"both","cox",10000,"curve_direct","windows_linux","result","time",539,0,0,0,253,0,253
"both","cox",10000,"get_facet_diff","windows_linux","result/diff.data","conf.high",1046,6.66133814775094e-16,3.47173764459734e-15,0,0.500698553825821,0,0.500698553825821
"both","cox",10000,"get_facet_diff","windows_linux","result/forest.data","conf.high",24,2.35922392732846e-16,2.2798899755379e-15,0.0191135256417022,0.204533422556299,0.0191135256417022,0.204533422556299
"both","cox",10000,"get_facet_diff","windows_linux","result/diff.data","conf.high_Female",984,4.44089209850063e-16,4.89068858986089e-16,0.744885150664226,1,0.744885150664226,1
"both","cox",10000,"get_facet_diff","windows_linux","result/forest.data","conf.high_Female",24,1.11022302462516e-16,1.22510602892211e-16,0.839885031185772,0.993991175791169,0.839885031185772,0.993991175791169
"both","cox",10000,"get_facet_diff","windows_linux","result/diff.data","conf.high_Male",893,8.88178419700125e-16,1.20739758739478e-15,0.59102839832726,1,0.59102839832726,1
"both","cox",10000,"get_facet_diff","windows_linux","result/forest.data","conf.high_Male",24,2.22044604925031e-16,3.03841052981286e-16,0.730791980696259,0.983380850815136,0.730791980696259,0.983380850815136
"both","cox",10000,"get_facet_diff","windows_linux","result/diff.data","conf.low",1046,6.66133814775094e-16,1.67554670077745e-14,-0.35754310367155,0.169918663376719,-0.35754310367155,0.169918663376719
"both","cox",10000,"get_facet_diff","windows_linux","result/forest.data","conf.low",24,2.35922392732846e-16,1.03970432725557e-14,-0.0155003719378561,0.129814437696749,-0.0155003719378561,0.129814437696749
"both","cox",10000,"get_facet_diff","windows_linux","result/diff.data","conf.low_Female",984,4.44089209850063e-16,5.0430391996207e-16,0.394104786908388,1,0.394104786908388,1
"both","cox",10000,"get_facet_diff","windows_linux","result/forest.data","conf.low_Female",24,1.11022302462516e-16,1.19912532333166e-16,0.792853317677694,0.983753689314683,0.792853317677694,0.983753689314683
"both","cox",10000,"get_facet_diff","windows_linux","result/diff.data","conf.low_Male",893,8.88178419700125e-16,1.35756032444766e-15,0.384027126673009,1,0.384027126673009,1
"both","cox",10000,"get_facet_diff","windows_linux","result/forest.data","conf.low_Male",24,3.33066907387547e-16,4.22773879655623e-16,0.672548556734925,0.967796587664093,0.672548556734925,0.967796587664093
"both","cox",10000,"get_facet_diff","windows_linux","result/diff.data","estimate",1046,1.11022302462516e-16,1.59812075466274e-15,-0.00437001102836521,0.28336117880366,-0.00437001102836521,0.28336117880366
"both","cox",10000,"get_facet_diff","windows_linux","result/forest.data","estimate",24,0,0,0.00216349368503377,0.166517683404346,0.00216349368503377,0.166517683404346
"both","cox",10000,"get_facet_diff","windows_linux","result/diff.data","estimate_Female",984,0,0,0.589968192523889,1,0.589968192523889,1
"both","cox",10000,"get_facet_diff","windows_linux","result/forest.data","estimate_Female",24,0,0,0.816369174431733,0.988859184277924,0.816369174431733,0.988859184277924
"both","cox",10000,"get_facet_diff","windows_linux","result/diff.data","estimate_Male",893,1.11022302462516e-16,1.34459142082523e-16,0.487527762500134,1,0.487527762500134,1
"both","cox",10000,"get_facet_diff","windows_linux","result/forest.data","estimate_Male",24,0,0,0.701670268715592,0.975588719239615,0.701670268715592,0.975588719239615
"both","cox",10000,"get_facet_diff","windows_linux","result/diff.data","p.value_0.95",1043,1.02695629777827e-15,3.49807741454239e-13,1.12640707576324e-29,0.952997320286684,1.12640707576347e-29,0.952997320286684
"both","cox",10000,"get_facet_diff","windows_linux","result/forest.data","p.value_0.95",24,2.53269627492614e-16,1.22133217443455e-13,1.46746834215299e-29,0.810284527564831,1.467468342154e-29,0.810284527564831
"both","cox",10000,"get_facet_diff","windows_linux","result/diff.data","p_value",1043,1.02695629777827e-15,3.49807741454239e-13,1.12640707576324e-29,0.952997320286684,1.12640707576347e-29,0.952997320286684
"both","cox",10000,"get_facet_diff","windows_linux","result/forest.data","p_value",24,2.53269627492614e-16,1.22133217443455e-13,1.46746834215299e-29,0.810284527564831,1.467468342154e-29,0.810284527564831
"both","cox",10000,"get_facet_diff","windows_linux","result/diff.data","time",1051,0,0,0,287,0,287
"both","cox",10000,"get_facet_diff","windows_linux","result/forest.data","time",24,0,0,12,120,12,120
"both","cox",10000,"get_cat","windows_linux","curve/direct","ci_lower",539,3.44169137633799e-15,8.78061851748765e-15,0.230980590607937,1,0.230980590607938,1
"both","cox",10000,"get_cat","windows_linux","curve/unadj","ci_lower",1673,0,0,0.265089194435474,1,0.265089194435474,1
"both","cox",10000,"get_cat","windows_linux","curve/direct","ci_upper",539,3.33066907387547e-15,6.2659629040816e-15,0.372829549150247,1,0.372829549150246,1
"both","cox",10000,"get_cat","windows_linux","curve/unadj","ci_upper",1673,1.11022302462516e-16,1.54157490799849e-16,0.395608153285778,1,0.395608153285778,1
"both","cox",10000,"get_cat","windows_linux","UM/haz_direct","conf.high",11,0,0,1,33.1581162593582,1,33.1581162593582
"both","cox",10000,"get_cat","windows_linux","UM/haz_unadj","conf.high",11,0,0,1,62.3092229196797,1,62.3092229196797
"both","cox",10000,"get_cat","windows_linux","UM/sur_direct","conf.high",11,2.33146835171283e-15,6.32857156812082e-15,0,0.585140648315752,0,0.585140648315753
"both","cox",10000,"get_cat","windows_linux","UM/sur_unadj","conf.high",11,0,0,0,0.851247003753574,0,0.851247003753574
"both","cox",10000,"get_cat","windows_linux","UM/sur_direct","conf.high_sur",11,2.44249065417534e-15,3.08844280221198e-15,0.512992932377987,0.973615673614378,0.512992932377988,0.973615673614378
"both","cox",10000,"get_cat","windows_linux","UM/sur_unadj","conf.high_sur",11,0,0,0.395608153285778,0.982305084629681,0.395608153285778,0.982305084629681
"both","cox",10000,"get_cat","windows_linux","UM/haz_direct","conf.low",11,0,0,1,16.1362023656938,1,16.1362023656938
"both","cox",10000,"get_cat","windows_linux","UM/haz_unadj","conf.low",11,0,0,1,34.3307887679265,1,34.3307887679265
"both","cox",10000,"get_cat","windows_linux","UM/sur_direct","conf.low",11,2.33146835171283e-15,4.06124772874519e-14,0,0.450138492247588,0,0.450138492247588
"both","cox",10000,"get_cat","windows_linux","UM/sur_unadj","conf.low",11,0,0,0,0.450592106852725,0,0.450592106852725
"both","cox",10000,"get_cat","windows_linux","UM/sur_direct","conf.low_sur",11,2.33146835171283e-15,3.91233316850227e-15,0.379413238462408,0.954069637789357,0.379413238462407,0.954069637789357
"both","cox",10000,"get_cat","windows_linux","UM/sur_unadj","conf.low_sur",11,0,0,0.265089194435474,0.967269232059891,0.265089194435474,0.967269232059891
"both","cox",10000,"get_cat","windows_linux","UM/haz_direct","estimate",11,0,0,1,23.131062967927,1,23.131062967927
"both","cox",10000,"get_cat","windows_linux","UM/haz_unadj","estimate",11,0,0,1,46.2506731880647,1,46.2506731880647
"both","cox",10000,"get_cat","windows_linux","UM/sur_direct","estimate",11,0,0,0,0.51763957028167,0,0.51763957028167
"both","cox",10000,"get_cat","windows_linux","UM/sur_unadj","estimate",11,0,0,0,0.65091955530315,0,0.65091955530315
"both","cox",10000,"get_cat","windows_linux","UM/sur_direct","estimate_sur",11,0,0,0.446203085420197,0.963842655701868,0.446203085420197,0.963842655701868
"both","cox",10000,"get_cat","windows_linux","UM/sur_unadj","estimate_sur",11,0,0,0.323838612068778,0.974758167371927,0.323838612068778,0.974758167371927
"both","cox",10000,"get_cat","windows_linux","UM/haz_direct","p.value_0.95",10,0,0,4.13127068979328e-81,0.0242264124005158,4.13127068979328e-81,0.0242264124005158
"both","cox",10000,"get_cat","windows_linux","UM/haz_unadj","p.value_0.95",10,0,0,2.80448300826051e-140,0.000233365283282522,2.80448300826051e-140,0.000233365283282522
"both","cox",10000,"get_cat","windows_linux","UM/haz_direct","p_value",10,0,0,4.13127068979328e-81,0.0242264124005158,4.13127068979328e-81,0.0242264124005158
"both","cox",10000,"get_cat","windows_linux","UM/haz_unadj","p_value",10,0,0,2.80448300826051e-140,0.000233365283282522,2.80448300826051e-140,0.000233365283282522
"both","cox",10000,"get_cat","windows_linux","UM/sur_direct","p_value",10,9.8358821087885e-16,7.24368787662727e-13,6.24255693189985e-137,0.0429748693079168,6.2425569317809e-137,0.0429748693079169
"both","cox",10000,"get_cat","windows_linux","UM/sur_unadj","p_value",10,0,0,1.26393675473012e-40,0.00569452749871182,1.26393675473012e-40,0.00569452749871182
"both","cox",10000,"get_cat","windows_linux","curve/direct","probability",539,1.11022302462516e-16,1.60331425293065e-16,0.301905069879092,1,0.301905069879092,1
"both","cox",10000,"get_cat","windows_linux","curve/unadj","probability",1673,0,0,0.323838612068778,1,0.323838612068778,1
"both","cox",10000,"get_cat","windows_linux","curve/direct","se",539,1.70696790036118e-15,4.4669936778644e-14,0,0.0624666266916439,0,0.0624666266916428
"both","cox",10000,"get_cat","windows_linux","curve/unadj","se",1673,0,0,0,0.1732765605826,0,0.1732765605826
"both","cox",10000,"get_cat","windows_linux","UM/sur_direct","time",12,0,0,120,120,120,120
"both","cox",10000,"get_cat","windows_linux","UM/sur_unadj","time",12,0,0,120,120,120,120
"both","cox",10000,"get_cat","windows_linux","curve/direct","time",539,0,0,0,253,0,253
"both","cox",10000,"get_cat","windows_linux","curve/unadj","time",1673,0,0,1,287,1,287
"both","cox",10000,"get_eff","windows_linux","result/haz_direct","conf.high",11,0,0,1,33.1581162593582,1,33.1581162593582
"both","cox",10000,"get_eff","windows_linux","result/haz_unadj","conf.high",11,0,0,1,62.3092229196797,1,62.3092229196797
"both","cox",10000,"get_eff","windows_linux","result/sur_direct","conf.high",11,2.33146835171283e-15,6.32857156812082e-15,0,0.585140648315752,0,0.585140648315753
"both","cox",10000,"get_eff","windows_linux","result/sur_unadj","conf.high",11,0,0,0,0.851247003753574,0,0.851247003753574
"both","cox",10000,"get_eff","windows_linux","result/sur_direct","conf.high_sur",11,2.44249065417534e-15,3.08844280221198e-15,0.512992932377987,0.973615673614378,0.512992932377988,0.973615673614378
"both","cox",10000,"get_eff","windows_linux","result/sur_unadj","conf.high_sur",11,0,0,0.395608153285778,0.982305084629681,0.395608153285778,0.982305084629681
"both","cox",10000,"get_eff","windows_linux","result/haz_direct","conf.low",11,0,0,1,16.1362023656938,1,16.1362023656938
"both","cox",10000,"get_eff","windows_linux","result/haz_unadj","conf.low",11,0,0,1,34.3307887679265,1,34.3307887679265
"both","cox",10000,"get_eff","windows_linux","result/sur_direct","conf.low",11,2.33146835171283e-15,4.06124772874519e-14,0,0.450138492247588,0,0.450138492247588
"both","cox",10000,"get_eff","windows_linux","result/sur_unadj","conf.low",11,0,0,0,0.450592106852725,0,0.450592106852725
"both","cox",10000,"get_eff","windows_linux","result/sur_direct","conf.low_sur",11,2.33146835171283e-15,3.91233316850227e-15,0.379413238462408,0.954069637789357,0.379413238462407,0.954069637789357
"both","cox",10000,"get_eff","windows_linux","result/sur_unadj","conf.low_sur",11,0,0,0.265089194435474,0.967269232059891,0.265089194435474,0.967269232059891
"both","cox",10000,"get_eff","windows_linux","result/haz_direct","estimate",11,0,0,1,23.131062967927,1,23.131062967927
"both","cox",10000,"get_eff","windows_linux","result/haz_unadj","estimate",11,0,0,1,46.2506731880647,1,46.2506731880647
"both","cox",10000,"get_eff","windows_linux","result/sur_direct","estimate",11,0,0,0,0.51763957028167,0,0.51763957028167
"both","cox",10000,"get_eff","windows_linux","result/sur_unadj","estimate",11,0,0,0,0.65091955530315,0,0.65091955530315
"both","cox",10000,"get_eff","windows_linux","result/sur_direct","estimate_sur",11,0,0,0.446203085420197,0.963842655701868,0.446203085420197,0.963842655701868
"both","cox",10000,"get_eff","windows_linux","result/sur_unadj","estimate_sur",11,0,0,0.323838612068778,0.974758167371927,0.323838612068778,0.974758167371927
"both","cox",10000,"get_eff","windows_linux","result/haz_direct","p.value_0.95",10,0,0,4.13127068979328e-81,0.0242264124005158,4.13127068979328e-81,0.0242264124005158
"both","cox",10000,"get_eff","windows_linux","result/haz_unadj","p.value_0.95",10,0,0,2.80448300826051e-140,0.000233365283282522,2.80448300826051e-140,0.000233365283282522
"both","cox",10000,"get_eff","windows_linux","result/haz_direct","p_value",10,0,0,4.13127068979328e-81,0.0242264124005158,4.13127068979328e-81,0.0242264124005158
"both","cox",10000,"get_eff","windows_linux","result/haz_unadj","p_value",10,0,0,2.80448300826051e-140,0.000233365283282522,2.80448300826051e-140,0.000233365283282522
"both","cox",10000,"get_eff","windows_linux","result/sur_direct","p_value",10,9.8358821087885e-16,7.24368787662727e-13,6.24255693189985e-137,0.0429748693079168,6.2425569317809e-137,0.0429748693079169
"both","cox",10000,"get_eff","windows_linux","result/sur_unadj","p_value",10,0,0,1.26393675473012e-40,0.00569452749871182,1.26393675473012e-40,0.00569452749871182
"both","cox",10000,"get_eff","windows_linux","result/sur_direct","time",12,0,0,120,120,120,120
"both","cox",10000,"get_eff","windows_linux","result/sur_unadj","time",12,0,0,120,120,120,120
"both","cox",10000,"get_score","windows_linux","result/AUC/score","AUC",2,0,0,0.829670659018919,0.843277650999617,0.829670659018919,0.843277650999617
"both","cox",10000,"get_score","windows_linux","result/Brier/score","Brier",2,0,0,0.073800104652391,0.104657677685225,0.073800104652391,0.104657677685225
"both","cox",10000,"get_score","windows_linux","result/AUC/score","lower",2,0,0,0.816211782814823,0.830055049847726,0.816211782814823,0.830055049847726
"both","cox",10000,"get_score","windows_linux","result/Brier/score","lower",2,0,0,0.069836928954954,0.0995076915797981,0.069836928954954,0.0995076915797981
"both","cox",10000,"get_score","windows_linux","result/AUC/score","se",2,0,0,0.00674634904324221,0.00686689975441291,0.00674634904324221,0.00686689975441291
"both","cox",10000,"get_score","windows_linux","result/Brier/score","se",2,0,0,0.00202206557298914,0.00262759221396357,0.00202206557298914,0.00262759221396357
"both","cox",10000,"get_score","windows_linux","result/AUC/score","times",2,0,0,60,120,60,120
"both","cox",10000,"get_score","windows_linux","result/Brier/score","times",2,0,0,60,120,60,120
"both","cox",10000,"get_score","windows_linux","result/AUC/score","upper",2,0,0,0.843129535223016,0.856500252151508,0.843129535223016,0.856500252151508
"both","cox",10000,"get_score","windows_linux","result/Brier/score","upper",2,0,0,0.0777632803498281,0.109807663790651,0.0777632803498281,0.109807663790651
"both","cox",10000,"get_score","latest_windows_linux","result/AUC/score","AUC",2,0,0,0.829670659018919,0.843277650999617,0.829670659018919,0.843277650999617
"both","cox",10000,"get_score","latest_windows_linux","result/Brier/score","Brier",2,0,0,0.073800104652391,0.104657677685225,0.073800104652391,0.104657677685225
"both","cox",10000,"get_score","latest_windows_linux","result/AUC/score","lower",2,0,0,0.816211782814823,0.830055049847726,0.816211782814823,0.830055049847726
"both","cox",10000,"get_score","latest_windows_linux","result/Brier/score","lower",2,0,0,0.069836928954954,0.0995076915797981,0.069836928954954,0.0995076915797981
"both","cox",10000,"get_score","latest_windows_linux","result/AUC/score","se",2,0,0,0.00674634904324221,0.00686689975441291,0.00674634904324221,0.00686689975441291
"both","cox",10000,"get_score","latest_windows_linux","result/Brier/score","se",2,0,0,0.00202206557298914,0.00262759221396357,0.00202206557298914,0.00262759221396357
"both","cox",10000,"get_score","latest_windows_linux","result/AUC/score","times",2,0,0,60,120,60,120
"both","cox",10000,"get_score","latest_windows_linux","result/Brier/score","times",2,0,0,60,120,60,120
"both","cox",10000,"get_score","latest_windows_linux","result/AUC/score","upper",2,0,0,0.843129535223016,0.856500252151508,0.843129535223016,0.856500252151508
"both","cox",10000,"get_score","latest_windows_linux","result/Brier/score","upper",2,0,0,0.0777632803498281,0.109807663790651,0.0777632803498281,0.109807663790651
"both","cox",10000,"get_score_boot","windows_linux","result/AUC/score","AUC",2,0,0,0.825961377359368,0.839617701072715,0.825961377359368,0.839617701072715
"both","cox",10000,"get_score_boot","windows_linux","result/Brier/score","Brier",2,0,0,0.0740604982650469,0.105608576465885,0.0740604982650469,0.105608576465885
"both","cox",10000,"get_score_boot","windows_linux","result/AUC/score","lower",2,0,0,0.81816738010673,0.831334729750804,0.81816738010673,0.831334729750804
"both","cox",10000,"get_score_boot","windows_linux","result/Brier/score","lower",2,0,0,0.0709326500872903,0.0999406738727796,0.0709326500872903,0.0999406738727796
"both","cox",10000,"get_score_boot","windows_linux","result/AUC/score","se",2,0,0,0.00814107846701768,0.0084751908811369,0.00814107846701768,0.0084751908811369
"both","cox",10000,"get_score_boot","windows_linux","result/Brier/score","se",2,1.30104260698261e-18,3.95641210951179e-16,0.00186061814489503,0.00328844056425444,0.00186061814489503,0.00328844056425444
"both","cox",10000,"get_score_boot","windows_linux","result/AUC/score","times",2,0,0,60,120,60,120
"both","cox",10000,"get_score_boot","windows_linux","result/Brier/score","times",2,0,0,60,120,60,120
"both","cox",10000,"get_score_boot","windows_linux","result/AUC/score","upper",2,0,0,0.842770862520156,0.855898422563949,0.842770862520156,0.855898422563949
"both","cox",10000,"get_score_boot","windows_linux","result/Brier/score","upper",2,0,0,0.0767110434330184,0.110098744411398,0.0767110434330184,0.110098744411398
"both","cox",10000,"get_score_boot","latest_windows_linux","result/AUC/score","AUC",2,0,0,0.825961377359368,0.839617701072715,0.825961377359368,0.839617701072715
"both","cox",10000,"get_score_boot","latest_windows_linux","result/Brier/score","Brier",2,0,0,0.0740604982650469,0.105608576465885,0.0740604982650469,0.105608576465885
"both","cox",10000,"get_score_boot","latest_windows_linux","result/AUC/score","lower",2,0,0,0.81816738010673,0.831334729750804,0.81816738010673,0.831334729750804
"both","cox",10000,"get_score_boot","latest_windows_linux","result/Brier/score","lower",2,0,0,0.0709326500872903,0.0999406738727796,0.0709326500872903,0.0999406738727796
"both","cox",10000,"get_score_boot","latest_windows_linux","result/AUC/score","se",2,0,0,0.00814107846701768,0.0084751908811369,0.00814107846701768,0.0084751908811369
"both","cox",10000,"get_score_boot","latest_windows_linux","result/Brier/score","se",2,1.30104260698261e-18,3.95641210951179e-16,0.00186061814489503,0.00328844056425444,0.00186061814489503,0.00328844056425444
"both","cox",10000,"get_score_boot","latest_windows_linux","result/AUC/score","times",2,0,0,60,120,60,120
"both","cox",10000,"get_score_boot","latest_windows_linux","result/Brier/score","times",2,0,0,60,120,60,120
"both","cox",10000,"get_score_boot","latest_windows_linux","result/AUC/score","upper",2,0,0,0.842770862520156,0.855898422563949,0.842770862520156,0.855898422563949
"both","cox",10000,"get_score_boot","latest_windows_linux","result/Brier/score","upper",2,0,0,0.0767110434330184,0.110098744411398,0.0767110434330184,0.110098744411398
"both","cox",10000,"fit_hazard","windows_linux","fit","beta",12,0,0,0.0171378772039092,3.14117643143158,0.0171378772039092,3.14117643143158
"both","cox",10000,"fit_hazard","windows_linux","fit","se",12,0,0,0.00306268600802785,0.258063286460843,0.00306268600802785,0.258063286460843
"both","cox",10000,"get_eff_sub","windows_linux","result/haz_direct","conf.high",3,0,0,2.27379465245783,2.81769854377507,2.27379465245783,2.81769854377507
"both","cox",10000,"get_eff_sub","windows_linux","result/haz_unadj","conf.high",3,0,0,2.33248124644997,2.845116602445,2.33248124644997,2.845116602445
"both","cox",10000,"get_eff_sub","windows_linux","result/haz_direct","conf.low",3,0,0,1.74098787635863,1.96840952148721,1.74098787635863,1.96840952148721
"both","cox",10000,"get_eff_sub","windows_linux","result/haz_unadj","conf.low",3,0,0,1.78637187631862,2.00759230473881,1.78637187631862,2.00759230473881
"both","cox",10000,"get_eff_sub","windows_linux","result/haz_direct","estimate",3,0,0,1.98963537444883,2.35507635592723,1.98963537444883,2.35507635592723
"both","cox",10000,"get_eff_sub","windows_linux","result/haz_unadj","estimate",3,0,0,2.04124444903074,2.37819274759275,2.04124444903074,2.37819274759275
"both","cox",10000,"get_eff_sub","windows_linux","result/haz_direct","p.value_0.95",3,0,0,7.23241136266241e-43,7.90580661603834e-21,7.23241136266241e-43,7.90580661603834e-21
"both","cox",10000,"get_eff_sub","windows_linux","result/haz_unadj","p.value_0.95",3,0,0,4.31585478896133e-49,2.74304267070874e-21,4.31585478896133e-49,2.74304267070874e-21
"both","cox",10000,"get_eff_sub","windows_linux","result/haz_direct","p_value",3,0,0,7.23241136266241e-43,7.90580661603834e-21,7.23241136266241e-43,7.90580661603834e-21
"both","cox",10000,"get_eff_sub","windows_linux","result/haz_unadj","p_value",3,0,0,4.31585478896133e-49,2.74304267070874e-21,4.31585478896133e-49,2.74304267070874e-21
"both","cox",10000,"get_cat_no_ci","windows_linux","curve/unadj","ci_lower",1673,0,0,0.265089194435474,1,0.265089194435474,1
"both","cox",10000,"get_cat_no_ci","windows_linux","curve/unadj","ci_upper",1673,1.11022302462516e-16,1.54157490799849e-16,0.395608153285778,1,0.395608153285778,1
"both","cox",10000,"get_cat_no_ci","windows_linux","UM/haz_direct","conf.high",11,0,0,1,33.1581162593582,1,33.1581162593582
"both","cox",10000,"get_cat_no_ci","windows_linux","UM/haz_unadj","conf.high",11,0,0,1,62.3092229196797,1,62.3092229196797
"both","cox",10000,"get_cat_no_ci","windows_linux","UM/sur_direct","conf.high",11,2.33146835171283e-15,6.32857156812082e-15,0,0.585140648315752,0,0.585140648315753
"both","cox",10000,"get_cat_no_ci","windows_linux","UM/sur_unadj","conf.high",11,0,0,0,0.851247003753574,0,0.851247003753574
"both","cox",10000,"get_cat_no_ci","windows_linux","UM/sur_direct","conf.high_sur",11,2.44249065417534e-15,3.08844280221198e-15,0.512992932377987,0.973615673614378,0.512992932377988,0.973615673614378
"both","cox",10000,"get_cat_no_ci","windows_linux","UM/sur_unadj","conf.high_sur",11,0,0,0.395608153285778,0.982305084629681,0.395608153285778,0.982305084629681
"both","cox",10000,"get_cat_no_ci","windows_linux","UM/haz_direct","conf.low",11,0,0,1,16.1362023656938,1,16.1362023656938
"both","cox",10000,"get_cat_no_ci","windows_linux","UM/haz_unadj","conf.low",11,0,0,1,34.3307887679265,1,34.3307887679265
"both","cox",10000,"get_cat_no_ci","windows_linux","UM/sur_direct","conf.low",11,2.33146835171283e-15,4.06124772874519e-14,0,0.450138492247588,0,0.450138492247588
"both","cox",10000,"get_cat_no_ci","windows_linux","UM/sur_unadj","conf.low",11,0,0,0,0.450592106852725,0,0.450592106852725
"both","cox",10000,"get_cat_no_ci","windows_linux","UM/sur_direct","conf.low_sur",11,2.33146835171283e-15,3.91233316850227e-15,0.379413238462408,0.954069637789357,0.379413238462407,0.954069637789357
"both","cox",10000,"get_cat_no_ci","windows_linux","UM/sur_unadj","conf.low_sur",11,0,0,0.265089194435474,0.967269232059891,0.265089194435474,0.967269232059891
"both","cox",10000,"get_cat_no_ci","windows_linux","UM/haz_direct","estimate",11,0,0,1,23.131062967927,1,23.131062967927
"both","cox",10000,"get_cat_no_ci","windows_linux","UM/haz_unadj","estimate",11,0,0,1,46.2506731880647,1,46.2506731880647
"both","cox",10000,"get_cat_no_ci","windows_linux","UM/sur_direct","estimate",11,0,0,0,0.51763957028167,0,0.51763957028167
"both","cox",10000,"get_cat_no_ci","windows_linux","UM/sur_unadj","estimate",11,0,0,0,0.65091955530315,0,0.65091955530315
"both","cox",10000,"get_cat_no_ci","windows_linux","UM/sur_direct","estimate_sur",11,0,0,0.446203085420197,0.963842655701868,0.446203085420197,0.963842655701868
"both","cox",10000,"get_cat_no_ci","windows_linux","UM/sur_unadj","estimate_sur",11,0,0,0.323838612068778,0.974758167371927,0.323838612068778,0.974758167371927
"both","cox",10000,"get_cat_no_ci","windows_linux","UM/haz_direct","p.value_0.95",10,0,0,4.13127068979328e-81,0.0242264124005158,4.13127068979328e-81,0.0242264124005158
"both","cox",10000,"get_cat_no_ci","windows_linux","UM/haz_unadj","p.value_0.95",10,0,0,2.80448300826051e-140,0.000233365283282522,2.80448300826051e-140,0.000233365283282522
"both","cox",10000,"get_cat_no_ci","windows_linux","UM/haz_direct","p_value",10,0,0,4.13127068979328e-81,0.0242264124005158,4.13127068979328e-81,0.0242264124005158
"both","cox",10000,"get_cat_no_ci","windows_linux","UM/haz_unadj","p_value",10,0,0,2.80448300826051e-140,0.000233365283282522,2.80448300826051e-140,0.000233365283282522
"both","cox",10000,"get_cat_no_ci","windows_linux","UM/sur_direct","p_value",10,9.8358821087885e-16,7.24368787662727e-13,6.24255693189985e-137,0.0429748693079168,6.2425569317809e-137,0.0429748693079169
"both","cox",10000,"get_cat_no_ci","windows_linux","UM/sur_unadj","p_value",10,0,0,1.26393675473012e-40,0.00569452749871182,1.26393675473012e-40,0.00569452749871182
"both","cox",10000,"get_cat_no_ci","windows_linux","curve/direct","probability",539,1.11022302462516e-16,1.60331425293065e-16,0.301905069879092,1,0.301905069879092,1
"both","cox",10000,"get_cat_no_ci","windows_linux","curve/unadj","probability",1673,0,0,0.323838612068778,1,0.323838612068778,1
"both","cox",10000,"get_cat_no_ci","windows_linux","curve/unadj","se",1673,0,0,0,0.1732765605826,0,0.1732765605826
"both","cox",10000,"get_cat_no_ci","windows_linux","UM/sur_direct","time",12,0,0,120,120,120,120
"both","cox",10000,"get_cat_no_ci","windows_linux","UM/sur_unadj","time",12,0,0,120,120,120,120
"both","cox",10000,"get_cat_no_ci","windows_linux","curve/direct","time",539,0,0,0,253,0,253
"both","cox",10000,"get_cat_no_ci","windows_linux","curve/unadj","time",1673,0,0,1,287,1,287
"both","cox",10000,"get_inter_abs","windows_linux","result/estimates","conf.high",18,9.27036225562006e-15,8.04233016229403e-14,0.0140635821150404,1.67134685208455,0.0140635821150415,1.67134685208455
"both","cox",10000,"get_inter_abs","windows_linux","result/risks","conf.high",8,1.55431223447522e-15,5.46503844436443e-15,0.0874961890053032,0.327804918291361,0.0874961890053032,0.327804918291361
"both","cox",10000,"get_inter_abs","windows_linux","result/estimates","conf.low",18,9.2148511043888e-15,3.52657325851353e-14,-0.53812096938078,1.00254306642194,-0.538120969380789,1.00254306642194
"both","cox",10000,"get_inter_abs","windows_linux","result/risks","conf.low",8,1.55431223447522e-15,7.15834047428766e-15,0.0631251903881298,0.260797380140573,0.0631251903881298,0.260797380140573
"both","cox",10000,"get_inter_abs","windows_linux","result/estimates","estimate",18,0,0,-0.208616423882215,1.29444860776452,-0.208616423882215,1.29444860776452
"both","cox",10000,"get_inter_abs","windows_linux","result/risks","estimate",8,0,0,0.0753106896967165,0.294301149215967,0.0753106896967165,0.294301149215967
"both","cox",10000,"get_inter_abs","windows_linux","result/estimates","p.value",18,1.70419234279962e-14,6.29169149016928e-14,4.66005914940624e-23,0.764538400409196,4.6600591494069e-23,0.764538400409203
"both","cox",10000,"get_fit_stats_simple","windows_linux","result/stats","estimate",6,3.46944695195361e-18,1.40077509372438e-16,0.0247680513988085,24148.3450415464,0.0247680513988085,24148.3450415464
"both","cox",10000,"get_fit_stats_simple","latest_windows_linux","result/stats","estimate",6,3.46944695195361e-18,1.40077509372438e-16,0.0247680513988085,24148.3450415464,0.0247680513988085,24148.3450415464
"both","cox",10000,"get_fit_stats_simple_boot","windows_linux","result/boot","AIC",20,0,0,23511.1579116681,26404.5400145471,23511.1579116681,26404.5400145471
"both","cox",10000,"get_fit_stats_simple_boot","windows_linux","result/boot","BIC",20,0,0,23521.6001218645,26409.8677950855,23521.6001218645,26409.8677950855
"both","cox",10000,"get_fit_stats_simple_boot","windows_linux","result/boot","PVE",20,6.93889390390723e-18,1.58313421219557e-16,0.0217820482860602,0.0533146519734187,0.0217820482860602,0.0533146519734187
"both","cox",10000,"get_fit_stats_simple_boot","windows_linux","result/stats","SE",6,8.67361737988404e-19,2.67916976574724e-16,0.00323742731452663,761.627327995707,0.00323742731452663,761.627327995707
"both","cox",10000,"get_fit_stats_simple_boot","windows_linux","result/stats","estimate",6,3.46944695195361e-18,1.40077509372438e-16,0.0247680513988085,24148.3450415464,0.0247680513988085,24148.3450415464
"both","cox",10000,"get_fit_stats_simple_boot","windows_linux","result/stats","lower",6,0,0,0.0217936101957286,23764.8999109679,0.0217936101957286,23764.8999109679
"both","cox",10000,"get_fit_stats_simple_boot","windows_linux","result/boot","replicate",20,0,0,1,10,1,10
"both","cox",10000,"get_fit_stats_simple_boot","windows_linux","result/stats","upper",6,1.38777878078145e-17,2.61243027854407e-16,0.0299145725792741,26196.1222797639,0.0299145725792741,26196.1222797639
"both","cox",10000,"get_fit_stats_simple_boot","latest_windows_linux","result/boot","AIC",20,0,0,23511.1579116681,26404.5400145471,23511.1579116681,26404.5400145471
"both","cox",10000,"get_fit_stats_simple_boot","latest_windows_linux","result/boot","BIC",20,0,0,23521.6001218645,26409.8677950855,23521.6001218645,26409.8677950855
"both","cox",10000,"get_fit_stats_simple_boot","latest_windows_linux","result/boot","PVE",20,6.93889390390723e-18,1.58313421219557e-16,0.0217820482860602,0.0533146519734187,0.0217820482860602,0.0533146519734187
"both","cox",10000,"get_fit_stats_simple_boot","latest_windows_linux","result/stats","SE",6,8.67361737988404e-19,2.67916976574724e-16,0.00323742731452663,761.627327995707,0.00323742731452663,761.627327995707
"both","cox",10000,"get_fit_stats_simple_boot","latest_windows_linux","result/stats","estimate",6,3.46944695195361e-18,1.40077509372438e-16,0.0247680513988085,24148.3450415464,0.0247680513988085,24148.3450415464
"both","cox",10000,"get_fit_stats_simple_boot","latest_windows_linux","result/stats","lower",6,0,0,0.0217936101957286,23764.8999109679,0.0217936101957286,23764.8999109679
"both","cox",10000,"get_fit_stats_simple_boot","latest_windows_linux","result/boot","replicate",20,0,0,1,10,1,10
"both","cox",10000,"get_fit_stats_simple_boot","latest_windows_linux","result/stats","upper",6,1.38777878078145e-17,2.61243027854407e-16,0.0299145725792741,26196.1222797639,0.0299145725792741,26196.1222797639
"both","cox",10000,"get_score_all_boot","latest_windows_linux","result/fit.stats/boot","AIC",10,7.27595761418343e-12,3.22360073339751e-16,22486.7056550184,23314.1739104057,22486.7056550184,23314.1739104057
"both","cox",10000,"get_score_all_boot","latest_windows_linux","result/AUC/score","AUC",2,0,0,0.825961377359368,0.839617701072715,0.825961377359368,0.839617701072715
"both","cox",10000,"get_score_all_boot","latest_windows_linux","result/fit.stats/boot","BIC",10,7.27595761418343e-12,3.21465133194308e-16,22549.5676171092,23377.3506725408,22549.5676171092,23377.3506725408
"both","cox",10000,"get_score_all_boot","latest_windows_linux","result/Brier/score","Brier",2,0,0,0.0740604982650469,0.105608576465885,0.0740604982650469,0.105608576465885
"both","cox",10000,"get_score_all_boot","latest_windows_linux","result/fit.stats/boot","PVE",10,6.10622663543836e-16,3.77439242657726e-15,0.161101293591678,0.175316040996247,0.161101293591678,0.175316040996247
"both","cox",10000,"get_score_all_boot","latest_windows_linux","result/fit.stats/info","R",1,0,0,10,10,10,10
"both","cox",10000,"get_score_all_boot","latest_windows_linux","result/fit.stats/info","R_success",1,0,0,10,10,10,10
"both","cox",10000,"get_score_all_boot","latest_windows_linux","result/fit.stats/stats","SE",3,8.5265128291212e-13,1.44868452383502e-14,0.00514902369975877,268.588274397682,0.00514902369975884,268.588274397682
"both","cox",10000,"get_score_all_boot","latest_windows_linux","result/fit.stats/info","bic_n",1,0,0,1392,1392,1392,1392
"both","cox",10000,"get_score_all_boot","latest_windows_linux","result/fit.stats/info","conf_level",1,0,0,0.95,0.95,0.95,0.95
"both","cox",10000,"get_score_all_boot","latest_windows_linux","result/fit.stats/info","df",1,0,0,12,12,12,12
"both","cox",10000,"get_score_all_boot","latest_windows_linux","result/fit.stats/stats","estimate",3,0,0,0.164354474990251,22683.2602199279,0.164354474990251,22683.2602199279
"both","cox",10000,"get_score_all_boot","latest_windows_linux","result/fit.stats/info","events",1,0,0,1392,1392,1392,1392
"both","cox",10000,"get_score_all_boot","latest_windows_linux","result/fit.stats/info","logLik",1,0,0,-11298.1991289186,-11298.1991289186,-11298.1991289186,-11298.1991289186
"both","cox",10000,"get_score_all_boot","latest_windows_linux","result/fit.stats/info","logLik_null",1,0,0,-12195.9529737319,-12195.9529737319,-12195.9529737319,-12195.9529737319
"both","cox",10000,"get_score_all_boot","latest_windows_linux","result/AUC/score","lower",2,0,0,0.81816738010673,0.831334729750804,0.81816738010673,0.831334729750804
"both","cox",10000,"get_score_all_boot","latest_windows_linux","result/Brier/score","lower",2,0,0,0.0709326500872903,0.0999406738727796,0.0709326500872903,0.0999406738727796
"both","cox",10000,"get_score_all_boot","latest_windows_linux","result/fit.stats/stats","lower",3,3.63797880709171e-12,8.60616177958794e-16,0.161254089375007,22568.5059625884,0.161254089375007,22568.5059625884
"both","cox",10000,"get_score_all_boot","latest_windows_linux","result/fit.stats/info","n",1,0,0,10000,10000,10000,10000
"both","cox",10000,"get_score_all_boot","latest_windows_linux","result/fit.stats/info","n_omitted",1,0,0,0,0,0,0
"both","cox",10000,"get_score_all_boot","latest_windows_linux","result/fit.stats/boot","replicate",10,0,0,1,10,1,10
"both","cox",10000,"get_score_all_boot","latest_windows_linux","result/AUC/score","se",2,0,0,0.00814107846701768,0.0084751908811369,0.00814107846701768,0.0084751908811369
"both","cox",10000,"get_score_all_boot","latest_windows_linux","result/Brier/score","se",2,1.30104260698261e-18,3.95641210951179e-16,0.00186061814489503,0.00328844056425444,0.00186061814489503,0.00328844056425444
"both","cox",10000,"get_score_all_boot","latest_windows_linux","result/AUC/score","times",2,0,0,60,120,60,120
"both","cox",10000,"get_score_all_boot","latest_windows_linux","result/Brier/score","times",2,0,0,60,120,60,120
"both","cox",10000,"get_score_all_boot","latest_windows_linux","result/AUC/score","upper",2,0,0,0.842770862520156,0.855898422563949,0.842770862520156,0.855898422563949
"both","cox",10000,"get_score_all_boot","latest_windows_linux","result/Brier/score","upper",2,0,0,0.0767110434330184,0.110098744411398,0.0767110434330184,0.110098744411398
"both","cox",10000,"get_score_all_boot","latest_windows_linux","result/fit.stats/stats","upper",3,0,0,0.175195862616119,23352.2056758206,0.175195862616119,23352.2056758206
"both","cox",10000,"get_score_all","latest_windows_linux","result/AUC/score","AUC",2,0,0,0.829670659018919,0.843277650999617,0.829670659018919,0.843277650999617
"both","cox",10000,"get_score_all","latest_windows_linux","result/Brier/score","Brier",2,0,0,0.073800104652391,0.104657677685225,0.073800104652391,0.104657677685225
"both","cox",10000,"get_score_all","latest_windows_linux","result/fit.stats/info","R",1,0,0,0,0,0,0
"both","cox",10000,"get_score_all","latest_windows_linux","result/fit.stats/info","R_success",1,0,0,0,0,0,0
"both","cox",10000,"get_score_all","latest_windows_linux","result/fit.stats/info","bic_n",1,0,0,1392,1392,1392,1392
"both","cox",10000,"get_score_all","latest_windows_linux","result/fit.stats/info","conf_level",1,0,0,0.95,0.95,0.95,0.95
"both","cox",10000,"get_score_all","latest_windows_linux","result/fit.stats/info","df",1,0,0,12,12,12,12
"both","cox",10000,"get_score_all","latest_windows_linux","result/fit.stats/stats","estimate",3,0,0,0.164354474990251,22683.2602199279,0.164354474990251,22683.2602199279
"both","cox",10000,"get_score_all","latest_windows_linux","result/fit.stats/info","events",1,0,0,1392,1392,1392,1392
"both","cox",10000,"get_score_all","latest_windows_linux","result/fit.stats/info","logLik",1,0,0,-11298.1991289186,-11298.1991289186,-11298.1991289186,-11298.1991289186
"both","cox",10000,"get_score_all","latest_windows_linux","result/fit.stats/info","logLik_null",1,0,0,-12195.9529737319,-12195.9529737319,-12195.9529737319,-12195.9529737319
"both","cox",10000,"get_score_all","latest_windows_linux","result/AUC/score","lower",2,0,0,0.816211782814823,0.830055049847726,0.816211782814823,0.830055049847726
"both","cox",10000,"get_score_all","latest_windows_linux","result/Brier/score","lower",2,0,0,0.069836928954954,0.0995076915797981,0.069836928954954,0.0995076915797981
"both","cox",10000,"get_score_all","latest_windows_linux","result/fit.stats/info","n",1,0,0,10000,10000,10000,10000
"both","cox",10000,"get_score_all","latest_windows_linux","result/fit.stats/info","n_omitted",1,0,0,0,0,0,0
"both","cox",10000,"get_score_all","latest_windows_linux","result/AUC/score","se",2,0,0,0.00674634904324221,0.00686689975441291,0.00674634904324221,0.00686689975441291
"both","cox",10000,"get_score_all","latest_windows_linux","result/Brier/score","se",2,0,0,0.00202206557298914,0.00262759221396357,0.00202206557298914,0.00262759221396357
"both","cox",10000,"get_score_all","latest_windows_linux","result/AUC/score","times",2,0,0,60,120,60,120
"both","cox",10000,"get_score_all","latest_windows_linux","result/Brier/score","times",2,0,0,60,120,60,120
"both","cox",10000,"get_score_all","latest_windows_linux","result/AUC/score","upper",2,0,0,0.843129535223016,0.856500252151508,0.843129535223016,0.856500252151508
"both","cox",10000,"get_score_all","latest_windows_linux","result/Brier/score","upper",2,0,0,0.0777632803498281,0.109807663790651,0.0777632803498281,0.109807663790651
"both","cox",30000,"get_facet","windows_linux","result/sur.data","ci_lower",292,8.88178419700125e-16,1.35366401395891e-15,0.442388279203285,1,0.442388279203285,1
"both","cox",30000,"get_facet","windows_linux","result/sur.data","ci_upper",292,8.88178419700125e-16,1.22747066070782e-15,0.567838095611007,1,0.567838095611006,1
"both","cox",30000,"get_facet","windows_linux","result/sur.data","se",292,4.42354486374086e-16,7.94469442673692e-14,0,0.0320030922499735,0,0.0320030922499734
"both","cox",30000,"get_facet","windows_linux","result/sur.data","surv",292,0,0,0.505113187407146,1,0.505113187407146,1
"both","cox",30000,"get_facet","windows_linux","result/sur.data","time",292,0,0,0,253,0,253
"both","cox",30000,"get_facet","windows_linux","result/insert.data","x",3,0,0,0.5,0.5,0.5,0.5
"both","cox",30000,"get_facet","windows_linux","result/insert.data","y",3,0,0,0.5,0.5,0.5,0.5
"both","cox",30000,"get_facet","windows_linux","result/sur.data","yhat",292,0,0,0.505113187407146,1,0.505113187407146,1
"both","cox",30000,"get_rpa","windows_linux","UM/haz_direct","conf.high",34,0,0,0.710313853473673,3.08360165217537e+198,0.710313853473673,3.08360165217537e+198
"both","cox",30000,"get_rpa","windows_linux","UM/haz_unadj","conf.high",34,0,0,0.666162095423133,1.27686910752744e+199,0.666162095423133,1.27686910752744e+199
"both","cox",30000,"get_rpa","windows_linux","UM/sur_direct","conf.high",34,5.82311976415895e-14,3.05268285323632e-13,-0.00667531966486142,0.978840032650774,-0.00667531966486142,0.97884003265077
"both","cox",30000,"get_rpa","windows_linux","UM/sur_unadj","conf.high",30,0,0,0,1.73224646600246,0,1.73224646600246
"both","cox",30000,"get_rpa","windows_linux","UM/sur_direct","conf.high_sur",34,5.86197757002083e-14,9.16608116010497e-14,0.0472379604806873,0.99999979658408,0.047237960480683,0.99999979658408
"both","cox",30000,"get_rpa","windows_linux","UM/sur_unadj","conf.high_sur",30,0,0,0.326088451824138,1,0.326088451824138,1
"both","cox",30000,"get_rpa","windows_linux","UM/haz_direct","conf.low",34,0,0,5.42738580107547e-209,131.108065636358,5.42738580107547e-209,131.108065636358
"both","cox",30000,"get_rpa","windows_linux","UM/haz_unadj","conf.low",34,0,0,1.18371692836336e-209,129.961720012872,1.18371692836336e-209,129.961720012872
"both","cox",30000,"get_rpa","windows_linux","UM/sur_direct","conf.low",34,5.82728310050129e-14,2.26881862100748e-12,-0.0254021756733647,0.934641408003259,-0.0254021756733647,0.934641408003263
"both","cox",30000,"get_rpa","windows_linux","UM/sur_unadj","conf.low",30,0,0,-0.00575073950673433,0.471690490395359,-0.00575073950673433,0.471690490395359
"both","cox",30000,"get_rpa","windows_linux","UM/sur_direct","conf.low_sur",34,5.85087533977457e-14,6.01146629445925e-13,0.00720268497559229,0.999999784864459,0.00720268497559662,0.999999784864459
"both","cox",30000,"get_rpa","windows_linux","UM/sur_unadj","conf.low_sur",30,0,0,0.0573499208624561,1,0.0573499208624561,1
"both","cox",30000,"get_rpa","windows_linux","tree_groups","count",34,0,0,22,6189,22,6189
"both","cox",30000,"get_rpa","windows_linux","UM/haz_direct","estimate",34,0,0,1.29367290391311e-05,246.429833001296,1.29367290391311e-05,246.429833001296
"both","cox",30000,"get_rpa","windows_linux","UM/haz_unadj","estimate",34,0,0,1.2294110695306e-05,244.260662019216,1.2294110695306e-05,244.260662019216
"both","cox",30000,"get_rpa","windows_linux","UM/sur_direct","estimate",34,0,0,-0.0160387476691131,0.956740720327017,-0.0160387476691131,0.956740720327017
"both","cox",30000,"get_rpa","windows_linux","UM/sur_unadj","estimate",31,0,0,0,1,0,1
"both","cox",30000,"get_rpa","windows_linux","UM/sur_direct","estimate_sur",34,0,0,0.0272203227281398,0.999999790724269,0.0272203227281398,0.999999790724269
"both","cox",30000,"get_rpa","windows_linux","UM/sur_unadj","estimate_sur",31,0,0,0,1,0,1
"both","cox",30000,"get_rpa","windows_linux","UM/haz_direct","p.value_0.95",33,0,0,1.38176412107767e-65,0.962427334598911,1.38176412107767e-65,0.962427334598911
"both","cox",30000,"get_rpa","windows_linux","UM/haz_unadj","p.value_0.95",33,0,0,2.15268647288388e-65,0.962375546300348,2.15268647288388e-65,0.962375546300348
"both","cox",30000,"get_rpa","windows_linux","UM/haz_direct","p_value",33,0,0,1.38176412107767e-65,0.962427334598911,1.38176412107767e-65,0.962427334598911
"both","cox",30000,"get_rpa","windows_linux","UM/haz_unadj","p_value",33,0,0,2.15268647288388e-65,0.962375546300348,2.15268647288388e-65,0.962375546300348
"both","cox",30000,"get_rpa","windows_linux","UM/sur_direct","p_value",33,9.64228696886948e-14,8.34455528595035e-12,0,0.393838183751433,0,0.393838183751529
"both","cox",30000,"get_rpa","windows_linux","UM/sur_unadj","p_value",27,0,0,1.79552864065364e-51,0.0515355014457443,1.79552864065364e-51,0.0515355014457443
"both","cox",30000,"get_rpa","windows_linux","UM/sur_direct","time",35,0,0,120,120,120,120
"both","cox",30000,"get_rpa","windows_linux","UM/sur_unadj","time",35,0,0,120,120,120,120
"both","cox",30000,"get_fit_stats","windows_linux","result/stats","estimate",6,6.93889390390723e-18,1.60706628325221e-16,0.043177397075776,79543.1953743134,0.043177397075776,79543.1953743134
"both","cox",30000,"get_fit_stats","latest_windows_linux","result/stats","estimate",6,6.93889390390723e-18,1.60706628325221e-16,0.043177397075776,79543.1953743134,0.043177397075776,79543.1953743134
"both","cox",30000,"get_eff_cat","windows_linux","result/haz_models","conf.high",20,0,0,1.8320190741205,53.9670842163797,1.8320190741205,53.9670842163797
"both","cox",30000,"get_eff_cat","windows_linux","result/haz_models","conf.low",20,0,0,1.16813651007932,38.2618883328158,1.16813651007932,38.2618883328158
"both","cox",30000,"get_eff_cat","windows_linux","result/haz_models","estimate",20,0,0,1.46289041545902,45.4409787519458,1.46289041545902,45.4409787519458
"both","cox",30000,"get_eff_cat","windows_linux","result/haz_models","p.value_0.95",20,0,0,0,0.000920689564056895,0,0.000920689564056895
"both","cox",30000,"get_eff_cat","windows_linux","result/haz_models","p_value",20,0,0,0,0.000920689564056895,0,0.000920689564056895
"both","cox",30000,"get_facet_diff_serial","windows_linux","result/diff.data","conf.high",1078,1.22124532708767e-15,9.28354982209815e-15,-0.00166985458939464,0.333567716048348,-0.00166985458939464,0.333567716048348
"both","cox",30000,"get_facet_diff_serial","windows_linux","result/forest.data","conf.high",24,3.60822483003176e-16,5.55150321149993e-15,0.0159467332518923,0.186014332728829,0.0159467332518924,0.186014332728829
"both","cox",30000,"get_facet_diff_serial","windows_linux","result/diff.data","conf.high_Female",1023,6.66133814775094e-16,8.85198571241016e-16,0.731356583058899,1,0.731356583058899,1
"both","cox",30000,"get_facet_diff_serial","windows_linux","result/forest.data","conf.high_Female",24,2.22044604925031e-16,2.64727022559428e-16,0.838768187615546,0.99342736969698,0.838768187615546,0.99342736969698
"both","cox",30000,"get_facet_diff_serial","windows_linux","result/diff.data","conf.high_Male",937,1.4432899320127e-15,2.08362202585703e-15,0.567838095611007,1,0.567838095611006,1
"both","cox",30000,"get_facet_diff_serial","windows_linux","result/forest.data","conf.high_Male",24,3.33066907387547e-16,4.07857639029378e-16,0.725786911059723,0.980458257274059,0.725786911059723,0.980458257274059
"both","cox",30000,"get_facet_diff_serial","windows_linux","result/diff.data","conf.low",1078,1.22124532708767e-15,4.43863118817538e-14,-0.17572074957786,0.202428871476587,-0.17572074957786,0.202428871476587
"both","cox",30000,"get_facet_diff_serial","windows_linux","result/forest.data","conf.low",24,3.60822483003176e-16,9.07878782175049e-15,-0.00118056563161103,0.145265432748054,-0.00118056563161103,0.145265432748054
"both","cox",30000,"get_facet_diff_serial","windows_linux","result/diff.data","conf.low_Female",1023,6.66133814775094e-16,9.53214225518901e-16,0.493288448460206,1,0.493288448460206,1
"both","cox",30000,"get_facet_diff_serial","windows_linux","result/forest.data","conf.low_Female",24,2.22044604925031e-16,2.73148005091632e-16,0.812909487845401,0.987946375718566,0.812909487845401,0.987946375718566
"both","cox",30000,"get_facet_diff_serial","windows_linux","result/diff.data","conf.low_Male",937,1.33226762955019e-15,2.02269157206776e-15,0.442388279203285,1,0.442388279203285,1
"both","cox",30000,"get_facet_diff_serial","windows_linux","result/forest.data","conf.low_Male",24,3.33066907387547e-16,4.20247133365648e-16,0.692560747913691,0.971348694746828,0.692560747913691,0.971348694746828
"both","cox",30000,"get_facet_diff_serial","windows_linux","result/diff.data","estimate",1078,1.11022302462516e-16,1.06747961847136e-15,-0.00589273789161282,0.256998521590499,-0.00589273789161282,0.256998521590499
"both","cox",30000,"get_facet_diff_serial","windows_linux","result/forest.data","estimate",24,1.11022302462516e-16,1.06747961847136e-15,0.00887598055981531,0.164974221501525,0.00887598055981531,0.164974221501525
"both","cox",30000,"get_facet_diff_serial","windows_linux","result/diff.data","estimate_Female",1023,0,0,0.616333765140203,1,0.616333765140203,1
"both","cox",30000,"get_facet_diff_serial","windows_linux","result/forest.data","estimate_Female",24,0,0,0.825838837730473,0.990683082237584,0.825838837730473,0.990683082237584
"both","cox",30000,"get_facet_diff_serial","windows_linux","result/diff.data","estimate_Male",937,1.11022302462516e-16,1.32667528019039e-16,0.505113187407146,1,0.505113187407146,1
"both","cox",30000,"get_facet_diff_serial","windows_linux","result/forest.data","estimate_Male",24,1.11022302462516e-16,1.32667528019039e-16,0.709173829486707,0.975903476010443,0.709173829486707,0.975903476010443
"both","cox",30000,"get_facet_diff_serial","windows_linux","result/diff.data","p.value_0.95",1075,9.33281230075522e-16,6.0289550688803e-13,3.64178469933579e-94,0.622467178147168,3.64178469937049e-94,0.622467178147168
"both","cox",30000,"get_facet_diff_serial","windows_linux","result/forest.data","p.value_0.95",24,2.56820389607504e-18,7.36261859953373e-14,1.23171972648445e-93,0.0836519998379921,1.23171972647248e-93,0.0836519998379921
"both","cox",30000,"get_facet_diff_serial","windows_linux","result/diff.data","p_value",1075,9.33281230075522e-16,6.0289550688803e-13,3.64178469933579e-94,0.622467178147168,3.64178469937049e-94,0.622467178147168
"both","cox",30000,"get_facet_diff_serial","windows_linux","result/forest.data","p_value",24,2.56820389607504e-18,7.36261859953373e-14,1.23171972648445e-93,0.0836519998379921,1.23171972647248e-93,0.0836519998379921
"both","cox",30000,"get_facet_diff_serial","windows_linux","result/diff.data","time",1082,0,0,0,287,0,287
"both","cox",30000,"get_facet_diff_serial","windows_linux","result/forest.data","time",24,0,0,12,120,12,120
"both","cox",30000,"get_fit_stats_boot","windows_linux","result/boot","AIC",20,0,0,73919.1676284292,81204.9682478342,73919.1676284292,81204.9682478342
"both","cox",30000,"get_fit_stats_boot","windows_linux","result/boot","BIC",20,0,0,73994.7231937809,81217.6505913285,73994.7231937809,81217.6505913285
"both","cox",30000,"get_fit_stats_boot","windows_linux","result/boot","PVE",20,2.77555756156289e-17,1.70002005866365e-16,0.0422775946146145,0.169737145652348,0.0422775946146145,0.169737145652348
"both","cox",30000,"get_fit_stats_boot","windows_linux","result/stats","SE",6,2.16840434497101e-18,8.56580240648693e-16,0.00253146668819825,977.071967291516,0.00253146668819825,977.071967291516
"both","cox",30000,"get_fit_stats_boot","windows_linux","result/stats","estimate",6,6.93889390390723e-18,1.60706628325221e-16,0.043177397075776,79543.1953743134,0.043177397075776,79543.1953743134
"both","cox",30000,"get_fit_stats_boot","windows_linux","result/stats","lower",6,6.93889390390723e-18,1.64091912310515e-16,0.0422866295249007,78240.7658220573,0.0422866295249007,78240.7658220573
"both","cox",30000,"get_fit_stats_boot","windows_linux","result/boot","replicate",20,0,0,1,10,1,10
"both","cox",30000,"get_fit_stats_boot","windows_linux","result/stats","upper",6,6.93889390390723e-18,1.41051837254835e-16,0.0491939278420805,81170.0304824813,0.0491939278420805,81170.0304824813
"both","cox",30000,"get_fit_stats_boot","latest_windows_linux","result/boot","AIC",20,0,0,73919.1676284292,81204.9682478342,73919.1676284292,81204.9682478342
"both","cox",30000,"get_fit_stats_boot","latest_windows_linux","result/boot","BIC",20,0,0,73994.7231937809,81217.6505913285,73994.7231937809,81217.6505913285
"both","cox",30000,"get_fit_stats_boot","latest_windows_linux","result/boot","PVE",20,2.77555756156289e-17,1.70002005866365e-16,0.0422775946146145,0.169737145652348,0.0422775946146145,0.169737145652348
"both","cox",30000,"get_fit_stats_boot","latest_windows_linux","result/stats","SE",6,2.16840434497101e-18,8.56580240648693e-16,0.00253146668819825,977.071967291516,0.00253146668819825,977.071967291516
"both","cox",30000,"get_fit_stats_boot","latest_windows_linux","result/stats","estimate",6,6.93889390390723e-18,1.60706628325221e-16,0.043177397075776,79543.1953743134,0.043177397075776,79543.1953743134
"both","cox",30000,"get_fit_stats_boot","latest_windows_linux","result/stats","lower",6,6.93889390390723e-18,1.64091912310515e-16,0.0422866295249007,78240.7658220573,0.0422866295249007,78240.7658220573
"both","cox",30000,"get_fit_stats_boot","latest_windows_linux","result/boot","replicate",20,0,0,1,10,1,10
"both","cox",30000,"get_fit_stats_boot","latest_windows_linux","result/stats","upper",6,6.93889390390723e-18,1.41051837254835e-16,0.0491939278420805,81170.0304824813,0.0491939278420805,81170.0304824813
"both","cox",30000,"get_facet_serial","windows_linux","result/sur.data","ci_lower",292,8.88178419700125e-16,1.35366401395891e-15,0.442388279203285,1,0.442388279203285,1
"both","cox",30000,"get_facet_serial","windows_linux","result/sur.data","ci_upper",292,8.88178419700125e-16,1.22747066070782e-15,0.567838095611007,1,0.567838095611006,1
"both","cox",30000,"get_facet_serial","windows_linux","result/sur.data","se",292,4.42354486374086e-16,7.94469442673692e-14,0,0.0320030922499735,0,0.0320030922499734
"both","cox",30000,"get_facet_serial","windows_linux","result/sur.data","surv",292,0,0,0.505113187407146,1,0.505113187407146,1
"both","cox",30000,"get_facet_serial","windows_linux","result/sur.data","time",292,0,0,0,253,0,253
"both","cox",30000,"get_facet_serial","windows_linux","result/insert.data","x",3,0,0,0.5,0.5,0.5,0.5
"both","cox",30000,"get_facet_serial","windows_linux","result/insert.data","y",3,0,0,0.5,0.5,0.5,0.5
"both","cox",30000,"get_facet_serial","windows_linux","result/sur.data","yhat",292,0,0,0.505113187407146,1,0.505113187407146,1
"both","cox",30000,"curve_direct","windows_linux","result","ci_lower",528,8.88178419700125e-15,2.05185710252124e-14,0.259565312215201,1,0.259565312215197,1
"both","cox",30000,"curve_direct","windows_linux","result","ci_upper",528,8.88178419700125e-15,1.70350995873775e-14,0.341720867591929,1,0.341720867591933,1
"both","cox",30000,"curve_direct","windows_linux","result","probability",528,0,0,0.300643089903565,1,0.300643089903565,1
"both","cox",30000,"curve_direct","windows_linux","result","se",528,4.5102810375397e-15,2.00473906749986e-13,0,0.0382249782104552,0,0.0382249782104529
"both","cox",30000,"curve_direct","windows_linux","result","time",528,0,0,0,253,0,253
"both","cox",30000,"get_facet_diff","windows_linux","result/diff.data","conf.high",1078,1.22124532708767e-15,9.28354982209815e-15,-0.00166985458939464,0.333567716048348,-0.00166985458939464,0.333567716048348
"both","cox",30000,"get_facet_diff","windows_linux","result/forest.data","conf.high",24,3.60822483003176e-16,5.55150321149993e-15,0.0159467332518923,0.186014332728829,0.0159467332518924,0.186014332728829
"both","cox",30000,"get_facet_diff","windows_linux","result/diff.data","conf.high_Female",1023,6.66133814775094e-16,8.85198571241016e-16,0.731356583058899,1,0.731356583058899,1
"both","cox",30000,"get_facet_diff","windows_linux","result/forest.data","conf.high_Female",24,2.22044604925031e-16,2.64727022559428e-16,0.838768187615546,0.99342736969698,0.838768187615546,0.99342736969698
"both","cox",30000,"get_facet_diff","windows_linux","result/diff.data","conf.high_Male",937,1.4432899320127e-15,2.08362202585703e-15,0.567838095611007,1,0.567838095611006,1
"both","cox",30000,"get_facet_diff","windows_linux","result/forest.data","conf.high_Male",24,3.33066907387547e-16,4.07857639029378e-16,0.725786911059723,0.980458257274059,0.725786911059723,0.980458257274059
"both","cox",30000,"get_facet_diff","windows_linux","result/diff.data","conf.low",1078,1.22124532708767e-15,4.43863118817538e-14,-0.17572074957786,0.202428871476587,-0.17572074957786,0.202428871476587
"both","cox",30000,"get_facet_diff","windows_linux","result/forest.data","conf.low",24,3.60822483003176e-16,9.07878782175049e-15,-0.00118056563161103,0.145265432748054,-0.00118056563161103,0.145265432748054
"both","cox",30000,"get_facet_diff","windows_linux","result/diff.data","conf.low_Female",1023,6.66133814775094e-16,9.53214225518901e-16,0.493288448460206,1,0.493288448460206,1
"both","cox",30000,"get_facet_diff","windows_linux","result/forest.data","conf.low_Female",24,2.22044604925031e-16,2.73148005091632e-16,0.812909487845401,0.987946375718566,0.812909487845401,0.987946375718566
"both","cox",30000,"get_facet_diff","windows_linux","result/diff.data","conf.low_Male",937,1.33226762955019e-15,2.02269157206776e-15,0.442388279203285,1,0.442388279203285,1
"both","cox",30000,"get_facet_diff","windows_linux","result/forest.data","conf.low_Male",24,3.33066907387547e-16,4.20247133365648e-16,0.692560747913691,0.971348694746828,0.692560747913691,0.971348694746828
"both","cox",30000,"get_facet_diff","windows_linux","result/diff.data","estimate",1078,1.11022302462516e-16,1.06747961847136e-15,-0.00589273789161282,0.256998521590499,-0.00589273789161282,0.256998521590499
"both","cox",30000,"get_facet_diff","windows_linux","result/forest.data","estimate",24,1.11022302462516e-16,1.06747961847136e-15,0.00887598055981531,0.164974221501525,0.00887598055981531,0.164974221501525
"both","cox",30000,"get_facet_diff","windows_linux","result/diff.data","estimate_Female",1023,0,0,0.616333765140203,1,0.616333765140203,1
"both","cox",30000,"get_facet_diff","windows_linux","result/forest.data","estimate_Female",24,0,0,0.825838837730473,0.990683082237584,0.825838837730473,0.990683082237584
"both","cox",30000,"get_facet_diff","windows_linux","result/diff.data","estimate_Male",937,1.11022302462516e-16,1.32667528019039e-16,0.505113187407146,1,0.505113187407146,1
"both","cox",30000,"get_facet_diff","windows_linux","result/forest.data","estimate_Male",24,1.11022302462516e-16,1.32667528019039e-16,0.709173829486707,0.975903476010443,0.709173829486707,0.975903476010443
"both","cox",30000,"get_facet_diff","windows_linux","result/diff.data","p.value_0.95",1075,9.33281230075522e-16,6.0289550688803e-13,3.64178469933579e-94,0.622467178147168,3.64178469937049e-94,0.622467178147168
"both","cox",30000,"get_facet_diff","windows_linux","result/forest.data","p.value_0.95",24,2.56820389607504e-18,7.36261859953373e-14,1.23171972648445e-93,0.0836519998379921,1.23171972647248e-93,0.0836519998379921
"both","cox",30000,"get_facet_diff","windows_linux","result/diff.data","p_value",1075,9.33281230075522e-16,6.0289550688803e-13,3.64178469933579e-94,0.622467178147168,3.64178469937049e-94,0.622467178147168
"both","cox",30000,"get_facet_diff","windows_linux","result/forest.data","p_value",24,2.56820389607504e-18,7.36261859953373e-14,1.23171972648445e-93,0.0836519998379921,1.23171972647248e-93,0.0836519998379921
"both","cox",30000,"get_facet_diff","windows_linux","result/diff.data","time",1082,0,0,0,287,0,287
"both","cox",30000,"get_facet_diff","windows_linux","result/forest.data","time",24,0,0,12,120,12,120
"both","cox",30000,"get_cat","windows_linux","curve/direct","ci_lower",528,8.88178419700125e-15,2.05185710252124e-14,0.259565312215201,1,0.259565312215197,1
"both","cox",30000,"get_cat","windows_linux","curve/unadj","ci_lower",1750,1.11022302462516e-16,1.30599720024996e-16,0.310490010435139,1,0.310490010435139,1
"both","cox",30000,"get_cat","windows_linux","curve/direct","ci_upper",528,8.88178419700125e-15,1.70350995873775e-14,0.341720867591929,1,0.341720867591933,1
"both","cox",30000,"get_cat","windows_linux","curve/unadj","ci_upper",1750,0,0,0.383341429750617,1,0.383341429750617,1
"both","cox",30000,"get_cat","windows_linux","UM/haz_direct","conf.high",11,0,0,1,28.2620842257521,1,28.2620842257521
"both","cox",30000,"get_cat","windows_linux","UM/haz_unadj","conf.high",11,0,0,1,53.9670842163797,1,53.9670842163797
"both","cox",30000,"get_cat","windows_linux","UM/sur_direct","conf.high",11,9.15933995315754e-16,9.10006090086305e-15,0,0.551560244038612,0,0.551560244038612
"both","cox",30000,"get_cat","windows_linux","UM/sur_unadj","conf.high",11,0,0,0,0.752636682772396,0,0.752636682772396
"both","cox",30000,"get_cat","windows_linux","UM/sur_direct","conf.high_sur",11,9.99200722162641e-16,1.68098916171566e-15,0.489785523279747,0.96975133707652,0.489785523279747,0.96975133707652
"both","cox",30000,"get_cat","windows_linux","UM/sur_unadj","conf.high_sur",11,0,0,0.383341429750617,0.979111782298471,0.383341429750617,0.979111782298471
"both","cox",30000,"get_cat","windows_linux","UM/haz_direct","conf.low",11,0,0,1,18.6216257810265,1,18.6216257810265
"both","cox",30000,"get_cat","windows_linux","UM/haz_unadj","conf.low",11,0,0,1,38.2618883328158,1,38.2618883328158
"both","cox",30000,"get_cat","windows_linux","UM/sur_direct","conf.low",11,9.15933995315754e-16,3.87270509628705e-14,0,0.473912729202356,0,0.473912729202356
"both","cox",30000,"get_cat","windows_linux","UM/sur_unadj","conf.low",11,0,0,0,0.5242496044777,0,0.5242496044777
"both","cox",30000,"get_cat","windows_linux","UM/sur_direct","conf.low_sur",11,9.99200722162641e-16,1.6130631189832e-15,0.41296202667816,0.958469186122355,0.41296202667816,0.958469186122355
"both","cox",30000,"get_cat","windows_linux","UM/sur_unadj","conf.low_sur",11,0,0,0.310490010435139,0.970368333556442,0.310490010435139,0.970368333556442
"both","cox",30000,"get_cat","windows_linux","UM/haz_direct","estimate",11,0,0,1,22.9409231776711,1,22.9409231776711
"both","cox",30000,"get_cat","windows_linux","UM/haz_unadj","estimate",11,0,0,1,45.4409787519458,1,45.4409787519458
"both","cox",30000,"get_cat","windows_linux","UM/sur_direct","estimate",11,0,0,0,0.512736486620484,0,0.512736486620484
"both","cox",30000,"get_cat","windows_linux","UM/sur_unadj","estimate",11,0,0,0,0.629732160745105,0,0.629732160745105
"both","cox",30000,"get_cat","windows_linux","UM/sur_direct","estimate_sur",11,0,0,0.451373774978953,0.964110261599437,0.451373774978953,0.964110261599437
"both","cox",30000,"get_cat","windows_linux","UM/sur_unadj","estimate_sur",11,0,0,0.344998093507037,0.974730254252142,0.344998093507037,0.974730254252142
"both","cox",30000,"get_cat","windows_linux","UM/haz_direct","p.value_0.95",10,0,0,1.83679976187753e-227,0.000920689564056895,1.83679976187753e-227,0.000920689564056895
"both","cox",30000,"get_cat","windows_linux","UM/haz_unadj","p.value_0.95",10,0,0,0,4.47518860200809e-09,0,4.47518860200809e-09
"both","cox",30000,"get_cat","windows_linux","UM/haz_direct","p_value",10,0,0,1.83679976187753e-227,0.000920689564056895,1.83679976187753e-227,0.000920689564056895
"both","cox",30000,"get_cat","windows_linux","UM/haz_unadj","p_value",10,0,0,0,4.47518860200809e-09,0,4.47518860200809e-09
"both","cox",30000,"get_cat","windows_linux","UM/sur_direct","p_value",10,3.97685356867683e-16,2.631866163652e-13,0,0.00151103943794715,0,0.00151103943794675
"both","cox",30000,"get_cat","windows_linux","UM/sur_unadj","p_value",10,0,0,7.07438117992755e-122,7.2733889824088e-06,7.07438117992755e-122,7.2733889824088e-06
"both","cox",30000,"get_cat","windows_linux","curve/direct","probability",528,0,0,0.300643089903565,1,0.300643089903565,1
"both","cox",30000,"get_cat","windows_linux","curve/unadj","probability",1750,0,0,0.344998093507037,1,0.344998093507037,1
"both","cox",30000,"get_cat","windows_linux","curve/direct","se",528,4.5102810375397e-15,2.00473906749986e-13,0,0.0382249782104552,0,0.0382249782104529
"both","cox",30000,"get_cat","windows_linux","curve/unadj","se",1750,0,0,0,0.116747061348798,0,0.116747061348798
"both","cox",30000,"get_cat","windows_linux","UM/sur_direct","time",12,0,0,120,120,120,120
"both","cox",30000,"get_cat","windows_linux","UM/sur_unadj","time",12,0,0,120,120,120,120
"both","cox",30000,"get_cat","windows_linux","curve/direct","time",528,0,0,0,253,0,253
"both","cox",30000,"get_cat","windows_linux","curve/unadj","time",1750,0,0,1,287,1,287
"both","cox",30000,"get_eff","windows_linux","result/haz_direct","conf.high",11,0,0,1,28.2620842257521,1,28.2620842257521
"both","cox",30000,"get_eff","windows_linux","result/haz_unadj","conf.high",11,0,0,1,53.9670842163797,1,53.9670842163797
"both","cox",30000,"get_eff","windows_linux","result/sur_direct","conf.high",11,9.15933995315754e-16,9.10006090086305e-15,0,0.551560244038612,0,0.551560244038612
"both","cox",30000,"get_eff","windows_linux","result/sur_unadj","conf.high",11,0,0,0,0.752636682772396,0,0.752636682772396
"both","cox",30000,"get_eff","windows_linux","result/sur_direct","conf.high_sur",11,9.99200722162641e-16,1.68098916171566e-15,0.489785523279747,0.96975133707652,0.489785523279747,0.96975133707652
"both","cox",30000,"get_eff","windows_linux","result/sur_unadj","conf.high_sur",11,0,0,0.383341429750617,0.979111782298471,0.383341429750617,0.979111782298471
"both","cox",30000,"get_eff","windows_linux","result/haz_direct","conf.low",11,0,0,1,18.6216257810265,1,18.6216257810265
"both","cox",30000,"get_eff","windows_linux","result/haz_unadj","conf.low",11,0,0,1,38.2618883328158,1,38.2618883328158
"both","cox",30000,"get_eff","windows_linux","result/sur_direct","conf.low",11,9.15933995315754e-16,3.87270509628705e-14,0,0.473912729202356,0,0.473912729202356
"both","cox",30000,"get_eff","windows_linux","result/sur_unadj","conf.low",11,0,0,0,0.5242496044777,0,0.5242496044777
"both","cox",30000,"get_eff","windows_linux","result/sur_direct","conf.low_sur",11,9.99200722162641e-16,1.6130631189832e-15,0.41296202667816,0.958469186122355,0.41296202667816,0.958469186122355
"both","cox",30000,"get_eff","windows_linux","result/sur_unadj","conf.low_sur",11,0,0,0.310490010435139,0.970368333556442,0.310490010435139,0.970368333556442
"both","cox",30000,"get_eff","windows_linux","result/haz_direct","estimate",11,0,0,1,22.9409231776711,1,22.9409231776711
"both","cox",30000,"get_eff","windows_linux","result/haz_unadj","estimate",11,0,0,1,45.4409787519458,1,45.4409787519458
"both","cox",30000,"get_eff","windows_linux","result/sur_direct","estimate",11,0,0,0,0.512736486620484,0,0.512736486620484
"both","cox",30000,"get_eff","windows_linux","result/sur_unadj","estimate",11,0,0,0,0.629732160745105,0,0.629732160745105
"both","cox",30000,"get_eff","windows_linux","result/sur_direct","estimate_sur",11,0,0,0.451373774978953,0.964110261599437,0.451373774978953,0.964110261599437
"both","cox",30000,"get_eff","windows_linux","result/sur_unadj","estimate_sur",11,0,0,0.344998093507037,0.974730254252142,0.344998093507037,0.974730254252142
"both","cox",30000,"get_eff","windows_linux","result/haz_direct","p.value_0.95",10,0,0,1.83679976187753e-227,0.000920689564056895,1.83679976187753e-227,0.000920689564056895
"both","cox",30000,"get_eff","windows_linux","result/haz_unadj","p.value_0.95",10,0,0,0,4.47518860200809e-09,0,4.47518860200809e-09
"both","cox",30000,"get_eff","windows_linux","result/haz_direct","p_value",10,0,0,1.83679976187753e-227,0.000920689564056895,1.83679976187753e-227,0.000920689564056895
"both","cox",30000,"get_eff","windows_linux","result/haz_unadj","p_value",10,0,0,0,4.47518860200809e-09,0,4.47518860200809e-09
"both","cox",30000,"get_eff","windows_linux","result/sur_direct","p_value",10,3.97685356867683e-16,2.631866163652e-13,0,0.00151103943794715,0,0.00151103943794675
"both","cox",30000,"get_eff","windows_linux","result/sur_unadj","p_value",10,0,0,7.07438117992755e-122,7.2733889824088e-06,7.07438117992755e-122,7.2733889824088e-06
"both","cox",30000,"get_eff","windows_linux","result/sur_direct","time",12,0,0,120,120,120,120
"both","cox",30000,"get_eff","windows_linux","result/sur_unadj","time",12,0,0,120,120,120,120
"both","cox",30000,"get_score","windows_linux","result/AUC/score","AUC",2,0,0,0.82674695754102,0.840595188462614,0.82674695754102,0.840595188462614
"both","cox",30000,"get_score","windows_linux","result/Brier/score","Brier",2,0,0,0.073323948630656,0.10395436143519,0.073323948630656,0.10395436143519
"both","cox",30000,"get_score","windows_linux","result/AUC/score","lower",2,0,0,0.818819397494059,0.832775123004158,0.818819397494059,0.832775123004158
"both","cox",30000,"get_score","windows_linux","result/Brier/score","lower",2,0,0,0.0710315618567965,0.100991252708764,0.0710315618567965,0.100991252708764
"both","cox",30000,"get_score","windows_linux","result/AUC/score","se",2,0,0,0.003989902630936,0.00404474781653748,0.003989902630936,0.00404474781653748
"both","cox",30000,"get_score","windows_linux","result/Brier/score","se",2,0,0,0.0011696065804992,0.0015118179465535,0.0011696065804992,0.0015118179465535
"both","cox",30000,"get_score","windows_linux","result/AUC/score","times",2,0,0,60,120,60,120
"both","cox",30000,"get_score","windows_linux","result/Brier/score","times",2,0,0,60,120,60,120
"both","cox",30000,"get_score","windows_linux","result/AUC/score","upper",2,0,0,0.83467451758798,0.848415253921071,0.83467451758798,0.848415253921071
"both","cox",30000,"get_score","windows_linux","result/Brier/score","upper",2,0,0,0.0756163354045155,0.106917470161616,0.0756163354045155,0.106917470161616
"both","cox",30000,"get_score","latest_windows_linux","result/AUC/score","AUC",2,0,0,0.82674695754102,0.840595188462614,0.82674695754102,0.840595188462614
"both","cox",30000,"get_score","latest_windows_linux","result/Brier/score","Brier",2,0,0,0.073323948630656,0.10395436143519,0.073323948630656,0.10395436143519
"both","cox",30000,"get_score","latest_windows_linux","result/AUC/score","lower",2,0,0,0.818819397494059,0.832775123004158,0.818819397494059,0.832775123004158
"both","cox",30000,"get_score","latest_windows_linux","result/Brier/score","lower",2,0,0,0.0710315618567965,0.100991252708764,0.0710315618567965,0.100991252708764
"both","cox",30000,"get_score","latest_windows_linux","result/AUC/score","se",2,0,0,0.003989902630936,0.00404474781653748,0.003989902630936,0.00404474781653748
"both","cox",30000,"get_score","latest_windows_linux","result/Brier/score","se",2,0,0,0.0011696065804992,0.0015118179465535,0.0011696065804992,0.0015118179465535
"both","cox",30000,"get_score","latest_windows_linux","result/AUC/score","times",2,0,0,60,120,60,120
"both","cox",30000,"get_score","latest_windows_linux","result/Brier/score","times",2,0,0,60,120,60,120
"both","cox",30000,"get_score","latest_windows_linux","result/AUC/score","upper",2,0,0,0.83467451758798,0.848415253921071,0.83467451758798,0.848415253921071
"both","cox",30000,"get_score","latest_windows_linux","result/Brier/score","upper",2,0,0,0.0756163354045155,0.106917470161616,0.0756163354045155,0.106917470161616
"both","cox",30000,"get_score_boot","windows_linux","result/AUC/score","AUC",2,0,0,0.826379874434879,0.839333900521365,0.826379874434879,0.839333900521365
"both","cox",30000,"get_score_boot","windows_linux","result/Brier/score","Brier",2,0,0,0.0728315169506647,0.102806248882826,0.0728315169506647,0.102806248882826
"both","cox",30000,"get_score_boot","windows_linux","result/AUC/score","lower",2,0,0,0.816397698018013,0.832386025083018,0.816397698018013,0.832386025083018
"both","cox",30000,"get_score_boot","windows_linux","result/Brier/score","lower",2,0,0,0.0701620263404744,0.100802615472297,0.0701620263404744,0.100802615472297
"both","cox",30000,"get_score_boot","windows_linux","result/AUC/score","se",2,0,0,0.00523489989347276,0.00731892368143475,0.00523489989347276,0.00731892368143475
"both","cox",30000,"get_score_boot","windows_linux","result/Brier/score","se",2,0,0,0.00170147462763172,0.00182375003714194,0.00170147462763172,0.00182375003714194
"both","cox",30000,"get_score_boot","windows_linux","result/AUC/score","times",2,0,0,60,120,60,120
"both","cox",30000,"get_score_boot","windows_linux","result/Brier/score","times",2,0,0,60,120,60,120
"both","cox",30000,"get_score_boot","windows_linux","result/AUC/score","upper",2,0,0,0.836450926729398,0.846035548437864,0.836450926729398,0.846035548437864
"both","cox",30000,"get_score_boot","windows_linux","result/Brier/score","upper",2,0,0,0.0754320218339878,0.105876092758648,0.0754320218339878,0.105876092758648
"both","cox",30000,"get_score_boot","latest_windows_linux","result/AUC/score","AUC",2,0,0,0.826379874434879,0.839333900521365,0.826379874434879,0.839333900521365
"both","cox",30000,"get_score_boot","latest_windows_linux","result/Brier/score","Brier",2,0,0,0.0728315169506647,0.102806248882826,0.0728315169506647,0.102806248882826
"both","cox",30000,"get_score_boot","latest_windows_linux","result/AUC/score","lower",2,0,0,0.816397698018013,0.832386025083018,0.816397698018013,0.832386025083018
"both","cox",30000,"get_score_boot","latest_windows_linux","result/Brier/score","lower",2,0,0,0.0701620263404744,0.100802615472297,0.0701620263404744,0.100802615472297
"both","cox",30000,"get_score_boot","latest_windows_linux","result/AUC/score","se",2,0,0,0.00523489989347276,0.00731892368143475,0.00523489989347276,0.00731892368143475
"both","cox",30000,"get_score_boot","latest_windows_linux","result/Brier/score","se",2,0,0,0.00170147462763172,0.00182375003714194,0.00170147462763172,0.00182375003714194
"both","cox",30000,"get_score_boot","latest_windows_linux","result/AUC/score","times",2,0,0,60,120,60,120
"both","cox",30000,"get_score_boot","latest_windows_linux","result/Brier/score","times",2,0,0,60,120,60,120
"both","cox",30000,"get_score_boot","latest_windows_linux","result/AUC/score","upper",2,0,0,0.836450926729398,0.846035548437864,0.836450926729398,0.846035548437864
"both","cox",30000,"get_score_boot","latest_windows_linux","result/Brier/score","upper",2,0,0,0.0754320218339878,0.105876092758648,0.0754320218339878,0.105876092758648
"both","cox",30000,"fit_hazard","windows_linux","fit","beta",12,0,0,0.0160945030755837,3.13292235403285,0.0160945030755837,3.13292235403285
"both","cox",30000,"fit_hazard","windows_linux","fit","se",12,0,0,0.00176433121444312,0.151449435963917,0.00176433121444312,0.151449435963917
"both","cox",30000,"get_eff_sub","windows_linux","result/haz_direct","conf.high",3,0,0,2.22571541484526,2.83462335375058,2.22571541484526,2.83462335375058
"both","cox",30000,"get_eff_sub","windows_linux","result/haz_unadj","conf.high",3,0,0,2.26780253445856,2.83077233234416,2.26780253445856,2.83077233234416
"both","cox",30000,"get_eff_sub","windows_linux","result/haz_direct","conf.low",3,0,0,1.90386784068442,2.29863102045968,1.90386784068442,2.29863102045968
"both","cox",30000,"get_eff_sub","windows_linux","result/haz_unadj","conf.low",3,0,0,1.94002210497921,2.29554238301627,1.94002210497921,2.29554238301627
"both","cox",30000,"get_eff_sub","windows_linux","result/haz_direct","estimate",3,0,0,2.05851111263444,2.55259733844775,2.05851111263444,2.55259733844775
"both","cox",30000,"get_eff_sub","windows_linux","result/haz_unadj","estimate",3,0,0,2.09751926012075,2.54914845891051,2.09751926012075,2.54914845891051
"both","cox",30000,"get_eff_sub","windows_linux","result/haz_direct","p.value_0.95",3,0,0,4.72712906463163e-139,9.04179212359623e-69,4.72712906463163e-139,9.04179212359623e-69
"both","cox",30000,"get_eff_sub","windows_linux","result/haz_unadj","p.value_0.95",3,0,0,6.14746016472639e-153,1.37949017376806e-68,6.14746016472639e-153,1.37949017376806e-68
"both","cox",30000,"get_eff_sub","windows_linux","result/haz_direct","p_value",3,0,0,4.72712906463163e-139,9.04179212359623e-69,4.72712906463163e-139,9.04179212359623e-69
"both","cox",30000,"get_eff_sub","windows_linux","result/haz_unadj","p_value",3,0,0,6.14746016472639e-153,1.37949017376806e-68,6.14746016472639e-153,1.37949017376806e-68
"both","cox",30000,"get_cat_no_ci","windows_linux","curve/unadj","ci_lower",1750,1.11022302462516e-16,1.30599720024996e-16,0.310490010435139,1,0.310490010435139,1
"both","cox",30000,"get_cat_no_ci","windows_linux","curve/unadj","ci_upper",1750,0,0,0.383341429750617,1,0.383341429750617,1
"both","cox",30000,"get_cat_no_ci","windows_linux","UM/haz_direct","conf.high",11,0,0,1,28.2620842257521,1,28.2620842257521
"both","cox",30000,"get_cat_no_ci","windows_linux","UM/haz_unadj","conf.high",11,0,0,1,53.9670842163797,1,53.9670842163797
"both","cox",30000,"get_cat_no_ci","windows_linux","UM/sur_direct","conf.high",11,9.15933995315754e-16,9.10006090086305e-15,0,0.551560244038612,0,0.551560244038612
"both","cox",30000,"get_cat_no_ci","windows_linux","UM/sur_unadj","conf.high",11,0,0,0,0.752636682772396,0,0.752636682772396
"both","cox",30000,"get_cat_no_ci","windows_linux","UM/sur_direct","conf.high_sur",11,9.99200722162641e-16,1.68098916171566e-15,0.489785523279747,0.96975133707652,0.489785523279747,0.96975133707652
"both","cox",30000,"get_cat_no_ci","windows_linux","UM/sur_unadj","conf.high_sur",11,0,0,0.383341429750617,0.979111782298471,0.383341429750617,0.979111782298471
"both","cox",30000,"get_cat_no_ci","windows_linux","UM/haz_direct","conf.low",11,0,0,1,18.6216257810265,1,18.6216257810265
"both","cox",30000,"get_cat_no_ci","windows_linux","UM/haz_unadj","conf.low",11,0,0,1,38.2618883328158,1,38.2618883328158
"both","cox",30000,"get_cat_no_ci","windows_linux","UM/sur_direct","conf.low",11,9.15933995315754e-16,3.87270509628705e-14,0,0.473912729202356,0,0.473912729202356
"both","cox",30000,"get_cat_no_ci","windows_linux","UM/sur_unadj","conf.low",11,0,0,0,0.5242496044777,0,0.5242496044777
"both","cox",30000,"get_cat_no_ci","windows_linux","UM/sur_direct","conf.low_sur",11,9.99200722162641e-16,1.6130631189832e-15,0.41296202667816,0.958469186122355,0.41296202667816,0.958469186122355
"both","cox",30000,"get_cat_no_ci","windows_linux","UM/sur_unadj","conf.low_sur",11,0,0,0.310490010435139,0.970368333556442,0.310490010435139,0.970368333556442
"both","cox",30000,"get_cat_no_ci","windows_linux","UM/haz_direct","estimate",11,0,0,1,22.9409231776711,1,22.9409231776711
"both","cox",30000,"get_cat_no_ci","windows_linux","UM/haz_unadj","estimate",11,0,0,1,45.4409787519458,1,45.4409787519458
"both","cox",30000,"get_cat_no_ci","windows_linux","UM/sur_direct","estimate",11,0,0,0,0.512736486620484,0,0.512736486620484
"both","cox",30000,"get_cat_no_ci","windows_linux","UM/sur_unadj","estimate",11,0,0,0,0.629732160745105,0,0.629732160745105
"both","cox",30000,"get_cat_no_ci","windows_linux","UM/sur_direct","estimate_sur",11,0,0,0.451373774978953,0.964110261599437,0.451373774978953,0.964110261599437
"both","cox",30000,"get_cat_no_ci","windows_linux","UM/sur_unadj","estimate_sur",11,0,0,0.344998093507037,0.974730254252142,0.344998093507037,0.974730254252142
"both","cox",30000,"get_cat_no_ci","windows_linux","UM/haz_direct","p.value_0.95",10,0,0,1.83679976187753e-227,0.000920689564056895,1.83679976187753e-227,0.000920689564056895
"both","cox",30000,"get_cat_no_ci","windows_linux","UM/haz_unadj","p.value_0.95",10,0,0,0,4.47518860200809e-09,0,4.47518860200809e-09
"both","cox",30000,"get_cat_no_ci","windows_linux","UM/haz_direct","p_value",10,0,0,1.83679976187753e-227,0.000920689564056895,1.83679976187753e-227,0.000920689564056895
"both","cox",30000,"get_cat_no_ci","windows_linux","UM/haz_unadj","p_value",10,0,0,0,4.47518860200809e-09,0,4.47518860200809e-09
"both","cox",30000,"get_cat_no_ci","windows_linux","UM/sur_direct","p_value",10,3.97685356867683e-16,2.631866163652e-13,0,0.00151103943794715,0,0.00151103943794675
"both","cox",30000,"get_cat_no_ci","windows_linux","UM/sur_unadj","p_value",10,0,0,7.07438117992755e-122,7.2733889824088e-06,7.07438117992755e-122,7.2733889824088e-06
"both","cox",30000,"get_cat_no_ci","windows_linux","curve/direct","probability",528,0,0,0.300643089903565,1,0.300643089903565,1
"both","cox",30000,"get_cat_no_ci","windows_linux","curve/unadj","probability",1750,0,0,0.344998093507037,1,0.344998093507037,1
"both","cox",30000,"get_cat_no_ci","windows_linux","curve/unadj","se",1750,0,0,0,0.116747061348798,0,0.116747061348798
"both","cox",30000,"get_cat_no_ci","windows_linux","UM/sur_direct","time",12,0,0,120,120,120,120
"both","cox",30000,"get_cat_no_ci","windows_linux","UM/sur_unadj","time",12,0,0,120,120,120,120
"both","cox",30000,"get_cat_no_ci","windows_linux","curve/direct","time",528,0,0,0,253,0,253
"both","cox",30000,"get_cat_no_ci","windows_linux","curve/unadj","time",1750,0,0,1,287,1,287
"both","cox",30000,"get_inter_abs","windows_linux","result/estimates","conf.high",18,1.35447209004269e-14,2.16814786639589e-11,-0.082725529996918,1.49844892532789,-0.0827255299969053,1.49844892532789
"both","cox",30000,"get_inter_abs","windows_linux","result/risks","conf.high",8,1.77635683940025e-15,6.52624394516636e-15,0.0800927843373455,0.305237100850436,0.0800927843373455,0.305237100850436
"both","cox",30000,"get_inter_abs","windows_linux","result/estimates","conf.low",18,1.27675647831893e-14,1.53508342393589e-13,-0.500693133903506,1.11491887653127,-0.500693133903518,1.11491887653127
"both","cox",30000,"get_inter_abs","windows_linux","result/risks","conf.low",8,1.80411241501588e-15,7.74552142402367e-15,0.066136467959056,0.267821469915211,0.066136467959056,0.267821469915211
"both","cox",30000,"get_inter_abs","windows_linux","result/estimates","estimate",18,0,0,-0.291709331950212,1.29253587662628,-0.291709331950212,1.29253587662628
"both","cox",30000,"get_inter_abs","windows_linux","result/risks","estimate",8,0,0,0.0731146261482007,0.286529285382824,0.0731146261482007,0.286529285382824
"both","cox",30000,"get_inter_abs","windows_linux","result/estimates","p.value",18,3.59157148466238e-14,7.68747445674136e-13,4.87178985978701e-69,0.312981515315734,4.87178985979037e-69,0.31298151531577
"both","cox",30000,"get_fit_stats_simple","windows_linux","result/stats","estimate",6,6.93889390390723e-18,1.60706628325221e-16,0.0222713179991475,80183.302505322,0.0222713179991475,80183.302505322
"both","cox",30000,"get_fit_stats_simple","latest_windows_linux","result/stats","estimate",6,6.93889390390723e-18,1.60706628325221e-16,0.0222713179991475,80183.302505322,0.0222713179991475,80183.302505322
"both","cox",30000,"get_fit_stats_simple_boot","windows_linux","result/boot","AIC",20,0,0,77787.1076352345,81902.9775532772,77787.1076352345,81902.9775532772
"both","cox",30000,"get_fit_stats_simple_boot","windows_linux","result/boot","BIC",20,0,0,77799.7002294598,81909.3187250244,77799.7002294598,81909.3187250244
"both","cox",30000,"get_fit_stats_simple_boot","windows_linux","result/boot","PVE",20,6.93889390390723e-18,1.6412697948309e-16,0.0204518614227872,0.0492132754295671,0.0204518614227872,0.0492132754295671
"both","cox",30000,"get_fit_stats_simple_boot","windows_linux","result/stats","SE",6,1.73472347597681e-18,6.85264192518972e-16,0.00174464115780466,977.071967291518,0.00174464115780466,977.071967291518
"both","cox",30000,"get_fit_stats_simple_boot","windows_linux","result/stats","estimate",6,6.93889390390723e-18,1.60706628325221e-16,0.0222713179991475,80183.302505322,0.0222713179991475,80183.302505322
"both","cox",30000,"get_fit_stats_simple_boot","windows_linux","result/stats","lower",6,6.93889390390723e-18,1.64091912310515e-16,0.0206948687291266,78904.8006746854,0.0206948687291266,78904.8006746854
"both","cox",30000,"get_fit_stats_simple_boot","windows_linux","result/boot","replicate",20,0,0,1,10,1,10
"both","cox",30000,"get_fit_stats_simple_boot","windows_linux","result/stats","upper",6,1.38777878078145e-17,2.82103674509672e-16,0.0262820331334661,81838.2524290302,0.0262820331334661,81838.2524290302
"both","cox",30000,"get_fit_stats_simple_boot","latest_windows_linux","result/boot","AIC",20,0,0,77787.1076352345,81902.9775532772,77787.1076352345,81902.9775532772
"both","cox",30000,"get_fit_stats_simple_boot","latest_windows_linux","result/boot","BIC",20,0,0,77799.7002294598,81909.3187250244,77799.7002294598,81909.3187250244
"both","cox",30000,"get_fit_stats_simple_boot","latest_windows_linux","result/boot","PVE",20,6.93889390390723e-18,1.6412697948309e-16,0.0204518614227872,0.0492132754295671,0.0204518614227872,0.0492132754295671
"both","cox",30000,"get_fit_stats_simple_boot","latest_windows_linux","result/stats","SE",6,1.73472347597681e-18,6.85264192518972e-16,0.00174464115780466,977.071967291518,0.00174464115780466,977.071967291518
"both","cox",30000,"get_fit_stats_simple_boot","latest_windows_linux","result/stats","estimate",6,6.93889390390723e-18,1.60706628325221e-16,0.0222713179991475,80183.302505322,0.0222713179991475,80183.302505322
"both","cox",30000,"get_fit_stats_simple_boot","latest_windows_linux","result/stats","lower",6,6.93889390390723e-18,1.64091912310515e-16,0.0206948687291266,78904.8006746854,0.0206948687291266,78904.8006746854
"both","cox",30000,"get_fit_stats_simple_boot","latest_windows_linux","result/boot","replicate",20,0,0,1,10,1,10
"both","cox",30000,"get_fit_stats_simple_boot","latest_windows_linux","result/stats","upper",6,1.38777878078145e-17,2.82103674509672e-16,0.0262820331334661,81838.2524290302,0.0262820331334661,81838.2524290302
"both","cox",30000,"get_score_all_boot","latest_windows_linux","result/fit.stats/boot","AIC",10,0,0,73260.1542438132,78200.4125967523,73260.1542438132,78200.4125967523
"both","cox",30000,"get_score_all_boot","latest_windows_linux","result/AUC/score","AUC",2,0,0,0.826379874434879,0.839333900521365,0.826379874434879,0.839333900521365
"both","cox",30000,"get_score_all_boot","latest_windows_linux","result/fit.stats/boot","BIC",10,0,0,73335.6226889925,78276.6686878953,73335.6226889925,78276.6686878953
"both","cox",30000,"get_score_all_boot","latest_windows_linux","result/Brier/score","Brier",2,0,0,0.0728315169506647,0.102806248882826,0.0728315169506647,0.102806248882826
"both","cox",30000,"get_score_all_boot","latest_windows_linux","result/fit.stats/boot","PVE",10,2.77555756156289e-17,1.71391336452269e-16,0.155315570162408,0.174153708853858,0.155315570162408,0.174153708853858
"both","cox",30000,"get_score_all_boot","latest_windows_linux","result/fit.stats/info","R",1,0,0,10,10,10,10
"both","cox",30000,"get_score_all_boot","latest_windows_linux","result/fit.stats/info","R_success",1,0,0,10,10,10,10
"both","cox",30000,"get_score_all_boot","latest_windows_linux","result/fit.stats/stats","SE",3,4.33680868994202e-18,6.49337746531606e-16,0.00667881809290588,1560.74454224304,0.00667881809290588,1560.74454224304
"both","cox",30000,"get_score_all_boot","latest_windows_linux","result/fit.stats/info","bic_n",1,0,0,4101,4101,4101,4101
"both","cox",30000,"get_score_all_boot","latest_windows_linux","result/fit.stats/info","conf_level",1,0,0,0.95,0.95,0.95,0.95
"both","cox",30000,"get_score_all_boot","latest_windows_linux","result/fit.stats/info","df",1,0,0,12,12,12,12
"both","cox",30000,"get_score_all_boot","latest_windows_linux","result/fit.stats/stats","estimate",3,0,0,0.162345020634727,75636.0339413585,0.162345020634727,75636.0339413585
"both","cox",30000,"get_score_all_boot","latest_windows_linux","result/fit.stats/info","events",1,0,0,4101,4101,4101,4101
"both","cox",30000,"get_score_all_boot","latest_windows_linux","result/fit.stats/info","logLik",1,0,0,-37768.1030539269,-37768.1030539269,-37768.1030539269,-37768.1030539269
"both","cox",30000,"get_score_all_boot","latest_windows_linux","result/fit.stats/info","logLik_null",1,0,0,-40425.3377901394,-40425.3377901394,-40425.3377901394,-40425.3377901394
"both","cox",30000,"get_score_all_boot","latest_windows_linux","result/AUC/score","lower",2,0,0,0.816397698018013,0.832386025083018,0.816397698018013,0.832386025083018
"both","cox",30000,"get_score_all_boot","latest_windows_linux","result/Brier/score","lower",2,0,0,0.0701620263404744,0.100802615472297,0.0701620263404744,0.100802615472297
"both","cox",30000,"get_score_all_boot","latest_windows_linux","result/fit.stats/stats","lower",3,0,0,0.155547819823893,73525.2317264048,0.155547819823893,73525.2317264048
"both","cox",30000,"get_score_all_boot","latest_windows_linux","result/fit.stats/info","n",1,0,0,30000,30000,30000,30000
"both","cox",30000,"get_score_all_boot","latest_windows_linux","result/fit.stats/info","n_omitted",1,0,0,0,0,0,0
"both","cox",30000,"get_score_all_boot","latest_windows_linux","result/fit.stats/boot","replicate",10,0,0,1,10,1,10
"both","cox",30000,"get_score_all_boot","latest_windows_linux","result/AUC/score","se",2,0,0,0.00523489989347276,0.00731892368143475,0.00523489989347276,0.00731892368143475
"both","cox",30000,"get_score_all_boot","latest_windows_linux","result/Brier/score","se",2,0,0,0.00170147462763172,0.00182375003714194,0.00170147462763172,0.00182375003714194
"both","cox",30000,"get_score_all_boot","latest_windows_linux","result/AUC/score","times",2,0,0,60,120,60,120
"both","cox",30000,"get_score_all_boot","latest_windows_linux","result/Brier/score","times",2,0,0,60,120,60,120
"both","cox",30000,"get_score_all_boot","latest_windows_linux","result/AUC/score","upper",2,0,0,0.836450926729398,0.846035548437864,0.836450926729398,0.846035548437864
"both","cox",30000,"get_score_all_boot","latest_windows_linux","result/Brier/score","upper",2,0,0,0.0754320218339878,0.105876092758648,0.0754320218339878,0.105876092758648
"both","cox",30000,"get_score_all_boot","latest_windows_linux","result/fit.stats/stats","upper",3,2.77555756156289e-17,1.59474374793615e-16,0.174044109917653,78119.3705915099,0.174044109917653,78119.3705915099
"both","cox",30000,"get_score_all","latest_windows_linux","result/AUC/score","AUC",2,0,0,0.82674695754102,0.840595188462614,0.82674695754102,0.840595188462614
"both","cox",30000,"get_score_all","latest_windows_linux","result/Brier/score","Brier",2,0,0,0.073323948630656,0.10395436143519,0.073323948630656,0.10395436143519
"both","cox",30000,"get_score_all","latest_windows_linux","result/fit.stats/info","R",1,0,0,0,0,0,0
"both","cox",30000,"get_score_all","latest_windows_linux","result/fit.stats/info","R_success",1,0,0,0,0,0,0
"both","cox",30000,"get_score_all","latest_windows_linux","result/fit.stats/info","bic_n",1,0,0,4101,4101,4101,4101
"both","cox",30000,"get_score_all","latest_windows_linux","result/fit.stats/info","conf_level",1,0,0,0.95,0.95,0.95,0.95
"both","cox",30000,"get_score_all","latest_windows_linux","result/fit.stats/info","df",1,0,0,12,12,12,12
"both","cox",30000,"get_score_all","latest_windows_linux","result/fit.stats/stats","estimate",3,0,0,0.162345020634727,75636.0339413585,0.162345020634727,75636.0339413585
"both","cox",30000,"get_score_all","latest_windows_linux","result/fit.stats/info","events",1,0,0,4101,4101,4101,4101
"both","cox",30000,"get_score_all","latest_windows_linux","result/fit.stats/info","logLik",1,0,0,-37768.1030539269,-37768.1030539269,-37768.1030539269,-37768.1030539269
"both","cox",30000,"get_score_all","latest_windows_linux","result/fit.stats/info","logLik_null",1,0,0,-40425.3377901394,-40425.3377901394,-40425.3377901394,-40425.3377901394
"both","cox",30000,"get_score_all","latest_windows_linux","result/AUC/score","lower",2,0,0,0.818819397494059,0.832775123004158,0.818819397494059,0.832775123004158
"both","cox",30000,"get_score_all","latest_windows_linux","result/Brier/score","lower",2,0,0,0.0710315618567965,0.100991252708764,0.0710315618567965,0.100991252708764
"both","cox",30000,"get_score_all","latest_windows_linux","result/fit.stats/info","n",1,0,0,30000,30000,30000,30000
"both","cox",30000,"get_score_all","latest_windows_linux","result/fit.stats/info","n_omitted",1,0,0,0,0,0,0
"both","cox",30000,"get_score_all","latest_windows_linux","result/AUC/score","se",2,0,0,0.003989902630936,0.00404474781653748,0.003989902630936,0.00404474781653748
"both","cox",30000,"get_score_all","latest_windows_linux","result/Brier/score","se",2,0,0,0.0011696065804992,0.0015118179465535,0.0011696065804992,0.0015118179465535
"both","cox",30000,"get_score_all","latest_windows_linux","result/AUC/score","times",2,0,0,60,120,60,120
"both","cox",30000,"get_score_all","latest_windows_linux","result/Brier/score","times",2,0,0,60,120,60,120
"both","cox",30000,"get_score_all","latest_windows_linux","result/AUC/score","upper",2,0,0,0.83467451758798,0.848415253921071,0.83467451758798,0.848415253921071
"both","cox",30000,"get_score_all","latest_windows_linux","result/Brier/score","upper",2,0,0,0.0756163354045155,0.106917470161616,0.0756163354045155,0.106917470161616
"both","cox",50000,"get_facet","windows_linux","result/sur.data","ci_lower",292,1.55431223447522e-15,2.15363893441558e-15,0.453746946007498,1,0.453746946007497,1
"both","cox",50000,"get_facet","windows_linux","result/sur.data","ci_upper",292,1.55431223447522e-15,2.09161343212211e-15,0.552696846786279,1,0.55269684678628,1
"both","cox",50000,"get_facet","windows_linux","result/sur.data","se",292,7.71951946809679e-16,1.41388508837219e-13,0,0.0252427854693468,0,0.0252427854693471
"both","cox",50000,"get_facet","windows_linux","result/sur.data","surv",292,0,0,0.503221896396889,1,0.503221896396889,1
"both","cox",50000,"get_facet","windows_linux","result/sur.data","time",292,0,0,0,253,0,253
"both","cox",50000,"get_facet","windows_linux","result/insert.data","x",3,0,0,0.5,0.5,0.5,0.5
"both","cox",50000,"get_facet","windows_linux","result/insert.data","y",3,0,0,0.5,0.5,0.5,0.5
"both","cox",50000,"get_facet","windows_linux","result/sur.data","yhat",292,0,0,0.503221896396889,1,0.503221896396889,1
"both","cox",50000,"get_rpa","windows_linux","UM/haz_direct","conf.high",49,0,0,1,8.66935271776124e+162,1,8.66935271776124e+162
"both","cox",50000,"get_rpa","windows_linux","UM/haz_unadj","conf.high",49,0,0,1,1.48948790331524e+163,1,1.48948790331524e+163
"both","cox",50000,"get_rpa","windows_linux","UM/sur_direct","conf.high",49,1.10134124042816e-13,2.90445398085457e-13,-0.00789670647950799,0.992510246160609,-0.00789670647950798,0.992510246160607
"both","cox",50000,"get_rpa","windows_linux","UM/sur_unadj","conf.high",41,0,0,0,1.62888069273963,0,1.62888069273963
"both","cox",50000,"get_rpa","windows_linux","UM/sur_direct","conf.high_sur",49,1.10356168647741e-13,1.01671347877364e-12,0.000109197236763725,0.999999986002093,0.000109197236763614,0.999999986002093
"both","cox",50000,"get_rpa","windows_linux","UM/sur_unadj","conf.high_sur",41,0,0,0.210989058549895,1,0.210989058549895,1
"both","cox",50000,"get_rpa","windows_linux","UM/haz_direct","conf.low",49,0,0,2.05510589798134e-175,484.41238789586,2.05510589798134e-175,484.41238789586
"both","cox",50000,"get_rpa","windows_linux","UM/haz_unadj","conf.low",49,0,0,1.00579441112466e-175,456.114196991262,1.00579441112466e-175,456.114196991262
"both","cox",50000,"get_rpa","windows_linux","UM/sur_direct","conf.low",49,1.10134124042816e-13,1.11688764986345e-12,-0.0219127899493673,0.978060495984797,-0.0219127899493673,0.978060495984797
"both","cox",50000,"get_rpa","windows_linux","UM/sur_unadj","conf.low",41,0,0,0,0.542833721172676,0,0.542833721172676
"both","cox",50000,"get_rpa","windows_linux","UM/sur_direct","conf.low_sur",49,1.10356168647741e-13,3.75870368848751e-12,0,0.99999998500023,0,0.99999998500023
"both","cox",50000,"get_rpa","windows_linux","UM/sur_unadj","conf.low_sur",41,0,0,0.0489496813336814,1,0.0489496813336814,1
"both","cox",50000,"get_rpa","windows_linux","tree_groups","count",49,0,0,28,8000,28,8000
"both","cox",50000,"get_rpa","windows_linux","UM/haz_direct","estimate",49,0,0,9.64998811875793e-07,857.093159586748,9.64998811875793e-07,857.093159586748
"both","cox",50000,"get_rpa","windows_linux","UM/haz_unadj","estimate",49,0,0,1.15652772986112e-06,806.940820553482,1.15652772986112e-06,806.940820553482
"both","cox",50000,"get_rpa","windows_linux","UM/sur_direct","estimate",49,0,0,-0.0149047482144377,0.985069029079355,-0.0149047482144377,0.985069029079355
"both","cox",50000,"get_rpa","windows_linux","UM/sur_unadj","estimate",47,0,0,0,1,0,1
"both","cox",50000,"get_rpa","windows_linux","UM/sur_direct","estimate_sur",49,0,0,2.62082073690939e-05,0.999999985501162,2.62082073690939e-05,0.999999985501162
"both","cox",50000,"get_rpa","windows_linux","UM/sur_unadj","estimate_sur",47,0,0,0,1,0,1
"both","cox",50000,"get_rpa","windows_linux","UM/haz_direct","p.value_0.95",48,2.77555756156289e-17,1.42749303481842e-16,4.82916541118274e-119,0.994158137399806,4.82916541118274e-119,0.994158137399806
"both","cox",50000,"get_rpa","windows_linux","UM/haz_unadj","p.value_0.95",48,0,0,5.29026472852586e-117,0.994072539364502,5.29026472852586e-117,0.994072539364502
"both","cox",50000,"get_rpa","windows_linux","UM/haz_direct","p_value",48,2.77555756156289e-17,1.42749303481842e-16,4.82916541118274e-119,0.994158137399806,4.82916541118274e-119,0.994158137399806
"both","cox",50000,"get_rpa","windows_linux","UM/haz_unadj","p_value",48,0,0,5.29026472852586e-117,0.994072539364502,5.29026472852586e-117,0.994072539364502
"both","cox",50000,"get_rpa","windows_linux","UM/sur_direct","p_value",48,1.02945429958368e-13,3.52821647692956e-11,0,0.168776805418573,0,0.168776805418676
"both","cox",50000,"get_rpa","windows_linux","UM/sur_unadj","p_value",33,0,0,6.02212166873946e-147,0.0159369956573492,6.02212166873946e-147,0.0159369956573492
"both","cox",50000,"get_rpa","windows_linux","UM/sur_direct","time",50,0,0,120,120,120,120
"both","cox",50000,"get_rpa","windows_linux","UM/sur_unadj","time",50,0,0,120,120,120,120
"both","cox",50000,"get_fit_stats","windows_linux","result/stats","estimate",6,2.77555756156289e-17,1.71513981357441e-16,0.042945505993733,139626.382281517,0.042945505993733,139626.382281517
"both","cox",50000,"get_fit_stats","latest_windows_linux","result/stats","estimate",6,2.77555756156289e-17,1.71513981357441e-16,0.042945505993733,139626.382281517,0.042945505993733,139626.382281517
"both","cox",50000,"get_eff_cat","windows_linux","result/haz_models","conf.high",20,0,0,1.73917504916605,48.7405495677316,1.73917504916605,48.7405495677316
"both","cox",50000,"get_eff_cat","windows_linux","result/haz_models","conf.low",20,0,0,1.2228092639703,37.4813232564386,1.2228092639703,37.4813232564386
"both","cox",50000,"get_eff_cat","windows_linux","result/haz_models","estimate",20,0,0,1.46476799136925,42.7417862757819,1.46476799136925,42.7417862757819
"both","cox",50000,"get_eff_cat","windows_linux","result/haz_models","p.value_0.95",20,0,0,0,0.000132095761588528,0,0.000132095761588528
"both","cox",50000,"get_eff_cat","windows_linux","result/haz_models","p_value",20,0,0,0,0.000132095761588528,0,0.000132095761588528
"both","cox",50000,"get_facet_diff_serial","windows_linux","result/diff.data","conf.high",1078,1.27675647831893e-15,1.14653419294062e-14,-0.00101831938681714,0.304020860175999,-0.00101831938681714,0.304020860175999
"both","cox",50000,"get_facet_diff_serial","windows_linux","result/forest.data","conf.high",24,7.21644966006352e-16,6.95752185665864e-15,0.014664220717372,0.186582849369737,0.0146642207173719,0.186582849369737
"both","cox",50000,"get_facet_diff_serial","windows_linux","result/diff.data","conf.high_Female",1023,7.7715611723761e-16,8.846289215978e-16,0.72733915676846,1,0.72733915676846,1
"both","cox",50000,"get_facet_diff_serial","windows_linux","result/forest.data","conf.high_Female",24,1.11022302462516e-16,1.32307239423588e-16,0.839124925787863,0.992541533762633,0.839124925787863,0.992541533762633
"both","cox",50000,"get_facet_diff_serial","windows_linux","result/diff.data","conf.high_Male",937,1.55431223447522e-15,2.09161343212211e-15,0.552696846786279,1,0.55269684678628,1
"both","cox",50000,"get_facet_diff_serial","windows_linux","result/forest.data","conf.high_Male",24,8.88178419700125e-16,1.23511281210631e-15,0.719107122033217,0.979829639139033,0.719107122033218,0.979829639139033
"both","cox",50000,"get_facet_diff_serial","windows_linux","result/diff.data","conf.low",1078,1.27675647831893e-15,2.74716967164503e-14,-0.119544935881262,0.208444659793776,-0.119544935881262,0.208444659793776
"both","cox",50000,"get_facet_diff_serial","windows_linux","result/forest.data","conf.low",24,7.21644966006352e-16,1.06812591677861e-14,0.00536751350656519,0.153901400217075,0.00536751350656519,0.153901400217075
"both","cox",50000,"get_facet_diff_serial","windows_linux","result/diff.data","conf.low_Female",1023,7.7715611723761e-16,9.01341317849855e-16,0.526025616892138,1,0.526025616892138,1
"both","cox",50000,"get_facet_diff_serial","windows_linux","result/forest.data","conf.low_Female",24,1.11022302462516e-16,1.35555791821498e-16,0.819015557879753,0.988239850695238,0.819015557879753,0.988239850695238
"both","cox",50000,"get_facet_diff_serial","windows_linux","result/diff.data","conf.low_Male",937,1.55431223447522e-15,2.15363893441558e-15,0.453746946007498,1,0.453746946007497,1
"both","cox",50000,"get_facet_diff_serial","windows_linux","result/forest.data","conf.low_Male",24,8.88178419700125e-16,1.28102616077895e-15,0.693333553125918,0.972926955421556,0.693333553125917,0.972926955421556
"both","cox",50000,"get_facet_diff_serial","windows_linux","result/diff.data","estimate",1078,1.11022302462516e-16,2.01316461820555e-15,-0.00454212404371501,0.247841171996269,-0.00454212404371501,0.247841171996269
"both","cox",50000,"get_facet_diff_serial","windows_linux","result/forest.data","estimate",24,0,0,0.0107740797766512,0.170242124793406,0.0107740797766512,0.170242124793406
"both","cox",50000,"get_facet_diff_serial","windows_linux","result/diff.data","estimate_Female",1023,0,0,0.618545898562861,1,0.618545898562861,1
"both","cox",50000,"get_facet_diff_serial","windows_linux","result/forest.data","estimate_Female",24,0,0,0.829070241833808,0.990388356723971,0.829070241833808,0.990388356723971
"both","cox",50000,"get_facet_diff_serial","windows_linux","result/diff.data","estimate_Male",937,1.11022302462516e-16,1.26580341331584e-16,0.503221896396889,1,0.503221896396889,1
"both","cox",50000,"get_facet_diff_serial","windows_linux","result/forest.data","estimate_Male",24,0,0,0.706220337579568,0.976378297280294,0.706220337579568,0.976378297280294
"both","cox",50000,"get_facet_diff_serial","windows_linux","result/diff.data","p.value_0.95",1075,8.04911692853238e-16,4.37775120429283e-13,1.35710903069656e-160,0.556459128441867,1.35710903068979e-160,0.556459128441867
"both","cox",50000,"get_facet_diff_serial","windows_linux","result/forest.data","p.value_0.95",24,2.49080626051968e-20,4.37775120429283e-13,8.35358740300285e-160,0.000993896901855479,8.35358740336548e-160,0.000993896901855479
"both","cox",50000,"get_facet_diff_serial","windows_linux","result/diff.data","p_value",1075,8.04911692853238e-16,4.37775120429283e-13,1.35710903069656e-160,0.556459128441867,1.35710903068979e-160,0.556459128441867
"both","cox",50000,"get_facet_diff_serial","windows_linux","result/forest.data","p_value",24,2.49080626051968e-20,4.37775120429283e-13,8.35358740300285e-160,0.000993896901855479,8.35358740336548e-160,0.000993896901855479
"both","cox",50000,"get_facet_diff_serial","windows_linux","result/diff.data","time",1082,0,0,0,287,0,287
"both","cox",50000,"get_facet_diff_serial","windows_linux","result/forest.data","time",24,0,0,12,120,12,120
"both","cox",50000,"get_fit_stats_boot","windows_linux","result/boot","AIC",20,0,0,130416.562626034,143579.494600168,130416.562626034,143579.494600168
"both","cox",50000,"get_fit_stats_boot","windows_linux","result/boot","BIC",20,0,0,130498.316747236,143593.209345834,130498.316747236,143593.209345834
"both","cox",50000,"get_fit_stats_boot","windows_linux","result/boot","PVE",20,2.77555756156289e-17,1.73305933135932e-16,0.0403846138550856,0.166508976742711,0.0403846138550856,0.166508976742711
"both","cox",50000,"get_fit_stats_boot","windows_linux","result/stats","SE",6,1.30104260698261e-18,7.72050617697905e-16,0.00168517785901402,2041.51490616666,0.00168517785901402,2041.51490616666
"both","cox",50000,"get_fit_stats_boot","windows_linux","result/stats","estimate",6,2.77555756156289e-17,1.71513981357441e-16,0.042945505993733,139626.382281517,0.042945505993733,139626.382281517
"both","cox",50000,"get_fit_stats_boot","windows_linux","result/stats","lower",6,0,0,0.0407561635538329,137202.784933933,0.0407561635538329,137202.784933933
"both","cox",50000,"get_fit_stats_boot","windows_linux","result/boot","replicate",20,0,0,1,10,1,10
"both","cox",50000,"get_fit_stats_boot","windows_linux","result/stats","upper",6,6.93889390390723e-18,1.50157020536338e-16,0.04621091893754,143269.943209519,0.04621091893754,143269.943209519
"both","cox",50000,"get_fit_stats_boot","latest_windows_linux","result/boot","AIC",20,0,0,130416.562626034,143579.494600168,130416.562626034,143579.494600168
"both","cox",50000,"get_fit_stats_boot","latest_windows_linux","result/boot","BIC",20,0,0,130498.316747236,143593.209345834,130498.316747236,143593.209345834
"both","cox",50000,"get_fit_stats_boot","latest_windows_linux","result/boot","PVE",20,2.77555756156289e-17,1.73305933135932e-16,0.0403846138550856,0.166508976742711,0.0403846138550856,0.166508976742711
"both","cox",50000,"get_fit_stats_boot","latest_windows_linux","result/stats","SE",6,1.30104260698261e-18,7.72050617697905e-16,0.00168517785901402,2041.51490616666,0.00168517785901402,2041.51490616666
"both","cox",50000,"get_fit_stats_boot","latest_windows_linux","result/stats","estimate",6,2.77555756156289e-17,1.71513981357441e-16,0.042945505993733,139626.382281517,0.042945505993733,139626.382281517
"both","cox",50000,"get_fit_stats_boot","latest_windows_linux","result/stats","lower",6,0,0,0.0407561635538329,137202.784933933,0.0407561635538329,137202.784933933
"both","cox",50000,"get_fit_stats_boot","latest_windows_linux","result/boot","replicate",20,0,0,1,10,1,10
"both","cox",50000,"get_fit_stats_boot","latest_windows_linux","result/stats","upper",6,6.93889390390723e-18,1.50157020536338e-16,0.04621091893754,143269.943209519,0.04621091893754,143269.943209519
"both","cox",50000,"get_facet_serial","windows_linux","result/sur.data","ci_lower",292,1.55431223447522e-15,2.15363893441558e-15,0.453746946007498,1,0.453746946007497,1
"both","cox",50000,"get_facet_serial","windows_linux","result/sur.data","ci_upper",292,1.55431223447522e-15,2.09161343212211e-15,0.552696846786279,1,0.55269684678628,1
"both","cox",50000,"get_facet_serial","windows_linux","result/sur.data","se",292,7.71951946809679e-16,1.41388508837219e-13,0,0.0252427854693468,0,0.0252427854693471
"both","cox",50000,"get_facet_serial","windows_linux","result/sur.data","surv",292,0,0,0.503221896396889,1,0.503221896396889,1
"both","cox",50000,"get_facet_serial","windows_linux","result/sur.data","time",292,0,0,0,253,0,253
"both","cox",50000,"get_facet_serial","windows_linux","result/insert.data","x",3,0,0,0.5,0.5,0.5,0.5
"both","cox",50000,"get_facet_serial","windows_linux","result/insert.data","y",3,0,0,0.5,0.5,0.5,0.5
"both","cox",50000,"get_facet_serial","windows_linux","result/sur.data","yhat",292,0,0,0.503221896396889,1,0.503221896396889,1
"both","cox",50000,"curve_direct","windows_linux","result","ci_lower",528,8.65973959207622e-15,2.52809813720044e-14,0.27470555945623,1,0.274705559456227,1
"both","cox",50000,"curve_direct","windows_linux","result","ci_upper",528,8.65973959207622e-15,2.13754589040262e-14,0.338815771629585,1,0.338815771629587,1
"both","cox",50000,"curve_direct","windows_linux","result","probability",528,0,0,0.306760665542907,1,0.306760665542907,1
"both","cox",50000,"curve_direct","windows_linux","result","se",528,4.41660596983695e-15,2.76625457135355e-13,0,0.029442797872556,0,0.0294427978725544
"both","cox",50000,"curve_direct","windows_linux","result","time",528,0,0,0,253,0,253
"both","cox",50000,"get_facet_diff","windows_linux","result/diff.data","conf.high",1078,1.27675647831893e-15,1.14653419294062e-14,-0.00101831938681714,0.304020860175999,-0.00101831938681714,0.304020860175999
"both","cox",50000,"get_facet_diff","windows_linux","result/forest.data","conf.high",24,7.21644966006352e-16,6.95752185665864e-15,0.014664220717372,0.186582849369737,0.0146642207173719,0.186582849369737
"both","cox",50000,"get_facet_diff","windows_linux","result/diff.data","conf.high_Female",1023,7.7715611723761e-16,8.846289215978e-16,0.72733915676846,1,0.72733915676846,1
"both","cox",50000,"get_facet_diff","windows_linux","result/forest.data","conf.high_Female",24,1.11022302462516e-16,1.32307239423588e-16,0.839124925787863,0.992541533762633,0.839124925787863,0.992541533762633
"both","cox",50000,"get_facet_diff","windows_linux","result/diff.data","conf.high_Male",937,1.55431223447522e-15,2.09161343212211e-15,0.552696846786279,1,0.55269684678628,1
"both","cox",50000,"get_facet_diff","windows_linux","result/forest.data","conf.high_Male",24,8.88178419700125e-16,1.23511281210631e-15,0.719107122033217,0.979829639139033,0.719107122033218,0.979829639139033
"both","cox",50000,"get_facet_diff","windows_linux","result/diff.data","conf.low",1078,1.27675647831893e-15,2.74716967164503e-14,-0.119544935881262,0.208444659793776,-0.119544935881262,0.208444659793776
"both","cox",50000,"get_facet_diff","windows_linux","result/forest.data","conf.low",24,7.21644966006352e-16,1.06812591677861e-14,0.00536751350656519,0.153901400217075,0.00536751350656519,0.153901400217075
"both","cox",50000,"get_facet_diff","windows_linux","result/diff.data","conf.low_Female",1023,7.7715611723761e-16,9.01341317849855e-16,0.526025616892138,1,0.526025616892138,1
"both","cox",50000,"get_facet_diff","windows_linux","result/forest.data","conf.low_Female",24,1.11022302462516e-16,1.35555791821498e-16,0.819015557879753,0.988239850695238,0.819015557879753,0.988239850695238
"both","cox",50000,"get_facet_diff","windows_linux","result/diff.data","conf.low_Male",937,1.55431223447522e-15,2.15363893441558e-15,0.453746946007498,1,0.453746946007497,1
"both","cox",50000,"get_facet_diff","windows_linux","result/forest.data","conf.low_Male",24,8.88178419700125e-16,1.28102616077895e-15,0.693333553125918,0.972926955421556,0.693333553125917,0.972926955421556
"both","cox",50000,"get_facet_diff","windows_linux","result/diff.data","estimate",1078,1.11022302462516e-16,2.01316461820555e-15,-0.00454212404371501,0.247841171996269,-0.00454212404371501,0.247841171996269
"both","cox",50000,"get_facet_diff","windows_linux","result/forest.data","estimate",24,0,0,0.0107740797766512,0.170242124793406,0.0107740797766512,0.170242124793406
"both","cox",50000,"get_facet_diff","windows_linux","result/diff.data","estimate_Female",1023,0,0,0.618545898562861,1,0.618545898562861,1
"both","cox",50000,"get_facet_diff","windows_linux","result/forest.data","estimate_Female",24,0,0,0.829070241833808,0.990388356723971,0.829070241833808,0.990388356723971
"both","cox",50000,"get_facet_diff","windows_linux","result/diff.data","estimate_Male",937,1.11022302462516e-16,1.26580341331584e-16,0.503221896396889,1,0.503221896396889,1
"both","cox",50000,"get_facet_diff","windows_linux","result/forest.data","estimate_Male",24,0,0,0.706220337579568,0.976378297280294,0.706220337579568,0.976378297280294
"both","cox",50000,"get_facet_diff","windows_linux","result/diff.data","p.value_0.95",1075,8.04911692853238e-16,4.37775120429283e-13,1.35710903069656e-160,0.556459128441867,1.35710903068979e-160,0.556459128441867
"both","cox",50000,"get_facet_diff","windows_linux","result/forest.data","p.value_0.95",24,2.49080626051968e-20,4.37775120429283e-13,8.35358740300285e-160,0.000993896901855479,8.35358740336548e-160,0.000993896901855479
"both","cox",50000,"get_facet_diff","windows_linux","result/diff.data","p_value",1075,8.04911692853238e-16,4.37775120429283e-13,1.35710903069656e-160,0.556459128441867,1.35710903068979e-160,0.556459128441867
"both","cox",50000,"get_facet_diff","windows_linux","result/forest.data","p_value",24,2.49080626051968e-20,4.37775120429283e-13,8.35358740300285e-160,0.000993896901855479,8.35358740336548e-160,0.000993896901855479
"both","cox",50000,"get_facet_diff","windows_linux","result/diff.data","time",1082,0,0,0,287,0,287
"both","cox",50000,"get_facet_diff","windows_linux","result/forest.data","time",24,0,0,12,120,12,120
"both","cox",50000,"get_cat","windows_linux","curve/direct","ci_lower",528,8.65973959207622e-15,2.52809813720044e-14,0.27470555945623,1,0.274705559456227,1
"both","cox",50000,"get_cat","windows_linux","curve/unadj","ci_lower",1750,0,0,0.320036142001093,1,0.320036142001093,1
"both","cox",50000,"get_cat","windows_linux","curve/direct","ci_upper",528,8.65973959207622e-15,2.13754589040262e-14,0.338815771629585,1,0.338815771629587,1
"both","cox",50000,"get_cat","windows_linux","curve/unadj","ci_upper",1750,0,0,0.378353181146656,1,0.378353181146656,1
"both","cox",50000,"get_cat","windows_linux","UM/haz_direct","conf.high",11,0,0,1,25.751434426903,1,25.751434426903
"both","cox",50000,"get_cat","windows_linux","UM/haz_unadj","conf.high",11,0,0,1,48.7405495677316,1,48.7405495677316
"both","cox",50000,"get_cat","windows_linux","UM/sur_direct","conf.high",11,4.05231403988182e-15,3.7108769735205e-14,0,0.539388729220293,0,0.539388729220293
"both","cox",50000,"get_cat","windows_linux","UM/sur_unadj","conf.high",11,0,0,0,0.707917036067426,0,0.707917036067426
"both","cox",50000,"get_cat","windows_linux","UM/sur_direct","conf.high_sur",11,3.99680288865056e-15,5.55163807432795e-15,0.483698884191951,0.967163195377193,0.483698884191951,0.967163195377193
"both","cox",50000,"get_cat","windows_linux","UM/sur_unadj","conf.high_sur",11,0,0,0.378353181146656,0.975700059337693,0.378353181146656,0.975700059337693
"both","cox",50000,"get_cat","windows_linux","UM/haz_direct","conf.low",11,0,0,1,18.6864386810192,1,18.6864386810192
"both","cox",50000,"get_cat","windows_linux","UM/haz_unadj","conf.low",11,0,0,1,37.4813232564386,1,37.4813232564386
"both","cox",50000,"get_cat","windows_linux","UM/sur_direct","conf.low",11,4.02455846426619e-15,1.33950026158818e-13,0,0.4786598794678,0,0.4786598794678
"both","cox",50000,"get_cat","windows_linux","UM/sur_unadj","conf.low",11,0,0,0,0.540360967693664,0,0.540360967693664
"both","cox",50000,"get_cat","windows_linux","UM/sur_direct","conf.low_sur",11,3.99680288865056e-15,6.37592938703749e-15,0.423632611230011,0.958216908732861,0.42363261123001,0.958216908732861
"both","cox",50000,"get_cat","windows_linux","UM/sur_unadj","conf.low_sur",11,0,0,0.320036142001093,0.968541387300515,0.320036142001093,0.968541387300515
"both","cox",50000,"get_cat","windows_linux","UM/haz_direct","estimate",11,0,0,1,21.9363306039686,1,21.9363306039686
"both","cox",50000,"get_cat","windows_linux","UM/haz_unadj","estimate",11,0,0,1,42.7417862757819,1,42.7417862757819
"both","cox",50000,"get_cat","windows_linux","UM/sur_direct","estimate",11,0,0,0,0.509024304344047,0,0.509024304344047
"both","cox",50000,"get_cat","windows_linux","UM/sur_unadj","estimate",11,0,0,0,0.624139001880545,0,0.624139001880545
"both","cox",50000,"get_cat","windows_linux","UM/sur_direct","estimate_sur",11,0,0,0.453665747710981,0.962690052055027,0.453665747710981,0.962690052055027
"both","cox",50000,"get_cat","windows_linux","UM/sur_unadj","estimate_sur",11,0,0,0.347975131881599,0.972114133762144,0.347975131881599,0.972114133762144
"both","cox",50000,"get_cat","windows_linux","UM/haz_direct","p.value_0.95",10,0,0,0,0.000132095761588528,0,0.000132095761588528
"both","cox",50000,"get_cat","windows_linux","UM/haz_unadj","p.value_0.95",10,0,0,0,2.31302279290319e-11,0,2.31302279290319e-11
"both","cox",50000,"get_cat","windows_linux","UM/haz_direct","p_value",10,0,0,0,0.000132095761588528,0,0.000132095761588528
"both","cox",50000,"get_cat","windows_linux","UM/haz_unadj","p_value",10,0,0,0,2.31302279290319e-11,0,2.31302279290319e-11
"both","cox",50000,"get_cat","windows_linux","UM/sur_direct","p_value",10,7.0310510885685e-16,2.46253704721092e-12,0,0.000529419709812691,0,0.000529419709811988
"both","cox",50000,"get_cat","windows_linux","UM/sur_unadj","p_value",10,0,0,9.38239565736785e-198,3.77176536313787e-07,9.38239565736785e-198,3.77176536313787e-07
"both","cox",50000,"get_cat","windows_linux","curve/direct","probability",528,0,0,0.306760665542907,1,0.306760665542907,1
"both","cox",50000,"get_cat","windows_linux","curve/unadj","probability",1750,0,0,0.347975131881599,1,0.347975131881599,1
"both","cox",50000,"get_cat","windows_linux","curve/direct","se",528,4.41660596983695e-15,2.76625457135355e-13,0,0.029442797872556,0,0.0294427978725544
"both","cox",50000,"get_cat","windows_linux","curve/unadj","se",1750,0,0,0,0.076183584003815,0,0.076183584003815
"both","cox",50000,"get_cat","windows_linux","UM/sur_direct","time",12,0,0,120,120,120,120
"both","cox",50000,"get_cat","windows_linux","UM/sur_unadj","time",12,0,0,120,120,120,120
"both","cox",50000,"get_cat","windows_linux","curve/direct","time",528,0,0,0,253,0,253
"both","cox",50000,"get_cat","windows_linux","curve/unadj","time",1750,0,0,1,287,1,287
"both","cox",50000,"get_eff","windows_linux","result/haz_direct","conf.high",11,0,0,1,25.751434426903,1,25.751434426903
"both","cox",50000,"get_eff","windows_linux","result/haz_unadj","conf.high",11,0,0,1,48.7405495677316,1,48.7405495677316
"both","cox",50000,"get_eff","windows_linux","result/sur_direct","conf.high",11,4.05231403988182e-15,3.7108769735205e-14,0,0.539388729220293,0,0.539388729220293
"both","cox",50000,"get_eff","windows_linux","result/sur_unadj","conf.high",11,0,0,0,0.707917036067426,0,0.707917036067426
"both","cox",50000,"get_eff","windows_linux","result/sur_direct","conf.high_sur",11,3.99680288865056e-15,5.55163807432795e-15,0.483698884191951,0.967163195377193,0.483698884191951,0.967163195377193
"both","cox",50000,"get_eff","windows_linux","result/sur_unadj","conf.high_sur",11,0,0,0.378353181146656,0.975700059337693,0.378353181146656,0.975700059337693
"both","cox",50000,"get_eff","windows_linux","result/haz_direct","conf.low",11,0,0,1,18.6864386810192,1,18.6864386810192
"both","cox",50000,"get_eff","windows_linux","result/haz_unadj","conf.low",11,0,0,1,37.4813232564386,1,37.4813232564386
"both","cox",50000,"get_eff","windows_linux","result/sur_direct","conf.low",11,4.02455846426619e-15,1.33950026158818e-13,0,0.4786598794678,0,0.4786598794678
"both","cox",50000,"get_eff","windows_linux","result/sur_unadj","conf.low",11,0,0,0,0.540360967693664,0,0.540360967693664
"both","cox",50000,"get_eff","windows_linux","result/sur_direct","conf.low_sur",11,3.99680288865056e-15,6.37592938703749e-15,0.423632611230011,0.958216908732861,0.42363261123001,0.958216908732861
"both","cox",50000,"get_eff","windows_linux","result/sur_unadj","conf.low_sur",11,0,0,0.320036142001093,0.968541387300515,0.320036142001093,0.968541387300515
"both","cox",50000,"get_eff","windows_linux","result/haz_direct","estimate",11,0,0,1,21.9363306039686,1,21.9363306039686
"both","cox",50000,"get_eff","windows_linux","result/haz_unadj","estimate",11,0,0,1,42.7417862757819,1,42.7417862757819
"both","cox",50000,"get_eff","windows_linux","result/sur_direct","estimate",11,0,0,0,0.509024304344047,0,0.509024304344047
"both","cox",50000,"get_eff","windows_linux","result/sur_unadj","estimate",11,0,0,0,0.624139001880545,0,0.624139001880545
"both","cox",50000,"get_eff","windows_linux","result/sur_direct","estimate_sur",11,0,0,0.453665747710981,0.962690052055027,0.453665747710981,0.962690052055027
"both","cox",50000,"get_eff","windows_linux","result/sur_unadj","estimate_sur",11,0,0,0.347975131881599,0.972114133762144,0.347975131881599,0.972114133762144
"both","cox",50000,"get_eff","windows_linux","result/haz_direct","p.value_0.95",10,0,0,0,0.000132095761588528,0,0.000132095761588528
"both","cox",50000,"get_eff","windows_linux","result/haz_unadj","p.value_0.95",10,0,0,0,2.31302279290319e-11,0,2.31302279290319e-11
"both","cox",50000,"get_eff","windows_linux","result/haz_direct","p_value",10,0,0,0,0.000132095761588528,0,0.000132095761588528
"both","cox",50000,"get_eff","windows_linux","result/haz_unadj","p_value",10,0,0,0,2.31302279290319e-11,0,2.31302279290319e-11
"both","cox",50000,"get_eff","windows_linux","result/sur_direct","p_value",10,7.0310510885685e-16,2.46253704721092e-12,0,0.000529419709812691,0,0.000529419709811988
"both","cox",50000,"get_eff","windows_linux","result/sur_unadj","p_value",10,0,0,9.38239565736785e-198,3.77176536313787e-07,9.38239565736785e-198,3.77176536313787e-07
"both","cox",50000,"get_eff","windows_linux","result/sur_direct","time",12,0,0,120,120,120,120
"both","cox",50000,"get_eff","windows_linux","result/sur_unadj","time",12,0,0,120,120,120,120
"both","cox",50000,"get_score","windows_linux","result/AUC/score","AUC",2,0,0,0.825515330536968,0.840593434496623,0.825515330536968,0.840593434496623
"both","cox",50000,"get_score","windows_linux","result/Brier/score","Brier",2,0,0,0.073481889467121,0.104404111875719,0.073481889467121,0.104404111875719
"both","cox",50000,"get_score","windows_linux","result/AUC/score","lower",2,0,0,0.821051299789041,0.836256981545874,0.821051299789041,0.836256981545874
"both","cox",50000,"get_score","windows_linux","result/Brier/score","lower",2,0,0,0.0717019906251809,0.102093676489941,0.0717019906251809,0.102093676489941
"both","cox",50000,"get_score","windows_linux","result/AUC/score","se",2,0,0,0.00221251665079275,0.00227760855971768,0.00221251665079275,0.00227760855971768
"both","cox",50000,"get_score","windows_linux","result/Brier/score","se",2,0,0,0.000908128341122482,0.00117881522517835,0.000908128341122482,0.00117881522517835
"both","cox",50000,"get_score","windows_linux","result/AUC/score","times",2,0,0,60,120,60,120
"both","cox",50000,"get_score","windows_linux","result/Brier/score","times",2,0,0,60,120,60,120
"both","cox",50000,"get_score","windows_linux","result/AUC/score","upper",2,0,0,0.829979361284895,0.844929887447372,0.829979361284895,0.844929887447372
"both","cox",50000,"get_score","windows_linux","result/Brier/score","upper",2,0,0,0.0752617883090612,0.106714547261496,0.0752617883090612,0.106714547261496
"both","cox",50000,"get_score","latest_windows_linux","result/AUC/score","AUC",2,0,0,0.825515330536968,0.840593434496623,0.825515330536968,0.840593434496623
"both","cox",50000,"get_score","latest_windows_linux","result/Brier/score","Brier",2,0,0,0.073481889467121,0.104404111875719,0.073481889467121,0.104404111875719
"both","cox",50000,"get_score","latest_windows_linux","result/AUC/score","lower",2,0,0,0.821051299789041,0.836256981545874,0.821051299789041,0.836256981545874
"both","cox",50000,"get_score","latest_windows_linux","result/Brier/score","lower",2,0,0,0.0717019906251809,0.102093676489941,0.0717019906251809,0.102093676489941
"both","cox",50000,"get_score","latest_windows_linux","result/AUC/score","se",2,0,0,0.00221251665079275,0.00227760855971768,0.00221251665079275,0.00227760855971768
"both","cox",50000,"get_score","latest_windows_linux","result/Brier/score","se",2,0,0,0.000908128341122482,0.00117881522517835,0.000908128341122482,0.00117881522517835
"both","cox",50000,"get_score","latest_windows_linux","result/AUC/score","times",2,0,0,60,120,60,120
"both","cox",50000,"get_score","latest_windows_linux","result/Brier/score","times",2,0,0,60,120,60,120
"both","cox",50000,"get_score","latest_windows_linux","result/AUC/score","upper",2,0,0,0.829979361284895,0.844929887447372,0.829979361284895,0.844929887447372
"both","cox",50000,"get_score","latest_windows_linux","result/Brier/score","upper",2,0,0,0.0752617883090612,0.106714547261496,0.0752617883090612,0.106714547261496
"both","cox",50000,"get_score_boot","windows_linux","result/AUC/score","AUC",2,0,0,0.823871833516171,0.839396582135972,0.823871833516171,0.839396582135972
"both","cox",50000,"get_score_boot","windows_linux","result/Brier/score","Brier",2,0,0,0.0732948598575653,0.104520229133543,0.0732948598575653,0.104520229133543
"both","cox",50000,"get_score_boot","windows_linux","result/AUC/score","lower",2,0,0,0.817915280799286,0.833768581956883,0.817915280799286,0.833768581956883
"both","cox",50000,"get_score_boot","windows_linux","result/Brier/score","lower",2,0,0,0.0708907400451119,0.101634973216967,0.0708907400451119,0.101634973216967
"both","cox",50000,"get_score_boot","windows_linux","result/AUC/score","se",2,0,0,0.0039334826574687,0.00398869136109217,0.0039334826574687,0.00398869136109217
"both","cox",50000,"get_score_boot","windows_linux","result/Brier/score","se",2,4.33680868994202e-19,2.22261152495295e-16,0.00122237557469111,0.00195122208323554,0.00122237557469111,0.00195122208323554
"both","cox",50000,"get_score_boot","windows_linux","result/AUC/score","times",2,0,0,60,120,60,120
"both","cox",50000,"get_score_boot","windows_linux","result/Brier/score","times",2,0,0,60,120,60,120
"both","cox",50000,"get_score_boot","windows_linux","result/AUC/score","upper",2,0,0,0.829993756737689,0.844262779584186,0.829993756737689,0.844262779584186
"both","cox",50000,"get_score_boot","windows_linux","result/Brier/score","upper",2,0,0,0.0748642180709987,0.107443075994722,0.0748642180709987,0.107443075994722
"both","cox",50000,"get_score_boot","latest_windows_linux","result/AUC/score","AUC",2,0,0,0.823871833516171,0.839396582135972,0.823871833516171,0.839396582135972
"both","cox",50000,"get_score_boot","latest_windows_linux","result/Brier/score","Brier",2,0,0,0.0732948598575653,0.104520229133543,0.0732948598575653,0.104520229133543
"both","cox",50000,"get_score_boot","latest_windows_linux","result/AUC/score","lower",2,0,0,0.817915280799286,0.833768581956883,0.817915280799286,0.833768581956883
"both","cox",50000,"get_score_boot","latest_windows_linux","result/Brier/score","lower",2,0,0,0.0708907400451119,0.101634973216967,0.0708907400451119,0.101634973216967
"both","cox",50000,"get_score_boot","latest_windows_linux","result/AUC/score","se",2,0,0,0.0039334826574687,0.00398869136109217,0.0039334826574687,0.00398869136109217
"both","cox",50000,"get_score_boot","latest_windows_linux","result/Brier/score","se",2,4.33680868994202e-19,2.22261152495295e-16,0.00122237557469111,0.00195122208323554,0.00122237557469111,0.00195122208323554
"both","cox",50000,"get_score_boot","latest_windows_linux","result/AUC/score","times",2,0,0,60,120,60,120
"both","cox",50000,"get_score_boot","latest_windows_linux","result/Brier/score","times",2,0,0,60,120,60,120
"both","cox",50000,"get_score_boot","latest_windows_linux","result/AUC/score","upper",2,0,0,0.829993756737689,0.844262779584186,0.829993756737689,0.844262779584186
"both","cox",50000,"get_score_boot","latest_windows_linux","result/Brier/score","upper",2,0,0,0.0748642180709987,0.107443075994722,0.0748642180709987,0.107443075994722
"both","cox",50000,"fit_hazard","windows_linux","fit","beta",12,0,0,0.0153484538798616,3.08814419400359,0.0153484538798616,3.08814419400359
"both","cox",50000,"fit_hazard","windows_linux","fit","se",12,0,0,0.00137112917560867,0.115491734958211,0.00137112917560867,0.115491734958211
"both","cox",50000,"get_eff_sub","windows_linux","result/haz_direct","conf.high",3,0,0,2.29671213129801,2.7002575273413,2.29671213129801,2.7002575273413
"both","cox",50000,"get_eff_sub","windows_linux","result/haz_unadj","conf.high",3,0,0,2.33882148764863,2.70065092909694,2.33882148764863,2.70065092909694
"both","cox",50000,"get_eff_sub","windows_linux","result/haz_direct","conf.low",3,0,0,2.03198563413132,2.30058769571726,2.03198563413132,2.30058769571726
"both","cox",50000,"get_eff_sub","windows_linux","result/haz_unadj","conf.low",3,0,0,2.0693581128522,2.30094912243555,2.0693581128522,2.30094912243555
"both","cox",50000,"get_eff_sub","windows_linux","result/haz_direct","estimate",3,0,0,2.16029767775941,2.4924243705014,2.16029767775941,2.4924243705014
"both","cox",50000,"get_eff_sub","windows_linux","result/haz_unadj","estimate",3,0,0,2.19996800430796,2.4928017139978,2.19996800430796,2.4928017139978
"both","cox",50000,"get_eff_sub","windows_linux","result/haz_direct","p.value_0.95",3,0,0,2.28047388148772e-242,1.23863670485128e-110,2.28047388148772e-242,1.23863670485128e-110
"both","cox",50000,"get_eff_sub","windows_linux","result/haz_unadj","p.value_0.95",3,0,0,1.55570618635377e-267,1.10007839881322e-110,1.55570618635377e-267,1.10007839881322e-110
"both","cox",50000,"get_eff_sub","windows_linux","result/haz_direct","p_value",3,0,0,2.28047388148772e-242,1.23863670485128e-110,2.28047388148772e-242,1.23863670485128e-110
"both","cox",50000,"get_eff_sub","windows_linux","result/haz_unadj","p_value",3,0,0,1.55570618635377e-267,1.10007839881322e-110,1.55570618635377e-267,1.10007839881322e-110
"both","cox",50000,"get_cat_no_ci","windows_linux","curve/unadj","ci_lower",1750,0,0,0.320036142001093,1,0.320036142001093,1
"both","cox",50000,"get_cat_no_ci","windows_linux","curve/unadj","ci_upper",1750,0,0,0.378353181146656,1,0.378353181146656,1
"both","cox",50000,"get_cat_no_ci","windows_linux","UM/haz_direct","conf.high",11,0,0,1,25.751434426903,1,25.751434426903
"both","cox",50000,"get_cat_no_ci","windows_linux","UM/haz_unadj","conf.high",11,0,0,1,48.7405495677316,1,48.7405495677316
"both","cox",50000,"get_cat_no_ci","windows_linux","UM/sur_direct","conf.high",11,4.05231403988182e-15,3.7108769735205e-14,0,0.539388729220293,0,0.539388729220293
"both","cox",50000,"get_cat_no_ci","windows_linux","UM/sur_unadj","conf.high",11,0,0,0,0.707917036067426,0,0.707917036067426
"both","cox",50000,"get_cat_no_ci","windows_linux","UM/sur_direct","conf.high_sur",11,3.99680288865056e-15,5.55163807432795e-15,0.483698884191951,0.967163195377193,0.483698884191951,0.967163195377193
"both","cox",50000,"get_cat_no_ci","windows_linux","UM/sur_unadj","conf.high_sur",11,0,0,0.378353181146656,0.975700059337693,0.378353181146656,0.975700059337693
"both","cox",50000,"get_cat_no_ci","windows_linux","UM/haz_direct","conf.low",11,0,0,1,18.6864386810192,1,18.6864386810192
"both","cox",50000,"get_cat_no_ci","windows_linux","UM/haz_unadj","conf.low",11,0,0,1,37.4813232564386,1,37.4813232564386
"both","cox",50000,"get_cat_no_ci","windows_linux","UM/sur_direct","conf.low",11,4.02455846426619e-15,1.33950026158818e-13,0,0.4786598794678,0,0.4786598794678
"both","cox",50000,"get_cat_no_ci","windows_linux","UM/sur_unadj","conf.low",11,0,0,0,0.540360967693664,0,0.540360967693664
"both","cox",50000,"get_cat_no_ci","windows_linux","UM/sur_direct","conf.low_sur",11,3.99680288865056e-15,6.37592938703749e-15,0.423632611230011,0.958216908732861,0.42363261123001,0.958216908732861
"both","cox",50000,"get_cat_no_ci","windows_linux","UM/sur_unadj","conf.low_sur",11,0,0,0.320036142001093,0.968541387300515,0.320036142001093,0.968541387300515
"both","cox",50000,"get_cat_no_ci","windows_linux","UM/haz_direct","estimate",11,0,0,1,21.9363306039686,1,21.9363306039686
"both","cox",50000,"get_cat_no_ci","windows_linux","UM/haz_unadj","estimate",11,0,0,1,42.7417862757819,1,42.7417862757819
"both","cox",50000,"get_cat_no_ci","windows_linux","UM/sur_direct","estimate",11,0,0,0,0.509024304344047,0,0.509024304344047
"both","cox",50000,"get_cat_no_ci","windows_linux","UM/sur_unadj","estimate",11,0,0,0,0.624139001880545,0,0.624139001880545
"both","cox",50000,"get_cat_no_ci","windows_linux","UM/sur_direct","estimate_sur",11,0,0,0.453665747710981,0.962690052055027,0.453665747710981,0.962690052055027
"both","cox",50000,"get_cat_no_ci","windows_linux","UM/sur_unadj","estimate_sur",11,0,0,0.347975131881599,0.972114133762144,0.347975131881599,0.972114133762144
"both","cox",50000,"get_cat_no_ci","windows_linux","UM/haz_direct","p.value_0.95",10,0,0,0,0.000132095761588528,0,0.000132095761588528
"both","cox",50000,"get_cat_no_ci","windows_linux","UM/haz_unadj","p.value_0.95",10,0,0,0,2.31302279290319e-11,0,2.31302279290319e-11
"both","cox",50000,"get_cat_no_ci","windows_linux","UM/haz_direct","p_value",10,0,0,0,0.000132095761588528,0,0.000132095761588528
"both","cox",50000,"get_cat_no_ci","windows_linux","UM/haz_unadj","p_value",10,0,0,0,2.31302279290319e-11,0,2.31302279290319e-11
"both","cox",50000,"get_cat_no_ci","windows_linux","UM/sur_direct","p_value",10,7.0310510885685e-16,2.46253704721092e-12,0,0.000529419709812691,0,0.000529419709811988
"both","cox",50000,"get_cat_no_ci","windows_linux","UM/sur_unadj","p_value",10,0,0,9.38239565736785e-198,3.77176536313787e-07,9.38239565736785e-198,3.77176536313787e-07
"both","cox",50000,"get_cat_no_ci","windows_linux","curve/direct","probability",528,0,0,0.306760665542907,1,0.306760665542907,1
"both","cox",50000,"get_cat_no_ci","windows_linux","curve/unadj","probability",1750,0,0,0.347975131881599,1,0.347975131881599,1
"both","cox",50000,"get_cat_no_ci","windows_linux","curve/unadj","se",1750,0,0,0,0.076183584003815,0,0.076183584003815
"both","cox",50000,"get_cat_no_ci","windows_linux","UM/sur_direct","time",12,0,0,120,120,120,120
"both","cox",50000,"get_cat_no_ci","windows_linux","UM/sur_unadj","time",12,0,0,120,120,120,120
"both","cox",50000,"get_cat_no_ci","windows_linux","curve/direct","time",528,0,0,0,253,0,253
"both","cox",50000,"get_cat_no_ci","windows_linux","curve/unadj","time",1750,0,0,1,287,1,287
"both","cox",50000,"get_inter_abs","windows_linux","result/estimates","conf.high",18,4.88498130835069e-15,7.74322964956286e-13,-0.0426312605490476,1.53833978325316,-0.0426312605490443,1.53833978325316
"both","cox",50000,"get_inter_abs","windows_linux","result/risks","conf.high",8,1.60982338570648e-15,6.71893479606611e-15,0.0819412043173382,0.303244185787996,0.0819412043173382,0.303244185787996
"both","cox",50000,"get_inter_abs","windows_linux","result/estimates","conf.low",18,4.10782519111308e-15,4.15353950528423e-14,-0.357822476230704,1.20927252083308,-0.357822476230707,1.20927252083308
"both","cox",50000,"get_inter_abs","windows_linux","result/risks","conf.low",8,1.60982338570648e-15,7.2732684227418e-15,0.0708899975331498,0.274090784300194,0.0708899975331498,0.274090784300194
"both","cox",50000,"get_inter_abs","windows_linux","result/estimates","estimate",18,0,0,-0.200226868389876,1.3639178962065,-0.200226868389876,1.3639178962065
"both","cox",50000,"get_inter_abs","windows_linux","result/risks","estimate",8,0,0,0.076415600925244,0.288667485044095,0.076415600925244,0.288667485044095
"both","cox",50000,"get_inter_abs","windows_linux","result/estimates","p.value",18,1.1220191442618e-14,3.28931367587799e-13,1.7541489932399e-125,0.820442290799614,1.75414899315808e-125,0.820442290799608
"both","cox",50000,"get_fit_stats_simple","windows_linux","result/stats","estimate",6,3.46944695195361e-18,1.66388055044203e-16,0.0208515385977191,140758.699408897,0.0208515385977191,140758.699408897
"both","cox",50000,"get_fit_stats_simple","latest_windows_linux","result/stats","estimate",6,3.46944695195361e-18,1.66388055044203e-16,0.0208515385977191,140758.699408897,0.0208515385977191,140758.699408897
"both","cox",50000,"get_fit_stats_simple_boot","windows_linux","result/boot","AIC",20,0,0,137103.528483623,144699.270571357,137103.528483623,144699.270571357
"both","cox",50000,"get_fit_stats_simple_boot","windows_linux","result/boot","BIC",20,0,0,137117.15417049,144706.12794419,137117.15417049,144706.12794419
"both","cox",50000,"get_fit_stats_simple_boot","windows_linux","result/boot","PVE",20,6.93889390390723e-18,1.68828302639713e-16,0.0200599795350287,0.0466230191386636,0.0200599795350287,0.0466230191386636
"both","cox",50000,"get_fit_stats_simple_boot","windows_linux","result/stats","SE",6,4.33680868994202e-19,2.57350205899328e-16,0.00111497247798487,2066.40588989368,0.00111497247798487,2066.40588989368
"both","cox",50000,"get_fit_stats_simple_boot","windows_linux","result/stats","estimate",6,3.46944695195361e-18,1.66388055044203e-16,0.0208515385977191,140758.699408897,0.0208515385977191,140758.699408897
"both","cox",50000,"get_fit_stats_simple_boot","windows_linux","result/stats","lower",6,0,0,0.0200811391650132,138325.262047876,0.0200811391650132,138325.262047876
"both","cox",50000,"get_fit_stats_simple_boot","windows_linux","result/boot","replicate",20,0,0,1,10,1,10
"both","cox",50000,"get_fit_stats_simple_boot","windows_linux","result/stats","upper",6,0,0,0.0233498623794685,144399.156259329,0.0233498623794685,144399.156259329
"both","cox",50000,"get_fit_stats_simple_boot","latest_windows_linux","result/boot","AIC",20,0,0,137103.528483623,144699.270571357,137103.528483623,144699.270571357
"both","cox",50000,"get_fit_stats_simple_boot","latest_windows_linux","result/boot","BIC",20,0,0,137117.15417049,144706.12794419,137117.15417049,144706.12794419
"both","cox",50000,"get_fit_stats_simple_boot","latest_windows_linux","result/boot","PVE",20,6.93889390390723e-18,1.68828302639713e-16,0.0200599795350287,0.0466230191386636,0.0200599795350287,0.0466230191386636
"both","cox",50000,"get_fit_stats_simple_boot","latest_windows_linux","result/stats","SE",6,4.33680868994202e-19,2.57350205899328e-16,0.00111497247798487,2066.40588989368,0.00111497247798487,2066.40588989368
"both","cox",50000,"get_fit_stats_simple_boot","latest_windows_linux","result/stats","estimate",6,3.46944695195361e-18,1.66388055044203e-16,0.0208515385977191,140758.699408897,0.0208515385977191,140758.699408897
"both","cox",50000,"get_fit_stats_simple_boot","latest_windows_linux","result/stats","lower",6,0,0,0.0200811391650132,138325.262047876,0.0200811391650132,138325.262047876
"both","cox",50000,"get_fit_stats_simple_boot","latest_windows_linux","result/boot","replicate",20,0,0,1,10,1,10
"both","cox",50000,"get_fit_stats_simple_boot","latest_windows_linux","result/stats","upper",6,0,0,0.0233498623794685,144399.156259329,0.0233498623794685,144399.156259329
"both","cox",50000,"get_score_all_boot","latest_windows_linux","result/fit.stats/boot","AIC",10,1.45519152283669e-11,1.11146254141388e-16,129713.209885345,133543.062118704,129713.209885345,133543.062118704
"both","cox",50000,"get_score_all_boot","latest_windows_linux","result/AUC/score","AUC",2,0,0,0.823871833516171,0.839396582135972,0.823871833516171,0.839396582135972
"both","cox",50000,"get_score_all_boot","latest_windows_linux","result/fit.stats/boot","BIC",10,1.45519152283669e-11,1.11076879176185e-16,129794.885176762,133625.068918019,129794.885176762,133625.068918019
"both","cox",50000,"get_score_all_boot","latest_windows_linux","result/Brier/score","Brier",2,0,0,0.0732948598575653,0.104520229133543,0.0732948598575653,0.104520229133543
"both","cox",50000,"get_score_all_boot","latest_windows_linux","result/fit.stats/boot","PVE",10,2.4980018054066e-16,1.55009484664991e-15,0.159602497674414,0.162928872434147,0.159602497674414,0.162928872434147
"both","cox",50000,"get_score_all_boot","latest_windows_linux","result/fit.stats/info","R",1,0,0,10,10,10,10
"both","cox",50000,"get_score_all_boot","latest_windows_linux","result/fit.stats/info","R_success",1,0,0,10,10,10,10
"both","cox",50000,"get_score_all_boot","latest_windows_linux","result/fit.stats/stats","SE",3,9.09494701772928e-13,9.83152148429587e-15,0.00121305984189635,1487.39298898444,0.00121305984189637,1487.39298898443
"both","cox",50000,"get_score_all_boot","latest_windows_linux","result/fit.stats/info","bic_n",1,0,0,6837,6837,6837,6837
"both","cox",50000,"get_score_all_boot","latest_windows_linux","result/fit.stats/info","conf_level",1,0,0,0.95,0.95,0.95,0.95
"both","cox",50000,"get_score_all_boot","latest_windows_linux","result/fit.stats/info","df",1,0,0,12,12,12,12
"both","cox",50000,"get_score_all_boot","latest_windows_linux","result/fit.stats/stats","estimate",3,2.77555756156289e-17,1.71513981357441e-16,0.16182689828525,133082.898928466,0.16182689828525,133082.898928466
"both","cox",50000,"get_score_all_boot","latest_windows_linux","result/fit.stats/info","events",1,0,0,6837,6837,6837,6837
"both","cox",50000,"get_score_all_boot","latest_windows_linux","result/fit.stats/info","logLik",1,0,0,-66488.4688383257,-66488.4688383257,-66488.4688383257,-66488.4688383257
"both","cox",50000,"get_score_all_boot","latest_windows_linux","result/fit.stats/info","logLik_null",1,0,0,-70901.7347018172,-70901.7347018172,-70901.7347018172,-70901.7347018172
"both","cox",50000,"get_score_all_boot","latest_windows_linux","result/AUC/score","lower",2,0,0,0.817915280799286,0.833768581956883,0.817915280799286,0.833768581956883
"both","cox",50000,"get_score_all_boot","latest_windows_linux","result/Brier/score","lower",2,0,0,0.0708907400451119,0.101634973216967,0.0708907400451119,0.101634973216967
"both","cox",50000,"get_score_all_boot","latest_windows_linux","result/fit.stats/stats","lower",3,0,0,0.159718684043381,129816.678224574,0.159718684043381,129816.678224574
"both","cox",50000,"get_score_all_boot","latest_windows_linux","result/fit.stats/info","n",1,0,0,50000,50000,50000,50000
"both","cox",50000,"get_score_all_boot","latest_windows_linux","result/fit.stats/info","n_omitted",1,0,0,0,0,0,0
"both","cox",50000,"get_score_all_boot","latest_windows_linux","result/fit.stats/boot","replicate",10,0,0,1,10,1,10
"both","cox",50000,"get_score_all_boot","latest_windows_linux","result/AUC/score","se",2,0,0,0.0039334826574687,0.00398869136109217,0.0039334826574687,0.00398869136109217
"both","cox",50000,"get_score_all_boot","latest_windows_linux","result/Brier/score","se",2,4.33680868994202e-19,2.22261152495295e-16,0.00122237557469111,0.00195122208323554,0.00122237557469111,0.00195122208323554
"both","cox",50000,"get_score_all_boot","latest_windows_linux","result/AUC/score","times",2,0,0,60,120,60,120
"both","cox",50000,"get_score_all_boot","latest_windows_linux","result/Brier/score","times",2,0,0,60,120,60,120
"both","cox",50000,"get_score_all_boot","latest_windows_linux","result/AUC/score","upper",2,0,0,0.829993756737689,0.844262779584186,0.829993756737689,0.844262779584186
"both","cox",50000,"get_score_all_boot","latest_windows_linux","result/Brier/score","upper",2,0,0,0.0748642180709987,0.107443075994722,0.0748642180709987,0.107443075994722
"both","cox",50000,"get_score_all_boot","latest_windows_linux","result/fit.stats/stats","upper",3,2.77555756156289e-17,1.70376639111757e-16,0.162907167087754,133587.368540127,0.162907167087754,133587.368540127
"both","cox",50000,"get_score_all","latest_windows_linux","result/AUC/score","AUC",2,0,0,0.825515330536968,0.840593434496623,0.825515330536968,0.840593434496623
"both","cox",50000,"get_score_all","latest_windows_linux","result/Brier/score","Brier",2,0,0,0.073481889467121,0.104404111875719,0.073481889467121,0.104404111875719
"both","cox",50000,"get_score_all","latest_windows_linux","result/fit.stats/info","R",1,0,0,0,0,0,0
"both","cox",50000,"get_score_all","latest_windows_linux","result/fit.stats/info","R_success",1,0,0,0,0,0,0
"both","cox",50000,"get_score_all","latest_windows_linux","result/fit.stats/info","bic_n",1,0,0,6837,6837,6837,6837
"both","cox",50000,"get_score_all","latest_windows_linux","result/fit.stats/info","conf_level",1,0,0,0.95,0.95,0.95,0.95
"both","cox",50000,"get_score_all","latest_windows_linux","result/fit.stats/info","df",1,0,0,12,12,12,12
"both","cox",50000,"get_score_all","latest_windows_linux","result/fit.stats/stats","estimate",3,2.77555756156289e-17,1.71513981357441e-16,0.16182689828525,133082.898928466,0.16182689828525,133082.898928466
"both","cox",50000,"get_score_all","latest_windows_linux","result/fit.stats/info","events",1,0,0,6837,6837,6837,6837
"both","cox",50000,"get_score_all","latest_windows_linux","result/fit.stats/info","logLik",1,0,0,-66488.4688383257,-66488.4688383257,-66488.4688383257,-66488.4688383257
"both","cox",50000,"get_score_all","latest_windows_linux","result/fit.stats/info","logLik_null",1,0,0,-70901.7347018172,-70901.7347018172,-70901.7347018172,-70901.7347018172
"both","cox",50000,"get_score_all","latest_windows_linux","result/AUC/score","lower",2,0,0,0.821051299789041,0.836256981545874,0.821051299789041,0.836256981545874
"both","cox",50000,"get_score_all","latest_windows_linux","result/Brier/score","lower",2,0,0,0.0717019906251809,0.102093676489941,0.0717019906251809,0.102093676489941
"both","cox",50000,"get_score_all","latest_windows_linux","result/fit.stats/info","n",1,0,0,50000,50000,50000,50000
"both","cox",50000,"get_score_all","latest_windows_linux","result/fit.stats/info","n_omitted",1,0,0,0,0,0,0
"both","cox",50000,"get_score_all","latest_windows_linux","result/AUC/score","se",2,0,0,0.00221251665079275,0.00227760855971768,0.00221251665079275,0.00227760855971768
"both","cox",50000,"get_score_all","latest_windows_linux","result/Brier/score","se",2,0,0,0.000908128341122482,0.00117881522517835,0.000908128341122482,0.00117881522517835
"both","cox",50000,"get_score_all","latest_windows_linux","result/AUC/score","times",2,0,0,60,120,60,120
"both","cox",50000,"get_score_all","latest_windows_linux","result/Brier/score","times",2,0,0,60,120,60,120
"both","cox",50000,"get_score_all","latest_windows_linux","result/AUC/score","upper",2,0,0,0.829979361284895,0.844929887447372,0.829979361284895,0.844929887447372
"both","cox",50000,"get_score_all","latest_windows_linux","result/Brier/score","upper",2,0,0,0.0752617883090612,0.106714547261496,0.0752617883090612,0.106714547261496
"both","cox",100000,"get_facet","windows_linux","result/sur.data","ci_lower",292,2.66453525910038e-15,3.89691935952887e-15,0.48822012359039,1,0.488220123590391,1
"both","cox",100000,"get_facet","windows_linux","result/sur.data","ci_upper",292,2.55351295663786e-15,3.64240223140327e-15,0.548924004653142,1,0.548924004653142,1
"both","cox",100000,"get_facet","windows_linux","result/sur.data","se",292,1.31925720348036e-15,2.98965680349794e-13,0,0.0154859685028848,0,0.0154859685028845
"both","cox",100000,"get_facet","windows_linux","result/sur.data","surv",292,0,0,0.518572064121766,1,0.518572064121766,1
"both","cox",100000,"get_facet","windows_linux","result/sur.data","time",292,0,0,0,253,0,253
"both","cox",100000,"get_facet","windows_linux","result/insert.data","x",3,0,0,0.5,0.5,0.5,0.5
"both","cox",100000,"get_facet","windows_linux","result/insert.data","y",3,0,0,0.5,0.5,0.5,0.5
"both","cox",100000,"get_facet","windows_linux","result/sur.data","yhat",292,0,0,0.518572064121766,1,0.518572064121766,1
"both","cox",100000,"get_fit_stats","windows_linux","result/stats","estimate",6,6.93889390390723e-18,1.60552134800981e-16,0.0432189451265075,296413.793619305,0.0432189451265075,296413.793619305
"both","cox",100000,"get_fit_stats","latest_windows_linux","result/stats","estimate",6,6.93889390390723e-18,1.60552134800981e-16,0.0432189451265075,296413.793619305,0.0432189451265075,296413.793619305
"both","cox",100000,"get_eff_cat","windows_linux","result/haz_models","conf.high",20,0,0,1.72334878924545,48.1897042236842,1.72334878924545,48.1897042236842
"both","cox",100000,"get_eff_cat","windows_linux","result/haz_models","conf.low",20,0,0,1.34631499060961,39.9802395621828,1.34631499060961,39.9802395621828
"both","cox",100000,"get_eff_cat","windows_linux","result/haz_models","estimate",20,0,0,1.52598207484931,43.8934610083737,1.52598207484931,43.8934610083737
"both","cox",100000,"get_eff_cat","windows_linux","result/haz_models","p.value_0.95",20,4.41122616727285e-134,4.41122616727285e-126,0,4.93458930968843e-09,0,4.93458930968843e-09
"both","cox",100000,"get_eff_cat","windows_linux","result/haz_models","p_value",20,4.41122616727285e-134,4.41122616727285e-126,0,4.93458930968843e-09,0,4.93458930968843e-09
"both","cox",100000,"get_facet_diff_serial","windows_linux","result/diff.data","conf.high",1078,2.60902410786912e-15,1.78340452139576e-14,-0.000938428842535892,0.27478227434484,-0.000938428842535892,0.27478227434484
"both","cox",100000,"get_facet_diff_serial","windows_linux","result/forest.data","conf.high",24,7.14706072102445e-16,1.78340452139576e-14,0.0135569483605479,0.177458046144493,0.0135569483605479,0.177458046144493
"both","cox",100000,"get_facet_diff_serial","windows_linux","result/diff.data","conf.high_Female",1023,9.99200722162641e-16,1.26240500997524e-15,0.689202936573217,1,0.689202936573217,1
"both","cox",100000,"get_facet_diff_serial","windows_linux","result/forest.data","conf.high_Female",24,4.44089209850063e-16,4.88795986539272e-16,0.842883885516517,0.991260659452245,0.842883885516517,0.991260659452245
"both","cox",100000,"get_facet_diff_serial","windows_linux","result/diff.data","conf.high_Male",937,2.55351295663786e-15,3.64240223140327e-15,0.548924004653142,1,0.548924004653142,1
"both","cox",100000,"get_facet_diff_serial","windows_linux","result/forest.data","conf.high_Male",24,8.88178419700125e-16,1.08266953706196e-15,0.717814707659159,0.979290210824653,0.717814707659158,0.979290210824653
"both","cox",100000,"get_facet_diff_serial","windows_linux","result/diff.data","conf.low",1078,2.60902410786912e-15,8.28348420966532e-14,-0.109431570793244,0.219710347912298,-0.109431570793244,0.219710347912298
"both","cox",100000,"get_facet_diff_serial","windows_linux","result/forest.data","conf.low",24,7.14706072102445e-16,2.27112707388189e-14,0.00818152508363023,0.154253006023416,0.00818152508363026,0.154253006023416
"both","cox",100000,"get_facet_diff_serial","windows_linux","result/diff.data","conf.low_Female",1023,9.99200722162641e-16,1.29462529061302e-15,0.532091104755016,1,0.532091104755016,1
"both","cox",100000,"get_facet_diff_serial","windows_linux","result/forest.data","conf.low_Female",24,4.44089209850063e-16,4.93359655701835e-16,0.82906440425546,0.988109017756559,0.82906440425546,0.988109017756559
"both","cox",100000,"get_facet_diff_serial","windows_linux","result/diff.data","conf.low_Male",937,2.66453525910038e-15,3.89691935952887e-15,0.48822012359039,1,0.488220123590391,1
"both","cox",100000,"get_facet_diff_serial","windows_linux","result/forest.data","conf.low_Male",24,8.88178419700125e-16,1.11068784775094e-15,0.69970704983519,0.974530401067862,0.69970704983519,0.974530401067862
"both","cox",100000,"get_facet_diff_serial","windows_linux","result/diff.data","estimate",1078,1.11022302462516e-16,7.18547275081383e-15,-0.00356471512099388,0.239830434155061,-0.00356471512099388,0.239830434155061
"both","cox",100000,"get_facet_diff_serial","windows_linux","result/forest.data","estimate",24,0,0,0.0108692367220891,0.165855526083955,0.0108692367220891,0.165855526083955
"both","cox",100000,"get_facet_diff_serial","windows_linux","result/diff.data","estimate_Female",1023,1.11022302462516e-16,1.20467949947988e-16,0.605573077276099,1,0.605573077276099,1
"both","cox",100000,"get_facet_diff_serial","windows_linux","result/forest.data","estimate_Female",24,0,0,0.835974144885989,0.989683584057085,0.835974144885989,0.989683584057085
"both","cox",100000,"get_facet_diff_serial","windows_linux","result/diff.data","estimate_Male",937,1.11022302462516e-16,1.13689654927555e-16,0.518572064121766,1,0.518572064121766,1
"both","cox",100000,"get_facet_diff_serial","windows_linux","result/forest.data","estimate_Male",24,0,0,0.708760878747174,0.976910305946257,0.708760878747174,0.976910305946257
"both","cox",100000,"get_facet_diff_serial","windows_linux","result/diff.data","p.value_0.95",1075,9.29811783123569e-16,1.60142166590266e-13,0,0.720695973017327,0,0.720695973017327
"both","cox",100000,"get_facet_diff_serial","windows_linux","result/forest.data","p.value_0.95",24,1.66370764911111e-27,1.66370764911111e-19,4.67982711546178e-307,2.87585839206014e-08,4.67982711562257e-307,2.87585839206014e-08
"both","cox",100000,"get_facet_diff_serial","windows_linux","result/diff.data","p_value",1075,9.29811783123569e-16,1.60142166590266e-13,0,0.720695973017327,0,0.720695973017327
"both","cox",100000,"get_facet_diff_serial","windows_linux","result/forest.data","p_value",24,1.66370764911111e-27,1.66370764911111e-19,4.67982711546178e-307,2.87585839206014e-08,4.67982711562257e-307,2.87585839206014e-08
"both","cox",100000,"get_facet_diff_serial","windows_linux","result/diff.data","time",1082,0,0,0,287,0,287
"both","cox",100000,"get_facet_diff_serial","windows_linux","result/forest.data","time",24,0,0,12,120,12,120
"both","cox",100000,"get_fit_stats_boot","windows_linux","result/boot","AIC",20,0,0,279398.165608497,299307.142065866,279398.165608497,299307.142065866
"both","cox",100000,"get_fit_stats_boot","windows_linux","result/boot","BIC",20,0,0,279488.216048139,299322.197325444,279488.216048139,299322.197325444
"both","cox",100000,"get_fit_stats_boot","windows_linux","result/boot","PVE",20,2.77555756156289e-17,1.72090151170901e-16,0.042264835238178,0.162058848259249,0.042264835238178,0.162058848259249
"both","cox",100000,"get_fit_stats_boot","windows_linux","result/stats","SE",6,5.85469173142172e-18,3.85761724263865e-15,0.000701571587462735,2010.92908087093,0.000701571587462736,2010.92908087093
"both","cox",100000,"get_fit_stats_boot","windows_linux","result/stats","estimate",6,6.93889390390723e-18,1.60552134800981e-16,0.0432189451265075,296413.793619305,0.0432189451265075,296413.793619305
"both","cox",100000,"get_fit_stats_boot","windows_linux","result/stats","lower",6,0,0,0.0423316397628002,292926.84773162,0.0423316397628002,292926.84773162
"both","cox",100000,"get_fit_stats_boot","windows_linux","result/boot","replicate",20,0,0,1,10,1,10
"both","cox",100000,"get_fit_stats_boot","windows_linux","result/stats","upper",6,2.77555756156289e-17,1.7130862702929e-16,0.0443180648374205,299021.096523702,0.0443180648374205,299021.096523702
"both","cox",100000,"get_fit_stats_boot","latest_windows_linux","result/boot","AIC",20,0,0,279398.165608497,299307.142065866,279398.165608497,299307.142065866
"both","cox",100000,"get_fit_stats_boot","latest_windows_linux","result/boot","BIC",20,0,0,279488.216048139,299322.197325444,279488.216048139,299322.197325444
"both","cox",100000,"get_fit_stats_boot","latest_windows_linux","result/boot","PVE",20,2.77555756156289e-17,1.72090151170901e-16,0.042264835238178,0.162058848259249,0.042264835238178,0.162058848259249
"both","cox",100000,"get_fit_stats_boot","latest_windows_linux","result/stats","SE",6,5.85469173142172e-18,3.85761724263865e-15,0.000701571587462735,2010.92908087093,0.000701571587462736,2010.92908087093
"both","cox",100000,"get_fit_stats_boot","latest_windows_linux","result/stats","estimate",6,6.93889390390723e-18,1.60552134800981e-16,0.0432189451265075,296413.793619305,0.0432189451265075,296413.793619305
"both","cox",100000,"get_fit_stats_boot","latest_windows_linux","result/stats","lower",6,0,0,0.0423316397628002,292926.84773162,0.0423316397628002,292926.84773162
"both","cox",100000,"get_fit_stats_boot","latest_windows_linux","result/boot","replicate",20,0,0,1,10,1,10
"both","cox",100000,"get_fit_stats_boot","latest_windows_linux","result/stats","upper",6,2.77555756156289e-17,1.7130862702929e-16,0.0443180648374205,299021.096523702,0.0443180648374205,299021.096523702
"both","cox",100000,"get_facet_serial","windows_linux","result/sur.data","ci_lower",292,2.66453525910038e-15,3.89691935952887e-15,0.48822012359039,1,0.488220123590391,1
"both","cox",100000,"get_facet_serial","windows_linux","result/sur.data","ci_upper",292,2.55351295663786e-15,3.64240223140327e-15,0.548924004653142,1,0.548924004653142,1
"both","cox",100000,"get_facet_serial","windows_linux","result/sur.data","se",292,1.31925720348036e-15,2.98965680349794e-13,0,0.0154859685028848,0,0.0154859685028845
"both","cox",100000,"get_facet_serial","windows_linux","result/sur.data","surv",292,0,0,0.518572064121766,1,0.518572064121766,1
"both","cox",100000,"get_facet_serial","windows_linux","result/sur.data","time",292,0,0,0,253,0,253
"both","cox",100000,"get_facet_serial","windows_linux","result/insert.data","x",3,0,0,0.5,0.5,0.5,0.5
"both","cox",100000,"get_facet_serial","windows_linux","result/insert.data","y",3,0,0,0.5,0.5,0.5,0.5
"both","cox",100000,"get_facet_serial","windows_linux","result/sur.data","yhat",292,0,0,0.518572064121766,1,0.518572064121766,1
"both","cox",100000,"curve_direct","windows_linux","result","ci_lower",528,1.19904086659517e-14,2.46604080744964e-14,0.275048902686664,1,0.275048902686669,1
"both","cox",100000,"curve_direct","windows_linux","result","ci_upper",528,1.21014309684142e-14,2.29477477099915e-14,0.320898727856472,1,0.320898727856466,1
"both","cox",100000,"curve_direct","windows_linux","result","probability",528,1.11022302462516e-16,1.86940494713672e-16,0.297973815271568,1,0.297973815271568,1
"both","cox",100000,"curve_direct","windows_linux","result","se",528,6.1409211049579e-15,5.85319474476796e-13,0,0.0213396394193443,0,0.021339639419346
"both","cox",100000,"curve_direct","windows_linux","result","time",528,0,0,0,253,0,253
"both","cox",100000,"get_facet_diff","windows_linux","result/diff.data","conf.high",1078,2.60902410786912e-15,1.78340452139576e-14,-0.000938428842535892,0.27478227434484,-0.000938428842535892,0.27478227434484
"both","cox",100000,"get_facet_diff","windows_linux","result/forest.data","conf.high",24,7.14706072102445e-16,1.78340452139576e-14,0.0135569483605479,0.177458046144493,0.0135569483605479,0.177458046144493
"both","cox",100000,"get_facet_diff","windows_linux","result/diff.data","conf.high_Female",1023,9.99200722162641e-16,1.26240500997524e-15,0.689202936573217,1,0.689202936573217,1
"both","cox",100000,"get_facet_diff","windows_linux","result/forest.data","conf.high_Female",24,4.44089209850063e-16,4.88795986539272e-16,0.842883885516517,0.991260659452245,0.842883885516517,0.991260659452245
"both","cox",100000,"get_facet_diff","windows_linux","result/diff.data","conf.high_Male",937,2.55351295663786e-15,3.64240223140327e-15,0.548924004653142,1,0.548924004653142,1
"both","cox",100000,"get_facet_diff","windows_linux","result/forest.data","conf.high_Male",24,8.88178419700125e-16,1.08266953706196e-15,0.717814707659159,0.979290210824653,0.717814707659158,0.979290210824653
"both","cox",100000,"get_facet_diff","windows_linux","result/diff.data","conf.low",1078,2.60902410786912e-15,8.28348420966532e-14,-0.109431570793244,0.219710347912298,-0.109431570793244,0.219710347912298
"both","cox",100000,"get_facet_diff","windows_linux","result/forest.data","conf.low",24,7.14706072102445e-16,2.27112707388189e-14,0.00818152508363023,0.154253006023416,0.00818152508363026,0.154253006023416
"both","cox",100000,"get_facet_diff","windows_linux","result/diff.data","conf.low_Female",1023,9.99200722162641e-16,1.29462529061302e-15,0.532091104755016,1,0.532091104755016,1
"both","cox",100000,"get_facet_diff","windows_linux","result/forest.data","conf.low_Female",24,4.44089209850063e-16,4.93359655701835e-16,0.82906440425546,0.988109017756559,0.82906440425546,0.988109017756559
"both","cox",100000,"get_facet_diff","windows_linux","result/diff.data","conf.low_Male",937,2.66453525910038e-15,3.89691935952887e-15,0.48822012359039,1,0.488220123590391,1
"both","cox",100000,"get_facet_diff","windows_linux","result/forest.data","conf.low_Male",24,8.88178419700125e-16,1.11068784775094e-15,0.69970704983519,0.974530401067862,0.69970704983519,0.974530401067862
"both","cox",100000,"get_facet_diff","windows_linux","result/diff.data","estimate",1078,1.11022302462516e-16,7.18547275081383e-15,-0.00356471512099388,0.239830434155061,-0.00356471512099388,0.239830434155061
"both","cox",100000,"get_facet_diff","windows_linux","result/forest.data","estimate",24,0,0,0.0108692367220891,0.165855526083955,0.0108692367220891,0.165855526083955
"both","cox",100000,"get_facet_diff","windows_linux","result/diff.data","estimate_Female",1023,1.11022302462516e-16,1.20467949947988e-16,0.605573077276099,1,0.605573077276099,1
"both","cox",100000,"get_facet_diff","windows_linux","result/forest.data","estimate_Female",24,0,0,0.835974144885989,0.989683584057085,0.835974144885989,0.989683584057085
"both","cox",100000,"get_facet_diff","windows_linux","result/diff.data","estimate_Male",937,1.11022302462516e-16,1.13689654927555e-16,0.518572064121766,1,0.518572064121766,1
"both","cox",100000,"get_facet_diff","windows_linux","result/forest.data","estimate_Male",24,0,0,0.708760878747174,0.976910305946257,0.708760878747174,0.976910305946257
"both","cox",100000,"get_facet_diff","windows_linux","result/diff.data","p.value_0.95",1075,9.29811783123569e-16,1.60142166590266e-13,0,0.720695973017327,0,0.720695973017327
"both","cox",100000,"get_facet_diff","windows_linux","result/forest.data","p.value_0.95",24,1.66370764911111e-27,1.66370764911111e-19,4.67982711546178e-307,2.87585839206014e-08,4.67982711562257e-307,2.87585839206014e-08
"both","cox",100000,"get_facet_diff","windows_linux","result/diff.data","p_value",1075,9.29811783123569e-16,1.60142166590266e-13,0,0.720695973017327,0,0.720695973017327
"both","cox",100000,"get_facet_diff","windows_linux","result/forest.data","p_value",24,1.66370764911111e-27,1.66370764911111e-19,4.67982711546178e-307,2.87585839206014e-08,4.67982711562257e-307,2.87585839206014e-08
"both","cox",100000,"get_facet_diff","windows_linux","result/diff.data","time",1082,0,0,0,287,0,287
"both","cox",100000,"get_facet_diff","windows_linux","result/forest.data","time",24,0,0,12,120,12,120
"both","cox",100000,"get_cat","windows_linux","curve/direct","ci_lower",528,1.19904086659517e-14,2.46604080744964e-14,0.275048902686664,1,0.275048902686669,1
"both","cox",100000,"get_cat","windows_linux","curve/unadj","ci_lower",1750,5.55111512312578e-17,1.14690960003484e-16,0.32382330685694,1,0.32382330685694,1
"both","cox",100000,"get_cat","windows_linux","curve/direct","ci_upper",528,1.21014309684142e-14,2.29477477099915e-14,0.320898727856472,1,0.320898727856466,1
"both","cox",100000,"get_cat","windows_linux","curve/unadj","ci_upper",1750,1.11022302462516e-16,1.18200813492665e-16,0.365274868495207,1,0.365274868495207,1
"both","cox",100000,"get_cat","windows_linux","UM/haz_direct","conf.high",11,0,0,1,25.6685495849638,1,25.6685495849638
"both","cox",100000,"get_cat","windows_linux","UM/haz_unadj","conf.high",11,0,0,1,48.1897042236842,1,48.1897042236842
"both","cox",100000,"get_cat","windows_linux","UM/sur_direct","conf.high",11,7.60502771868232e-15,2.9885964766925e-14,0,0.535905595570409,0,0.535905595570406
"both","cox",100000,"get_cat","windows_linux","UM/sur_unadj","conf.high",11,0,0,0,0.689704866708663,0,0.689704866708663
"both","cox",100000,"get_cat","windows_linux","UM/sur_direct","conf.high_sur",11,7.66053886991358e-15,1.11636819758148e-14,0.47152202745588,0.966954788657981,0.471522027455877,0.966954788657981
"both","cox",100000,"get_cat","windows_linux","UM/sur_unadj","conf.high_sur",11,1.11022302462516e-16,1.18200813492665e-16,0.365274868495207,0.975820639747941,0.365274868495207,0.975820639747941
"both","cox",100000,"get_cat","windows_linux","UM/haz_direct","conf.low",11,0,0,1,20.4305564745458,1,20.4305564745458
"both","cox",100000,"get_cat","windows_linux","UM/haz_unadj","conf.low",11,0,0,1,39.9802395621828,1,39.9802395621828
"both","cox",100000,"get_cat","windows_linux","UM/sur_direct","conf.low",11,7.60502771868232e-15,5.44598263876738e-14,0,0.492154103581409,0,0.492154103581412
"both","cox",100000,"get_cat","windows_linux","UM/sur_unadj","conf.low",11,0,0,0,0.569146147320013,0,0.569146147320013
"both","cox",100000,"get_cat","windows_linux","UM/sur_direct","conf.low_sur",11,7.54951656745106e-15,1.22185066926362e-14,0.428201573015767,0.960828510965484,0.42820157301577,0.960828510965484
"both","cox",100000,"get_cat","windows_linux","UM/sur_unadj","conf.low_sur",11,0,0,0.32382330685694,0.970886946639614,0.32382330685694,0.970886946639614
"both","cox",100000,"get_cat","windows_linux","UM/haz_direct","estimate",11,0,0,1,22.9002784244053,1,22.9002784244053
"both","cox",100000,"get_cat","windows_linux","UM/haz_unadj","estimate",11,0,0,1,43.8934610083737,1,43.8934610083737
"both","cox",100000,"get_cat","windows_linux","UM/sur_direct","estimate",11,0,0,0,0.514029849575909,0,0.514029849575909
"both","cox",100000,"get_cat","windows_linux","UM/sur_unadj","estimate",11,0,0,0,0.629425507014338,0,0.629425507014338
"both","cox",100000,"get_cat","windows_linux","UM/sur_direct","estimate_sur",11,0,0,0.449861800235824,0.963891649811733,0.449861800235824,0.963891649811733
"both","cox",100000,"get_cat","windows_linux","UM/sur_unadj","estimate_sur",11,0,0,0.343925160213457,0.973350667227794,0.343925160213457,0.973350667227794
"both","cox",100000,"get_cat","windows_linux","UM/haz_direct","p.value_0.95",10,4.41122616727285e-134,4.41122616727285e-126,0,4.93458930968843e-09,0,4.93458930968843e-09
"both","cox",100000,"get_cat","windows_linux","UM/haz_unadj","p.value_0.95",10,0,0,0,1.35218350831629e-22,0,1.35218350831629e-22
"both","cox",100000,"get_cat","windows_linux","UM/haz_direct","p_value",10,4.41122616727285e-134,4.41122616727285e-126,0,4.93458930968843e-09,0,4.93458930968843e-09
"both","cox",100000,"get_cat","windows_linux","UM/haz_unadj","p_value",10,0,0,0,1.35218350831629e-22,0,1.35218350831629e-22
"both","cox",100000,"get_cat","windows_linux","UM/sur_direct","p_value",10,3.85505870119113e-19,2.61612334823564e-12,0,1.47357681119702e-07,0,1.47357681120087e-07
"both","cox",100000,"get_cat","windows_linux","UM/sur_unadj","p_value",10,2.07010540131952e-171,2.07010540131952e-163,0,8.6766596771153e-14,0,8.6766596771153e-14
"both","cox",100000,"get_cat","windows_linux","curve/direct","probability",528,1.11022302462516e-16,1.86940494713672e-16,0.297973815271568,1,0.297973815271568,1
"both","cox",100000,"get_cat","windows_linux","curve/unadj","probability",1750,0,0,0.343925160213457,1,0.343925160213457,1
"both","cox",100000,"get_cat","windows_linux","curve/direct","se",528,6.1409211049579e-15,5.85319474476796e-13,0,0.0213396394193443,0,0.021339639419346
"both","cox",100000,"get_cat","windows_linux","curve/unadj","se",1750,0,0,0,0.052043432965974,0,0.052043432965974
"both","cox",100000,"get_cat","windows_linux","UM/sur_direct","time",12,0,0,120,120,120,120
"both","cox",100000,"get_cat","windows_linux","UM/sur_unadj","time",12,0,0,120,120,120,120
"both","cox",100000,"get_cat","windows_linux","curve/direct","time",528,0,0,0,253,0,253
"both","cox",100000,"get_cat","windows_linux","curve/unadj","time",1750,0,0,1,287,1,287
"both","cox",100000,"get_eff","windows_linux","result/haz_direct","conf.high",11,0,0,1,25.6685495849638,1,25.6685495849638
"both","cox",100000,"get_eff","windows_linux","result/haz_unadj","conf.high",11,0,0,1,48.1897042236842,1,48.1897042236842
"both","cox",100000,"get_eff","windows_linux","result/sur_direct","conf.high",11,7.60502771868232e-15,2.9885964766925e-14,0,0.535905595570409,0,0.535905595570406
"both","cox",100000,"get_eff","windows_linux","result/sur_unadj","conf.high",11,0,0,0,0.689704866708663,0,0.689704866708663
"both","cox",100000,"get_eff","windows_linux","result/sur_direct","conf.high_sur",11,7.66053886991358e-15,1.11636819758148e-14,0.47152202745588,0.966954788657981,0.471522027455877,0.966954788657981
"both","cox",100000,"get_eff","windows_linux","result/sur_unadj","conf.high_sur",11,1.11022302462516e-16,1.18200813492665e-16,0.365274868495207,0.975820639747941,0.365274868495207,0.975820639747941
"both","cox",100000,"get_eff","windows_linux","result/haz_direct","conf.low",11,0,0,1,20.4305564745458,1,20.4305564745458
"both","cox",100000,"get_eff","windows_linux","result/haz_unadj","conf.low",11,0,0,1,39.9802395621828,1,39.9802395621828
"both","cox",100000,"get_eff","windows_linux","result/sur_direct","conf.low",11,7.60502771868232e-15,5.44598263876738e-14,0,0.492154103581409,0,0.492154103581412
"both","cox",100000,"get_eff","windows_linux","result/sur_unadj","conf.low",11,0,0,0,0.569146147320013,0,0.569146147320013
"both","cox",100000,"get_eff","windows_linux","result/sur_direct","conf.low_sur",11,7.54951656745106e-15,1.22185066926362e-14,0.428201573015767,0.960828510965484,0.42820157301577,0.960828510965484
"both","cox",100000,"get_eff","windows_linux","result/sur_unadj","conf.low_sur",11,0,0,0.32382330685694,0.970886946639614,0.32382330685694,0.970886946639614
"both","cox",100000,"get_eff","windows_linux","result/haz_direct","estimate",11,0,0,1,22.9002784244053,1,22.9002784244053
"both","cox",100000,"get_eff","windows_linux","result/haz_unadj","estimate",11,0,0,1,43.8934610083737,1,43.8934610083737
"both","cox",100000,"get_eff","windows_linux","result/sur_direct","estimate",11,0,0,0,0.514029849575909,0,0.514029849575909
"both","cox",100000,"get_eff","windows_linux","result/sur_unadj","estimate",11,0,0,0,0.629425507014338,0,0.629425507014338
"both","cox",100000,"get_eff","windows_linux","result/sur_direct","estimate_sur",11,0,0,0.449861800235824,0.963891649811733,0.449861800235824,0.963891649811733
"both","cox",100000,"get_eff","windows_linux","result/sur_unadj","estimate_sur",11,0,0,0.343925160213457,0.973350667227794,0.343925160213457,0.973350667227794
"both","cox",100000,"get_eff","windows_linux","result/haz_direct","p.value_0.95",10,4.41122616727285e-134,4.41122616727285e-126,0,4.93458930968843e-09,0,4.93458930968843e-09
"both","cox",100000,"get_eff","windows_linux","result/haz_unadj","p.value_0.95",10,0,0,0,1.35218350831629e-22,0,1.35218350831629e-22
"both","cox",100000,"get_eff","windows_linux","result/haz_direct","p_value",10,4.41122616727285e-134,4.41122616727285e-126,0,4.93458930968843e-09,0,4.93458930968843e-09
"both","cox",100000,"get_eff","windows_linux","result/haz_unadj","p_value",10,0,0,0,1.35218350831629e-22,0,1.35218350831629e-22
"both","cox",100000,"get_eff","windows_linux","result/sur_direct","p_value",10,3.85505870119113e-19,2.61612334823564e-12,0,1.47357681119702e-07,0,1.47357681120087e-07
"both","cox",100000,"get_eff","windows_linux","result/sur_unadj","p_value",10,2.07010540131952e-171,2.07010540131952e-163,0,8.6766596771153e-14,0,8.6766596771153e-14
"both","cox",100000,"get_eff","windows_linux","result/sur_direct","time",12,0,0,120,120,120,120
"both","cox",100000,"get_eff","windows_linux","result/sur_unadj","time",12,0,0,120,120,120,120
"both","cox",100000,"get_score","windows_linux","result/AUC/score","AUC",2,0,0,0.825624897514552,0.842793054773017,0.825624897514552,0.842793054773017
"both","cox",100000,"get_score","windows_linux","result/Brier/score","Brier",2,0,0,0.0728830079628471,0.103750346008448,0.0728830079628471,0.103750346008448
"both","cox",100000,"get_score","windows_linux","result/AUC/score","lower",2,0,0,0.825001626469488,0.84219360822737,0.825001626469488,0.84219360822737
"both","cox",100000,"get_score","windows_linux","result/Brier/score","lower",2,0,0,0.0716289455951099,0.102121329703936,0.0716289455951099,0.102121329703936
"both","cox",100000,"get_score","windows_linux","result/AUC/score","se",2,0,0,0.000305845694296247,0.000318001274503255,0.000305845694296247,0.000318001274503255
"both","cox",100000,"get_score","windows_linux","result/Brier/score","se",2,0,0,0.000639839495842306,0.000831146040111685,0.000639839495842306,0.000831146040111685
"both","cox",100000,"get_score","windows_linux","result/AUC/score","times",2,0,0,60,120,60,120
"both","cox",100000,"get_score","windows_linux","result/Brier/score","times",2,0,0,60,120,60,120
"both","cox",100000,"get_score","windows_linux","result/AUC/score","upper",2,0,0,0.826248168559617,0.843392501318665,0.826248168559617,0.843392501318665
"both","cox",100000,"get_score","windows_linux","result/Brier/score","upper",2,0,0,0.0741370703305842,0.10537936231296,0.0741370703305842,0.10537936231296
"both","cox",100000,"get_score","latest_windows_linux","result/AUC/score","AUC",2,0,0,0.825624897514552,0.842793054773017,0.825624897514552,0.842793054773017
"both","cox",100000,"get_score","latest_windows_linux","result/Brier/score","Brier",2,0,0,0.0728830079628471,0.103750346008448,0.0728830079628471,0.103750346008448
"both","cox",100000,"get_score","latest_windows_linux","result/AUC/score","lower",2,0,0,0.825001626469488,0.84219360822737,0.825001626469488,0.84219360822737
"both","cox",100000,"get_score","latest_windows_linux","result/Brier/score","lower",2,0,0,0.0716289455951099,0.102121329703936,0.0716289455951099,0.102121329703936
"both","cox",100000,"get_score","latest_windows_linux","result/AUC/score","se",2,0,0,0.000305845694296247,0.000318001274503255,0.000305845694296247,0.000318001274503255
"both","cox",100000,"get_score","latest_windows_linux","result/Brier/score","se",2,0,0,0.000639839495842306,0.000831146040111685,0.000639839495842306,0.000831146040111685
"both","cox",100000,"get_score","latest_windows_linux","result/AUC/score","times",2,0,0,60,120,60,120
"both","cox",100000,"get_score","latest_windows_linux","result/Brier/score","times",2,0,0,60,120,60,120
"both","cox",100000,"get_score","latest_windows_linux","result/AUC/score","upper",2,0,0,0.826248168559617,0.843392501318665,0.826248168559617,0.843392501318665
"both","cox",100000,"get_score","latest_windows_linux","result/Brier/score","upper",2,0,0,0.0741370703305842,0.10537936231296,0.0741370703305842,0.10537936231296
"both","cox",100000,"get_score_boot","windows_linux","result/AUC/score","AUC",2,0,0,0.825043514088764,0.842404356286943,0.825043514088764,0.842404356286943
"both","cox",100000,"get_score_boot","windows_linux","result/Brier/score","Brier",2,0,0,0.0730411169645141,0.103927067794892,0.0730411169645141,0.103927067794892
"both","cox",100000,"get_score_boot","windows_linux","result/AUC/score","lower",2,0,0,0.821719429875345,0.839488783677472,0.821719429875345,0.839488783677472
"both","cox",100000,"get_score_boot","windows_linux","result/Brier/score","lower",2,0,0,0.0717003350688134,0.102821707265212,0.0717003350688134,0.102821707265212
"both","cox",100000,"get_score_boot","windows_linux","result/AUC/score","se",2,0,0,0.0019656649343335,0.00212818980481011,0.0019656649343335,0.00212818980481011
"both","cox",100000,"get_score_boot","windows_linux","result/Brier/score","se",2,0,0,0.000703639873528585,0.000754613785705159,0.000703639873528585,0.000754613785705159
"both","cox",100000,"get_score_boot","windows_linux","result/AUC/score","times",2,0,0,60,120,60,120
"both","cox",100000,"get_score_boot","windows_linux","result/Brier/score","times",2,0,0,60,120,60,120
"both","cox",100000,"get_score_boot","windows_linux","result/AUC/score","upper",2,0,0,0.827653259509465,0.845595938482155,0.827653259509465,0.845595938482155
"both","cox",100000,"get_score_boot","windows_linux","result/Brier/score","upper",2,0,0,0.0739275884406987,0.104556209404543,0.0739275884406987,0.104556209404543
"both","cox",100000,"get_score_boot","latest_windows_linux","result/AUC/score","AUC",2,0,0,0.825043514088764,0.842404356286943,0.825043514088764,0.842404356286943
"both","cox",100000,"get_score_boot","latest_windows_linux","result/Brier/score","Brier",2,0,0,0.0730411169645141,0.103927067794892,0.0730411169645141,0.103927067794892
"both","cox",100000,"get_score_boot","latest_windows_linux","result/AUC/score","lower",2,0,0,0.821719429875345,0.839488783677472,0.821719429875345,0.839488783677472
"both","cox",100000,"get_score_boot","latest_windows_linux","result/Brier/score","lower",2,0,0,0.0717003350688134,0.102821707265212,0.0717003350688134,0.102821707265212
"both","cox",100000,"get_score_boot","latest_windows_linux","result/AUC/score","se",2,0,0,0.0019656649343335,0.00212818980481011,0.0019656649343335,0.00212818980481011
"both","cox",100000,"get_score_boot","latest_windows_linux","result/Brier/score","se",2,0,0,0.000703639873528585,0.000754613785705159,0.000703639873528585,0.000754613785705159
"both","cox",100000,"get_score_boot","latest_windows_linux","result/AUC/score","times",2,0,0,60,120,60,120
"both","cox",100000,"get_score_boot","latest_windows_linux","result/Brier/score","times",2,0,0,60,120,60,120
"both","cox",100000,"get_score_boot","latest_windows_linux","result/AUC/score","upper",2,0,0,0.827653259509465,0.845595938482155,0.827653259509465,0.845595938482155
"both","cox",100000,"get_score_boot","latest_windows_linux","result/Brier/score","upper",2,0,0,0.0739275884406987,0.104556209404543,0.0739275884406987,0.104556209404543
"both","cox",100000,"fit_hazard","windows_linux","fit","beta",12,0,0,0.0144948699755066,3.13114906875828,0.0144948699755066,3.13114906875828
"both","cox",100000,"fit_hazard","windows_linux","fit","se",12,0,0,0.000966189568050437,0.0812990010515937,0.000966189568050437,0.0812990010515937
"both","cox",100000,"get_eff_sub","windows_linux","result/haz_direct","conf.high",3,0,0,2.28765523964776,2.66006047149617,2.28765523964776,2.66006047149617
"both","cox",100000,"get_eff_sub","windows_linux","result/haz_unadj","conf.high",3,0,0,2.32508851651739,2.65833146807484,2.32508851651739,2.65833146807484
"both","cox",100000,"get_eff_sub","windows_linux","result/haz_direct","conf.low",3,0,0,2.09676673012623,2.37513558484862,2.09676673012623,2.37513558484862
"both","cox",100000,"get_eff_sub","windows_linux","result/haz_unadj","conf.low",3,0,0,2.13115017031537,2.37360531388809,2.13115017031537,2.37360531388809
"both","cox",100000,"get_eff_sub","windows_linux","result/haz_direct","estimate",3,0,0,2.19013227830932,2.51356405999524,2.19013227830932,2.51356405999524
"both","cox",100000,"get_eff_sub","windows_linux","result/haz_unadj","estimate",3,0,0,2.22600826323137,2.51193743924851,2.22600826323137,2.51193743924851
"both","cox",100000,"get_eff_sub","windows_linux","result/haz_direct","p.value_0.95",3,0,0,0,3.62494814357742e-223,0,3.62494814357742e-223
"both","cox",100000,"get_eff_sub","windows_linux","result/haz_unadj","p.value_0.95",3,0,0,0,7.03852012791527e-223,0,7.03852012791527e-223
"both","cox",100000,"get_eff_sub","windows_linux","result/haz_direct","p_value",3,0,0,0,3.62494814357742e-223,0,3.62494814357742e-223
"both","cox",100000,"get_eff_sub","windows_linux","result/haz_unadj","p_value",3,0,0,0,7.03852012791527e-223,0,7.03852012791527e-223
"both","cox",100000,"get_cat_no_ci","windows_linux","curve/unadj","ci_lower",1750,5.55111512312578e-17,1.14690960003484e-16,0.32382330685694,1,0.32382330685694,1
"both","cox",100000,"get_cat_no_ci","windows_linux","curve/unadj","ci_upper",1750,1.11022302462516e-16,1.18200813492665e-16,0.365274868495207,1,0.365274868495207,1
"both","cox",100000,"get_cat_no_ci","windows_linux","UM/haz_direct","conf.high",11,0,0,1,25.6685495849638,1,25.6685495849638
"both","cox",100000,"get_cat_no_ci","windows_linux","UM/haz_unadj","conf.high",11,0,0,1,48.1897042236842,1,48.1897042236842
"both","cox",100000,"get_cat_no_ci","windows_linux","UM/sur_direct","conf.high",11,7.60502771868232e-15,2.9885964766925e-14,0,0.535905595570409,0,0.535905595570406
"both","cox",100000,"get_cat_no_ci","windows_linux","UM/sur_unadj","conf.high",11,0,0,0,0.689704866708663,0,0.689704866708663
"both","cox",100000,"get_cat_no_ci","windows_linux","UM/sur_direct","conf.high_sur",11,7.66053886991358e-15,1.11636819758148e-14,0.47152202745588,0.966954788657981,0.471522027455877,0.966954788657981
"both","cox",100000,"get_cat_no_ci","windows_linux","UM/sur_unadj","conf.high_sur",11,1.11022302462516e-16,1.18200813492665e-16,0.365274868495207,0.975820639747941,0.365274868495207,0.975820639747941
"both","cox",100000,"get_cat_no_ci","windows_linux","UM/haz_direct","conf.low",11,0,0,1,20.4305564745458,1,20.4305564745458
"both","cox",100000,"get_cat_no_ci","windows_linux","UM/haz_unadj","conf.low",11,0,0,1,39.9802395621828,1,39.9802395621828
"both","cox",100000,"get_cat_no_ci","windows_linux","UM/sur_direct","conf.low",11,7.60502771868232e-15,5.44598263876738e-14,0,0.492154103581409,0,0.492154103581412
"both","cox",100000,"get_cat_no_ci","windows_linux","UM/sur_unadj","conf.low",11,0,0,0,0.569146147320013,0,0.569146147320013
"both","cox",100000,"get_cat_no_ci","windows_linux","UM/sur_direct","conf.low_sur",11,7.54951656745106e-15,1.22185066926362e-14,0.428201573015767,0.960828510965484,0.42820157301577,0.960828510965484
"both","cox",100000,"get_cat_no_ci","windows_linux","UM/sur_unadj","conf.low_sur",11,0,0,0.32382330685694,0.970886946639614,0.32382330685694,0.970886946639614
"both","cox",100000,"get_cat_no_ci","windows_linux","UM/haz_direct","estimate",11,0,0,1,22.9002784244053,1,22.9002784244053
"both","cox",100000,"get_cat_no_ci","windows_linux","UM/haz_unadj","estimate",11,0,0,1,43.8934610083737,1,43.8934610083737
"both","cox",100000,"get_cat_no_ci","windows_linux","UM/sur_direct","estimate",11,0,0,0,0.514029849575909,0,0.514029849575909
"both","cox",100000,"get_cat_no_ci","windows_linux","UM/sur_unadj","estimate",11,0,0,0,0.629425507014338,0,0.629425507014338
"both","cox",100000,"get_cat_no_ci","windows_linux","UM/sur_direct","estimate_sur",11,0,0,0.449861800235824,0.963891649811733,0.449861800235824,0.963891649811733
"both","cox",100000,"get_cat_no_ci","windows_linux","UM/sur_unadj","estimate_sur",11,0,0,0.343925160213457,0.973350667227794,0.343925160213457,0.973350667227794
"both","cox",100000,"get_cat_no_ci","windows_linux","UM/haz_direct","p.value_0.95",10,4.41122616727285e-134,4.41122616727285e-126,0,4.93458930968843e-09,0,4.93458930968843e-09
"both","cox",100000,"get_cat_no_ci","windows_linux","UM/haz_unadj","p.value_0.95",10,0,0,0,1.35218350831629e-22,0,1.35218350831629e-22
"both","cox",100000,"get_cat_no_ci","windows_linux","UM/haz_direct","p_value",10,4.41122616727285e-134,4.41122616727285e-126,0,4.93458930968843e-09,0,4.93458930968843e-09
"both","cox",100000,"get_cat_no_ci","windows_linux","UM/haz_unadj","p_value",10,0,0,0,1.35218350831629e-22,0,1.35218350831629e-22
"both","cox",100000,"get_cat_no_ci","windows_linux","UM/sur_direct","p_value",10,3.85505870119113e-19,2.61612334823564e-12,0,1.47357681119702e-07,0,1.47357681120087e-07
"both","cox",100000,"get_cat_no_ci","windows_linux","UM/sur_unadj","p_value",10,2.07010540131952e-171,2.07010540131952e-163,0,8.6766596771153e-14,0,8.6766596771153e-14
"both","cox",100000,"get_cat_no_ci","windows_linux","curve/direct","probability",528,1.11022302462516e-16,1.86940494713672e-16,0.297973815271568,1,0.297973815271568,1
"both","cox",100000,"get_cat_no_ci","windows_linux","curve/unadj","probability",1750,0,0,0.343925160213457,1,0.343925160213457,1
"both","cox",100000,"get_cat_no_ci","windows_linux","curve/unadj","se",1750,0,0,0,0.052043432965974,0,0.052043432965974
"both","cox",100000,"get_cat_no_ci","windows_linux","UM/sur_direct","time",12,0,0,120,120,120,120
"both","cox",100000,"get_cat_no_ci","windows_linux","UM/sur_unadj","time",12,0,0,120,120,120,120
"both","cox",100000,"get_cat_no_ci","windows_linux","curve/direct","time",528,0,0,0,253,0,253
"both","cox",100000,"get_cat_no_ci","windows_linux","curve/unadj","time",1750,0,0,1,287,1,287
"both","cox",100000,"get_inter_abs","windows_linux","result/estimates","conf.high",18,1.25455201782643e-14,4.24658745186421e-13,-0.103748877582392,1.46696313882804,-0.103748877582383,1.46696313882804
"both","cox",100000,"get_inter_abs","windows_linux","result/risks","conf.high",8,4.21884749357559e-15,1.60367443464535e-14,0.0796802679274344,0.294843601313964,0.0796802679274344,0.294843601313964
"both","cox",100000,"get_inter_abs","windows_linux","result/estimates","conf.low",18,1.04360964314765e-14,1.19270496900269e-13,-0.326758945779563,1.23734522317628,-0.326758945779572,1.23734522317628
"both","cox",100000,"get_inter_abs","windows_linux","result/risks","conf.low",8,4.19109191795997e-15,1.73353492237151e-14,0.0719314999120635,0.274491407245222,0.0719314999120635,0.274491407245222
"both","cox",100000,"get_inter_abs","windows_linux","result/estimates","estimate",18,0,0,-0.215253911680978,1.34727125420405,-0.215253911680978,1.34727125420405
"both","cox",100000,"get_inter_abs","windows_linux","result/risks","estimate",8,0,0,0.075805883919749,0.284667504279593,0.075805883919749,0.284667504279593
"both","cox",100000,"get_inter_abs","windows_linux","result/estimates","p.value",18,1.99840144432528e-14,4.33097302096382e-12,2.70212760991646e-254,0.843047634165483,2.7021276092377e-254,0.843047634165503
"both","cox",100000,"get_fit_stats_simple","windows_linux","result/stats","estimate",6,6.93889390390723e-18,1.60552134800981e-16,0.0206475771011044,298735.973499962,0.0206475771011044,298735.973499962
"both","cox",100000,"get_fit_stats_simple","latest_windows_linux","result/stats","estimate",6,6.93889390390723e-18,1.60552134800981e-16,0.0206475771011044,298735.973499962,0.0206475771011044,298735.973499962
"both","cox",100000,"get_fit_stats_simple_boot","windows_linux","result/boot","AIC",20,0,0,292509.78995886,301666.409888061,292509.78995886,301666.409888061
"both","cox",100000,"get_fit_stats_simple_boot","windows_linux","result/boot","BIC",20,0,0,292524.798365467,301673.93751785,292524.798365467,301673.93751785
"both","cox",100000,"get_fit_stats_simple_boot","windows_linux","result/boot","PVE",20,6.93889390390723e-18,1.61753319612742e-16,0.0198429604086298,0.0443711421883562,0.0198429604086298,0.0443711421883562
"both","cox",100000,"get_fit_stats_simple_boot","windows_linux","result/stats","SE",6,5.42101086242752e-19,7.72695325652062e-16,0.000701571587462735,1977.49813176169,0.000701571587462736,1977.49813176169
"both","cox",100000,"get_fit_stats_simple_boot","windows_linux","result/stats","estimate",6,6.93889390390723e-18,1.60552134800981e-16,0.0206475771011044,298735.973499962,0.0206475771011044,298735.973499962
"both","cox",100000,"get_fit_stats_simple_boot","windows_linux","result/stats","lower",6,0,0,0.0199058778201286,295244.273226713,0.0199058778201286,295244.273226713
"both","cox",100000,"get_fit_stats_simple_boot","windows_linux","result/boot","replicate",20,0,0,1,10,1,10
"both","cox",100000,"get_fit_stats_simple_boot","windows_linux","result/stats","upper",6,0,0,0.0223508274584437,301360.054418432,0.0223508274584437,301360.054418432
"both","cox",100000,"get_fit_stats_simple_boot","latest_windows_linux","result/boot","AIC",20,0,0,292509.78995886,301666.409888061,292509.78995886,301666.409888061
"both","cox",100000,"get_fit_stats_simple_boot","latest_windows_linux","result/boot","BIC",20,0,0,292524.798365467,301673.93751785,292524.798365467,301673.93751785
"both","cox",100000,"get_fit_stats_simple_boot","latest_windows_linux","result/boot","PVE",20,6.93889390390723e-18,1.61753319612742e-16,0.0198429604086298,0.0443711421883562,0.0198429604086298,0.0443711421883562
"both","cox",100000,"get_fit_stats_simple_boot","latest_windows_linux","result/stats","SE",6,5.42101086242752e-19,7.72695325652062e-16,0.000701571587462735,1977.49813176169,0.000701571587462736,1977.49813176169
"both","cox",100000,"get_fit_stats_simple_boot","latest_windows_linux","result/stats","estimate",6,6.93889390390723e-18,1.60552134800981e-16,0.0206475771011044,298735.973499962,0.0206475771011044,298735.973499962
"both","cox",100000,"get_fit_stats_simple_boot","latest_windows_linux","result/stats","lower",6,0,0,0.0199058778201286,295244.273226713,0.0199058778201286,295244.273226713
"both","cox",100000,"get_fit_stats_simple_boot","latest_windows_linux","result/boot","replicate",20,0,0,1,10,1,10
"both","cox",100000,"get_fit_stats_simple_boot","latest_windows_linux","result/stats","upper",6,0,0,0.0223508274584437,301360.054418432,0.0223508274584437,301360.054418432
"both","cox",100000,"get_score_all_boot","latest_windows_linux","result/fit.stats/boot","AIC",10,0,0,281211.215771099,285852.7027122,281211.215771099,285852.7027122
"both","cox",100000,"get_score_all_boot","latest_windows_linux","result/AUC/score","AUC",2,0,0,0.825043514088764,0.842404356286943,0.825043514088764,0.842404356286943
"both","cox",100000,"get_score_all_boot","latest_windows_linux","result/fit.stats/boot","BIC",10,0,0,281301.32865977,285943.012406165,281301.32865977,285943.012406165
"both","cox",100000,"get_score_all_boot","latest_windows_linux","result/Brier/score","Brier",2,0,0,0.0730411169645141,0.103927067794892,0.0730411169645141,0.103927067794892
"both","cox",100000,"get_score_all_boot","latest_windows_linux","result/fit.stats/boot","PVE",10,2.77555756156289e-17,1.74009001963091e-16,0.158063608709335,0.162424181475774,0.158063608709335,0.162424181475774
"both","cox",100000,"get_score_all_boot","latest_windows_linux","result/fit.stats/info","R",1,0,0,10,10,10,10
"both","cox",100000,"get_score_all_boot","latest_windows_linux","result/fit.stats/info","R_success",1,0,0,10,10,10,10
"both","cox",100000,"get_score_all_boot","latest_windows_linux","result/fit.stats/stats","SE",3,4.33680868994202e-19,3.16474466016301e-16,0.00137035026696866,1750.05973309842,0.00137035026696866,1750.05973309842
"both","cox",100000,"get_score_all_boot","latest_windows_linux","result/fit.stats/info","bic_n",1,0,0,13601,13601,13601,13601
"both","cox",100000,"get_score_all_boot","latest_windows_linux","result/fit.stats/info","conf_level",1,0,0,0.95,0.95,0.95,0.95
"both","cox",100000,"get_score_all_boot","latest_windows_linux","result/fit.stats/info","df",1,0,0,12,12,12,12
"both","cox",100000,"get_score_all_boot","latest_windows_linux","result/fit.stats/stats","estimate",3,0,0,0.160772078155765,283399.747206797,0.160772078155765,283399.747206797
"both","cox",100000,"get_score_all_boot","latest_windows_linux","result/fit.stats/info","events",1,0,0,13601,13601,13601,13601
"both","cox",100000,"get_score_all_boot","latest_windows_linux","result/fit.stats/info","logLik",1,0,0,-141642.766211808,-141642.766211808,-141642.766211808,-141642.766211808
"both","cox",100000,"get_score_all_boot","latest_windows_linux","result/fit.stats/info","logLik_null",1,0,0,-150406.413735568,-150406.413735568,-150406.413735568,-150406.413735568
"both","cox",100000,"get_score_all_boot","latest_windows_linux","result/AUC/score","lower",2,0,0,0.821719429875345,0.839488783677472,0.821719429875345,0.839488783677472
"both","cox",100000,"get_score_all_boot","latest_windows_linux","result/Brier/score","lower",2,0,0,0.0717003350688134,0.102821707265212,0.0717003350688134,0.102821707265212
"both","cox",100000,"get_score_all_boot","latest_windows_linux","result/fit.stats/stats","lower",3,2.77555756156289e-17,1.75237569790919e-16,0.158388270556051,281490.619834745,0.158388270556051,281490.619834745
"both","cox",100000,"get_score_all_boot","latest_windows_linux","result/fit.stats/info","n",1,0,0,1e+05,1e+05,1e+05,1e+05
"both","cox",100000,"get_score_all_boot","latest_windows_linux","result/fit.stats/info","n_omitted",1,0,0,0,0,0,0
"both","cox",100000,"get_score_all_boot","latest_windows_linux","result/fit.stats/boot","replicate",10,0,0,1,10,1,10
"both","cox",100000,"get_score_all_boot","latest_windows_linux","result/AUC/score","se",2,0,0,0.0019656649343335,0.00212818980481011,0.0019656649343335,0.00212818980481011
"both","cox",100000,"get_score_all_boot","latest_windows_linux","result/Brier/score","se",2,0,0,0.000703639873528585,0.000754613785705159,0.000703639873528585,0.000754613785705159
"both","cox",100000,"get_score_all_boot","latest_windows_linux","result/AUC/score","times",2,0,0,60,120,60,120
"both","cox",100000,"get_score_all_boot","latest_windows_linux","result/Brier/score","times",2,0,0,60,120,60,120
"both","cox",100000,"get_score_all_boot","latest_windows_linux","result/AUC/score","upper",2,0,0,0.827653259509465,0.845595938482155,0.827653259509465,0.845595938482155
"both","cox",100000,"get_score_all_boot","latest_windows_linux","result/Brier/score","upper",2,0,0,0.0739275884406987,0.104556209404543,0.0739275884406987,0.104556209404543
"both","cox",100000,"get_score_all_boot","latest_windows_linux","result/fit.stats/stats","upper",3,2.77555756156289e-17,1.70919217912761e-16,0.162390022342576,285909.083900768,0.162390022342576,285909.083900768
"both","cox",100000,"get_score_all","latest_windows_linux","result/AUC/score","AUC",2,0,0,0.825624897514552,0.842793054773017,0.825624897514552,0.842793054773017
"both","cox",100000,"get_score_all","latest_windows_linux","result/Brier/score","Brier",2,0,0,0.0728830079628471,0.103750346008448,0.0728830079628471,0.103750346008448
"both","cox",100000,"get_score_all","latest_windows_linux","result/fit.stats/info","R",1,0,0,0,0,0,0
"both","cox",100000,"get_score_all","latest_windows_linux","result/fit.stats/info","R_success",1,0,0,0,0,0,0
"both","cox",100000,"get_score_all","latest_windows_linux","result/fit.stats/info","bic_n",1,0,0,13601,13601,13601,13601
"both","cox",100000,"get_score_all","latest_windows_linux","result/fit.stats/info","conf_level",1,0,0,0.95,0.95,0.95,0.95
"both","cox",100000,"get_score_all","latest_windows_linux","result/fit.stats/info","df",1,0,0,12,12,12,12
"both","cox",100000,"get_score_all","latest_windows_linux","result/fit.stats/stats","estimate",3,0,0,0.160772078155765,283399.747206797,0.160772078155765,283399.747206797
"both","cox",100000,"get_score_all","latest_windows_linux","result/fit.stats/info","events",1,0,0,13601,13601,13601,13601
"both","cox",100000,"get_score_all","latest_windows_linux","result/fit.stats/info","logLik",1,0,0,-141642.766211808,-141642.766211808,-141642.766211808,-141642.766211808
"both","cox",100000,"get_score_all","latest_windows_linux","result/fit.stats/info","logLik_null",1,0,0,-150406.413735568,-150406.413735568,-150406.413735568,-150406.413735568
"both","cox",100000,"get_score_all","latest_windows_linux","result/AUC/score","lower",2,0,0,0.825001626469488,0.84219360822737,0.825001626469488,0.84219360822737
"both","cox",100000,"get_score_all","latest_windows_linux","result/Brier/score","lower",2,0,0,0.0716289455951099,0.102121329703936,0.0716289455951099,0.102121329703936
"both","cox",100000,"get_score_all","latest_windows_linux","result/fit.stats/info","n",1,0,0,1e+05,1e+05,1e+05,1e+05
"both","cox",100000,"get_score_all","latest_windows_linux","result/fit.stats/info","n_omitted",1,0,0,0,0,0,0
"both","cox",100000,"get_score_all","latest_windows_linux","result/AUC/score","se",2,0,0,0.000305845694296247,0.000318001274503255,0.000305845694296247,0.000318001274503255
"both","cox",100000,"get_score_all","latest_windows_linux","result/Brier/score","se",2,0,0,0.000639839495842306,0.000831146040111685,0.000639839495842306,0.000831146040111685
"both","cox",100000,"get_score_all","latest_windows_linux","result/AUC/score","times",2,0,0,60,120,60,120
"both","cox",100000,"get_score_all","latest_windows_linux","result/Brier/score","times",2,0,0,60,120,60,120
"both","cox",100000,"get_score_all","latest_windows_linux","result/AUC/score","upper",2,0,0,0.826248168559617,0.843392501318665,0.826248168559617,0.843392501318665
"both","cox",100000,"get_score_all","latest_windows_linux","result/Brier/score","upper",2,0,0,0.0741370703305842,0.10537936231296,0.0741370703305842,0.10537936231296
