"os","version","commit","model","n","case","rep","elapsed","status","error","warnings","cpu","child_cpu","heap_peak_mb","actual_method"
"windows","before","2e56cc6","crr",5000,"get_facet",1,61.08,"ok","","unable to translate '<U+2013>' to native encoding | unable to translate '<U+2014>' to native encoding | `aes_string()` was deprecated in ggplot2 3.0.0.
i Please use tidy evaluation idioms with `aes()`.
i See also `vignette(""ggplot2-in-packages"")` for more information.
i The deprecated feature was likely used in the RegR package.
  Please report the issue at <https://github.com/HUI950319/RegR/issues>. | The `size` argument of `element_rect()` is deprecated as of ggplot2 3.4.0.
i Please use the `linewidth` argument instead.
i The deprecated feature was likely used in the RegR package.
  Please report the issue at <https://github.com/HUI950319/RegR/issues>.",5.91,NA,371.9,"direct"
"windows","after","12406e3","crr",5000,"get_fit_stats_boot",1,1.03,"error","Fine-Gray fit is singular or did not converge.","",1.03,NA,309,""
"windows","before","2e56cc6","cox",5000,"get_rpa_mp1_mlr",1,11.22,"ok","","The `x` argument of `as_tibble.matrix()` must have unique column names if
`.name_repair` is omitted as of tibble 2.0.0.
i Using compatibility `.name_repair`.
i The deprecated feature was likely used in the RegR package.
  Please report the issue at <https://github.com/HUI950319/RegR/issues>. | Loglik converged before variable  5 ; coefficient may be infinite. ",10.62,NA,573.4,""
"windows","after","12406e3","cox",5000,"get_rpa",1,8.28,"ok","","Unadjusted Kaplan-Meier estimates should only be drawn as step functions (steps=TRUE). | `strip_label` is deprecated in plt_cat1(); use `strip_arg` instead. | `aes_()` was deprecated in ggplot2 3.0.0.
i Please use tidy evaluation idioms with `aes()`
i The deprecated feature was likely used in the ggplotify package.
  Please report the issue at
  <https://github.com/GuangchuangYu/ggplotify/issues>. | Duplicated aesthetics after name standardisation: p.value | Using `size` aesthetic for lines was deprecated in ggplot2 3.4.0.
i Please use `linewidth` instead.
i The deprecated feature was likely used in the RegR package.
  Please report the issue at <https://github.com/HUI950319/RegR/issues>. | Ignoring unknown parameters: `label.size`",7.6,NA,695.1,""
"windows","after","12406e3","cox",5000,"get_fit_stats",1,0.0399999999999991,"ok","","",0.0400000000000009,NA,331,""
"windows","after","12406e3","cox",5000,"get_eff_cat",1,0.640000000000001,"ok","","",0.599999999999999,NA,530.7,""
"windows","after","12406e3","crr",5000,"get_facet_diff_serial",1,10.37,"ok","","Unadjusted Aalen-Johansen estimates should only be drawn as step functions (steps=TRUE). | Removed 3 rows containing missing values or values outside the scale range
(`geom_ribbon()`). | Removed 3 rows containing missing values or values outside the scale range
(`geom_step()`). | font width unknown for character 0x08 in encoding cp1252 | font width unknown for character 0x06 in encoding cp1252",10.11,NA,643.3,"unadj/direct"
"windows","after","12406e3","cox",5000,"get_fit_stats_boot",1,0.340000000000003,"ok","","",0.32,NA,497.6,""
"windows","after","12406e3","cox",5000,"get_rpa_mp1_mlr",1,7.91,"ok","","Loglik converged before variable  5 ; coefficient may be infinite. ",7.73,NA,547.2,""
"windows","after","12406e3","crr",5000,"get_facet",1,7.98,"ok","","unable to translate '<U+2013>' to native encoding | unable to translate '<U+2014>' to native encoding | `aes_string()` was deprecated in ggplot2 3.0.0.
i Please use tidy evaluation idioms with `aes()`.
i See also `vignette(""ggplot2-in-packages"")` for more information.
i The deprecated feature was likely used in the RegR package.
  Please report the issue at <https://github.com/HUI950319/RegR/issues>. | The `size` argument of `element_rect()` is deprecated as of ggplot2 3.4.0.
i Please use the `linewidth` argument instead.
i The deprecated feature was likely used in the RegR package.
  Please report the issue at <https://github.com/HUI950319/RegR/issues>.",0.720000000000001,NA,636.6,"direct"
"windows","after","12406e3","crr",5000,"get_facet_serial",1,4.69,"ok","","",4.56,NA,643.3,"direct"
"windows","after","12406e3","crr",5000,"curve_direct",1,7.28,"ok","","",7.19,NA,588.7,"direct"
"windows","after","12406e3","crr",5000,"get_facet_diff",1,13.53,"ok","","Removed 3 rows containing missing values or values outside the scale range
(`geom_ribbon()`). | Removed 3 rows containing missing values or values outside the scale range
(`geom_step()`). | font width unknown for character 0x08 in encoding cp1252 | font width unknown for character 0x06 in encoding cp1252",1.25,NA,509.6,"unadj/direct"
"windows","after","12406e3","cox",5000,"get_rpa_mp2",1,1.41000000000001,"error","Cannot score the original cohort: non-finite scores for hazard consistency measurement.","Loglik converged before variable  5 ; coefficient may be infinite. ",1.37,NA,623.3,""
"windows","after","12406e3","crr",5000,"get_cat",1,11.46,"ok","","Unadjusted Aalen-Johansen estimates should only be drawn as step functions (steps=TRUE).",10.73,NA,606.4,"aalen_johansen/direct"
"windows","after","12406e3","crr",5000,"get_cat",2,10.62,"ok","","Unadjusted Aalen-Johansen estimates should only be drawn as step functions (steps=TRUE).",10.28,NA,597.7,"aalen_johansen/direct"
"windows","after","12406e3","crr",5000,"get_cat",3,9.72,"ok","","Unadjusted Aalen-Johansen estimates should only be drawn as step functions (steps=TRUE).",9.51,NA,599.2,"aalen_johansen/direct"
"windows","after","12406e3","crr",5000,"get_fit_stats",1,0.799999999999983,"error","Fine-Gray fit is singular or did not converge.","",0.77,NA,477.7,""
"windows","after","12406e3","cox",5000,"get_facet_serial",1,3.55000000000001,"ok","","",2.65,NA,642.5,"direct"
"windows","before","2e56cc6","cox",5000,"get_facet",1,9.59,"ok","","",0.540000000000001,NA,517.7,"direct"
"windows","after","12406e3","crr",5000,"get_eff",1,2.06,"ok","","",1.98,NA,571.6,""
"windows","after","12406e3","crr",5000,"get_eff",2,2.26999999999998,"ok","","",2.18,NA,572.5,""
"windows","after","12406e3","crr",5000,"get_eff",3,1.97,"ok","","",1.79000000000001,NA,572.3,""
"windows","after","12406e3","cox",5000,"get_facet_diff_serial",1,2.44999999999999,"ok","","Unadjusted Kaplan-Meier estimates should only be drawn as step functions (steps=TRUE). | Removed 4 rows containing missing values or values outside the scale range
(`geom_ribbon()`). | Removed 4 rows containing missing values or values outside the scale range
(`geom_step()`). | font width unknown for character 0x08 in encoding cp1252 | font width unknown for character 0x06 in encoding cp1252",2.38000000000001,NA,642.7,"unadj/direct"
"windows","after","12406e3","cox",5000,"get_score",1,0.110000000000014,"ok","","",0.0900000000000016,NA,394.4,""
"windows","before","2e56cc6","cox",5000,"get_score_boot",1,0.780000000000001,"ok","","",0.740000000000002,NA,468.1,""
"windows","before","2e56cc6","cox",5000,"get_cat",1,21.11,"ok","","Unadjusted Kaplan-Meier estimates should only be drawn as step functions (steps=TRUE).",21.02,NA,2188.1,"km/direct"
"windows","before","2e56cc6","cox",5000,"get_cat",2,17.66,"ok","","Unadjusted Kaplan-Meier estimates should only be drawn as step functions (steps=TRUE).",17.62,NA,2187.9,"km/direct"
"windows","before","2e56cc6","cox",5000,"get_cat",3,18.22,"ok","","Unadjusted Kaplan-Meier estimates should only be drawn as step functions (steps=TRUE).",18.15,NA,2187.9,"km/direct"
"windows","after","12406e3","crr",5000,"fit_hazard",1,0.590000000000003,"ok","","",0.620000000000001,NA,486.9,""
"windows","after","12406e3","crr",5000,"fit_hazard",2,0.550000000000011,"ok","","",0.529999999999999,NA,486.9,""
"windows","after","12406e3","crr",5000,"fit_hazard",3,0.759999999999991,"ok","","",0.799999999999997,NA,486.9,""
"windows","after","12406e3","cox",5000,"get_eff",1,0.650000000000006,"ok","","",0.660000000000009,NA,635.1,""
"windows","after","12406e3","cox",5000,"get_eff",2,0.659999999999997,"ok","","",0.68,NA,635.1,""
"windows","after","12406e3","cox",5000,"get_eff",3,0.659999999999997,"ok","","",0.669999999999998,NA,635.1,""
"windows","before","2e56cc6","crr",5000,"get_eff_cat",1,2.37,"ok","","`aes_()` was deprecated in ggplot2 3.0.0.
i Please use tidy evaluation idioms with `aes()`
i The deprecated feature was likely used in the ggplotify package.
  Please report the issue at
  <https://github.com/GuangchuangYu/ggplotify/issues>.",2.38,NA,652.9,""
"windows","after","12406e3","crr",5000,"get_inter",1,0.490000000000009,"ok","","",0.509999999999991,NA,643.5,""
"windows","before","2e56cc6","cox",5000,"fit_hazard",1,0.0199999999999818,"ok","","",0.019999999999996,NA,321.6,""
"windows","before","2e56cc6","cox",5000,"fit_hazard",2,0.0200000000000387,"ok","","",0.0200000000000102,NA,321.6,""
"windows","before","2e56cc6","cox",5000,"fit_hazard",3,0.00999999999999091,"ok","","",0.0200000000000102,NA,321.6,""
"windows","after","12406e3","cox",5000,"get_cat",1,3.94,"ok","","Unadjusted Kaplan-Meier estimates should only be drawn as step functions (steps=TRUE).",3.94,NA,674.8,"km/direct"
"windows","after","12406e3","cox",5000,"get_cat",2,3.41,"ok","","Unadjusted Kaplan-Meier estimates should only be drawn as step functions (steps=TRUE).",3.35999999999999,NA,685.6,"km/direct"
"windows","after","12406e3","cox",5000,"get_cat",3,3.25999999999999,"ok","","Unadjusted Kaplan-Meier estimates should only be drawn as step functions (steps=TRUE).",3.25999999999999,NA,736.2,"km/direct"
"windows","before","2e56cc6","cox",5000,"get_inter",1,0.379999999999995,"ok","","",0.379999999999997,NA,530.2,""
"windows","before","2e56cc6","cox",5000,"curve_direct",1,17.92,"ok","","",17.94,NA,2136.2,"direct"
"windows","after","12406e3","crr",5000,"get_eff_sub",1,0.560000000000002,"ok","","",0.590000000000009,NA,661.5,""
"windows","after","12406e3","crr",5000,"get_eff_cat",1,1.02999999999997,"ok","","",1.06,NA,736.2,""
"windows","before","2e56cc6","cox",5000,"get_score",1,0.0799999999999841,"ok","","",0.0600000000000023,NA,454.6,""
"windows","before","2e56cc6","crr",5000,"get_eff_sub",1,4.81999999999999,"ok","","",4.78000000000001,NA,714.8,""
"windows","before","2e56cc6","cox",5000,"get_eff_cat",1,0.45999999999998,"ok","","",0.44,NA,611.8,""
"windows","before","2e56cc6","crr",5000,"get_facet_diff",1,32.29,"ok","","Unadjusted Aalen-Johansen estimates should only be drawn as step functions (steps=TRUE). | Removed 3 rows containing missing values or values outside the scale range
(`geom_ribbon()`). | Removed 3 rows containing missing values or values outside the scale range
(`geom_step()`). | font width unknown for character 0x08 in encoding cp1252 | font width unknown for character 0x06 in encoding cp1252",3.4,NA,580,"unadj/direct"
"windows","before","2e56cc6","cox",5000,"get_rpa_mp1_rr",1,14.48,"ok","","Loglik converged before variable  5 ; coefficient may be infinite. ",14.56,NA,1022.5,""
"windows","before","2e56cc6","crr",5000,"curve_CSC",1,36.8,"ok","","",36.68,NA,3221,"direct"
"windows","after","12406e3","cox",5000,"get_eff_sub",1,0.300000000000011,"ok","","",0.279999999999998,NA,566.4,""
"windows","after","12406e3","cox",5000,"get_inter",1,0.259999999999991,"ok","","",0.240000000000002,NA,524.6,""
"windows","before","2e56cc6","crr",5000,"get_cat",1,74.74,"ok","","Unadjusted Aalen-Johansen estimates should only be drawn as step functions (steps=TRUE).",7.60999999999999,NA,1377.7,"aalen_johansen/direct"
"windows","before","2e56cc6","crr",5000,"get_cat",2,78.86,"ok","","Unadjusted Aalen-Johansen estimates should only be drawn as step functions (steps=TRUE).",7.39,NA,1143.9,"aalen_johansen/direct"
"windows","before","2e56cc6","crr",5000,"get_cat",3,74.26,"ok","","Unadjusted Aalen-Johansen estimates should only be drawn as step functions (steps=TRUE).",7.16000000000002,NA,852,"aalen_johansen/direct"
"windows","before","2e56cc6","crr",5000,"fit_hazard",1,1.09000000000003,"ok","","",1.08000000000001,NA,361.5,""
"windows","before","2e56cc6","crr",5000,"fit_hazard",2,1.11000000000001,"ok","","",1.06,NA,361.5,""
"windows","before","2e56cc6","crr",5000,"fit_hazard",3,1.1099999999999,"ok","","",1.1,NA,361.5,""
"windows","after","12406e3","crr",5000,"get_score_boot",1,4.9799999999999,"ok","","",5.02000000000001,NA,555.7,""
"windows","after","12406e3","crr",5000,"get_cat_no_ci",1,7.13999999999999,"ok","","Unadjusted Aalen-Johansen estimates should only be drawn as step functions (steps=TRUE).",7.07,NA,645.1,"aalen_johansen/direct"
"windows","after","12406e3","cox",5000,"get_facet_diff",1,6.27999999999997,"ok","","Removed 4 rows containing missing values or values outside the scale range
(`geom_ribbon()`). | Removed 4 rows containing missing values or values outside the scale range
(`geom_step()`). | font width unknown for character 0x08 in encoding cp1252 | font width unknown for character 0x06 in encoding cp1252",0.970000000000013,NA,513.1,"unadj/direct"
"windows","after","12406e3","cox",5000,"get_cat_no_ci",1,1.25999999999999,"ok","","Unadjusted Kaplan-Meier estimates should only be drawn as step functions (steps=TRUE).",1.26,NA,676.1,"km/direct"
"windows","before","2e56cc6","crr",5000,"get_score",1,1.24000000000001,"ok","","",1.25000000000002,NA,466,""
"windows","before","2e56cc6","crr",5000,"get_inter",1,1.71000000000004,"ok","","",1.67000000000001,NA,543.6,""
"windows","before","2e56cc6","crr",5000,"get_score_boot",1,13.4200000000001,"ok","","",13.42,NA,505.2,""
"windows","after","12406e3","cox",5000,"curve_direct",1,2.40999999999997,"ok","","",2.45999999999998,NA,653.3,"direct"
"windows","before","2e56cc6","crr",5000,"curve_direct",1,38.64,"ok","","",2.68999999999999,NA,650.6,"direct"
"windows","after","12406e3","crr",5000,"curve_CSC",1,9.82000000000005,"ok","","",9.90000000000001,NA,1070.7,"direct"
"windows","after","12406e3","cox",5000,"get_rpa_mp1_rr",1,4.83000000000004,"ok","","Loglik converged before variable  5 ; coefficient may be infinite.  | 2 of 10 bootstrap replicates failed; using 8 valid paired replicates.",4.81000000000001,NA,760.9,""
"windows","after","12406e3","crr",5000,"get_inter_abs",1,0.360000000000014,"ok","","",0.349999999999991,NA,672.6,""
"windows","after","12406e3","cox",5000,"get_facet",1,6.5,"ok","","",0.380000000000003,NA,545.5,"direct"
"windows","before","2e56cc6","cox",5000,"get_rpa_mp2",1,51.05,"error","i In index: 1.
Caused by error in `if (const(t, min(1e-08, mean(t, na.rm = TRUE)/1e+06))) ...`:
! missing value where TRUE/FALSE needed","Loglik converged before variable  5 ; coefficient may be infinite. ",51.28,NA,650.6,""
"windows","before","2e56cc6","crr",5000,"get_eff",1,34.0899999999999,"ok","","",4.31,NA,642.5,""
"windows","before","2e56cc6","crr",5000,"get_eff",2,32.77,"ok","","",4.27999999999997,NA,642.5,""
"windows","before","2e56cc6","crr",5000,"get_eff",3,32.25,"ok","","",4.12999999999995,NA,642.5,""
"windows","before","2e56cc6","cox",5000,"get_rpa",1,17.08,"ok","","Unadjusted Kaplan-Meier estimates should only be drawn as step functions (steps=TRUE). | `strip_label` is deprecated in plt_cat1(); use `strip_arg` instead. | Duplicated aesthetics after name standardisation: p.value | Using `size` aesthetic for lines was deprecated in ggplot2 3.4.0.
i Please use `linewidth` instead.
i The deprecated feature was likely used in the RegR package.
  Please report the issue at <https://github.com/HUI950319/RegR/issues>. | Ignoring unknown parameters: `label.size`",17.2,NA,1923.2,""
"windows","before","2e56cc6","cox",5000,"get_eff",1,1.28999999999996,"ok","","",1.29999999999999,NA,681.7,""
"windows","before","2e56cc6","cox",5000,"get_eff",2,1.11000000000001,"ok","","",1.09999999999998,NA,681.7,""
"windows","before","2e56cc6","cox",5000,"get_eff",3,1.25999999999999,"ok","","",1.20000000000001,NA,681.7,""
"windows","before","2e56cc6","crr",5000,"get_inter_abs",1,51.9999999999999,"ok","","No analytic variance for the direct CIF pass; falling back to bootstrap (n_boot
= 50).",51.6,NA,688.3,""
"windows","after","12406e3","cox",5000,"fit_hazard",1,0.00999999999999091,"ok","","",0.00999999999999091,NA,356.2,""
"windows","after","12406e3","cox",5000,"fit_hazard",2,0.0199999999999818,"ok","","",0.00999999999999091,NA,356.2,""
"windows","after","12406e3","cox",5000,"fit_hazard",3,0.0199999999999818,"ok","","",0.0200000000000102,NA,356.2,""
"windows","after","12406e3","cox",5000,"get_inter_abs",1,0.379999999999995,"ok","","",0.370000000000005,NA,594.5,""
"windows","before","2e56cc6","cox",5000,"get_facet_diff",1,6.04999999999995,"ok","","Removed 4 rows containing missing values or values outside the scale range
(`geom_ribbon()`). | Removed 4 rows containing missing values or values outside the scale range
(`geom_step()`). | font width unknown for character 0x08 in encoding cp1252 | font width unknown for character 0x06 in encoding cp1252",1.02,NA,524,"unadj/direct"
"windows","after","12406e3","cox",5000,"get_score_boot",1,0.930000000000064,"ok","","",0.939999999999998,NA,538.9,""
"windows","after","12406e3","crr",5000,"get_score",1,0.439999999999941,"ok","","",0.480000000000008,NA,478.7,""
"windows","before","2e56cc6","cox",5000,"get_inter_abs",1,0.3900000000001,"ok","","",0.390000000000015,NA,602,""
"windows","before","2e56cc6","cox",5000,"get_eff_sub",1,0.259999999999991,"ok","","",0.260000000000002,NA,586.2,""
"windows","before","2e56cc6","cox",10000,"get_eff_cat",1,0.400000000000091,"ok","","",0.430000000000025,NA,560.4,""
"windows","before","2e56cc6","crr",10000,"curve_CSC",1,79.8800000000001,"ok","","",79.51,NA,6416.2,"direct"
"windows","before","2e56cc6","crr",10000,"get_eff_sub",1,16.6899999999998,"ok","","",16.54,NA,995.9,""
"windows","before","2e56cc6","crr",10000,"get_facet",1,74.8500000000001,"ok","","",8.03000000000003,NA,905.4,"direct"
"windows","after","12406e3","cox",10000,"curve_direct",1,5.08999999999992,"ok","","",5.14999999999999,NA,933.9,"direct"
"windows","after","12406e3","crr",10000,"fit_hazard",1,1.34000000000015,"ok","","",1.38,NA,626.2,""
"windows","after","12406e3","crr",10000,"fit_hazard",2,1.35000000000014,"ok","","",1.35,NA,626.2,""
"windows","after","12406e3","crr",10000,"fit_hazard",3,1.56000000000017,"ok","","",1.57999999999998,NA,626.2,""
"windows","after","12406e3","crr",10000,"get_facet",1,5.67000000000007,"ok","","",0.529999999999998,NA,777.6,"direct"
"windows","before","2e56cc6","cox",10000,"get_inter_abs",1,0.449999999999818,"ok","","",0.460000000000015,NA,675.4,""
"windows","after","12406e3","crr",10000,"get_score_boot",1,9.79999999999995,"ok","","",9.75999999999999,NA,526.6,""
"windows","after","12406e3","cox",10000,"get_fit_stats",1,0.0399999999999636,"ok","","",0.0600000000000023,NA,383,""
"windows","after","12406e3","cox",10000,"get_rpa_mp1_rr",1,12.71,"ok","","Loglik converged before variable  5 ; coefficient may be infinite. ",12.8,NA,1067.8,""
"windows","after","12406e3","cox",10000,"get_rpa",1,10.3600000000001,"ok","","Unadjusted Kaplan-Meier estimates should only be drawn as step functions (steps=TRUE). | Removed 1 row containing missing values or values outside the scale range
(`geom_ribbon()`). | Rare event 
 | `strip_label` is deprecated in plt_cat1(); use `strip_arg` instead. | Duplicated aesthetics after name standardisation: p.value | Ignoring unknown parameters: `label.size`",10.39,NA,1127.9,""
"windows","before","2e56cc6","cox",10000,"get_rpa_mp2",1,109.82,"error","i In index: 1.
Caused by error in `if (const(t, min(1e-08, mean(t, na.rm = TRUE)/1e+06))) ...`:
! missing value where TRUE/FALSE needed","Loglik converged before variable  5 ; coefficient may be infinite. ",110.3,NA,790.6,""
"windows","before","2e56cc6","crr",10000,"get_inter_abs",1,167.58,"ok","","No analytic variance for the direct CIF pass; falling back to bootstrap (n_boot
= 50).",167.05,NA,702.4,""
"windows","before","2e56cc6","crr",10000,"curve_direct",1,96.77,"ok","","",7.15999999999998,NA,702.4,"direct"
"windows","after","12406e3","cox",10000,"fit_hazard",1,0.0299999999999727,"ok","","",0.0300000000000011,NA,380.2,""
"windows","after","12406e3","cox",10000,"fit_hazard",2,0.0199999999999818,"ok","","",0.0300000000000011,NA,380.2,""
"windows","after","12406e3","cox",10000,"fit_hazard",3,0.0299999999999727,"ok","","",0.0300000000000011,NA,380.2,""
"windows","before","2e56cc6","cox",10000,"get_score",1,0.110000000000127,"ok","","",0.130000000000017,NA,445.6,""
"windows","before","2e56cc6","cox",10000,"get_cat",1,40.99,"ok","","Unadjusted Kaplan-Meier estimates should only be drawn as step functions (steps=TRUE).",41.02,NA,4135.4,"km/direct"
"windows","before","2e56cc6","cox",10000,"get_cat",2,35.5,"ok","","Unadjusted Kaplan-Meier estimates should only be drawn as step functions (steps=TRUE).",35.42,NA,4135.3,"km/direct"
"windows","before","2e56cc6","cox",10000,"get_cat",3,35.51,"ok","","Unadjusted Kaplan-Meier estimates should only be drawn as step functions (steps=TRUE).",35.5199999999999,NA,4875.1,"km/direct"
"windows","after","12406e3","cox",10000,"get_cat_no_ci",1,1.8599999999999,"ok","","Unadjusted Kaplan-Meier estimates should only be drawn as step functions (steps=TRUE).",1.89,NA,709.9,"km/direct"
"windows","after","12406e3","cox",10000,"get_facet_diff_serial",1,2.72000000000003,"ok","","Unadjusted Kaplan-Meier estimates should only be drawn as step functions (steps=TRUE). | Removed 5 rows containing missing values or values outside the scale range
(`geom_ribbon()`). | Removed 5 rows containing missing values or values outside the scale range
(`geom_step()`). | font width unknown for character 0x08 in encoding cp1252 | font width unknown for character 0x06 in encoding cp1252",2.72,NA,662.6,"unadj/direct"
"windows","after","12406e3","crr",10000,"get_eff_cat",1,2.21000000000004,"ok","","",2.23,NA,662.6,""
"windows","after","12406e3","crr",10000,"get_fit_stats",1,1.25999999999999,"error","Fine-Gray fit is singular or did not converge.","",1.24999999999999,NA,517.2,""
"windows","after","12406e3","cox",10000,"get_eff_sub",1,0.339999999999918,"ok","","",0.349999999999994,NA,610.6,""
"windows","before","2e56cc6","cox",10000,"get_facet_diff",1,6.53999999999996,"ok","","Removed 5 rows containing missing values or values outside the scale range
(`geom_ribbon()`). | Removed 5 rows containing missing values or values outside the scale range
(`geom_step()`). | font width unknown for character 0x08 in encoding cp1252 | font width unknown for character 0x06 in encoding cp1252",0.920000000000002,NA,673.2,"unadj/direct"
"windows","after","12406e3","crr",10000,"curve_CSC",1,20.3099999999999,"ok","","",20.36,NA,1680.8,"direct"
"windows","before","2e56cc6","cox",10000,"get_eff_sub",1,0.339999999999918,"ok","","",0.339999999999968,NA,665.4,""
"windows","after","12406e3","crr",10000,"curve_direct",1,8.90999999999985,"ok","","",9.02000000000004,NA,915,"direct"
"windows","before","2e56cc6","cox",10000,"get_inter",1,0.230000000000018,"ok","","",0.230000000000025,NA,545.3,""
"windows","before","2e56cc6","cox",10000,"get_eff",1,1.43000000000006,"ok","","",1.46000000000009,NA,744.2,""
"windows","before","2e56cc6","cox",10000,"get_eff",2,1.41999999999985,"ok","","",1.44,NA,683.2,""
"windows","before","2e56cc6","cox",10000,"get_eff",3,1.40999999999985,"ok","","",1.43,NA,683.2,""
"windows","after","12406e3","crr",10000,"get_cat_no_ci",1,14.3600000000001,"ok","","Unadjusted Aalen-Johansen estimates should only be drawn as step functions (steps=TRUE).",14.5,NA,666.5,"aalen_johansen/direct"
"windows","after","12406e3","cox",10000,"get_fit_stats_boot",1,0.350000000000136,"ok","","",0.349999999999973,NA,563.1,""
"windows","after","12406e3","cox",10000,"get_score_boot",1,1.03999999999996,"ok","","",1.05000000000001,NA,577.7,""
"windows","after","12406e3","crr",10000,"get_eff",1,3.91999999999985,"ok","","",3.95000000000004,NA,625.7,""
"windows","after","12406e3","crr",10000,"get_eff",2,3.89999999999986,"ok","","",3.92000000000002,NA,640.7,""
"windows","after","12406e3","crr",10000,"get_eff",3,3.76999999999998,"ok","","",3.77999999999999,NA,609.8,""
"windows","before","2e56cc6","crr",10000,"get_inter",1,5.52999999999997,"ok","","",5.49999999999994,NA,573,""
"windows","after","12406e3","cox",10000,"get_eff",1,0.940000000000055,"ok","","",0.930000000000049,NA,685.5,""
"windows","after","12406e3","cox",10000,"get_eff",2,0.950000000000045,"ok","","",0.949999999999967,NA,685.5,""
"windows","after","12406e3","cox",10000,"get_eff",3,0.960000000000036,"ok","","",0.940000000000015,NA,685.5,""
"windows","after","12406e3","cox",10000,"get_inter",1,0.230000000000018,"ok","","",0.249999999999972,NA,537.8,""
"windows","before","2e56cc6","crr",10000,"get_eff_cat",1,7.23000000000002,"ok","","",7.23000000000007,NA,646.5,""
"windows","after","12406e3","crr",10000,"get_inter",1,0.440000000000055,"ok","","",0.439999999999955,NA,698.5,""
"windows","before","2e56cc6","cox",10000,"get_rpa_mp1_rr",1,22.3400000000001,"ok","","Loglik converged before variable  5 ; coefficient may be infinite. ",22.5200000000001,NA,1550.5,""
"windows","after","12406e3","cox",10000,"get_facet",1,7.11999999999989,"ok","","",0.420000000000005,NA,536.4,"direct"
"windows","after","12406e3","crr",10000,"get_facet_diff_serial",1,10.6699999999998,"ok","","Unadjusted Aalen-Johansen estimates should only be drawn as step functions (steps=TRUE). | Removed 2 rows containing missing values or values outside the scale range
(`geom_ribbon()`). | Removed 2 rows containing missing values or values outside the scale range
(`geom_step()`). | font width unknown for character 0x08 in encoding cp1252 | font width unknown for character 0x06 in encoding cp1252",10.76,NA,698.6,"unadj/direct"
"windows","before","2e56cc6","crr",10000,"fit_hazard",1,3.81999999999994,"ok","","",3.82000000000005,NA,429.2,""
"windows","before","2e56cc6","crr",10000,"fit_hazard",2,3.80999999999995,"ok","","",3.79000000000008,NA,429.2,""
"windows","before","2e56cc6","crr",10000,"fit_hazard",3,3.86000000000013,"ok","","",3.82999999999994,NA,429.2,""
"windows","before","2e56cc6","cox",10000,"get_rpa",1,99.96,"ok","","Unadjusted Kaplan-Meier estimates should only be drawn as step functions (steps=TRUE). | Removed 1 row containing missing values or values outside the scale range
(`geom_ribbon()`). | Rare event 
 | `strip_label` is deprecated in plt_cat1(); use `strip_arg` instead. | Duplicated aesthetics after name standardisation: p.value | Ignoring unknown parameters: `label.size`",100.19,NA,9918.4,""
"windows","after","12406e3","cox",10000,"get_rpa_mp2",1,1.69000000000005,"error","Cannot score the original cohort: non-finite scores for hazard consistency measurement.","Loglik converged before variable  5 ; coefficient may be infinite. ",1.68999999999997,NA,698.6,""
"windows","before","2e56cc6","crr",10000,"get_eff",1,81.1900000000001,"ok","","",12.75,NA,1040.4,""
"windows","before","2e56cc6","crr",10000,"get_eff",2,83.3499999999999,"ok","","",12.9,NA,1040.3,""
"windows","before","2e56cc6","crr",10000,"get_eff",3,91.5700000000002,"ok","","",12.98,NA,1040.4,""
"windows","after","12406e3","crr",10000,"get_cat",1,15.2200000000003,"ok","","Unadjusted Aalen-Johansen estimates should only be drawn as step functions (steps=TRUE).",15.36,NA,674.2,"aalen_johansen/direct"
"windows","after","12406e3","crr",10000,"get_cat",2,14.5599999999999,"ok","","Unadjusted Aalen-Johansen estimates should only be drawn as step functions (steps=TRUE).",14.52,NA,666.6,"aalen_johansen/direct"
"windows","after","12406e3","crr",10000,"get_cat",3,15.4100000000003,"ok","","Unadjusted Aalen-Johansen estimates should only be drawn as step functions (steps=TRUE).",15.42,NA,667.4,"aalen_johansen/direct"
"windows","before","2e56cc6","crr",10000,"get_cat",1,180.35760807991,"timeout","hard limit 180 s","",NA,NA,NA,""
"windows","after","12406e3","crr",10000,"get_score",1,1.0300000000002,"ok","","",1.02,NA,581.1,""
"windows","after","12406e3","crr",10000,"get_facet_diff",1,12.6299999999997,"ok","","Removed 2 rows containing missing values or values outside the scale range
(`geom_ribbon()`). | Removed 2 rows containing missing values or values outside the scale range
(`geom_step()`). | font width unknown for character 0x08 in encoding cp1252 | font width unknown for character 0x06 in encoding cp1252",0.950000000000017,NA,515.6,"unadj/direct"
"windows","after","12406e3","cox",10000,"get_rpa_mp1_mlr",1,10.7399999999998,"ok","","Loglik converged before variable  5 ; coefficient may be infinite. ",10.71,NA,599.1,""
"windows","before","2e56cc6","cox",10000,"fit_hazard",1,0.0300000000000002,"ok","","",0.0299999999999998,NA,249.7,""
"windows","before","2e56cc6","cox",10000,"fit_hazard",2,0.0299999999999998,"ok","","",0.0100000000000002,NA,247.9,""
"windows","before","2e56cc6","cox",10000,"fit_hazard",3,0.0200000000000005,"ok","","",0.0399999999999999,NA,247.9,""
"windows","after","12406e3","crr",10000,"get_eff_sub",1,0.860000000000127,"ok","","",0.870000000000026,NA,607,""
"windows","before","2e56cc6","cox",10000,"get_rpa_mp1_mlr",1,13.39,"ok","","The `x` argument of `as_tibble.matrix()` must have unique column names if
`.name_repair` is omitted as of tibble 2.0.0.
i Using compatibility `.name_repair`.
i The deprecated feature was likely used in the RegR package.
  Please report the issue at <https://github.com/HUI950319/RegR/issues>. | Loglik converged before variable  5 ; coefficient may be infinite. ",13.41,NA,749.1,""
"windows","after","12406e3","crr",10000,"get_inter_abs",1,0.400000000000091,"ok","","",0.409999999999954,NA,699.6,""
"windows","after","12406e3","cox",10000,"get_cat",1,6.28999999999996,"ok","","Unadjusted Kaplan-Meier estimates should only be drawn as step functions (steps=TRUE).",6.29999999999995,NA,894.7,"km/direct"
"windows","after","12406e3","cox",10000,"get_cat",2,5.09999999999991,"ok","","Unadjusted Kaplan-Meier estimates should only be drawn as step functions (steps=TRUE).",5.18999999999998,NA,877,"km/direct"
"windows","after","12406e3","cox",10000,"get_cat",3,5.63999999999987,"ok","","Unadjusted Kaplan-Meier estimates should only be drawn as step functions (steps=TRUE).",5.69,NA,945.4,"km/direct"
"windows","before","2e56cc6","crr",10000,"get_score",1,4.14,"ok","","",4.12,NA,493.3,""
"windows","after","12406e3","cox",10000,"get_facet_diff",1,6.75,"ok","","Removed 5 rows containing missing values or values outside the scale range
(`geom_ribbon()`). | Removed 5 rows containing missing values or values outside the scale range
(`geom_step()`). | font width unknown for character 0x08 in encoding cp1252 | font width unknown for character 0x06 in encoding cp1252",0.900000000000027,NA,559.5,"unadj/direct"
"windows","after","12406e3","cox",10000,"get_inter_abs",1,0.489999999999782,"ok","","",0.479999999999968,NA,672.1,""
"windows","before","2e56cc6","crr",10000,"get_facet_diff",1,38.99,"ok","","Unadjusted Aalen-Johansen estimates should only be drawn as step functions (steps=TRUE). | Removed 2 rows containing missing values or values outside the scale range
(`geom_ribbon()`). | Removed 2 rows containing missing values or values outside the scale range
(`geom_step()`). | font width unknown for character 0x08 in encoding cp1252 | font width unknown for character 0x06 in encoding cp1252",4.31,NA,582.5,"unadj/direct"
"windows","after","12406e3","crr",10000,"get_fit_stats_boot",1,1.02999999999975,"error","Fine-Gray fit is singular or did not converge.","",1.03999999999996,NA,552.2,""
"windows","before","2e56cc6","cox",10000,"curve_direct",1,40.19,"ok","","",40,NA,4758.8,"direct"
"windows","after","12406e3","cox",10000,"get_facet_serial",1,1.53999999999996,"ok","","",1.54000000000005,NA,696.7,"direct"
"windows","after","12406e3","cox",10000,"get_eff_cat",1,0.410000000000309,"ok","","",0.389999999999993,NA,553.2,""
"windows","after","12406e3","crr",10000,"get_facet_serial",1,4.15000000000009,"ok","","",4.17999999999998,NA,696.7,"direct"
"windows","before","2e56cc6","crr",10000,"get_score_boot",1,44.66,"ok","","",44.63,NA,2650.2,""
"windows","before","2e56cc6","cox",10000,"get_score_boot",1,1.33000000000001,"ok","","",1.4,NA,1527.9,""
"windows","before","2e56cc6","cox",10000,"get_facet",1,6.91999999999999,"ok","","unable to translate '<U+2013>' to native encoding | unable to translate '<U+2014>' to native encoding | `aes_string()` was deprecated in ggplot2 3.0.0.
i Please use tidy evaluation idioms with `aes()`.
i See also `vignette(""ggplot2-in-packages"")` for more information.
i The deprecated feature was likely used in the RegR package.
  Please report the issue at <https://github.com/HUI950319/RegR/issues>. | The `size` argument of `element_rect()` is deprecated as of ggplot2 3.4.0.
i Please use the `linewidth` argument instead.
i The deprecated feature was likely used in the RegR package.
  Please report the issue at <https://github.com/HUI950319/RegR/issues>.",0.419999999999998,NA,634.4,"direct"
"windows","after","12406e3","cox",10000,"get_score",1,0.110000000000127,"ok","","",0.129999999999995,NA,433.8,""
"windows","before","2e56cc6","cox",30000,"get_facet_diff",1,9.03999999999999,"ok","","Removed 4 rows containing missing values or values outside the scale range
(`geom_ribbon()`). | Removed 4 rows containing missing values or values outside the scale range
(`geom_step()`). | font width unknown for character 0x08 in encoding cp1252 | font width unknown for character 0x06 in encoding cp1252",0.960000000000009,NA,463.2,"unadj/direct"
"windows","before","2e56cc6","crr",30000,"get_facet_diff",1,121.32,"ok","","Unadjusted Aalen-Johansen estimates should only be drawn as step functions (steps=TRUE). | Removed 2 rows containing missing values or values outside the scale range
(`geom_ribbon()`). | Removed 2 rows containing missing values or values outside the scale range
(`geom_step()`). | font width unknown for character 0x08 in encoding cp1252 | font width unknown for character 0x06 in encoding cp1252",10.48,NA,628.8,"unadj/direct"
"windows","before","2e56cc6","cox",30000,"fit_hazard",1,0.0799999999999841,"ok","","",0.090000000000007,NA,377.9,""
"windows","before","2e56cc6","cox",30000,"fit_hazard",2,0.089999999999975,"ok","","",0.0700000000000021,NA,377.9,""
"windows","before","2e56cc6","cox",30000,"fit_hazard",3,0.0799999999999841,"ok","","",0.0699999999999878,NA,377.9,""
"windows","before","2e56cc6","cox",30000,"curve_direct",1,141.3,"ok","","",140.71,NA,11659,"direct"
"windows","after","12406e3","cox",30000,"get_rpa_mp2",1,5.39000000000033,"error","Cannot score the original cohort: non-finite scores for hazard consistency measurement.","Loglik converged before variable  5 ; coefficient may be infinite. ",5.38,NA,696.7,""
"windows","before","2e56cc6","crr",30000,"get_score",1,30.71,"ok","","",30.65,NA,1512.7,""
"windows","after","12406e3","crr",30000,"get_facet",1,9.05999999999995,"ok","","",0.749999999999986,NA,696.7,"direct"
"windows","after","12406e3","cox",30000,"get_fit_stats",1,0.130000000000109,"ok","","",0.120000000000012,NA,448.4,""
"windows","before","2e56cc6","crr",30000,"get_inter",1,45.64,"ok","","",45.49,NA,1044,""
"windows","after","12406e3","crr",30000,"get_facet_serial",1,9.17999999999984,"ok","","",9.30000000000001,NA,696.9,"direct"
"windows","after","12406e3","crr",30000,"get_cat",1,45.7000000000003,"ok","","Unadjusted Aalen-Johansen estimates should only be drawn as step functions (steps=TRUE).",30.93,NA,782.2,"aalen_johansen/direct"
"windows","after","12406e3","crr",30000,"get_cat",2,44.9899999999998,"ok","","Unadjusted Aalen-Johansen estimates should only be drawn as step functions (steps=TRUE).",30.46,NA,753.1,"aalen_johansen/direct"
"windows","after","12406e3","crr",30000,"get_cat",3,46.79,"ok","","Unadjusted Aalen-Johansen estimates should only be drawn as step functions (steps=TRUE).",32.49,NA,792.2,"aalen_johansen/direct"
"windows","before","2e56cc6","cox",30000,"get_inter_abs",1,0.82000000000005,"ok","","",0.840000000000018,NA,1339.3,""
"windows","before","2e56cc6","cox",30000,"get_score_boot",1,3.62,"ok","","",3.67,NA,1838.2,""
"windows","after","12406e3","cox",30000,"get_facet_diff",1,8.94000000000005,"ok","","Removed 4 rows containing missing values or values outside the scale range
(`geom_ribbon()`). | Removed 4 rows containing missing values or values outside the scale range
(`geom_step()`). | font width unknown for character 0x08 in encoding cp1252 | font width unknown for character 0x06 in encoding cp1252",0.959999999999958,NA,522.8,"unadj/direct"
"windows","after","12406e3","cox",30000,"get_rpa_mp1_mlr",1,33.8600000000001,"ok","","Loglik converged before variable  5 ; coefficient may be infinite. ",34.1,NA,831.1,""
"windows","before","2e56cc6","cox",30000,"get_score",1,0.289999999999964,"ok","","",0.279999999999973,NA,982.9,""
"windows","after","12406e3","cox",30000,"get_rpa",1,49.1400000000003,"ok","","Unadjusted Kaplan-Meier estimates should only be drawn as step functions (steps=TRUE). | Removed 3 rows containing missing values or values outside the scale range
(`geom_ribbon()`). | Loglik converged before variable  17 ; coefficient may be infinite.  | Rare event 
 | `strip_label` is deprecated in plt_cat1(); use `strip_arg` instead. | Missing lower and/or upper limit on column6 row 34 | Duplicated aesthetics after name standardisation: p.value | Ignoring unknown parameters: `label.size`",49.43,NA,4026.5,""
"windows","before","2e56cc6","crr",30000,"curve_CSC",1,180.403733968735,"timeout","hard limit 180 s","",NA,NA,NA,""
"windows","after","12406e3","cox",30000,"get_eff",1,2.04999999999973,"ok","","",2.04,NA,1414.7,""
"windows","after","12406e3","cox",30000,"get_eff",2,2.05999999999995,"ok","","",2.07999999999998,NA,1365.4,""
"windows","after","12406e3","cox",30000,"get_eff",3,1.94999999999982,"ok","","",1.97000000000002,NA,905.1,""
"windows","after","12406e3","crr",30000,"get_score",1,3.07999999999993,"ok","","",3.09999999999998,NA,683.3,""
"windows","before","2e56cc6","crr",30000,"get_eff_sub",1,137,"ok","","unable to translate '<U+2013>' to native encoding | unable to translate '<U+2014>' to native encoding",136.68,NA,357.1,""
"windows","after","12406e3","cox",30000,"get_eff_sub",1,0.590000000000146,"ok","","",0.599999999999952,NA,662.8,""
"windows","after","12406e3","cox",30000,"curve_direct",1,11.0300000000002,"ok","","",11.09,NA,1986.4,"direct"
"windows","before","2e56cc6","crr",30000,"get_eff",1,180.199480056763,"timeout","hard limit 180 s","",NA,NA,NA,""
"windows","after","12406e3","crr",30000,"get_cat_no_ci",1,31.5500000000002,"ok","","Unadjusted Aalen-Johansen estimates should only be drawn as step functions (steps=TRUE).",17.6300000000001,NA,1204.7,"aalen_johansen/direct"
"windows","after","12406e3","crr",30000,"get_inter",1,0.670000000000073,"ok","","",0.680000000000014,NA,763.1,""
"windows","after","12406e3","cox",30000,"get_inter",1,0.580000000000382,"ok","","",0.560000000000059,NA,588,""
"windows","after","12406e3","crr",30000,"get_facet_diff",1,26.9000000000001,"ok","","Removed 2 rows containing missing values or values outside the scale range
(`geom_ribbon()`). | Removed 2 rows containing missing values or values outside the scale range
(`geom_step()`). | font width unknown for character 0x08 in encoding cp1252 | font width unknown for character 0x06 in encoding cp1252",0.939999999999905,NA,523.3,"unadj/direct"
"windows","before","2e56cc6","crr",30000,"get_cat",1,180.297424077988,"timeout","hard limit 180 s","",NA,NA,NA,""
"windows","before","2e56cc6","cox",30000,"get_rpa_mp2",1,112.95,"error","i In index: 1.
Caused by error in `if (const(t, min(1e-08, mean(t, na.rm = TRUE)/1e+06))) ...`:
! missing value where TRUE/FALSE needed","Loglik converged before variable  5 ; coefficient may be infinite. ",112.98,NA,407.7,""
"windows","after","12406e3","crr",30000,"get_facet_diff_serial",1,17.9899999999998,"ok","","Unadjusted Aalen-Johansen estimates should only be drawn as step functions (steps=TRUE). | Removed 2 rows containing missing values or values outside the scale range
(`geom_ribbon()`). | Removed 2 rows containing missing values or values outside the scale range
(`geom_step()`). | font width unknown for character 0x08 in encoding cp1252 | font width unknown for character 0x06 in encoding cp1252",5.97000000000003,NA,697.7,"unadj/direct"
"windows","after","12406e3","cox",30000,"get_facet",1,7.51999999999953,"ok","","",0.460000000000051,NA,589.5,"direct"
"windows","after","12406e3","cox",30000,"get_facet_serial",1,2.77999999999975,"ok","","",2.77999999999999,NA,697.8,"direct"
"windows","after","12406e3","crr",30000,"get_eff",1,22.9200000000001,"ok","","",23.0100000000001,NA,742.7,""
"windows","after","12406e3","crr",30000,"get_eff",2,18.8699999999999,"ok","","",18.83,NA,782.4,""
"windows","after","12406e3","crr",30000,"get_eff",3,22.8000000000002,"ok","","",22.94,NA,751.4,""
"windows","after","12406e3","cox",30000,"fit_hazard",1,0.0799999999999272,"ok","","",0.0800000000000409,NA,408,""
"windows","after","12406e3","cox",30000,"fit_hazard",2,0.0799999999999272,"ok","","",0.0999999999999304,NA,408,""
"windows","after","12406e3","cox",30000,"fit_hazard",3,0.0799999999999272,"ok","","",0.0900000000000318,NA,408,""
"windows","after","12406e3","cox",30000,"get_score_boot",1,3.15999999999985,"ok","","",3.17000000000004,NA,534.9,""
"windows","before","2e56cc6","cox",30000,"get_eff_cat",1,0.740000000000009,"ok","","`aes_()` was deprecated in ggplot2 3.0.0.
i Please use tidy evaluation idioms with `aes()`
i The deprecated feature was likely used in the ggplotify package.
  Please report the issue at
  <https://github.com/GuangchuangYu/ggplotify/issues>.",0.709999999999998,NA,407.7,""
"windows","after","12406e3","cox",30000,"get_fit_stats_boot",1,0.890000000000327,"ok","","",0.860000000000063,NA,528.3,""
"windows","after","12406e3","crr",30000,"get_inter_abs",1,0.710000000000036,"ok","","",0.699999999999939,NA,675.5,""
"windows","before","2e56cc6","cox",30000,"get_rpa",1,180.227360010147,"timeout","hard limit 180 s","",NA,NA,NA,""
"windows","before","2e56cc6","crr",30000,"get_facet",1,180.245085000992,"timeout","hard limit 180 s","",NA,NA,NA,""
"windows","before","2e56cc6","cox",30000,"get_eff",1,4.44,"ok","","",4.45,NA,468.5,""
"windows","before","2e56cc6","cox",30000,"get_eff",2,2.92,"ok","","",2.96,NA,466.1,""
"windows","before","2e56cc6","cox",30000,"get_eff",3,3.02,"ok","","",3.02,NA,511.6,""
"windows","before","2e56cc6","cox",30000,"get_facet",1,9.2,"ok","","unable to translate '<U+2013>' to native encoding | unable to translate '<U+2014>' to native encoding | `aes_string()` was deprecated in ggplot2 3.0.0.
i Please use tidy evaluation idioms with `aes()`.
i See also `vignette(""ggplot2-in-packages"")` for more information.
i The deprecated feature was likely used in the RegR package.
  Please report the issue at <https://github.com/HUI950319/RegR/issues>. | The `size` argument of `element_rect()` is deprecated as of ggplot2 3.4.0.
i Please use the `linewidth` argument instead.
i The deprecated feature was likely used in the RegR package.
  Please report the issue at <https://github.com/HUI950319/RegR/issues>.",0.719999999999999,NA,532.3,"direct"
"windows","before","2e56cc6","crr",30000,"get_inter_abs",1,180.017450094223,"timeout","hard limit 180 s","",NA,NA,NA,""
"windows","after","12406e3","cox",30000,"get_rpa_mp1_rr",1,27.6399999999994,"ok","","Loglik converged before variable  5 ; coefficient may be infinite. ",27.86,NA,2463.5,""
"windows","before","2e56cc6","cox",30000,"get_eff_sub",1,0.93,"ok","","unable to translate '<U+2013>' to native encoding | unable to translate '<U+2014>' to native encoding",0.95,NA,354.6,""
"windows","before","2e56cc6","crr",30000,"get_score_boot",1,180.36142206192,"timeout","hard limit 180 s","",NA,NA,NA,""
"windows","before","2e56cc6","cox",30000,"get_rpa_mp1_mlr",1,36.55,"ok","","The `x` argument of `as_tibble.matrix()` must have unique column names if
`.name_repair` is omitted as of tibble 2.0.0.
i Using compatibility `.name_repair`.
i The deprecated feature was likely used in the RegR package.
  Please report the issue at <https://github.com/HUI950319/RegR/issues>. | Loglik converged before variable  5 ; coefficient may be infinite. ",36.58,NA,1513.7,""
"windows","after","12406e3","cox",30000,"get_cat",1,11.8899999999994,"ok","","Unadjusted Kaplan-Meier estimates should only be drawn as step functions (steps=TRUE).",11.88,NA,1874.3,"km/direct"
"windows","after","12406e3","cox",30000,"get_cat",2,12.2799999999997,"ok","","Unadjusted Kaplan-Meier estimates should only be drawn as step functions (steps=TRUE).",12.3700000000001,NA,1709.6,"km/direct"
"windows","after","12406e3","cox",30000,"get_cat",3,12.6899999999996,"ok","","Unadjusted Kaplan-Meier estimates should only be drawn as step functions (steps=TRUE).",12.75,NA,1566,"km/direct"
"windows","after","12406e3","cox",30000,"get_cat_no_ci",1,4.69999999999982,"ok","","Unadjusted Kaplan-Meier estimates should only be drawn as step functions (steps=TRUE).",4.73000000000009,NA,1014.6,"km/direct"
"windows","after","12406e3","crr",30000,"get_eff_cat",1,10.54,"ok","","",10.57,NA,847.7,""
"windows","after","12406e3","crr",30000,"get_fit_stats_boot",1,8.06999999999971,"error","Fine-Gray fit is singular or did not converge.","",8.05000000000004,NA,667,""
"windows","before","2e56cc6","cox",30000,"get_inter",1,0.519999999999996,"ok","","",0.509999999999999,NA,524.6,""
"windows","after","12406e3","crr",30000,"fit_hazard",1,10.9800000000005,"ok","","",10.9800000000001,NA,637.8,""
"windows","after","12406e3","crr",30000,"fit_hazard",2,11.1599999999999,"ok","","",11.24,NA,625.2,""
"windows","after","12406e3","crr",30000,"fit_hazard",3,9.57999999999993,"ok","","",9.69999999999999,NA,654.1,""
"windows","before","2e56cc6","crr",30000,"get_eff_cat",1,54.1,"ok","","`aes_()` was deprecated in ggplot2 3.0.0.
i Please use tidy evaluation idioms with `aes()`
i The deprecated feature was likely used in the ggplotify package.
  Please report the issue at
  <https://github.com/GuangchuangYu/ggplotify/issues>.",54.03,NA,718.9,""
"windows","after","12406e3","crr",30000,"curve_CSC",1,50.46,"ok","","",50.6,NA,4029.4,"direct"
"windows","after","12406e3","crr",30000,"get_eff_sub",1,2.17999999999938,"ok","","",2.16999999999999,NA,2237.9,""
"windows","after","12406e3","crr",30000,"get_score_boot",1,34.8500000000004,"ok","","",34.91,NA,1312,""
"windows","after","12406e3","crr",30000,"curve_direct",1,21.3000000000002,"ok","","",7.00999999999992,NA,1007.5,"direct"
"windows","after","12406e3","crr",30000,"get_fit_stats",1,6.21000000000004,"error","Fine-Gray fit is singular or did not converge.","",6.16999999999996,NA,658.6,""
"windows","before","2e56cc6","crr",30000,"curve_direct",1,180.405689001083,"timeout","hard limit 180 s","",NA,NA,NA,""
"windows","after","12406e3","cox",30000,"get_facet_diff_serial",1,5.67000000000007,"ok","","Unadjusted Kaplan-Meier estimates should only be drawn as step functions (steps=TRUE). | Removed 4 rows containing missing values or values outside the scale range
(`geom_ribbon()`). | Removed 4 rows containing missing values or values outside the scale range
(`geom_step()`). | font width unknown for character 0x08 in encoding cp1252 | font width unknown for character 0x06 in encoding cp1252",5.66999999999997,NA,782.3,"unadj/direct"
"windows","before","2e56cc6","cox",30000,"get_rpa_mp1_rr",1,45.75,"ok","","Loglik converged before variable  5 ; coefficient may be infinite. ",46,NA,3071.4,""
"windows","after","12406e3","cox",30000,"get_score",1,0.280000000000655,"ok","","",0.299999999999983,NA,578.6,""
"windows","after","12406e3","cox",30000,"get_eff_cat",1,0.529999999999745,"ok","","",0.530000000000001,NA,635.4,""
"windows","before","2e56cc6","cox",30000,"get_cat",1,138,"ok","","Unadjusted Kaplan-Meier estimates should only be drawn as step functions (steps=TRUE).",137.61,NA,13057.2,"km/direct"
"windows","before","2e56cc6","cox",30000,"get_cat",2,136.11,"ok","","Unadjusted Kaplan-Meier estimates should only be drawn as step functions (steps=TRUE).",135.9,NA,11684.2,"km/direct"
"windows","before","2e56cc6","cox",30000,"get_cat",3,135.8,"ok","","Unadjusted Kaplan-Meier estimates should only be drawn as step functions (steps=TRUE).",135.7,NA,11684.2,"km/direct"
"windows","before","2e56cc6","crr",30000,"fit_hazard",1,29.86,"ok","","",29.72,NA,900.3,""
"windows","before","2e56cc6","crr",30000,"fit_hazard",2,30.03,"ok","","",29.85,NA,897.1,""
"windows","before","2e56cc6","crr",30000,"fit_hazard",3,29.83,"ok","","",29.76,NA,897.1,""
"windows","after","12406e3","cox",30000,"get_inter_abs",1,0.779999999999745,"ok","","",0.790000000000006,NA,713,""
"windows","after","12406e3","cox",50000,"curve_direct",1,17.8500000000004,"ok","","",17.93,NA,2532.7,"direct"
"windows","before","2e56cc6","cox",50000,"get_score_boot",1,5.93000000000006,"ok","","",6.02999999999999,NA,1775.5,""
"windows","after","12406e3","crr",50000,"get_facet",1,12.4300000000003,"ok","","",1.20999999999995,NA,1306.5,"direct"
"windows","after","12406e3","crr",50000,"get_cat",1,49.5699999999997,"ok","","Unadjusted Aalen-Johansen estimates should only be drawn as step functions (steps=TRUE).",35.2999999999999,NA,942.1,"aalen_johansen/direct"
"windows","after","12406e3","crr",50000,"get_cat",2,60.0200000000004,"ok","","Unadjusted Aalen-Johansen estimates should only be drawn as step functions (steps=TRUE).",45.83,NA,898.7,"aalen_johansen/direct"
"windows","after","12406e3","crr",50000,"get_cat",3,54.1499999999996,"ok","","Unadjusted Aalen-Johansen estimates should only be drawn as step functions (steps=TRUE).",39.95,NA,952.8,"aalen_johansen/direct"
"windows","before","2e56cc6","crr",50000,"get_inter_abs",1,180.46120095253,"timeout","hard limit 180 s","",NA,NA,NA,""
"windows","after","12406e3","crr",50000,"get_fit_stats",1,7.55000000000018,"error","Fine-Gray fit is singular or did not converge.","",7.64000000000013,NA,793.1,""
"windows","after","12406e3","cox",50000,"get_eff_cat",1,0.610000000000582,"ok","","",0.619999999999933,NA,695.3,""
"windows","after","12406e3","cox",50000,"get_eff_sub",1,0.819999999999709,"ok","","",0.859999999999971,NA,590.7,""
"windows","after","12406e3","cox",50000,"get_eff",1,4,"ok","","",4.00000000000006,NA,672.6,""
"windows","after","12406e3","cox",50000,"get_eff",2,3.71000000000004,"ok","","",3.73000000000012,NA,678.5,""
"windows","after","12406e3","cox",50000,"get_eff",3,4.25,"ok","","",4.30999999999989,NA,732.6,""
"windows","after","12406e3","cox",50000,"fit_hazard",1,0.140000000000327,"ok","","",0.130000000000123,NA,449.7,""
"windows","after","12406e3","cox",50000,"fit_hazard",2,0.130000000000109,"ok","","",0.130000000000138,NA,449.7,""
"windows","after","12406e3","cox",50000,"fit_hazard",3,0.130000000000109,"ok","","",0.129999999999882,NA,449.7,""
"windows","before","2e56cc6","cox",50000,"get_score",1,0.92,"ok","","",0.92,NA,312.6,""
"windows","after","12406e3","crr",50000,"get_eff_sub",1,5.03999999999996,"ok","","",5.06999999999991,NA,603.9,""
"windows","before","2e56cc6","crr",50000,"get_eff_sub",1,180.056583881378,"timeout","hard limit 180 s","",NA,NA,NA,""
"windows","before","2e56cc6","crr",50000,"curve_direct",1,180.506404876709,"timeout","hard limit 180 s","",NA,NA,NA,""
"windows","after","12406e3","crr",50000,"get_score_boot",1,56.0699999999997,"ok","","",56.06,NA,613.3,""
"windows","after","12406e3","crr",50000,"get_facet_diff",1,42.0500000000002,"ok","","Removed 2 rows containing missing values or values outside the scale range
(`geom_ribbon()`). | Removed 2 rows containing missing values or values outside the scale range
(`geom_step()`). | font width unknown for character 0x08 in encoding cp1252 | font width unknown for character 0x06 in encoding cp1252",1.04999999999998,NA,530.1,"unadj/direct"
"windows","before","2e56cc6","crr",50000,"get_score",1,83.18,"ok","","",82.96,NA,601.3,""
"windows","before","2e56cc6","cox",50000,"get_rpa_mp1_rr",1,70.9,"ok","","Loglik converged before variable  5 ; coefficient may be infinite. ",71.14,NA,5437.7,""
"windows","after","12406e3","cox",50000,"get_score_boot",1,5.35999999999967,"ok","","",5.39000000000016,NA,579.8,""
"windows","before","2e56cc6","crr",50000,"curve_CSC",1,180.512274980545,"timeout","hard limit 180 s","",NA,NA,NA,""
"windows","before","2e56cc6","cox",50000,"get_rpa_mp1_mlr",1,59.17,"ok","","The `x` argument of `as_tibble.matrix()` must have unique column names if
`.name_repair` is omitted as of tibble 2.0.0.
i Using compatibility `.name_repair`.
i The deprecated feature was likely used in the RegR package.
  Please report the issue at <https://github.com/HUI950319/RegR/issues>. | Loglik converged before variable  5 ; coefficient may be infinite. ",59.07,NA,2528.1,""
"windows","after","12406e3","cox",50000,"get_score",1,0.449999999999818,"ok","","",0.480000000000032,NA,571.7,""
"windows","after","12406e3","crr",50000,"get_fit_stats_boot",1,9.02999999999975,"error","Fine-Gray fit is singular or did not converge.","",9.04999999999988,NA,797.6,""
"windows","before","2e56cc6","crr",50000,"get_inter",1,126.27,"ok","","",125.87,NA,717,""
"windows","after","12406e3","cox",50000,"get_fit_stats_boot",1,3.92000000000007,"ok","","",0.440000000000026,NA,530.1,""
"windows","after","12406e3","cox",50000,"get_rpa_mp2",1,8.36999999999989,"error","Cannot score the original cohort: non-finite scores for hazard consistency measurement.","Loglik converged before variable  5 ; coefficient may be infinite. ",8.35999999999997,NA,693,""
"windows","before","2e56cc6","cox",50000,"get_facet_diff",1,10.89,"ok","","Removed 4 rows containing missing values or values outside the scale range
(`geom_ribbon()`). | Removed 4 rows containing missing values or values outside the scale range
(`geom_step()`). | font width unknown for character 0x08 in encoding cp1252 | font width unknown for character 0x06 in encoding cp1252",1.29000000000002,NA,486.8,"unadj/direct"
"windows","before","2e56cc6","cox",50000,"get_eff_sub",1,0.830000000000013,"ok","","unable to translate '<U+2013>' to native encoding | unable to translate '<U+2014>' to native encoding",0.820000000000009,NA,627.1,""
"windows","before","2e56cc6","cox",50000,"get_cat",1,180.379039049149,"timeout","hard limit 180 s","",NA,NA,NA,""
"windows","after","12406e3","cox",50000,"get_facet",1,8.58999999999924,"ok","","",0.59000000000006,NA,644.4,"direct"
"windows","after","12406e3","crr",50000,"get_eff_cat",1,15.2000000000007,"ok","","",15.3100000000001,NA,1020,""
"windows","before","2e56cc6","crr",50000,"get_eff_cat",1,149.39,"ok","","`aes_()` was deprecated in ggplot2 3.0.0.
i Please use tidy evaluation idioms with `aes()`
i The deprecated feature was likely used in the ggplotify package.
  Please report the issue at
  <https://github.com/GuangchuangYu/ggplotify/issues>.",148.96,NA,430.4,""
"windows","after","12406e3","cox",50000,"get_inter",1,0.319999999999709,"ok","","",0.339999999999918,NA,638.7,""
"windows","after","12406e3","crr",50000,"get_score",1,5.80000000000109,"ok","","",5.83999999999997,NA,765.2,""
"windows","before","2e56cc6","crr",50000,"get_facet_diff",1,180.18653512001,"timeout","hard limit 180 s","",NA,NA,NA,""
"windows","after","12406e3","crr",50000,"get_inter_abs",1,1.42000000000007,"ok","","",1.42999999999999,NA,755.9,""
"windows","after","12406e3","crr",50000,"get_cat_no_ci",1,56.5599999999995,"ok","","Unadjusted Aalen-Johansen estimates should only be drawn as step functions (steps=TRUE).",42.05,NA,979.9,"aalen_johansen/direct"
"windows","before","2e56cc6","cox",50000,"get_inter",1,0.68,"ok","","",0.69,NA,387.7,""
"windows","before","2e56cc6","cox",50000,"get_eff",1,5.73,"ok","","",5.74,NA,640.3,""
"windows","before","2e56cc6","cox",50000,"get_eff",2,5.11,"ok","","",5.16,NA,643.5,""
"windows","before","2e56cc6","cox",50000,"get_eff",3,4.94,"ok","","",4.94,NA,640.7,""
"windows","before","2e56cc6","crr",50000,"fit_hazard",1,80.79,"ok","","",80.32,NA,431.4,""
"windows","before","2e56cc6","crr",50000,"fit_hazard",2,80.67,"ok","","",80.22,NA,429.5,""
"windows","before","2e56cc6","crr",50000,"fit_hazard",3,81.02,"ok","","",80.46,NA,429.5,""
"windows","after","12406e3","cox",50000,"get_cat_no_ci",1,8.73000000000138,"ok","","Unadjusted Kaplan-Meier estimates should only be drawn as step functions (steps=TRUE).",8.72999999999996,NA,1288.7,"km/direct"
"windows","after","12406e3","crr",50000,"get_inter",1,1.35000000000036,"ok","","",1.36000000000003,NA,792,""
"windows","after","12406e3","cox",50000,"get_facet_serial",1,4.47000000000116,"ok","","",4.50000000000003,NA,778.3,"direct"
"windows","after","12406e3","cox",50000,"get_facet_diff_serial",1,8.29999999999927,"ok","","Unadjusted Kaplan-Meier estimates should only be drawn as step functions (steps=TRUE). | Removed 4 rows containing missing values or values outside the scale range
(`geom_ribbon()`). | Removed 4 rows containing missing values or values outside the scale range
(`geom_step()`). | font width unknown for character 0x08 in encoding cp1252 | font width unknown for character 0x06 in encoding cp1252",8.33999999999993,NA,916,"unadj/direct"
"windows","before","2e56cc6","cox",50000,"get_inter_abs",1,1.53000000000003,"ok","","",1.55000000000002,NA,641.4,""
"windows","after","12406e3","crr",50000,"fit_hazard",1,14.0600000000013,"ok","","",14.0699999999999,NA,784.1,""
"windows","after","12406e3","crr",50000,"fit_hazard",2,10.3999999999996,"ok","","",10.4700000000001,NA,866.1,""
"windows","after","12406e3","crr",50000,"fit_hazard",3,8.97999999999956,"ok","","",9.04999999999991,NA,822.4,""
"windows","after","12406e3","cox",50000,"get_rpa_mp1_mlr",1,59.0799999999999,"ok","","Loglik converged before variable  5 ; coefficient may be infinite. ",59.33,NA,965.7,""
"windows","before","2e56cc6","crr",50000,"get_eff",1,180.409981966019,"timeout","hard limit 180 s","",NA,NA,NA,""
"windows","before","2e56cc6","cox",50000,"get_eff_cat",1,0.91,"ok","","`aes_()` was deprecated in ggplot2 3.0.0.
i Please use tidy evaluation idioms with `aes()`
i The deprecated feature was likely used in the ggplotify package.
  Please report the issue at
  <https://github.com/GuangchuangYu/ggplotify/issues>.",0.91,NA,388,""
"windows","after","12406e3","cox",50000,"get_rpa",1,117.860000000001,"ok","","Unadjusted Kaplan-Meier estimates should only be drawn as step functions (steps=TRUE). | Removed 9 rows containing missing values or values outside the scale range
(`geom_ribbon()`). | Loglik converged before variable  2,12,13,24,25,26,42 ; coefficient may be infinite.  | Rare event 
 | `strip_label` is deprecated in plt_cat1(); use `strip_arg` instead. | Missing lower and/or upper limit on column6 row 44 | Missing lower and/or upper limit on column6 row 45 | Missing lower and/or upper limit on column6 row 46 | Missing lower and/or upper limit on column6 row 47 | Missing lower and/or upper limit on column6 row 48 | Missing lower and/or upper limit on column6 row 49 | Duplicated aesthetics after name standardisation: p.value | Ignoring unknown parameters: `label.size`",118.25,NA,8678.1,""
"windows","after","12406e3","crr",50000,"curve_direct",1,27.0900000000001,"ok","","",12.6400000000001,NA,4627.8,"direct"
"windows","before","2e56cc6","cox",50000,"fit_hazard",1,0.120000000000005,"ok","","",0.14,NA,311.6,""
"windows","before","2e56cc6","cox",50000,"fit_hazard",2,0.140000000000015,"ok","","",0.15,NA,330.7,""
"windows","before","2e56cc6","cox",50000,"fit_hazard",3,0.129999999999995,"ok","","",0.12,NA,330.7,""
"windows","after","12406e3","crr",50000,"get_facet_serial",1,15.2599999999984,"ok","","",11.2,NA,2061.2,"direct"
"windows","before","2e56cc6","cox",50000,"get_facet",1,10.87,"ok","","unable to translate '<U+2013>' to native encoding | unable to translate '<U+2014>' to native encoding | `aes_string()` was deprecated in ggplot2 3.0.0.
i Please use tidy evaluation idioms with `aes()`.
i See also `vignette(""ggplot2-in-packages"")` for more information.
i The deprecated feature was likely used in the RegR package.
  Please report the issue at <https://github.com/HUI950319/RegR/issues>. | The `size` argument of `element_rect()` is deprecated as of ggplot2 3.4.0.
i Please use the `linewidth` argument instead.
i The deprecated feature was likely used in the RegR package.
  Please report the issue at <https://github.com/HUI950319/RegR/issues>.",0.79,NA,527,"direct"
"windows","before","2e56cc6","cox",50000,"get_rpa_mp2",1,111.97,"error","i In index: 1.
Caused by error in `if (const(t, min(1e-08, mean(t, na.rm = TRUE)/1e+06))) ...`:
! missing value where TRUE/FALSE needed","Loglik converged before variable  5 ; coefficient may be infinite. ",112.22,NA,551,""
"windows","before","2e56cc6","crr",50000,"get_score_boot",1,180.21660399437,"timeout","hard limit 180 s","",NA,NA,NA,""
"windows","after","12406e3","cox",50000,"get_inter_abs",1,1.1200000000008,"ok","","",1.13000000000008,NA,1266.4,""
"windows","after","12406e3","cox",50000,"get_rpa_mp1_rr",1,46.5,"ok","","Loglik converged before variable  5 ; coefficient may be infinite. ",46.63,NA,3863.8,""
"windows","after","12406e3","cox",50000,"get_fit_stats",1,0.190000000000509,"ok","","",0.200000000000074,NA,514,""
"windows","after","12406e3","cox",50000,"get_facet_diff",1,10.5399999999991,"ok","","Removed 4 rows containing missing values or values outside the scale range
(`geom_ribbon()`). | Removed 4 rows containing missing values or values outside the scale range
(`geom_step()`). | font width unknown for character 0x08 in encoding cp1252 | font width unknown for character 0x06 in encoding cp1252",1.03999999999999,NA,531.2,"unadj/direct"
"windows","after","12406e3","crr",50000,"get_eff",1,22.5599999999995,"ok","","",22.7700000000001,NA,920.3,""
"windows","after","12406e3","crr",50000,"get_eff",2,23.4000000000015,"ok","","",23.4999999999999,NA,945.1,""
"windows","after","12406e3","crr",50000,"get_eff",3,24.4200000000001,"ok","","",24.5700000000001,NA,980.9,""
"windows","after","12406e3","cox",50000,"get_cat",1,20.2000000000007,"ok","","Unadjusted Kaplan-Meier estimates should only be drawn as step functions (steps=TRUE).",20.26,NA,2208.2,"km/direct"
"windows","after","12406e3","cox",50000,"get_cat",2,18.2800000000007,"ok","","Unadjusted Kaplan-Meier estimates should only be drawn as step functions (steps=TRUE).",18.3500000000001,NA,2349.8,"km/direct"
"windows","after","12406e3","cox",50000,"get_cat",3,19.0399999999991,"ok","","Unadjusted Kaplan-Meier estimates should only be drawn as step functions (steps=TRUE).",19.11,NA,2471.1,"km/direct"
"windows","before","2e56cc6","cox",50000,"curve_direct",1,180.018621921539,"timeout","hard limit 180 s","",NA,NA,NA,""
"windows","after","12406e3","crr",50000,"get_facet_diff_serial",1,23.1899999999987,"ok","","Unadjusted Aalen-Johansen estimates should only be drawn as step functions (steps=TRUE). | Removed 2 rows containing missing values or values outside the scale range
(`geom_ribbon()`). | Removed 2 rows containing missing values or values outside the scale range
(`geom_step()`). | font width unknown for character 0x08 in encoding cp1252 | font width unknown for character 0x06 in encoding cp1252",3.71999999999997,NA,949.9,"unadj/direct"
"windows","before","2e56cc6","crr",50000,"get_facet",1,180.275640964508,"timeout","hard limit 180 s","",NA,NA,NA,""
"windows","after","12406e3","crr",50000,"curve_CSC",1,77.2399999999998,"ok","","",77.3699999999999,NA,6970.5,"direct"
"windows","before","2e56cc6","crr",50000,"get_cat",1,180.519836902618,"timeout","hard limit 180 s","",NA,NA,NA,""
"windows","before","2e56cc6","cox",50000,"get_rpa",1,180.219874858856,"timeout","hard limit 180 s","",NA,NA,NA,""
"windows","after","12406e3","cox",100000,"get_cat",1,36.1700000000001,"ok","","Unadjusted Kaplan-Meier estimates should only be drawn as step functions (steps=TRUE).",36.35,NA,5071.4,"km/direct"
"windows","after","12406e3","cox",100000,"get_cat",2,35.9400000000005,"ok","","Unadjusted Kaplan-Meier estimates should only be drawn as step functions (steps=TRUE).",36.04,NA,4542.2,"km/direct"
"windows","after","12406e3","cox",100000,"get_cat",3,36.8999999999996,"ok","","Unadjusted Kaplan-Meier estimates should only be drawn as step functions (steps=TRUE).",36.97,NA,3927.2,"km/direct"
"windows","before","2e56cc6","cox",100000,"fit_hazard",1,0.47,"ok","","",0.47,NA,304.3,""
"windows","before","2e56cc6","cox",100000,"fit_hazard",2,0.27,"ok","","",0.27,NA,304.8,""
"windows","before","2e56cc6","cox",100000,"fit_hazard",3,0.27,"ok","","",0.27,NA,304.8,""
"windows","before","2e56cc6","crr",100000,"get_eff_cat",1,180.128141880035,"timeout","hard limit 180 s","",NA,NA,NA,""
"windows","after","12406e3","cox",100000,"get_facet_diff_serial",1,11.1599999999999,"ok","","Unadjusted Kaplan-Meier estimates should only be drawn as step functions (steps=TRUE). | Removed 4 rows containing missing values or values outside the scale range
(`geom_ribbon()`). | Removed 4 rows containing missing values or values outside the scale range
(`geom_step()`). | font width unknown for character 0x08 in encoding cp1252 | font width unknown for character 0x06 in encoding cp1252",11.2199999999999,NA,2223.4,"unadj/direct"
"windows","after","12406e3","crr",100000,"curve_CSC",1,149.58,"ok","","",149.26,NA,12084.2,"direct"
"windows","before","2e56cc6","cox",100000,"get_score",1,1.73,"ok","","",1.75,NA,394.6,""
"windows","after","12406e3","crr",100000,"get_inter_abs",1,2.18000000000029,"ok","","",2.16000000000017,NA,3701.1,""
"windows","after","12406e3","cox",100000,"curve_direct",1,29,"ok","","",29.0700000000001,NA,4637.4,"direct"
"windows","after","12406e3","cox",100000,"get_facet_diff",1,14.7800000000007,"ok","","Removed 4 rows containing missing values or values outside the scale range
(`geom_ribbon()`). | Removed 4 rows containing missing values or values outside the scale range
(`geom_step()`). | font width unknown for character 0x08 in encoding cp1252 | font width unknown for character 0x06 in encoding cp1252",1.25000000000011,NA,969.2,"unadj/direct"
"windows","before","2e56cc6","cox",100000,"get_inter",1,0.890000000000001,"ok","","At least one exposure is preventive. See Knol et al. (2011).",0.84,NA,492,""
"windows","after","12406e3","cox",100000,"get_score",1,0.840000000000146,"ok","","",0.840000000000003,NA,1078.7,""
"windows","after","12406e3","cox",100000,"get_eff_cat",1,0.920000000000073,"ok","","",0.90999999999994,NA,917.4,""
"windows","before","2e56cc6","cox",100000,"get_rpa_mp1_mlr",1,121.56,"ok","","The `x` argument of `as_tibble.matrix()` must have unique column names if
`.name_repair` is omitted as of tibble 2.0.0.
i Using compatibility `.name_repair`.
i The deprecated feature was likely used in the RegR package.
  Please report the issue at <https://github.com/HUI950319/RegR/issues>. | Loglik converged before variable  5 ; coefficient may be infinite. ",121.68,NA,4684.3,""
"windows","after","12406e3","crr",100000,"get_cat_no_ci",1,134.75,"ok","","Unadjusted Aalen-Johansen estimates should only be drawn as step functions (steps=TRUE).",105.84,NA,1395.7,"aalen_johansen/direct"
"windows","before","2e56cc6","cox",100000,"get_cat",1,180.342115879059,"timeout","hard limit 180 s","",NA,NA,NA,""
"windows","after","12406e3","crr",100000,"get_eff_sub",1,8.02999999999884,"ok","","",8.08999999999963,NA,835.4,""
"windows","after","12406e3","cox",100000,"fit_hazard",1,0.269999999998618,"ok","","",0.269999999999982,NA,534.2,""
"windows","after","12406e3","cox",100000,"fit_hazard",2,0.270000000000437,"ok","","",0.269999999999982,NA,534.2,""
"windows","after","12406e3","cox",100000,"fit_hazard",3,0.260000000000218,"ok","","",0.25,NA,534.2,""
"windows","after","12406e3","crr",100000,"curve_direct",1,73.9100000000017,"ok","","",44.7400000000001,NA,1259.6,"direct"
"windows","before","2e56cc6","cox",100000,"get_facet_diff",1,15.02,"ok","","Removed 4 rows containing missing values or values outside the scale range
(`geom_ribbon()`). | Removed 4 rows containing missing values or values outside the scale range
(`geom_step()`). | font width unknown for character 0x08 in encoding cp1252 | font width unknown for character 0x06 in encoding cp1252",1.61,NA,387.9,"unadj/direct"
"windows","after","12406e3","cox",100000,"get_eff",1,6.8799999999992,"ok","","",6.85000000000002,NA,912.5,""
"windows","after","12406e3","cox",100000,"get_eff",2,7.25,"ok","","",7.2299999999999,NA,945.9,""
"windows","after","12406e3","cox",100000,"get_eff",3,7.34999999999854,"ok","","",7.38999999999984,NA,950.3,""
"windows","after","12406e3","crr",100000,"get_facet",1,20.6500000000015,"ok","","",3.18000000000009,NA,1073,"direct"
"windows","after","12406e3","cox",100000,"get_rpa_mp1_mlr",1,120.119999999999,"ok","","Loglik converged before variable  5 ; coefficient may be infinite. ",120.49,NA,1747.6,""
"windows","before","2e56cc6","cox",100000,"get_eff_sub",1,2.72,"ok","","unable to translate '<U+2013>' to native encoding | unable to translate '<U+2014>' to native encoding | At least one exposure is preventive. See Knol et al. (2011).",2.72,NA,436.7,""
"windows","before","2e56cc6","cox",100000,"curve_direct",1,180.248487949371,"timeout","hard limit 180 s","",NA,NA,NA,""
"windows","before","2e56cc6","crr",100000,"get_score_boot",1,180.516355991364,"timeout","hard limit 180 s","",NA,NA,NA,""
"windows","before","2e56cc6","crr",100000,"curve_direct",1,180.073487997055,"timeout","hard limit 180 s","",NA,NA,NA,""
"windows","before","2e56cc6","cox",100000,"get_inter_abs",1,3.41,"ok","","",3.39,NA,743.8,""
"windows","before","2e56cc6","crr",100000,"get_cat",1,180.010817050934,"timeout","hard limit 180 s","",NA,NA,NA,""
"windows","after","12406e3","cox",100000,"get_inter",1,0.489999999999782,"ok","","At least one exposure is preventive. See Knol et al. (2011).",0.479999999999819,NA,731.9,""
"windows","before","2e56cc6","cox",100000,"get_facet",1,15.47,"ok","","unable to translate '<U+2013>' to native encoding | unable to translate '<U+2014>' to native encoding | `aes_string()` was deprecated in ggplot2 3.0.0.
i Please use tidy evaluation idioms with `aes()`.
i See also `vignette(""ggplot2-in-packages"")` for more information.
i The deprecated feature was likely used in the RegR package.
  Please report the issue at <https://github.com/HUI950319/RegR/issues>. | The `size` argument of `element_rect()` is deprecated as of ggplot2 3.4.0.
i Please use the `linewidth` argument instead.
i The deprecated feature was likely used in the RegR package.
  Please report the issue at <https://github.com/HUI950319/RegR/issues>.",1.75,NA,517.8,"direct"
"windows","after","12406e3","cox",100000,"get_fit_stats",1,0.389999999999418,"ok","","",0.409999999999911,NA,584,""
"windows","after","12406e3","crr",100000,"get_cat",1,132.889999999999,"ok","","Unadjusted Aalen-Johansen estimates should only be drawn as step functions (steps=TRUE).",103.55,NA,1397.8,"aalen_johansen/direct"
"windows","after","12406e3","crr",100000,"get_cat",2,125.5,"ok","","Unadjusted Aalen-Johansen estimates should only be drawn as step functions (steps=TRUE).",95.4000000000002,NA,1422.6,"aalen_johansen/direct"
"windows","after","12406e3","crr",100000,"get_cat",3,117.810000000001,"ok","","Unadjusted Aalen-Johansen estimates should only be drawn as step functions (steps=TRUE).",88.0500000000002,NA,1387.8,"aalen_johansen/direct"
"windows","after","12406e3","crr",100000,"get_inter",1,2.32999999999993,"ok","","",2.33000000000004,NA,918.3,""
"windows","before","2e56cc6","crr",100000,"get_inter_abs",1,180.248152017593,"timeout","hard limit 180 s","",NA,NA,NA,""
"windows","before","2e56cc6","cox",100000,"get_eff",1,9.56,"ok","","",9.53,NA,919.7,""
"windows","before","2e56cc6","cox",100000,"get_eff",2,8.4,"ok","","",8.39,NA,880.2,""
"windows","before","2e56cc6","cox",100000,"get_eff",3,8.64,"ok","","",8.7,NA,828.2,""
"windows","before","2e56cc6","cox",100000,"get_rpa_mp1_rr",1,132.34,"ok","","Loglik converged before variable  5 ; coefficient may be infinite. ",132.75,NA,9250.9,""
"windows","after","12406e3","crr",100000,"get_facet_serial",1,27.3899999999994,"ok","","",9.91000000000003,NA,974.6,"direct"
"windows","before","2e56cc6","crr",100000,"fit_hazard",1,180.076966047287,"timeout","hard limit 180 s","",NA,NA,NA,""
"windows","after","12406e3","crr",100000,"fit_hazard",1,34.2799999999988,"ok","","",34.2000000000002,NA,1131.1,""
"windows","after","12406e3","crr",100000,"fit_hazard",2,21.5399999999991,"ok","","",21.6999999999999,NA,1262.8,""
"windows","after","12406e3","crr",100000,"fit_hazard",3,28.4900000000016,"ok","","",28.5800000000002,NA,1187.7,""
"windows","after","12406e3","crr",100000,"get_fit_stats_boot",1,24.9099999999999,"error","Fine-Gray fit is singular or did not converge.","",25.0099999999998,NA,1127,""
"windows","after","12406e3","crr",100000,"get_score",1,11.1400000000012,"ok","","",11.0700000000003,NA,979.2,""
"windows","before","2e56cc6","crr",100000,"get_score",1,180.462182998657,"timeout","hard limit 180 s","",NA,NA,NA,""
"windows","after","12406e3","cox",100000,"get_eff_sub",1,1.88000000000102,"ok","","At least one exposure is preventive. See Knol et al. (2011).",1.85999999999973,NA,645.3,""
"windows","after","12406e3","cox",100000,"get_rpa_mp2",1,17.25,"error","Cannot score the original cohort: non-finite scores for hazard consistency measurement.","Loglik converged before variable  5 ; coefficient may be infinite. ",17.2800000000001,NA,682.4,""
"windows","after","12406e3","cox",100000,"get_rpa",1,180.435060024261,"timeout","hard limit 180 s","",NA,NA,NA,""
"windows","before","2e56cc6","crr",100000,"get_eff",1,180.140388965607,"timeout","hard limit 180 s","",NA,NA,NA,""
"windows","before","2e56cc6","crr",100000,"get_facet",1,180.488203048706,"timeout","hard limit 180 s","",NA,NA,NA,""
"windows","before","2e56cc6","cox",100000,"get_score_boot",1,11.86,"ok","","",11.85,NA,491.9,""
"windows","after","12406e3","cox",100000,"get_rpa_mp1_rr",1,85.41,"ok","","Loglik converged before variable  5 ; coefficient may be infinite. ",85.57,NA,6513.9,""
"windows","after","12406e3","crr",100000,"get_eff_cat",1,20.99,"ok","","`aes_()` was deprecated in ggplot2 3.0.0.
i Please use tidy evaluation idioms with `aes()`
i The deprecated feature was likely used in the ggplotify package.
  Please report the issue at
  <https://github.com/GuangchuangYu/ggplotify/issues>.",21.04,NA,2209.4,""
"windows","after","12406e3","crr",100000,"get_facet_diff",1,78.86,"ok","","Removed 2 rows containing missing values or values outside the scale range
(`geom_ribbon()`). | Removed 2 rows containing missing values or values outside the scale range
(`geom_step()`). | font width unknown for character 0x08 in encoding cp1252 | font width unknown for character 0x06 in encoding cp1252",1.39,NA,503.4,"unadj/direct"
"windows","after","12406e3","cox",100000,"get_facet",1,11.38,"ok","","unable to translate '<U+2013>' to native encoding | unable to translate '<U+2014>' to native encoding | `aes_string()` was deprecated in ggplot2 3.0.0.
i Please use tidy evaluation idioms with `aes()`.
i See also `vignette(""ggplot2-in-packages"")` for more information.
i The deprecated feature was likely used in the RegR package.
  Please report the issue at <https://github.com/HUI950319/RegR/issues>. | The `size` argument of `element_rect()` is deprecated as of ggplot2 3.4.0.
i Please use the `linewidth` argument instead.
i The deprecated feature was likely used in the RegR package.
  Please report the issue at <https://github.com/HUI950319/RegR/issues>.",0.919999999999996,NA,729.1,"direct"
"windows","after","12406e3","cox",100000,"get_fit_stats_boot",1,5.32999999999998,"ok","","",0.780000000000008,NA,494.1,""
"windows","after","12406e3","cox",100000,"get_facet_serial",1,9.79000000000002,"ok","","",9.83,NA,821.9,"direct"
"windows","after","12406e3","crr",100000,"get_score_boot",1,115.28,"ok","","",115.39,NA,729.6,""
"windows","before","2e56cc6","cox",100000,"get_eff_cat",1,1.19,"ok","","`aes_()` was deprecated in ggplot2 3.0.0.
i Please use tidy evaluation idioms with `aes()`
i The deprecated feature was likely used in the ggplotify package.
  Please report the issue at
  <https://github.com/GuangchuangYu/ggplotify/issues>.",1.21,NA,479,""
"windows","after","12406e3","crr",100000,"get_fit_stats",1,23.47,"error","Fine-Gray fit is singular or did not converge.","",23.56,NA,1072.4,""
"windows","before","2e56cc6","crr",100000,"get_inter",1,180.014689922333,"timeout","hard limit 180 s","",NA,NA,NA,""
"windows","after","12406e3","crr",100000,"get_facet_diff_serial",1,37.2,"ok","","Unadjusted Aalen-Johansen estimates should only be drawn as step functions (steps=TRUE). | Removed 2 rows containing missing values or values outside the scale range
(`geom_ribbon()`). | Removed 2 rows containing missing values or values outside the scale range
(`geom_step()`). | font width unknown for character 0x08 in encoding cp1252 | font width unknown for character 0x06 in encoding cp1252",6.45999999999999,NA,821.4,"unadj/direct"
"windows","before","2e56cc6","crr",100000,"curve_CSC",1,180.409474134445,"timeout","hard limit 180 s","",NA,NA,NA,""
"windows","after","12406e3","crr",100000,"get_eff",1,61.1700000000001,"ok","","",61.39,NA,1322.3,""
"windows","after","12406e3","crr",100000,"get_eff",2,70.52,"ok","","",70.92,NA,1187.6,""
"windows","after","12406e3","crr",100000,"get_eff",3,44.9399999999999,"ok","","",45.22,NA,1315.1,""
"windows","before","2e56cc6","crr",100000,"get_facet_diff",1,180.463145971298,"timeout","hard limit 180 s","",NA,NA,NA,""
"windows","before","2e56cc6","crr",100000,"get_eff_sub",1,180.053587913513,"timeout","hard limit 180 s","",NA,NA,NA,""
"windows","before","2e56cc6","cox",100000,"get_rpa_mp2",1,123.61,"error","i In index: 1.
Caused by error in `if (const(t, min(1e-08, mean(t, na.rm = TRUE)/1e+06))) ...`:
! missing value where TRUE/FALSE needed","Loglik converged before variable  5 ; coefficient may be infinite. ",124.04,NA,458.7,""
"windows","after","12406e3","cox",100000,"get_cat_no_ci",1,14.4200000000001,"ok","","Unadjusted Kaplan-Meier estimates should only be drawn as step functions (steps=TRUE).",14.44,NA,1766.1,"km/direct"
"windows","after","12406e3","cox",100000,"get_inter_abs",1,2.60000000000014,"ok","","",2.62000000000001,NA,968.8,""
"windows","before","2e56cc6","cox",100000,"get_rpa",1,180.027565002441,"timeout","hard limit 180 s","",NA,NA,NA,""
"windows","after","12406e3","cox",100000,"get_score_boot",1,11.25,"ok","","",11.21,NA,617.3,""
"windows","after","12406e3","crr",5000,"get_fit_stats_simple",1,0.16,"ok",NA,"",0.11,NA,271.8,NA
"windows","after","12406e3","cox",5000,"get_fit_stats_simple_boot",1,0.17,"ok",NA,"",0.18,NA,295.7,NA
"windows","after","12406e3","cox",5000,"get_fit_stats_simple",1,0.00999999999999979,"ok",NA,"",0.0100000000000007,NA,246.1,NA
"windows","before","2e56cc6","cox",5000,"get_rpa_mp2_raw",1,1.97,"ok",NA,"Loglik converged before variable  5 ; coefficient may be infinite.  | There were 2 warnings in `dplyr::mutate()`.
The first warning was:
i In argument: `dplyr::across(...)`.
Caused by warning:
! NAs introduced by coercion to integer range
i Run `dplyr::last_dplyr_warnings()` to see the 1 remaining warning.",1.16,NA,371.9,NA
"windows","after","12406e3","cox",5000,"get_rpa_mp2_raw",1,1.05,"ok",NA,"Loglik converged before variable  5 ; coefficient may be infinite.  | Non-finite scores in the original cohort; affected rankings are not estimable.",1.03,NA,388,NA
"windows","after","12406e3","crr",5000,"get_fit_stats_simple_boot",1,1.08,"ok",NA,"",1.1,NA,316.9,NA
"windows","after","12406e3","cox",10000,"get_fit_stats_simple_boot",1,0.239999999999998,"ok",NA,"",0.229999999999999,NA,320,NA
"windows","after","12406e3","cox",10000,"get_fit_stats_simple",1,0.0199999999999996,"ok",NA,"",0.0399999999999991,NA,267.8,NA
"windows","after","12406e3","cox",10000,"get_rpa_mp2_raw",1,2.2,"ok",NA,"Loglik converged before variable  5 ; coefficient may be infinite.  | Non-finite scores in the original cohort; affected rankings are not estimable.",2.19,NA,407.3,NA
"windows","after","12406e3","crr",10000,"get_fit_stats_simple",1,0.18,"ok",NA,"",0.16,NA,315,NA
"windows","before","2e56cc6","cox",10000,"get_rpa_mp2_raw",1,1.88,"ok",NA,"Loglik converged before variable  5 ; coefficient may be infinite.  | There were 2 warnings in `dplyr::mutate()`.
The first warning was:
i In argument: `dplyr::across(...)`.
Caused by warning:
! NAs introduced by coercion to integer range
i Run `dplyr::last_dplyr_warnings()` to see the 1 remaining warning.",1.84,NA,388,NA
"windows","after","12406e3","crr",10000,"get_fit_stats_simple_boot",1,1.97,"ok",NA,"",1.96,NA,338.8,NA
"windows","after","12406e3","cox",30000,"get_rpa_mp2_raw",1,5.47,"ok",NA,"Loglik converged before variable  5 ; coefficient may be infinite.  | Non-finite scores in the original cohort; affected rankings are not estimable.",5.41,NA,430.6,NA
"windows","after","12406e3","cox",30000,"get_fit_stats_simple",1,0.100000000000001,"ok",NA,"",0.0899999999999987,NA,311.8,NA
"windows","before","2e56cc6","cox",30000,"get_rpa_mp2_raw",1,6.09,"ok",NA,"Loglik converged before variable  5 ; coefficient may be infinite.  | There were 2 warnings in `dplyr::mutate()`.
The first warning was:
i In argument: `dplyr::across(...)`.
Caused by warning:
! NAs introduced by coercion to integer range
i Run `dplyr::last_dplyr_warnings()` to see the 1 remaining warning.",6.05,NA,388,NA
"windows","after","12406e3","crr",30000,"get_fit_stats_simple",1,0.589999999999996,"ok",NA,"",0.6,NA,338.1,NA
"windows","after","12406e3","crr",30000,"get_fit_stats_simple_boot",1,5.7,"ok",NA,"",5.67,NA,441.1,NA
"windows","after","12406e3","cox",30000,"get_fit_stats_simple_boot",1,0.660000000000004,"ok",NA,"",0.639999999999999,NA,397.1,NA
"windows","after","12406e3","cox",50000,"get_fit_stats_simple_boot",1,4.52,"ok",NA,"",0.390000000000001,NA,364.2,NA
"windows","after","12406e3","crr",50000,"get_fit_stats_simple",1,0.619999999999997,"ok",NA,"",0.630000000000003,NA,393.4,NA
"windows","before","2e56cc6","cox",50000,"get_rpa_mp2_raw",1,11.66,"ok",NA,"Loglik converged before variable  5 ; coefficient may be infinite.  | There were 2 warnings in `dplyr::mutate()`.
The first warning was:
i In argument: `dplyr::across(...)`.
Caused by warning:
! NAs introduced by coercion to integer range
i Run `dplyr::last_dplyr_warnings()` to see the 1 remaining warning.",11.54,NA,408.1,NA
"windows","after","12406e3","crr",50000,"get_fit_stats_simple_boot",1,8.03,"ok",NA,"",1.67,NA,429.4,NA
"windows","after","12406e3","cox",50000,"get_fit_stats_simple",1,0.150000000000006,"ok",NA,"",0.140000000000001,NA,357.4,NA
"windows","after","12406e3","cox",50000,"get_rpa_mp2_raw",1,9.23999999999999,"ok",NA,"Loglik converged before variable  5 ; coefficient may be infinite.  | Non-finite scores in the original cohort; affected rankings are not estimable.",9.13,NA,477.9,NA
"windows","after","12406e3","crr",100000,"get_fit_stats_simple",1,2.36,"ok",NA,"",2.32,NA,549.5,NA
"windows","after","12406e3","crr",100000,"get_fit_stats_simple_boot",1,13.05,"ok",NA,"",3.58,NA,526.4,NA
"windows","after","12406e3","cox",100000,"get_rpa_mp2_raw",1,19.2,"ok",NA,"Loglik converged before variable  5 ; coefficient may be infinite.  | Non-finite scores in the original cohort; affected rankings are not estimable.",19.13,NA,585.5,NA
"windows","after","12406e3","cox",100000,"get_fit_stats_simple_boot",1,5.06,"ok",NA,"",0.589999999999997,NA,412.2,NA
"windows","after","12406e3","cox",100000,"get_fit_stats_simple",1,0.299999999999983,"ok",NA,"",0.270000000000004,NA,409.7,NA
"windows","before","2e56cc6","cox",100000,"get_rpa_mp2_raw",1,20.52,"ok",NA,"Loglik converged before variable  5 ; coefficient may be infinite.  | There were 2 warnings in `dplyr::mutate()`.
The first warning was:
i In argument: `dplyr::across(...)`.
Caused by warning:
! NAs introduced by coercion to integer range
i Run `dplyr::last_dplyr_warnings()` to see the 1 remaining warning.",20.33,NA,545.1,NA
"windows","latest","ea06c28","cox",5000,"get_score_all_boot",1,1.44,"ok","",NA,1.28,NA,388.1,NA
"windows","latest","ea06c28","crr",5000,"get_score_boot",1,5.77,"ok","",NA,5.72,NA,340.9,NA
"windows","latest","ea06c28","cox",5000,"get_fit_stats",1,0.0399999999999991,"ok","",NA,0.0299999999999994,NA,273.8,NA
"windows","latest","ea06c28","cox",5000,"get_score",1,0.130000000000001,"ok","",NA,0.120000000000001,NA,337.8,NA
"windows","latest","ea06c28","cox",5000,"get_fit_stats_simple_boot",1,0.16,"ok","",NA,0.16,NA,311.5,NA
"windows","latest","ea06c28","crr",5000,"get_fit_stats_boot",1,0.91,"error","Fine-Gray fit is singular or did not converge.",NA,0.879999999999999,NA,347.1,NA
"windows","latest","ea06c28","cox",5000,"get_fit_stats_boot",1,0.210000000000001,"ok","",NA,0.21,NA,363,NA
"windows","latest","ea06c28","crr",5000,"get_score",1,0.609999999999999,"ok","",NA,0.619999999999999,NA,382.9,NA
"windows","latest","ea06c28","crr",5000,"get_score_all",1,0.559999999999999,"ok","",NA,0.56,NA,384.1,NA
"windows","latest","ea06c28","crr",5000,"get_score_all_boot",1,5.34,"ok","",NA,5.27,NA,377.9,NA
"windows","latest","ea06c28","crr",5000,"get_fit_stats",1,0.41,"error","Fine-Gray fit is singular or did not converge.",NA,0.420000000000001,NA,348,NA
"windows","latest","ea06c28","cox",5000,"get_score_boot",1,0.68,"ok","",NA,0.67,NA,392.5,NA
"windows","latest","ea06c28","cox",5000,"get_score_all",1,0.109999999999999,"ok","",NA,0.119999999999999,NA,343.4,NA
"windows","latest","ea06c28","cox",5000,"get_fit_stats_simple",1,0.0399999999999991,"ok","",NA,0.00999999999999801,NA,270.3,NA
"windows","latest","ea06c28","crr",5000,"get_fit_stats_simple",1,0.0799999999999983,"ok","",NA,0.0900000000000021,NA,352.5,NA
"windows","latest","ea06c28","crr",5000,"get_fit_stats_simple_boot",1,1.05,"ok","",NA,1.07,NA,352.5,NA
"windows","latest","ea06c28","crr",10000,"get_score_all",1,1.21,"ok","",NA,1.21,NA,385,NA
"windows","latest","ea06c28","cox",10000,"get_score_all",1,0.190000000000005,"ok","",NA,0.160000000000001,NA,380.7,NA
"windows","latest","ea06c28","crr",10000,"get_score_all_boot",1,11.55,"ok","",NA,11.46,NA,387.4,NA
"windows","latest","ea06c28","crr",10000,"get_fit_stats",1,2.41,"error","Fine-Gray fit is singular or did not converge.",NA,2.34,NA,375.5,NA
"windows","latest","ea06c28","crr",10000,"get_fit_stats_simple_boot",1,1.58,"ok","",NA,1.53,NA,377.9,NA
"windows","latest","ea06c28","cox",10000,"get_fit_stats_simple",1,0.0500000000000043,"ok","",NA,0.0300000000000011,NA,281.8,NA
"windows","latest","ea06c28","cox",10000,"get_fit_stats_boot",1,0.420000000000002,"ok","",NA,0.440000000000002,NA,386.5,NA
"windows","latest","ea06c28","cox",10000,"get_score",1,0.189999999999998,"ok","",NA,0.179999999999998,NA,376,NA
"windows","latest","ea06c28","crr",10000,"get_fit_stats_boot",1,1.58000000000001,"error","Fine-Gray fit is singular or did not converge.",NA,1.58,NA,375.6,NA
"windows","latest","ea06c28","cox",10000,"get_fit_stats",1,0.0500000000000043,"ok","",NA,0.0499999999999972,NA,292.7,NA
"windows","latest","ea06c28","cox",10000,"get_fit_stats_simple_boot",1,0.280000000000001,"ok","",NA,0.280000000000006,NA,386.5,NA
"windows","latest","ea06c28","cox",10000,"get_score_all_boot",1,1.24,"ok","",NA,1.25,NA,415.2,NA
"windows","latest","ea06c28","crr",10000,"get_score_boot",1,11.77,"ok","",NA,11.65,NA,413.6,NA
"windows","latest","ea06c28","crr",10000,"get_score",1,1.25,"ok","",NA,1.20000000000001,NA,404.1,NA
"windows","latest","ea06c28","cox",10000,"get_score_boot",1,1.5,"ok","",NA,1.51999999999999,NA,411.6,NA
"windows","latest","ea06c28","crr",10000,"get_fit_stats_simple",1,0.179999999999993,"ok","",NA,0.17,NA,378,NA
"windows","latest","ea06c28","crr",30000,"get_fit_stats_boot",1,6.97000000000001,"error","Fine-Gray fit is singular or did not converge.",NA,6.94000000000001,NA,528,NA
"windows","latest","ea06c28","crr",30000,"get_score",1,3.66,"ok","",NA,3.62999999999999,NA,472.9,NA
"windows","latest","ea06c28","crr",30000,"get_score_boot",1,38.83,"ok","",NA,38.85,NA,451.1,NA
"windows","latest","ea06c28","cox",30000,"get_score_boot",1,3.38999999999999,"ok","",NA,3.41999999999998,NA,450.2,NA
"windows","latest","ea06c28","cox",30000,"get_fit_stats_boot",1,1.16,"ok","",NA,1.15,NA,418.3,NA
"windows","latest","ea06c28","cox",30000,"get_score",1,0.330000000000013,"ok","",NA,0.330000000000002,NA,447.8,NA
"windows","latest","ea06c28","cox",30000,"get_fit_stats",1,0.180000000000007,"ok","",NA,0.189999999999986,NA,360.2,NA
"windows","latest","ea06c28","cox",30000,"get_score_all_boot",1,3.64000000000001,"ok","",NA,3.62000000000001,NA,447.2,NA
"windows","latest","ea06c28","crr",30000,"get_fit_stats",1,5.78999999999999,"error","Fine-Gray fit is singular or did not converge.",NA,5.74999999999999,NA,587.3,NA
"windows","latest","ea06c28","crr",30000,"get_score_all",1,4.37,"ok","",NA,4.34000000000002,NA,534.5,NA
"windows","latest","ea06c28","crr",30000,"get_fit_stats_simple_boot",1,6.59,"ok","",NA,6.63,NA,427.4,NA
"windows","latest","ea06c28","cox",30000,"get_fit_stats_simple",1,0.110000000000014,"ok","",NA,0.110000000000014,NA,329,NA
"windows","latest","ea06c28","crr",30000,"get_fit_stats_simple",1,0.349999999999994,"ok","",NA,0.340000000000003,NA,427.4,NA
"windows","latest","ea06c28","crr",30000,"get_score_all_boot",1,39.51,"ok","",NA,39.37,NA,465.9,NA
"windows","latest","ea06c28","cox",30000,"get_fit_stats_simple_boot",1,0.830000000000013,"ok","",NA,0.819999999999993,NA,387.9,NA
"windows","latest","ea06c28","cox",30000,"get_score_all",1,0.449999999999989,"ok","",NA,0.470000000000013,NA,420.3,NA
"windows","latest","ea06c28","cox",50000,"get_score",1,0.530000000000001,"ok","",NA,0.530000000000001,NA,415.4,NA
"windows","latest","ea06c28","cox",50000,"get_fit_stats_boot",1,4.69999999999999,"ok","",NA,0.590000000000012,NA,387.6,NA
"windows","latest","ea06c28","crr",50000,"get_fit_stats_simple_boot",1,9.04999999999998,"ok","",NA,2.61000000000001,NA,420.1,NA
"windows","latest","ea06c28","cox",50000,"get_fit_stats_simple",1,0.129999999999995,"ok","",NA,0.140000000000004,NA,380,NA
"windows","latest","ea06c28","crr",50000,"get_score_all",1,6.56,"ok","",NA,6.47,NA,660.2,NA
"windows","latest","ea06c28","cox",50000,"get_score_all_boot",1,6.08000000000001,"ok","",NA,5.99999999999999,NA,454.9,NA
"windows","latest","ea06c28","cox",50000,"get_fit_stats_simple_boot",1,3.94999999999999,"ok","",NA,0.419999999999996,NA,389,NA
"windows","latest","ea06c28","crr",50000,"get_fit_stats_simple",1,0.77000000000001,"ok","",NA,0.79000000000001,NA,420,NA
"windows","latest","ea06c28","crr",50000,"get_score",1,7.22,"ok","",NA,7.13999999999999,NA,694.3,NA
"windows","latest","ea06c28","cox",50000,"get_score_boot",1,6.17000000000002,"ok","",NA,6.13999999999999,NA,456.1,NA
"windows","latest","ea06c28","crr",50000,"get_score_all_boot",1,66.64,"ok","",NA,65.83,NA,563.8,NA
"windows","latest","ea06c28","cox",50000,"get_score_all",1,0.479999999999961,"ok","",NA,0.480000000000018,NA,434.6,NA
"windows","latest","ea06c28","crr",50000,"get_score_boot",1,66.85,"ok","",NA,66.1,NA,542.1,NA
"windows","latest","ea06c28","crr",50000,"get_fit_stats",1,9,"error","Fine-Gray fit is singular or did not converge.",NA,8.78999999999999,NA,717.3,NA
"windows","latest","ea06c28","crr",50000,"get_fit_stats_boot",1,6.31,"error","Fine-Gray fit is singular or did not converge.",NA,6.28999999999996,NA,738.1,NA
"windows","latest","ea06c28","cox",50000,"get_fit_stats",1,0.230000000000018,"ok","",NA,0.210000000000008,NA,423.7,NA
"windows","latest","ea06c28","cox",100000,"get_score",1,0.989999999999952,"ok","",NA,0.980000000000047,NA,460.8,NA
"windows","latest","ea06c28","crr",100000,"get_fit_stats_simple",1,2.48000000000002,"ok","",NA,2.5,NA,582.7,NA
"windows","latest","ea06c28","crr",100000,"get_fit_stats",1,22.46,"error","Fine-Gray fit is singular or did not converge.",NA,22.29,NA,1045,NA
"windows","latest","ea06c28","crr",100000,"get_score_all_boot",1,130.72,"ok","",NA,129.53,NA,746.9,NA
"windows","latest","ea06c28","cox",100000,"get_fit_stats_boot",1,6.71000000000004,"ok","",NA,1.16999999999997,NA,434.8,NA
"windows","latest","ea06c28","crr",100000,"get_score_all",1,13.39,"ok","",NA,13.25,NA,857.1,NA
"windows","latest","ea06c28","cox",100000,"get_score_all_boot",1,11.75,"ok","",NA,11.73,NA,557.9,NA
"windows","latest","ea06c28","cox",100000,"get_fit_stats",1,0.469999999999914,"ok","",NA,0.460000000000065,NA,458.2,NA
"windows","latest","ea06c28","cox",100000,"get_score_boot",1,13.0300000000001,"ok","",NA,13.02,NA,546.7,NA
"windows","latest","ea06c28","crr",100000,"get_score_boot",1,135.89,"ok","",NA,132.83,NA,812.9,NA
"windows","latest","ea06c28","cox",100000,"get_fit_stats_simple",1,0.25,"ok","",NA,0.290000000000099,NA,468.1,NA
"windows","latest","ea06c28","cox",100000,"get_fit_stats_simple_boot",1,5,"ok","",NA,0.850000000000009,NA,420.3,NA
"windows","latest","ea06c28","crr",100000,"get_fit_stats_simple_boot",1,15.2,"ok","",NA,4.87000000000005,NA,548.4,NA
"windows","latest","ea06c28","crr",100000,"get_fit_stats_boot",1,22.7800000000001,"error","Fine-Gray fit is singular or did not converge.",NA,22.76,NA,1028.7,NA
"windows","latest","ea06c28","crr",100000,"get_score",1,13.02,"ok","",NA,12.9,NA,882.3,NA
"windows","latest","ea06c28","cox",100000,"get_score_all",1,1.08000000000004,"ok","",NA,1.06000000000004,NA,545.2,NA
"linux","before","2e56cc6","crr",5000,"get_facet",1,5.072,"ok","","`aes_string()` was deprecated in ggplot2 3.0.0.
b9 Please use tidy evaluation idioms with `aes()`.
b9 See also `vignette(""ggplot2-in-packages"")` for more information.
b9 The deprecated feature was likely used in the RegR package.
  Please report the issue at <https://github.com/HUI950319/RegR/issues>. | The `size` argument of `element_rect()` is deprecated as of ggplot2 3.4.0.
b9 Please use the `linewidth` argument instead.
b9 The deprecated feature was likely used in the RegR package.
  Please report the issue at <https://github.com/HUI950319/RegR/issues>.",1.023,35.268,372.3,"direct"
"linux","after","12406e3","crr",5000,"get_fit_stats_boot",1,0.95,"error","Fine-Gray fit is singular or did not converge.","",0.944,0,309.6,""
"linux","before","2e56cc6","cox",5000,"get_rpa_mp1_mlr",1,6.678,"ok","","",0.113,17.212,340.1,""
"linux","after","12406e3","cox",5000,"get_rpa",1,5.384,"ok","","Unadjusted Kaplan-Meier estimates should only be drawn as step functions (steps=TRUE). | `strip_label` is deprecated in plt_cat1(); use `strip_arg` instead. | `aes_()` was deprecated in ggplot2 3.0.0.
b9 Please use tidy evaluation idioms with `aes()`
b9 The deprecated feature was likely used in the ggplotify package.
  Please report the issue at
  <https://github.com/GuangchuangYu/ggplotify/issues>. | Duplicated aesthetics after name standardisation: p.value | Using `size` aesthetic for lines was deprecated in ggplot2 3.4.0.
b9 Please use `linewidth` instead.
b9 The deprecated feature was likely used in the RegR package.
  Please report the issue at <https://github.com/HUI950319/RegR/issues>. | Ignoring unknown parameters: `label.size`",5.281,0.007,721.1,""
"linux","after","12406e3","cox",5000,"get_fit_stats",1,0.022000000000002,"ok","","",0.0220000000000002,0,337.1,""
"linux","after","12406e3","cox",5000,"get_eff_cat",1,0.504999999999999,"ok","","",0.360999999999999,0.276,540.4,""
"linux","after","12406e3","crr",5000,"get_facet_diff_serial",1,4.833,"ok","","Unadjusted Aalen-Johansen estimates should only be drawn as step functions (steps=TRUE). | Removed 3 rows containing missing values or values outside the scale range
(`geom_ribbon()`). | Removed 3 rows containing missing values or values outside the scale range
(`geom_step()`).",2.02,7.334,565.7,"unadj/direct"
"linux","after","12406e3","cox",5000,"get_fit_stats_boot",1,0.138999999999999,"ok","","",0.0470000000000009,0.159,347.8,""
"linux","after","12406e3","cox",5000,"get_rpa_mp1_mlr",1,2.952,"ok","","Loglik converged before variable  5 ; coefficient may be infinite. ",1.231,4.405,571.6,""
"linux","after","12406e3","crr",5000,"get_facet",1,2.059,"ok","","`aes_string()` was deprecated in ggplot2 3.0.0.
b9 Please use tidy evaluation idioms with `aes()`.
b9 See also `vignette(""ggplot2-in-packages"")` for more information.
b9 The deprecated feature was likely used in the RegR package.
  Please report the issue at <https://github.com/HUI950319/RegR/issues>. | The `size` argument of `element_rect()` is deprecated as of ggplot2 3.4.0.
b9 Please use the `linewidth` argument instead.
b9 The deprecated feature was likely used in the RegR package.
  Please report the issue at <https://github.com/HUI950319/RegR/issues>.",0.554000000000003,4.272,663.7,"direct"
"linux","after","12406e3","crr",5000,"get_facet_serial",1,2.752,"ok","","",2.15,1.235,669.3,"direct"
"linux","after","12406e3","crr",5000,"curve_direct",1,3.491,"ok","","",0.704999999999997,5.618,592.8,"direct"
"linux","after","12406e3","crr",5000,"get_facet_diff",1,3.45099999999999,"ok","","Removed 3 rows containing missing values or values outside the scale range
(`geom_ribbon()`). | Removed 3 rows containing missing values or values outside the scale range
(`geom_step()`).",0.866,6.947,537.4,"unadj/direct"
"linux","after","12406e3","cox",5000,"get_rpa_mp2",1,0.612000000000002,"error","Cannot score the original cohort: non-finite scores for hazard consistency measurement.","Loglik converged before variable  5 ; coefficient may be infinite. ",0.607000000000001,0.00200000000000244,669.3,""
"linux","after","12406e3","crr",5000,"get_cat",1,5.562,"ok","","Unadjusted Aalen-Johansen estimates should only be drawn as step functions (steps=TRUE).",2.741,5.689,610,"aalen_johansen/direct"
"linux","after","12406e3","crr",5000,"get_cat",2,5.797,"ok","","Unadjusted Aalen-Johansen estimates should only be drawn as step functions (steps=TRUE).",2.678,6.298,602.2,"aalen_johansen/direct"
"linux","after","12406e3","crr",5000,"get_cat",3,5.299,"ok","","Unadjusted Aalen-Johansen estimates should only be drawn as step functions (steps=TRUE).",2.548,5.55600000000001,602.2,"aalen_johansen/direct"
"linux","after","12406e3","crr",5000,"get_fit_stats",1,0.337999999999994,"error","Fine-Gray fit is singular or did not converge.","",0.339000000000006,0,482,""
"linux","after","12406e3","cox",5000,"get_facet_serial",1,1.292,"ok","","",1.285,0.00799999999999734,668.1,"direct"
"linux","before","2e56cc6","cox",5000,"get_facet",1,1.69200000000001,"ok","","",0.477,2.889,508.6,"direct"
"linux","after","12406e3","crr",5000,"get_eff",1,1.815,"ok","","",1.807,0.00699999999999612,577.4,""
"linux","after","12406e3","crr",5000,"get_eff",2,1.529,"ok","","",1.521,0.00699999999999967,577.8,""
"linux","after","12406e3","crr",5000,"get_eff",3,1.72799999999999,"ok","","",1.721,0.00700000000000323,568.3,""
"linux","after","12406e3","cox",5000,"get_facet_diff_serial",1,1.90900000000001,"ok","","Unadjusted Kaplan-Meier estimates should only be drawn as step functions (steps=TRUE). | Removed 4 rows containing missing values or values outside the scale range
(`geom_ribbon()`). | Removed 4 rows containing missing values or values outside the scale range
(`geom_step()`).",1.90899999999999,0,669.3,"unadj/direct"
"linux","after","12406e3","cox",5000,"get_score",1,0.0619999999999976,"ok","","",0.0630000000000024,0,398.9,""
"linux","before","2e56cc6","cox",5000,"get_score_boot",1,0.885000000000005,"ok","","",0.883,0,360.1,""
"linux","before","2e56cc6","cox",5000,"get_cat",1,16.129,"ok","","Unadjusted Kaplan-Meier estimates should only be drawn as step functions (steps=TRUE).",16.104,0.00800000000000267,2531.7,"km/direct"
"linux","before","2e56cc6","cox",5000,"get_cat",2,13.085,"ok","","Unadjusted Kaplan-Meier estimates should only be drawn as step functions (steps=TRUE).",13.065,0.00699999999999434,2185.9,"km/direct"
"linux","before","2e56cc6","cox",5000,"get_cat",3,13.861,"ok","","Unadjusted Kaplan-Meier estimates should only be drawn as step functions (steps=TRUE).",13.853,0.00700000000000323,2181.6,"km/direct"
"linux","after","12406e3","crr",5000,"fit_hazard",1,0.531000000000006,"ok","","",0.531999999999996,0,491.2,""
"linux","after","12406e3","crr",5000,"fit_hazard",2,0.450999999999993,"ok","","",0.449999999999996,0,491.2,""
"linux","after","12406e3","crr",5000,"fit_hazard",3,0.566999999999979,"ok","","",0.567999999999998,0,491.2,""
"linux","after","12406e3","cox",5000,"get_eff",1,0.557999999999993,"ok","","",0.549999999999999,0.0069999999999979,628.8,""
"linux","after","12406e3","cox",5000,"get_eff",2,0.562000000000012,"ok","","",0.557000000000002,0.007000000000005,628.8,""
"linux","after","12406e3","cox",5000,"get_eff",3,0.585999999999984,"ok","","",0.579999999999998,0.00699999999999967,628.8,""
"linux","before","2e56cc6","crr",5000,"get_eff_cat",1,1.01500000000001,"ok","","`aes_()` was deprecated in ggplot2 3.0.0.
b9 Please use tidy evaluation idioms with `aes()`
b9 The deprecated feature was likely used in the ggplotify package.
  Please report the issue at
  <https://github.com/GuangchuangYu/ggplotify/issues>.",0.417999999999997,1.157,586.7,""
"linux","after","12406e3","crr",5000,"get_inter",1,0.431999999999988,"ok","","",0.388,0,669.3,""
"linux","before","2e56cc6","cox",5000,"fit_hazard",1,0.01400000000001,"ok","","",0.0139999999999985,0,312.1,""
"linux","before","2e56cc6","cox",5000,"fit_hazard",2,0.0130000000000052,"ok","","",0.0129999999999981,0,312.1,""
"linux","before","2e56cc6","cox",5000,"fit_hazard",3,0.0129999999999768,"ok","","",0.0129999999999981,0,312.1,""
"linux","after","12406e3","cox",5000,"get_cat",1,3.387,"ok","","Unadjusted Kaplan-Meier estimates should only be drawn as step functions (steps=TRUE).",3.379,0.0069999999999979,761.9,"km/direct"
"linux","after","12406e3","cox",5000,"get_cat",2,2.17599999999999,"ok","","Unadjusted Kaplan-Meier estimates should only be drawn as step functions (steps=TRUE).",2.169,0.00799999999999734,822.5,"km/direct"
"linux","after","12406e3","cox",5000,"get_cat",3,2.46799999999999,"ok","","Unadjusted Kaplan-Meier estimates should only be drawn as step functions (steps=TRUE).",2.46100000000001,0.006000000000002,742.8,"km/direct"
"linux","before","2e56cc6","cox",5000,"get_inter",1,0.27000000000001,"ok","","",0.262,0,523.4,""
"linux","before","2e56cc6","cox",5000,"curve_direct",1,14.596,"ok","","",14.584,0,2489.7,"direct"
"linux","after","12406e3","crr",5000,"get_eff_sub",1,0.430000000000007,"ok","","",0.426000000000002,0.00500000000000256,651.2,""
"linux","after","12406e3","crr",5000,"get_eff_cat",1,1.13299999999998,"ok","","",0.326999999999992,1.265,562,""
"linux","before","2e56cc6","cox",5000,"get_score",1,0.054000000000002,"ok","","",0.0550000000000033,0,444,""
"linux","before","2e56cc6","crr",5000,"get_eff_sub",1,1.53900000000002,"ok","","Using formula(x) is deprecated when x is a character vector of length > 1.
  Consider formula(paste(x, collapse = "" "")) instead.",1.529,0.00500000000000256,707,""
"linux","before","2e56cc6","cox",5000,"get_eff_cat",1,0.438999999999993,"ok","","",0.318000000000005,0.264999999999997,584.8,""
"linux","before","2e56cc6","crr",5000,"get_facet_diff",1,3.71099999999998,"ok","","Removed 3 rows containing missing values or values outside the scale range
(`geom_ribbon()`). | Removed 3 rows containing missing values or values outside the scale range
(`geom_step()`).",0.912999999999991,20.836,508.5,"unadj/direct"
"linux","before","2e56cc6","cox",5000,"get_rpa_mp1_rr",1,12.081,"ok","","Loglik converged before variable  5 ; coefficient may be infinite. ",12.079,0,983.7,""
"linux","before","2e56cc6","crr",5000,"curve_CSC",1,30.189,"ok","","",30.181,0,2952.5,"direct"
"linux","after","12406e3","cox",5000,"get_eff_sub",1,0.23599999999999,"ok","","",0.230999999999999,0.00400000000000134,572.9,""
"linux","after","12406e3","cox",5000,"get_inter",1,0.230999999999995,"ok","","",0.230000000000004,0,553.8,""
"linux","before","2e56cc6","crr",5000,"get_cat",1,24.692,"ok","","Unadjusted Aalen-Johansen estimates should only be drawn as step functions (steps=TRUE).",3.578,105.562,1269,"aalen_johansen/direct"
"linux","before","2e56cc6","crr",5000,"get_cat",2,25.486,"ok","","Unadjusted Aalen-Johansen estimates should only be drawn as step functions (steps=TRUE).",3.60000000000001,108.405,1099.8,"aalen_johansen/direct"
"linux","before","2e56cc6","crr",5000,"get_cat",3,26.5549999999999,"ok","","Unadjusted Aalen-Johansen estimates should only be drawn as step functions (steps=TRUE).",3.59200000000001,113.032,777.8,"aalen_johansen/direct"
"linux","before","2e56cc6","crr",5000,"fit_hazard",1,0.44300000000004,"ok","","",0.442999999999984,0,353.4,""
"linux","before","2e56cc6","crr",5000,"fit_hazard",2,0.437999999999988,"ok","","",0.437999999999988,0,353.4,""
"linux","before","2e56cc6","crr",5000,"fit_hazard",3,0.437999999999988,"ok","","",0.439000000000021,0,353.4,""
"linux","after","12406e3","crr",5000,"get_score_boot",1,2.81099999999998,"ok","","",2.81000000000001,0,549.2,""
"linux","after","12406e3","crr",5000,"get_cat_no_ci",1,5.72699999999998,"ok","","Unadjusted Aalen-Johansen estimates should only be drawn as step functions (steps=TRUE).",2.753,6,640.7,"aalen_johansen/direct"
"linux","after","12406e3","cox",5000,"get_facet_diff",1,1.82999999999998,"ok","","Removed 4 rows containing missing values or values outside the scale range
(`geom_ribbon()`). | Removed 4 rows containing missing values or values outside the scale range
(`geom_step()`).",0.903000000000003,3.083,540.8,"unadj/direct"
"linux","after","12406e3","cox",5000,"get_cat_no_ci",1,1.04300000000001,"ok","","Unadjusted Kaplan-Meier estimates should only be drawn as step functions (steps=TRUE).",1.036,0.00799999999999912,668.4,"km/direct"
"linux","before","2e56cc6","crr",5000,"get_score",1,0.530999999999949,"ok","","",0.531000000000017,0,456.4,""
"linux","before","2e56cc6","crr",5000,"get_inter",1,0.607000000000028,"ok","","",0.606999999999999,0,536.2,""
"linux","before","2e56cc6","crr",5000,"get_score_boot",1,6.334,"ok","","",6.333,0,509.9,""
"linux","after","12406e3","cox",5000,"curve_direct",1,2.11500000000001,"ok","","",2.115,0,682.8,"direct"
"linux","before","2e56cc6","crr",5000,"curve_direct",1,14.998,"ok","","",1.516,67.283,653.7,"direct"
"linux","after","12406e3","crr",5000,"curve_CSC",1,9.34399999999999,"ok","","",9.345,0,1197.3,"direct"
"linux","after","12406e3","cox",5000,"get_rpa_mp1_rr",1,3.06400000000002,"ok","","Loglik converged before variable  5 ; coefficient may be infinite.  | 2 of 10 bootstrap replicates failed; using 8 valid paired replicates.",0.640000000000008,7.292,736.4,""
"linux","after","12406e3","crr",5000,"get_inter_abs",1,0.361000000000047,"ok","","",0.360000000000008,0,701.9,""
"linux","after","12406e3","cox",5000,"get_facet",1,1.24600000000004,"ok","","",0.429000000000002,2.616,572.4,"direct"
"linux","before","2e56cc6","cox",5000,"get_rpa_mp2",1,35.632,"error","b9 In index: 1.
Caused by error in `if (const(t, min(1e-08, mean(t, na.rm = TRUE)/1e+06))) ...`:
! missing value where TRUE/FALSE needed","Loglik converged before variable  5 ; coefficient may be infinite. ",35.629,0,653.7,""
"linux","before","2e56cc6","crr",5000,"get_eff",1,11.75,"ok","","",1.923,48.402,634.3,""
"linux","before","2e56cc6","crr",5000,"get_eff",2,11.915,"ok","","",1.98400000000002,49.521,634.3,""
"linux","before","2e56cc6","crr",5000,"get_eff",3,11.853,"ok","","",2.07300000000001,48.3,634.3,""
"linux","before","2e56cc6","cox",5000,"get_rpa",1,15.075,"ok","","Unadjusted Kaplan-Meier estimates should only be drawn as step functions (steps=TRUE). | `strip_label` is deprecated in plt_cat1(); use `strip_arg` instead. | Duplicated aesthetics after name standardisation: p.value | Using `size` aesthetic for lines was deprecated in ggplot2 3.4.0.
b9 Please use `linewidth` instead.
b9 The deprecated feature was likely used in the RegR package.
  Please report the issue at <https://github.com/HUI950319/RegR/issues>. | Ignoring unknown parameters: `label.size`",15.04,0.00800000000005952,1916.3,""
"linux","before","2e56cc6","cox",5000,"get_eff",1,0.885000000000048,"ok","","",0.879000000000001,0.00699999999997658,688.3,""
"linux","before","2e56cc6","cox",5000,"get_eff",2,0.923999999999978,"ok","","",0.916000000000025,0.00900000000001455,688.3,""
"linux","before","2e56cc6","cox",5000,"get_eff",3,0.872000000000014,"ok","","",0.866,0.00699999999996948,679.9,""
"linux","before","2e56cc6","crr",5000,"get_inter_abs",1,17.569,"ok","","No analytic variance for the direct CIF pass; falling back to bootstrap (n_boot
= 50).",17.567,0,682,""
"linux","after","12406e3","cox",5000,"fit_hazard",1,0.0160000000000764,"ok","","",0.0169999999999959,0,362.7,""
"linux","after","12406e3","cox",5000,"fit_hazard",2,0.01400000000001,"ok","","",0.0150000000000006,0,362.7,""
"linux","after","12406e3","cox",5000,"fit_hazard",3,0.0130000000000337,"ok","","",0.0139999999999958,0,362.7,""
"linux","after","12406e3","cox",5000,"get_inter_abs",1,0.337999999999965,"ok","","",0.336999999999994,0,623.7,""
"linux","before","2e56cc6","cox",5000,"get_facet_diff",1,1.87400000000002,"ok","","Removed 4 rows containing missing values or values outside the scale range
(`geom_ribbon()`). | Removed 4 rows containing missing values or values outside the scale range
(`geom_step()`).",0.92400000000001,3.19400000000002,516.6,"unadj/direct"
"linux","after","12406e3","cox",5000,"get_score_boot",1,0.552000000000021,"ok","","",0.550000000000002,0,605.9,""
"linux","after","12406e3","crr",5000,"get_score",1,0.257999999999925,"ok","","",0.25800000000001,0,483.7,""
"linux","before","2e56cc6","cox",5000,"get_inter_abs",1,0.326999999999998,"ok","","",0.326000000000002,0,594.8,""
"linux","before","2e56cc6","cox",5000,"get_eff_sub",1,0.23599999999999,"ok","","",0.231000000000003,0.00400000000004752,579.2,""
"linux","before","2e56cc6","cox",10000,"get_eff_cat",1,0.476999999999975,"ok","","",0.323999999999982,0.327999999999903,513.9,""
"linux","before","2e56cc6","crr",10000,"curve_CSC",1,63.8090000000001,"ok","","",63.77,0,5735.5,"direct"
"linux","before","2e56cc6","crr",10000,"get_eff_sub",1,5.07499999999993,"ok","","Using formula(x) is deprecated when x is a character vector of length > 1.
  Consider formula(paste(x, collapse = "" "")) instead.",5.07100000000001,0.00500000000002387,988.6,""
"linux","before","2e56cc6","crr",10000,"get_facet",1,8.92000000000007,"ok","","",1.39199999999997,77.436,794,"direct"
"linux","after","12406e3","cox",10000,"curve_direct",1,4.04600000000005,"ok","","",4.04500000000001,0,949.4,"direct"
"linux","after","12406e3","crr",10000,"fit_hazard",1,1.30100000000004,"ok","","",1.30099999999999,0,635.6,""
"linux","after","12406e3","crr",10000,"fit_hazard",2,1.61500000000001,"ok","","",1.616,0,635.6,""
"linux","after","12406e3","crr",10000,"fit_hazard",3,1.21800000000007,"ok","","",1.21800000000002,0,635.6,""
"linux","after","12406e3","crr",10000,"get_facet",1,2.53500000000008,"ok","","",0.586000000000007,5.687,808.4,"direct"
"linux","before","2e56cc6","cox",10000,"get_inter_abs",1,0.438999999999965,"ok","","",0.439,0,668.4,""
"linux","after","12406e3","crr",10000,"get_score_boot",1,5.78800000000001,"ok","","",5.786,0,534.3,""
"linux","after","12406e3","cox",10000,"get_fit_stats",1,0.04200000000003,"ok","","",0.0420000000000016,0,389.5,""
"linux","after","12406e3","cox",10000,"get_rpa_mp1_rr",1,8.23400000000004,"ok","","Loglik converged before variable  5 ; coefficient may be infinite. ",4.02900000000001,11.63,998.6,""
"linux","after","12406e3","cox",10000,"get_rpa",1,8.92900000000009,"ok","","Unadjusted Kaplan-Meier estimates should only be drawn as step functions (steps=TRUE). | Removed 1 row containing missing values or values outside the scale range
(`geom_ribbon()`). | Rare event 
 | `strip_label` is deprecated in plt_cat1(); use `strip_arg` instead. | Duplicated aesthetics after name standardisation: p.value | Ignoring unknown parameters: `label.size`",8.92200000000001,0.00799999999998846,1174.7,""
"linux","before","2e56cc6","cox",10000,"get_rpa_mp2",1,73.938,"error","b9 In index: 1.
Caused by error in `if (const(t, min(1e-08, mean(t, na.rm = TRUE)/1e+06))) ...`:
! missing value where TRUE/FALSE needed","Loglik converged before variable  5 ; coefficient may be infinite. ",73.937,0,786.2,""
"linux","before","2e56cc6","crr",10000,"get_inter_abs",1,53.923,"ok","","No analytic variance for the direct CIF pass; falling back to bootstrap (n_boot
= 50).",53.922,0,659.2,""
"linux","before","2e56cc6","crr",10000,"curve_direct",1,52.91,"ok","","",4.48999999999997,234.452,659.2,"direct"
"linux","after","12406e3","cox",10000,"fit_hazard",1,0.0240000000000009,"ok","","",0.0240000000000009,0,386.7,""
"linux","after","12406e3","cox",10000,"fit_hazard",2,0.0249999999999773,"ok","","",0.0249999999999773,0,386.7,""
"linux","after","12406e3","cox",10000,"fit_hazard",3,0.0220000000000482,"ok","","",0.0220000000000198,0,386.7,""
"linux","before","2e56cc6","cox",10000,"get_score",1,0.0900000000000318,"ok","","",0.089999999999975,0,436.2,""
"linux","before","2e56cc6","cox",10000,"get_cat",1,31.328,"ok","","Unadjusted Kaplan-Meier estimates should only be drawn as step functions (steps=TRUE).",31.32,0.00799999999996714,4135.3,"km/direct"
"linux","before","2e56cc6","cox",10000,"get_cat",2,26.3399999999999,"ok","","Unadjusted Kaplan-Meier estimates should only be drawn as step functions (steps=TRUE).",26.331,0.00600000000008549,4134.8,"km/direct"
"linux","before","2e56cc6","cox",10000,"get_cat",3,26.6369999999999,"ok","","Unadjusted Kaplan-Meier estimates should only be drawn as step functions (steps=TRUE).",26.628,0.00799999999998136,4130.1,"km/direct"
"linux","after","12406e3","cox",10000,"get_cat_no_ci",1,1.35500000000002,"ok","","Unadjusted Kaplan-Meier estimates should only be drawn as step functions (steps=TRUE).",1.34800000000001,0.00700000000000145,735.2,"km/direct"
"linux","after","12406e3","cox",10000,"get_facet_diff_serial",1,2.23199999999997,"ok","","Unadjusted Kaplan-Meier estimates should only be drawn as step functions (steps=TRUE). | Removed 5 rows containing missing values or values outside the scale range
(`geom_ribbon()`). | Removed 5 rows containing missing values or values outside the scale range
(`geom_step()`).",2.232,0,695.5,"unadj/direct"
"linux","after","12406e3","crr",10000,"get_eff_cat",1,2.54300000000001,"ok","","",0.325000000000015,2.79900000000001,544.2,""
"linux","after","12406e3","crr",10000,"get_fit_stats",1,1.49199999999996,"error","Fine-Gray fit is singular or did not converge.","",1.49199999999999,0,529,""
"linux","after","12406e3","cox",10000,"get_eff_sub",1,0.303999999999974,"ok","","",0.30000000000002,0.00500000000000611,663,""
"linux","before","2e56cc6","cox",10000,"get_facet_diff",1,2.17599999999993,"ok","","Removed 5 rows containing missing values or values outside the scale range
(`geom_ribbon()`). | Removed 5 rows containing missing values or values outside the scale range
(`geom_step()`).",1.02799999999997,3.75999999999993,665.5,"unadj/direct"
"linux","after","12406e3","crr",10000,"curve_CSC",1,16.106,"ok","","",16.107,0,1694.7,"direct"
"linux","before","2e56cc6","cox",10000,"get_eff_sub",1,0.298000000000002,"ok","","",0.293000000000021,0.0040000000000191,658.3,""
"linux","after","12406e3","crr",10000,"curve_direct",1,3.61099999999999,"ok","","",1.327,9.004,921.9,"direct"
"linux","before","2e56cc6","cox",10000,"get_inter",1,0.217999999999961,"ok","","",0.216999999999985,0,538.1,""
"linux","before","2e56cc6","cox",10000,"get_eff",1,1.57899999999995,"ok","","",1.57200000000002,0.00800000000008083,687.2,""
"linux","before","2e56cc6","cox",10000,"get_eff",2,1.17599999999993,"ok","","",1.16799999999999,0.00699999999990553,687.2,""
"linux","before","2e56cc6","cox",10000,"get_eff",3,1.12800000000004,"ok","","",1.12099999999998,0.00800000000006662,687.2,""
"linux","after","12406e3","crr",10000,"get_cat_no_ci",1,10.073,"ok","","Unadjusted Aalen-Johansen estimates should only be drawn as step functions (steps=TRUE).",6.90700000000001,12.613,675.6,"aalen_johansen/direct"
"linux","after","12406e3","cox",10000,"get_fit_stats_boot",1,0.218999999999937,"ok","","",0.0749999999999957,0.24799999999999,389.2,""
"linux","after","12406e3","cox",10000,"get_score_boot",1,0.925000000000068,"ok","","",0.923999999999996,0,585.2,""
"linux","after","12406e3","crr",10000,"get_eff",1,4.07300000000009,"ok","","",4.06699999999999,0.007000000000005,647.9,""
"linux","after","12406e3","crr",10000,"get_eff",2,4.0630000000001,"ok","","",4.05799999999999,0.00700000000000145,649.8,""
"linux","after","12406e3","crr",10000,"get_eff",3,3.55199999999991,"ok","","",3.54599999999999,0.00699999999999434,647,""
"linux","before","2e56cc6","crr",10000,"get_inter",1,1.70700000000011,"ok","","",1.70600000000002,0,565.7,""
"linux","after","12406e3","cox",10000,"get_eff",1,0.736999999999853,"ok","","",0.730000000000008,0.007000000000005,687,""
"linux","after","12406e3","cox",10000,"get_eff",2,0.754000000000133,"ok","","",0.746999999999986,0.00799999999999201,687,""
"linux","after","12406e3","cox",10000,"get_eff",3,0.729000000000042,"ok","","",0.722000000000008,0.00800000000000978,687,""
"linux","after","12406e3","cox",10000,"get_inter",1,0.218000000000075,"ok","","",0.216000000000008,0,567.6,""
"linux","before","2e56cc6","crr",10000,"get_eff_cat",1,2.06799999999998,"ok","","",0.315000000000012,3.423,514.1,""
"linux","after","12406e3","crr",10000,"get_inter",1,0.325999999999794,"ok","","",0.326000000000003,0,727.8,""
"linux","before","2e56cc6","cox",10000,"get_rpa_mp1_rr",1,18.6130000000001,"ok","","Loglik converged before variable  5 ; coefficient may be infinite. ",18.6069999999999,0,1543.9,""
"linux","after","12406e3","cox",10000,"get_facet",1,1.49099999999999,"ok","","",0.460999999999999,3.13399999999999,563.2,"direct"
"linux","after","12406e3","crr",10000,"get_facet_diff_serial",1,6.14300000000003,"ok","","Unadjusted Aalen-Johansen estimates should only be drawn as step functions (steps=TRUE). | Removed 2 rows containing missing values or values outside the scale range
(`geom_ribbon()`). | Removed 2 rows containing missing values or values outside the scale range
(`geom_step()`).",2.085,14.319,621.7,"unadj/direct"
"linux","before","2e56cc6","crr",10000,"fit_hazard",1,1.5809999999999,"ok","","",1.58100000000002,0,422,""
"linux","before","2e56cc6","crr",10000,"fit_hazard",2,1.57099999999991,"ok","","",1.57100000000003,0,422,""
"linux","before","2e56cc6","crr",10000,"fit_hazard",3,1.59199999999987,"ok","","",1.59100000000001,0,422,""
"linux","before","2e56cc6","cox",10000,"get_rpa",1,76.3209999999999,"ok","","Unadjusted Kaplan-Meier estimates should only be drawn as step functions (steps=TRUE). | Removed 1 row containing missing values or values outside the scale range
(`geom_ribbon()`). | Rare event 
 | `strip_label` is deprecated in plt_cat1(); use `strip_arg` instead. | Duplicated aesthetics after name standardisation: p.value | Ignoring unknown parameters: `label.size`",76.2900000000001,0.00699999999999079,11814.4,""
"linux","after","12406e3","cox",10000,"get_rpa_mp2",1,1.49299999999994,"error","Cannot score the original cohort: non-finite scores for hazard consistency measurement.","Loglik converged before variable  5 ; coefficient may be infinite. ",1.16500000000001,0.000999999999990564,728.6,""
"linux","before","2e56cc6","crr",10000,"get_eff",1,31.5829999999999,"ok","","",5.80700000000003,128.815,1044.2,""
"linux","before","2e56cc6","crr",10000,"get_eff",2,31.4360000000001,"ok","","",5.81599999999993,127.199,1044.2,""
"linux","before","2e56cc6","crr",10000,"get_eff",3,31.6960000000001,"ok","","",5.86299999999999,128.333,1044.2,""
"linux","after","12406e3","crr",10000,"get_cat",1,9.36599999999999,"ok","","Unadjusted Aalen-Johansen estimates should only be drawn as step functions (steps=TRUE).",6.25800000000001,12.401,683.2,"aalen_johansen/direct"
"linux","after","12406e3","crr",10000,"get_cat",2,9.88400000000001,"ok","","Unadjusted Aalen-Johansen estimates should only be drawn as step functions (steps=TRUE).",6.16899999999999,14.68,675.6,"aalen_johansen/direct"
"linux","after","12406e3","crr",10000,"get_cat",3,9.27399999999989,"ok","","Unadjusted Aalen-Johansen estimates should only be drawn as step functions (steps=TRUE).",5.81699999999998,12.628,675.6,"aalen_johansen/direct"
"linux","before","2e56cc6","crr",10000,"get_cat",1,67.174,"ok","","Unadjusted Aalen-Johansen estimates should only be drawn as step functions (steps=TRUE).",9.21299999999994,287.294,1215.9,"aalen_johansen/direct"
"linux","before","2e56cc6","crr",10000,"get_cat",2,74.75,"ok","","Unadjusted Aalen-Johansen estimates should only be drawn as step functions (steps=TRUE).",9.22499999999998,316.188,833.9,"aalen_johansen/direct"
"linux","before","2e56cc6","crr",10000,"get_cat",3,80.5720000000001,"ok","","Unadjusted Aalen-Johansen estimates should only be drawn as step functions (steps=TRUE).",10.6809999999999,343.35,689.6,"aalen_johansen/direct"
"linux","after","12406e3","crr",10000,"get_score",1,0.538999999999987,"ok","","",0.537999999999991,0,589.8,""
"linux","after","12406e3","crr",10000,"get_facet_diff",1,4.94900000000007,"ok","","Removed 2 rows containing missing values or values outside the scale range
(`geom_ribbon()`). | Removed 2 rows containing missing values or values outside the scale range
(`geom_step()`).",1.006,10.555,543.7,"unadj/direct"
"linux","after","12406e3","cox",10000,"get_rpa_mp1_mlr",1,6.79899999999998,"ok","","Loglik converged before variable  5 ; coefficient may be infinite. ",2.636,11.142,606.8,""
"linux","before","2e56cc6","cox",10000,"fit_hazard",1,0.0239999999998872,"ok","","",0.0239999999999867,0,370.6,""
"linux","before","2e56cc6","cox",10000,"fit_hazard",2,0.0219999999999345,"ok","","",0.0220000000000482,0,370.6,""
"linux","before","2e56cc6","cox",10000,"fit_hazard",3,0.0240000000001146,"ok","","",0.0249999999999773,0,370.6,""
"linux","after","12406e3","crr",10000,"get_eff_sub",1,0.6400000000001,"ok","","",0.635000000000027,0.00500000000001677,615.8,""
"linux","before","2e56cc6","cox",10000,"get_rpa_mp1_mlr",1,7.78700000000003,"ok","","",0.136999999999958,10.8569999999999,383.2,""
"linux","after","12406e3","crr",10000,"get_inter_abs",1,0.359000000000151,"ok","","",0.353999999999985,0,728.6,""
"linux","after","12406e3","cox",10000,"get_cat",1,4.72300000000018,"ok","","Unadjusted Kaplan-Meier estimates should only be drawn as step functions (steps=TRUE).",4.71499999999999,0.00800000000000267,925,"km/direct"
"linux","after","12406e3","cox",10000,"get_cat",2,4.23800000000006,"ok","","Unadjusted Kaplan-Meier estimates should only be drawn as step functions (steps=TRUE).",4.23100000000003,0.0069999999999979,996.8,"km/direct"
"linux","after","12406e3","cox",10000,"get_cat",3,4.35500000000002,"ok","","Unadjusted Kaplan-Meier estimates should only be drawn as step functions (steps=TRUE).",4.34699999999997,0.00799999999999557,956.2,"km/direct"
"linux","before","2e56cc6","crr",10000,"get_score",1,1.78399999999988,"ok","","",1.78400000000004,0,563.1,""
"linux","after","12406e3","cox",10000,"get_facet_diff",1,2.19399999999996,"ok","","Removed 5 rows containing missing values or values outside the scale range
(`geom_ribbon()`). | Removed 5 rows containing missing values or values outside the scale range
(`geom_step()`).",1.032,3.78699999999998,587.6,"unadj/direct"
"linux","after","12406e3","cox",10000,"get_inter_abs",1,0.408000000000129,"ok","","",0.406000000000024,0,701.3,""
"linux","before","2e56cc6","crr",10000,"get_facet_diff",1,5.10400000000004,"ok","","Removed 2 rows containing missing values or values outside the scale range
(`geom_ribbon()`). | Removed 2 rows containing missing values or values outside the scale range
(`geom_step()`).",1.06799999999996,38.04,518.5,"unadj/direct"
"linux","after","12406e3","crr",10000,"get_fit_stats_boot",1,1.04600000000005,"error","Fine-Gray fit is singular or did not converge.","",1.04599999999997,0,549.3,""
"linux","before","2e56cc6","cox",10000,"curve_direct",1,26.799,"ok","","",26.7949999999999,0,4126.6,"direct"
"linux","after","12406e3","cox",10000,"get_facet_serial",1,1.49000000000001,"ok","","",1.483,0.007000000000005,714.9,"direct"
"linux","after","12406e3","cox",10000,"get_eff_cat",1,0.498000000000047,"ok","","",0.361000000000006,0.294000000000011,542.4,""
"linux","after","12406e3","crr",10000,"get_facet_serial",1,3.61799999999994,"ok","","",1.57300000000002,4.24499999999998,714.9,"direct"
"linux","before","2e56cc6","crr",10000,"get_score_boot",1,18.7729999999999,"ok","","",18.772,0,2327.5,""
"linux","before","2e56cc6","cox",10000,"get_score_boot",1,0.83199999999988,"ok","","",0.83100000000011,0,1346.7,""
"linux","before","2e56cc6","cox",10000,"get_facet",1,1.77500000000009,"ok","","",0.547000000000033,3.73199999999977,688.3,"direct"
"linux","after","12406e3","cox",10000,"get_score",1,0.0889999999999418,"ok","","",0.0889999999999986,0,438.1,""
"linux","before","2e56cc6","cox",30000,"get_facet_diff",1,3.31999999999994,"ok","","Removed 4 rows containing missing values or values outside the scale range
(`geom_ribbon()`). | Removed 4 rows containing missing values or values outside the scale range
(`geom_step()`).",1.07199999999995,5.7350000000001,519.7,"unadj/direct"
"linux","before","2e56cc6","crr",30000,"get_facet_diff",1,20.7070000000001,"ok","","Removed 2 rows containing missing values or values outside the scale range
(`geom_ribbon()`). | Removed 2 rows containing missing values or values outside the scale range
(`geom_step()`).",1.53900000000007,190.734,524.3,"unadj/direct"
"linux","before","2e56cc6","cox",30000,"fit_hazard",1,0.0709999999999127,"ok","","",0.0719999999999672,0,423.9,""
"linux","before","2e56cc6","cox",30000,"fit_hazard",2,0.0669999999997799,"ok","","",0.0660000000000309,0,423.9,""
"linux","before","2e56cc6","cox",30000,"fit_hazard",3,0.0750000000000455,"ok","","",0.0749999999999318,0,423.9,""
"linux","before","2e56cc6","cox",30000,"curve_direct",1,127.816,"ok","","",127.782,0,11719.4,"direct"
"linux","after","12406e3","cox",30000,"get_rpa_mp2",1,3.84899999999993,"error","Cannot score the original cohort: non-finite scores for hazard consistency measurement.","Loglik converged before variable  5 ; coefficient may be infinite. ",3.84499999999997,0.00100000000000477,714.9,""
"linux","before","2e56cc6","crr",30000,"get_score",1,12.963,"ok","","",12.958,0,1545.7,""
"linux","after","12406e3","crr",30000,"get_facet",1,4.596,"ok","","",0.802999999999991,10.618,714.9,"direct"
"linux","after","12406e3","cox",30000,"get_fit_stats",1,0.114000000000033,"ok","","",0.112999999999994,0,454.9,""
"linux","before","2e56cc6","crr",30000,"get_inter",1,13.8539999999998,"ok","","",13.8530000000001,0,1097,""
"linux","after","12406e3","crr",30000,"get_facet_serial",1,4.75499999999988,"ok","","",2.53300000000004,8.94899999999998,715.1,"direct"
"linux","after","12406e3","crr",30000,"get_cat",1,43.3400000000001,"ok","","Unadjusted Aalen-Johansen estimates should only be drawn as step functions (steps=TRUE).",31.705,46.237,776,"aalen_johansen/direct"
"linux","after","12406e3","crr",30000,"get_cat",2,35.7130000000002,"ok","","Unadjusted Aalen-Johansen estimates should only be drawn as step functions (steps=TRUE).",25.223,41.629,801.5,"aalen_johansen/direct"
"linux","after","12406e3","crr",30000,"get_cat",3,44.797,"ok","","Unadjusted Aalen-Johansen estimates should only be drawn as step functions (steps=TRUE).",32.64,48.852,773,"aalen_johansen/direct"
"linux","before","2e56cc6","cox",30000,"get_inter_abs",1,0.58400000000006,"ok","","",0.581999999999994,0,1393.8,""
"linux","before","2e56cc6","cox",30000,"get_score_boot",1,2.28500000000031,"ok","","",2.283,0,1855.7,""
"linux","after","12406e3","cox",30000,"get_facet_diff",1,4.85799999999995,"ok","","Removed 4 rows containing missing values or values outside the scale range
(`geom_ribbon()`). | Removed 4 rows containing missing values or values outside the scale range
(`geom_step()`).",0.986999999999981,7.68600000000001,551.7,"unadj/direct"
"linux","after","12406e3","cox",30000,"get_rpa_mp1_mlr",1,20.6289999999999,"ok","","Loglik converged before variable  5 ; coefficient may be infinite. ",9.68299999999998,27.68,839,""
"linux","before","2e56cc6","cox",30000,"get_score",1,0.215000000000146,"ok","","",0.215000000000032,0,1003.6,""
"linux","after","12406e3","cox",30000,"get_rpa",1,41.587,"ok","","Unadjusted Kaplan-Meier estimates should only be drawn as step functions (steps=TRUE). | Removed 3 rows containing missing values or values outside the scale range
(`geom_ribbon()`). | Loglik converged before variable  17 ; coefficient may be infinite.  | Rare event 
 | `strip_label` is deprecated in plt_cat1(); use `strip_arg` instead. | Missing lower and/or upper limit on column6 row 34 | Duplicated aesthetics after name standardisation: p.value | Ignoring unknown parameters: `label.size`",41.577,0.00699999999997658,3609.8,""
"linux","before","2e56cc6","crr",30000,"curve_CSC",1,180.07665348053,"timeout","hard limit 180 s","",NA,NA,NA,""
"linux","after","12406e3","cox",30000,"get_eff",1,1.57199999999966,"ok","","",1.56600000000001,0.007000000000005,1712.4,""
"linux","after","12406e3","cox",30000,"get_eff",2,1.71599999999989,"ok","","",1.709,0.00700000000002632,1089.8,""
"linux","after","12406e3","cox",30000,"get_eff",3,2.1899999999996,"ok","","",2.18200000000002,0.00799999999998136,753.7,""
"linux","after","12406e3","crr",30000,"get_score",1,1.70000000000027,"ok","","",1.69900000000001,0,715.4,""
"linux","before","2e56cc6","crr",30000,"get_eff_sub",1,45.512,"ok","","Using formula(x) is deprecated when x is a character vector of length > 1.
  Consider formula(paste(x, collapse = "" "")) instead.",45.501,0.005,357.1,""
"linux","after","12406e3","cox",30000,"get_eff_sub",1,0.880000000000109,"ok","","",0.876999999999992,0.00499999999999545,700.8,""
"linux","after","12406e3","cox",30000,"curve_direct",1,9.71500000000015,"ok","","",9.71499999999997,0,1726.4,"direct"
"linux","before","2e56cc6","crr",30000,"get_eff",1,180.031052350998,"timeout","hard limit 180 s","",NA,NA,NA,""
"linux","after","12406e3","crr",30000,"get_cat_no_ci",1,21.8320000000003,"ok","","Unadjusted Aalen-Johansen estimates should only be drawn as step functions (steps=TRUE).",15.073,27.367,1086.8,"aalen_johansen/direct"
"linux","after","12406e3","crr",30000,"get_inter",1,0.68100000000004,"ok","","",0.680999999999983,0,738.9,""
"linux","after","12406e3","cox",30000,"get_inter",1,0.281999999999698,"ok","","",0.281000000000006,0,617.3,""
"linux","after","12406e3","crr",30000,"get_facet_diff",1,12.6570000000002,"ok","","Removed 2 rows containing missing values or values outside the scale range
(`geom_ribbon()`). | Removed 2 rows containing missing values or values outside the scale range
(`geom_step()`).",1.12599999999999,28.611,552.7,"unadj/direct"
"linux","before","2e56cc6","crr",30000,"get_cat",1,180.073363542557,"timeout","hard limit 180 s","",NA,NA,NA,""
"linux","before","2e56cc6","cox",30000,"get_rpa_mp2",1,81.341,"error","b9 In index: 1.
Caused by error in `if (const(t, min(1e-08, mean(t, na.rm = TRUE)/1e+06))) ...`:
! missing value where TRUE/FALSE needed","Loglik converged before variable  5 ; coefficient may be infinite. ",81.329,0,407.7,""
"linux","after","12406e3","crr",30000,"get_facet_diff_serial",1,11.1030000000001,"ok","","Unadjusted Aalen-Johansen estimates should only be drawn as step functions (steps=TRUE). | Removed 2 rows containing missing values or values outside the scale range
(`geom_ribbon()`). | Removed 2 rows containing missing values or values outside the scale range
(`geom_step()`).",2.73500000000004,33.86,683.4,"unadj/direct"
"linux","after","12406e3","cox",30000,"get_facet",1,2.36800000000039,"ok","","",0.518000000000004,4.55899999999995,616.3,"direct"
"linux","after","12406e3","cox",30000,"get_facet_serial",1,3.03699999999981,"ok","","",3.02999999999999,0.00600000000001444,683.5,"direct"
"linux","after","12406e3","crr",30000,"get_eff",1,25.0969999999998,"ok","","",25.0899999999999,0.007000000000005,768.4,""
"linux","after","12406e3","crr",30000,"get_eff",2,24.5210000000002,"ok","","",24.515,0.007000000000005,710.2,""
"linux","after","12406e3","crr",30000,"get_eff",3,22.4189999999999,"ok","","",22.4119999999999,0.00799999999998136,750.2,""
"linux","after","12406e3","cox",30000,"fit_hazard",1,0.0630000000001019,"ok","","",0.0629999999999882,0,414.5,""
"linux","after","12406e3","cox",30000,"fit_hazard",2,0.0650000000000546,"ok","","",0.0639999999999645,0,414.5,""
"linux","after","12406e3","cox",30000,"fit_hazard",3,0.0660000000002583,"ok","","",0.0659999999999172,0,414.5,""
"linux","after","12406e3","cox",30000,"get_score_boot",1,3.4989999999998,"ok","","",3.49700000000007,0,544.1,""
"linux","before","2e56cc6","cox",30000,"get_eff_cat",1,0.824000000000012,"ok","","`aes_()` was deprecated in ggplot2 3.0.0.
b9 Please use tidy evaluation idioms with `aes()`
b9 The deprecated feature was likely used in the ggplotify package.
  Please report the issue at
  <https://github.com/GuangchuangYu/ggplotify/issues>.",0.454000000000006,0.731,359.4,""
"linux","after","12406e3","cox",30000,"get_fit_stats_boot",1,0.547999999999774,"ok","","",0.164999999999999,0.700000000000017,454.9,""
"linux","after","12406e3","crr",30000,"get_inter_abs",1,1.12000000000035,"ok","","",1.11799999999992,0,705.7,""
"linux","before","2e56cc6","cox",30000,"get_rpa",1,180.394322395325,"timeout","hard limit 180 s","",NA,NA,NA,""
"linux","before","2e56cc6","crr",30000,"get_facet",1,53.838,"ok","","`aes_string()` was deprecated in ggplot2 3.0.0.
b9 Please use tidy evaluation idioms with `aes()`.
b9 See also `vignette(""ggplot2-in-packages"")` for more information.
b9 The deprecated feature was likely used in the RegR package.
  Please report the issue at <https://github.com/HUI950319/RegR/issues>. | The `size` argument of `element_rect()` is deprecated as of ggplot2 3.4.0.
b9 Please use the `linewidth` argument instead.
b9 The deprecated feature was likely used in the RegR package.
  Please report the issue at <https://github.com/HUI950319/RegR/issues>.",9.287,437.531,388.4,"direct"
"linux","before","2e56cc6","cox",30000,"get_eff",1,3.548,"ok","","",3.539,0.00900000000003587,561.4,""
"linux","before","2e56cc6","cox",30000,"get_eff",2,2.378,"ok","","",2.371,0.00699999999997303,542.3,""
"linux","before","2e56cc6","cox",30000,"get_eff",3,3.011,"ok","","",3.003,0.00799999999998136,534.3,""
"linux","before","2e56cc6","cox",30000,"get_facet",1,3.43900000000001,"ok","","",0.539999999999999,6.905,574.7,"direct"
"linux","before","2e56cc6","crr",30000,"get_inter_abs",1,180.387980461121,"timeout","hard limit 180 s","",NA,NA,NA,""
"linux","after","12406e3","cox",30000,"get_rpa_mp1_rr",1,18.2710000000002,"ok","","Loglik converged before variable  5 ; coefficient may be infinite. ",9.96899999999999,14.176,2245.9,""
"linux","before","2e56cc6","cox",30000,"get_eff_sub",1,0.936,"ok","","",0.926,0.005,355.7,""
"linux","before","2e56cc6","crr",30000,"get_score_boot",1,141.027,"ok","","",141.023,0,432.6,""
"linux","before","2e56cc6","cox",30000,"get_rpa_mp1_mlr",1,22.959,"ok","","",0.126000000000013,34.436,316.2,""
"linux","after","12406e3","cox",30000,"get_cat",1,8.53600000000006,"ok","","Unadjusted Kaplan-Meier estimates should only be drawn as step functions (steps=TRUE).",8.52999999999993,0.00699999999996237,1592.7,"km/direct"
"linux","after","12406e3","cox",30000,"get_cat",2,10.0179999999996,"ok","","Unadjusted Kaplan-Meier estimates should only be drawn as step functions (steps=TRUE).",10.0109999999999,0.0080000000000382,1880.6,"km/direct"
"linux","after","12406e3","cox",30000,"get_cat",3,10.288,"ok","","Unadjusted Kaplan-Meier estimates should only be drawn as step functions (steps=TRUE).",10.282,0.00599999999995759,1698.2,"km/direct"
"linux","after","12406e3","cox",30000,"get_cat_no_ci",1,3.20100000000002,"ok","","Unadjusted Kaplan-Meier estimates should only be drawn as step functions (steps=TRUE).",3.19500000000003,0.00699999999999079,1095.1,"km/direct"
"linux","after","12406e3","crr",30000,"get_eff_cat",1,10.7869999999998,"ok","","",0.368999999999986,11.666,551.3,""
"linux","after","12406e3","crr",30000,"get_fit_stats_boot",1,8.56899999999996,"error","Fine-Gray fit is singular or did not converge.","",8.56900000000005,0,665.8,""
"linux","before","2e56cc6","cox",30000,"get_inter",1,0.376000000000005,"ok","","",0.368000000000008,0,514.7,""
"linux","after","12406e3","crr",30000,"fit_hazard",1,10.078,"ok","","",10.078,0,637.2,""
"linux","after","12406e3","crr",30000,"fit_hazard",2,12.5929999999998,"ok","","",12.592,0,624.6,""
"linux","after","12406e3","crr",30000,"fit_hazard",3,8.60699999999997,"ok","","",8.60699999999997,0,676.7,""
"linux","before","2e56cc6","crr",30000,"get_eff_cat",1,13.443,"ok","","`aes_()` was deprecated in ggplot2 3.0.0.
b9 Please use tidy evaluation idioms with `aes()`
b9 The deprecated feature was likely used in the ggplotify package.
  Please report the issue at
  <https://github.com/GuangchuangYu/ggplotify/issues>.",0.425000000000009,25.252,461.7,""
"linux","after","12406e3","crr",30000,"curve_CSC",1,59.0619999999999,"ok","","",59.048,0,4073.6,"direct"
"linux","after","12406e3","crr",30000,"get_eff_sub",1,1.45299999999997,"ok","","",1.44900000000007,0.00499999999998124,1849.9,""
"linux","after","12406e3","crr",30000,"get_score_boot",1,18.3869999999997,"ok","","",18.385,0,1123.1,""
"linux","after","12406e3","crr",30000,"curve_direct",1,13.2689999999998,"ok","","",4.51599999999992,35.394,1015.3,"direct"
"linux","after","12406e3","crr",30000,"get_fit_stats",1,7.19299999999976,"error","Fine-Gray fit is singular or did not converge.","",7.19199999999998,0,665.5,""
"linux","before","2e56cc6","crr",30000,"curve_direct",1,180.200747728348,"timeout","hard limit 180 s","",NA,NA,NA,""
"linux","after","12406e3","cox",30000,"get_facet_diff_serial",1,4.97600000000011,"ok","","Unadjusted Kaplan-Meier estimates should only be drawn as step functions (steps=TRUE). | Removed 4 rows containing missing values or values outside the scale range
(`geom_ribbon()`). | Removed 4 rows containing missing values or values outside the scale range
(`geom_step()`).",4.97600000000004,0,810.1,"unadj/direct"
"linux","before","2e56cc6","cox",30000,"get_rpa_mp1_rr",1,40.759,"ok","","Loglik converged before variable  5 ; coefficient may be infinite. ",40.748,0,3072.1,""
"linux","after","12406e3","cox",30000,"get_score",1,0.233000000000175,"ok","","",0.233000000000061,0,583.9,""
"linux","after","12406e3","cox",30000,"get_eff_cat",1,0.586999999999534,"ok","","",0.373000000000026,0.449000000000012,546.9,""
"linux","before","2e56cc6","cox",30000,"get_cat",1,128.584,"ok","","Unadjusted Kaplan-Meier estimates should only be drawn as step functions (steps=TRUE).",128.532,0.007,13827,"km/direct"
"linux","before","2e56cc6","cox",30000,"get_cat",2,130.812,"ok","","Unadjusted Kaplan-Meier estimates should only be drawn as step functions (steps=TRUE).",130.777,0.007,11686.3,"km/direct"
"linux","before","2e56cc6","cox",30000,"get_cat",3,126.862,"ok","","Unadjusted Kaplan-Meier estimates should only be drawn as step functions (steps=TRUE).",126.825,0.007,11686.3,"km/direct"
"linux","before","2e56cc6","crr",30000,"fit_hazard",1,12.517,"ok","","",12.517,0,901.1,""
"linux","before","2e56cc6","crr",30000,"fit_hazard",2,12.602,"ok","","",12.602,0,897.8,""
"linux","before","2e56cc6","crr",30000,"fit_hazard",3,12.541,"ok","","",12.541,0,897.8,""
"linux","after","12406e3","cox",30000,"get_inter_abs",1,0.660000000000764,"ok","","",0.659999999999911,0,740.2,""
"linux","after","12406e3","cox",50000,"curve_direct",1,14.4300000000003,"ok","","",14.425,0,2406.1,"direct"
"linux","before","2e56cc6","cox",50000,"get_score_boot",1,4.04600000000005,"ok","","",4.04500000000002,0,1713.9,""
"linux","after","12406e3","crr",50000,"get_facet",1,6.7470000000003,"ok","","",1.14400000000007,14.923,1487.1,"direct"
"linux","after","12406e3","crr",50000,"get_cat",1,49.5,"ok","","Unadjusted Aalen-Johansen estimates should only be drawn as step functions (steps=TRUE).",31.7920000000001,70.867,936.6,"aalen_johansen/direct"
"linux","after","12406e3","crr",50000,"get_cat",2,54.4229999999998,"ok","","Unadjusted Aalen-Johansen estimates should only be drawn as step functions (steps=TRUE).",38.2159999999999,64.701,1004.4,"aalen_johansen/direct"
"linux","after","12406e3","crr",50000,"get_cat",3,50.9750000000004,"ok","","Unadjusted Aalen-Johansen estimates should only be drawn as step functions (steps=TRUE).",33.4069999999999,67.932,970.2,"aalen_johansen/direct"
"linux","before","2e56cc6","crr",50000,"get_inter_abs",1,180.050111293793,"timeout","hard limit 180 s","",NA,NA,NA,""
"linux","after","12406e3","crr",50000,"get_fit_stats",1,8.25500000000011,"error","Fine-Gray fit is singular or did not converge.","",8.25500000000009,0,791.5,""
"linux","after","12406e3","cox",50000,"get_eff_cat",1,0.662000000000262,"ok","","",0.350000000000101,0.658000000000058,549.5,""
"linux","after","12406e3","cox",50000,"get_eff_sub",1,0.891000000000531,"ok","","",0.88599999999991,0.00499999999991019,592.1,""
"linux","after","12406e3","cox",50000,"get_eff",1,3.28700000000026,"ok","","",3.27899999999995,0.00900000000008561,689.8,""
"linux","after","12406e3","cox",50000,"get_eff",2,3.96000000000004,"ok","","",3.95300000000005,0.00599999999997181,745.9,""
"linux","after","12406e3","cox",50000,"get_eff",3,3.21000000000004,"ok","","",3.20400000000006,0.00699999999999079,741.6,""
"linux","after","12406e3","cox",50000,"fit_hazard",1,0.104000000000269,"ok","","",0.103999999999928,0,455.2,""
"linux","after","12406e3","cox",50000,"fit_hazard",2,0.110000000000582,"ok","","",0.1099999999999,0,455.2,""
"linux","after","12406e3","cox",50000,"fit_hazard",3,0.104999999999563,"ok","","",0.105000000000018,0,455.2,""
"linux","before","2e56cc6","cox",50000,"get_score",1,1.033,"ok","","",1.033,0,311.2,""
"linux","after","12406e3","crr",50000,"get_eff_sub",1,4.75900000000001,"ok","","",4.75500000000009,0.00500000000002387,610.6,""
"linux","before","2e56cc6","crr",50000,"get_eff_sub",1,128.074,"ok","","Using formula(x) is deprecated when x is a character vector of length > 1.
  Consider formula(paste(x, collapse = "" "")) instead.",128.065,0.005,415.6,""
"linux","before","2e56cc6","crr",50000,"curve_direct",1,180.374831676483,"timeout","hard limit 180 s","",NA,NA,NA,""
"linux","after","12406e3","crr",50000,"get_score_boot",1,33.1869999999999,"ok","","",33.186,0,619.6,""
"linux","after","12406e3","crr",50000,"get_facet_diff",1,17.1350000000002,"ok","","Removed 2 rows containing missing values or values outside the scale range
(`geom_ribbon()`). | Removed 2 rows containing missing values or values outside the scale range
(`geom_step()`).",0.961000000000027,37.5989999999999,559.7,"unadj/direct"
"linux","before","2e56cc6","crr",50000,"get_score",1,36.768,"ok","","",36.768,0,602.3,""
"linux","before","2e56cc6","cox",50000,"get_rpa_mp1_rr",1,62.018,"ok","","Loglik converged before variable  5 ; coefficient may be infinite. ",61.995,0,5439.3,""
"linux","after","12406e3","cox",50000,"get_score_boot",1,4.66200000000026,"ok","","",4.65999999999998,0,586.4,""
"linux","before","2e56cc6","crr",50000,"curve_CSC",1,180.114157676697,"timeout","hard limit 180 s","",NA,NA,NA,""
"linux","before","2e56cc6","cox",50000,"get_rpa_mp1_mlr",1,41.019,"ok","","",0.135,61.463,299.8,""
"linux","after","12406e3","cox",50000,"get_score",1,0.374000000000706,"ok","","",0.372999999999934,0,576.7,""
"linux","after","12406e3","crr",50000,"get_fit_stats_boot",1,6.71799999999985,"error","Fine-Gray fit is singular or did not converge.","",6.71800000000004,0,803.5,""
"linux","before","2e56cc6","crr",50000,"get_inter",1,39.368,"ok","","",39.357,0,388.3,""
"linux","after","12406e3","cox",50000,"get_fit_stats_boot",1,0.760000000000218,"ok","","",0.218999999999987,0.945000000000036,530.9,""
"linux","after","12406e3","cox",50000,"get_rpa_mp2",1,5.80899999999929,"error","Cannot score the original cohort: non-finite scores for hazard consistency measurement.","Loglik converged before variable  5 ; coefficient may be infinite. ",5.80800000000009,0.000999999999990564,719.5,""
"linux","before","2e56cc6","cox",50000,"get_facet_diff",1,6.813,"ok","","Removed 4 rows containing missing values or values outside the scale range
(`geom_ribbon()`). | Removed 4 rows containing missing values or values outside the scale range
(`geom_step()`).",1.14899999999999,14.321,484.3,"unadj/direct"
"linux","before","2e56cc6","cox",50000,"get_eff_sub",1,1.499,"ok","","",1.494,0.0049999999999919,430.5,""
"linux","before","2e56cc6","cox",50000,"get_cat",1,180.024671554565,"timeout","hard limit 180 s","",NA,NA,NA,""
"linux","after","12406e3","cox",50000,"get_facet",1,3.29799999999977,"ok","","",0.628000000000057,6.53499999999994,670.2,"direct"
"linux","after","12406e3","crr",50000,"get_eff_cat",1,17.4680000000008,"ok","","",0.395000000000074,22.594,551.7,""
"linux","before","2e56cc6","crr",50000,"get_eff_cat",1,36.221,"ok","","`aes_()` was deprecated in ggplot2 3.0.0.
b9 Please use tidy evaluation idioms with `aes()`
b9 The deprecated feature was likely used in the ggplotify package.
  Please report the issue at
  <https://github.com/GuangchuangYu/ggplotify/issues>.",0.513,69.25,363.7,""
"linux","after","12406e3","cox",50000,"get_inter",1,0.347999999999956,"ok","","",0.346000000000039,0,667,""
"linux","after","12406e3","crr",50000,"get_score",1,3.37299999999959,"ok","","",3.37199999999993,0,752.1,""
"linux","before","2e56cc6","crr",50000,"get_facet_diff",1,48.971,"ok","","Removed 2 rows containing missing values or values outside the scale range
(`geom_ribbon()`). | Removed 2 rows containing missing values or values outside the scale range
(`geom_step()`).",1.082,478.741,482.5,"unadj/direct"
"linux","after","12406e3","crr",50000,"get_inter_abs",1,1.34699999999975,"ok","","",1.346,0,728.7,""
"linux","after","12406e3","crr",50000,"get_cat_no_ci",1,49.8980000000001,"ok","","Unadjusted Aalen-Johansen estimates should only be drawn as step functions (steps=TRUE).",33.038,67.5320000000001,986.5,"aalen_johansen/direct"
"linux","before","2e56cc6","cox",50000,"get_inter",1,0.774000000000001,"ok","","",0.76,0,507.7,""
"linux","before","2e56cc6","cox",50000,"get_eff",1,7.005,"ok","","",6.998,0.00700000000006185,747.4,""
"linux","before","2e56cc6","cox",50000,"get_eff",2,4.18299999999999,"ok","","",4.176,0.00699999999997125,677.3,""
"linux","before","2e56cc6","cox",50000,"get_eff",3,4.52499999999998,"ok","","",4.519,0.00699999999997303,717.5,""
"linux","before","2e56cc6","crr",50000,"fit_hazard",1,34.061,"ok","","",34.06,0,496,""
"linux","before","2e56cc6","crr",50000,"fit_hazard",2,33.935,"ok","","",33.935,0,493.1,""
"linux","before","2e56cc6","crr",50000,"fit_hazard",3,34.032,"ok","","",34.032,0,493.1,""
"linux","after","12406e3","cox",50000,"get_cat_no_ci",1,6.05799999999999,"ok","","Unadjusted Kaplan-Meier estimates should only be drawn as step functions (steps=TRUE).",6.05100000000014,0.00699999999999079,1220.2,"km/direct"
"linux","after","12406e3","crr",50000,"get_inter",1,0.818000000000211,"ok","","",0.815999999999995,0,790.9,""
"linux","after","12406e3","cox",50000,"get_facet_serial",1,4.41600000000017,"ok","","",4.40900000000011,0.00699999999997658,778.3,"direct"
"linux","after","12406e3","cox",50000,"get_facet_diff_serial",1,6.97000000000025,"ok","","Unadjusted Kaplan-Meier estimates should only be drawn as step functions (steps=TRUE). | Removed 4 rows containing missing values or values outside the scale range
(`geom_ribbon()`). | Removed 4 rows containing missing values or values outside the scale range
(`geom_step()`).",6.97000000000003,0,943.1,"unadj/direct"
"linux","before","2e56cc6","cox",50000,"get_inter_abs",1,1.56399999999996,"ok","","",1.56299999999998,0,678.4,""
"linux","after","12406e3","crr",50000,"fit_hazard",1,12.0240000000003,"ok","","",12.0239999999999,0,790.1,""
"linux","after","12406e3","crr",50000,"fit_hazard",2,9.92000000000007,"ok","","",9.91999999999985,0,872,""
"linux","after","12406e3","crr",50000,"fit_hazard",3,9.29799999999977,"ok","","",9.298,0,828.3,""
"linux","after","12406e3","cox",50000,"get_rpa_mp1_mlr",1,33.3410000000003,"ok","","Loglik converged before variable  5 ; coefficient may be infinite. ",14.583,46.5030000000001,979.7,""
"linux","before","2e56cc6","crr",50000,"get_eff",1,180.014911651611,"timeout","hard limit 180 s","",NA,NA,NA,""
"linux","before","2e56cc6","cox",50000,"get_eff_cat",1,1.224,"ok","","`aes_()` was deprecated in ggplot2 3.0.0.
b9 Please use tidy evaluation idioms with `aes()`
b9 The deprecated feature was likely used in the ggplotify package.
  Please report the issue at
  <https://github.com/GuangchuangYu/ggplotify/issues>.",0.497,1.214,363.7,""
"linux","after","12406e3","cox",50000,"get_rpa",1,90.8540000000003,"ok","","Unadjusted Kaplan-Meier estimates should only be drawn as step functions (steps=TRUE). | Removed 9 rows containing missing values or values outside the scale range
(`geom_ribbon()`). | Loglik converged before variable  2,12,13,24,25,26,42 ; coefficient may be infinite.  | Rare event 
 | `strip_label` is deprecated in plt_cat1(); use `strip_arg` instead. | Missing lower and/or upper limit on column6 row 44 | Missing lower and/or upper limit on column6 row 45 | Missing lower and/or upper limit on column6 row 46 | Missing lower and/or upper limit on column6 row 47 | Missing lower and/or upper limit on column6 row 48 | Missing lower and/or upper limit on column6 row 49 | Duplicated aesthetics after name standardisation: p.value | Ignoring unknown parameters: `label.size`",90.8419999999998,0.00699999999997658,8714.3,""
"linux","after","12406e3","crr",50000,"curve_direct",1,14.6080000000002,"ok","","",4.14199999999982,42.4609999999999,3795,"direct"
"linux","before","2e56cc6","cox",50000,"fit_hazard",1,0.140000000000001,"ok","","",0.14,0,307,""
"linux","before","2e56cc6","cox",50000,"fit_hazard",2,0.132000000000005,"ok","","",0.132000000000001,0,307.1,""
"linux","before","2e56cc6","cox",50000,"fit_hazard",3,0.144000000000005,"ok","","",0.143,0,307.1,""
"linux","after","12406e3","crr",50000,"get_facet_serial",1,8.28600000000006,"ok","","",3.48900000000007,20.511,2048.4,"direct"
"linux","before","2e56cc6","cox",50000,"get_facet",1,7.24000000000001,"ok","","`aes_string()` was deprecated in ggplot2 3.0.0.
b9 Please use tidy evaluation idioms with `aes()`.
b9 See also `vignette(""ggplot2-in-packages"")` for more information.
b9 The deprecated feature was likely used in the RegR package.
  Please report the issue at <https://github.com/HUI950319/RegR/issues>. | The `size` argument of `element_rect()` is deprecated as of ggplot2 3.4.0.
b9 Please use the `linewidth` argument instead.
b9 The deprecated feature was likely used in the RegR package.
  Please report the issue at <https://github.com/HUI950319/RegR/issues>.",0.984,15.052,489.6,"direct"
"linux","before","2e56cc6","cox",50000,"get_rpa_mp2",1,80.994,"error","b9 In index: 1.
Caused by error in `if (const(t, min(1e-08, mean(t, na.rm = TRUE)/1e+06))) ...`:
! missing value where TRUE/FALSE needed","Loglik converged before variable  5 ; coefficient may be infinite. ",80.978,0,532.6,""
"linux","before","2e56cc6","crr",50000,"get_score_boot",1,180.018754482269,"timeout","hard limit 180 s","",NA,NA,NA,""
"linux","after","12406e3","cox",50000,"get_inter_abs",1,0.795000000000073,"ok","","",0.793000000000212,0,1294.7,""
"linux","after","12406e3","cox",50000,"get_rpa_mp1_rr",1,24.134,"ok","","Loglik converged before variable  5 ; coefficient may be infinite. ",11.0140000000001,22.3230000000001,3474.9,""
"linux","after","12406e3","cox",50000,"get_fit_stats",1,0.175000000000182,"ok","","",0.175999999999817,0,519.5,""
"linux","after","12406e3","cox",50000,"get_facet_diff",1,3.40599999999995,"ok","","Removed 4 rows containing missing values or values outside the scale range
(`geom_ribbon()`). | Removed 4 rows containing missing values or values outside the scale range
(`geom_step()`).",1.09600000000011,6.87599999999995,559.8,"unadj/direct"
"linux","after","12406e3","crr",50000,"get_eff",1,20.8680000000004,"ok","","",20.8620000000001,0.00700000000003342,907.8,""
"linux","after","12406e3","crr",50000,"get_eff",2,23.1329999999998,"ok","","",23.1199999999999,0.00699999999994816,949.6,""
"linux","after","12406e3","crr",50000,"get_eff",3,27.9480000000003,"ok","","",27.9400000000001,0.00700000000009027,991.9,""
"linux","after","12406e3","cox",50000,"get_cat",1,15.0389999999998,"ok","","Unadjusted Kaplan-Meier estimates should only be drawn as step functions (steps=TRUE).",15.0330000000001,0.00600000000000023,2417.8,"km/direct"
"linux","after","12406e3","cox",50000,"get_cat",2,13.2890000000007,"ok","","Unadjusted Kaplan-Meier estimates should only be drawn as step functions (steps=TRUE).",13.2819999999999,0.00799999999992451,2544.2,"km/direct"
"linux","after","12406e3","cox",50000,"get_cat",3,12.5280000000002,"ok","","Unadjusted Kaplan-Meier estimates should only be drawn as step functions (steps=TRUE).",12.521,0.00599999999997181,2555.7,"km/direct"
"linux","before","2e56cc6","cox",50000,"curve_direct",1,180.235563516617,"timeout","hard limit 180 s","",NA,NA,NA,""
"linux","after","12406e3","crr",50000,"get_facet_diff_serial",1,12.768,"ok","","Unadjusted Aalen-Johansen estimates should only be drawn as step functions (steps=TRUE). | Removed 2 rows containing missing values or values outside the scale range
(`geom_ribbon()`). | Removed 2 rows containing missing values or values outside the scale range
(`geom_step()`).",2.86800000000001,41.1130000000001,1161.3,"unadj/direct"
"linux","before","2e56cc6","crr",50000,"get_facet",1,114.293,"ok","","`aes_string()` was deprecated in ggplot2 3.0.0.
b9 Please use tidy evaluation idioms with `aes()`.
b9 See also `vignette(""ggplot2-in-packages"")` for more information.
b9 The deprecated feature was likely used in the RegR package.
  Please report the issue at <https://github.com/HUI950319/RegR/issues>. | The `size` argument of `element_rect()` is deprecated as of ggplot2 3.4.0.
b9 Please use the `linewidth` argument instead.
b9 The deprecated feature was likely used in the RegR package.
  Please report the issue at <https://github.com/HUI950319/RegR/issues>.",24.322,871.975,497.7,"direct"
"linux","after","12406e3","crr",50000,"curve_CSC",1,79.1819999999998,"ok","","",79.1799999999998,0,6327.3,"direct"
"linux","before","2e56cc6","crr",50000,"get_cat",1,180.157652139664,"timeout","hard limit 180 s","",NA,NA,NA,""
"linux","before","2e56cc6","cox",50000,"get_rpa",1,180.420217752457,"timeout","hard limit 180 s","",NA,NA,NA,""
"linux","after","12406e3","cox",100000,"get_cat",1,43.1319999999996,"ok","","Unadjusted Kaplan-Meier estimates should only be drawn as step functions (steps=TRUE).",34.864,0.0100000000000477,4605.5,"km/direct"
"linux","after","12406e3","cox",100000,"get_cat",2,24.8720000000003,"ok","","Unadjusted Kaplan-Meier estimates should only be drawn as step functions (steps=TRUE).",24.7769999999999,0.00999999999996248,4154.9,"km/direct"
"linux","after","12406e3","cox",100000,"get_cat",3,25.5019999999995,"ok","","Unadjusted Kaplan-Meier estimates should only be drawn as step functions (steps=TRUE).",25.461,0.00900000000001455,4385.9,"km/direct"
"linux","before","2e56cc6","cox",100000,"fit_hazard",1,0.529,"ok","","",0.522,0,304.8,""
"linux","before","2e56cc6","cox",100000,"fit_hazard",2,0.251,"ok","","",0.25,0,305.3,""
"linux","before","2e56cc6","cox",100000,"fit_hazard",3,0.261000000000001,"ok","","",0.260000000000001,0,305.3,""
"linux","before","2e56cc6","crr",100000,"get_eff_cat",1,140.497,"ok","","`aes_()` was deprecated in ggplot2 3.0.0.
b9 Please use tidy evaluation idioms with `aes()`
b9 The deprecated feature was likely used in the ggplotify package.
  Please report the issue at
  <https://github.com/GuangchuangYu/ggplotify/issues>.",0.473,272.13,370.2,""
"linux","after","12406e3","cox",100000,"get_facet_diff_serial",1,6.70400000000063,"ok","","Unadjusted Kaplan-Meier estimates should only be drawn as step functions (steps=TRUE). | Removed 4 rows containing missing values or values outside the scale range
(`geom_ribbon()`). | Removed 4 rows containing missing values or values outside the scale range
(`geom_step()`).",6.37600000000003,0,2470.8,"unadj/direct"
"linux","after","12406e3","crr",100000,"curve_CSC",1,180.297171115875,"timeout","hard limit 180 s","",NA,NA,NA,""
"linux","before","2e56cc6","cox",100000,"get_score",1,1.63500000000005,"ok","","",1.635,0,420.9,""
"linux","after","12406e3","crr",100000,"get_inter_abs",1,4.783,"ok","","",4.648,0,703.5,""
"linux","after","12406e3","cox",100000,"curve_direct",1,29.044,"ok","","",29.033,0,3979.4,"direct"
"linux","after","12406e3","cox",100000,"get_facet_diff",1,5.97,"ok","","Removed 4 rows containing missing values or values outside the scale range
(`geom_ribbon()`). | Removed 4 rows containing missing values or values outside the scale range
(`geom_step()`).",1.104,10.814,934,"unadj/direct"
"linux","before","2e56cc6","cox",100000,"get_inter",1,0.629000000000019,"ok","","At least one exposure is preventive. See Knol et al. (2011).",0.612000000000001,0,599,""
"linux","after","12406e3","cox",100000,"get_score",1,0.813000000000002,"ok","","",0.812999999999999,0,1025.8,""
"linux","after","12406e3","cox",100000,"get_eff_cat",1,0.822000000000003,"ok","","",0.355,0.929,486.8,""
"linux","before","2e56cc6","cox",100000,"get_rpa_mp1_mlr",1,73.703,"ok","","",0.0609999999999998,107.156,324,""
"linux","after","12406e3","crr",100000,"get_cat_no_ci",1,99.793,"ok","","Unadjusted Aalen-Johansen estimates should only be drawn as step functions (steps=TRUE).",74.865,99.132,1366.8,"aalen_johansen/direct"
"linux","before","2e56cc6","cox",100000,"get_cat",1,180.139092683792,"timeout","hard limit 180 s","",NA,NA,NA,""
"linux","after","12406e3","crr",100000,"get_eff_sub",1,7.15299999999996,"ok","","",7.14700000000001,0.00600000000000023,796.9,""
"linux","after","12406e3","cox",100000,"fit_hazard",1,0.232000000000028,"ok","","",0.231999999999999,0,511.6,""
"linux","after","12406e3","cox",100000,"fit_hazard",2,0.251999999999953,"ok","","",0.253,0,511.6,""
"linux","after","12406e3","cox",100000,"fit_hazard",3,0.241999999999962,"ok","","",0.242000000000004,0,511.6,""
"linux","after","12406e3","crr",100000,"curve_direct",1,59.31,"ok","","",34.151,100.859,1214.5,"direct"
"linux","before","2e56cc6","cox",100000,"get_facet_diff",1,9.536,"ok","","Removed 4 rows containing missing values or values outside the scale range
(`geom_ribbon()`). | Removed 4 rows containing missing values or values outside the scale range
(`geom_step()`).",1.158,19.898,388.3,"unadj/direct"
"linux","after","12406e3","cox",100000,"get_eff",1,5.62099999999998,"ok","","",5.615,0.00699999999999967,875.6,""
"linux","after","12406e3","cox",100000,"get_eff",2,6.48399999999992,"ok","","",6.477,0.00700000000000145,893.4,""
"linux","after","12406e3","cox",100000,"get_eff",3,6.202,"ok","","",6.196,0.00699999999999434,785.5,""
"linux","after","12406e3","crr",100000,"get_facet",1,17.2950000000001,"ok","","`aes_string()` was deprecated in ggplot2 3.0.0.
b9 Please use tidy evaluation idioms with `aes()`.
b9 See also `vignette(""ggplot2-in-packages"")` for more information.
b9 The deprecated feature was likely used in the RegR package.
  Please report the issue at <https://github.com/HUI950319/RegR/issues>. | The `size` argument of `element_rect()` is deprecated as of ggplot2 3.4.0.
b9 Please use the `linewidth` argument instead.
b9 The deprecated feature was likely used in the RegR package.
  Please report the issue at <https://github.com/HUI950319/RegR/issues>.",2.69499999999998,35.212,932.3,"direct"
"linux","after","12406e3","cox",100000,"get_rpa_mp1_mlr",1,71.773,"ok","","Loglik converged before variable  5 ; coefficient may be infinite. ",33.161,97.278,1641.5,""
"linux","before","2e56cc6","cox",100000,"get_eff_sub",1,2.86199999999999,"ok","","At least one exposure is preventive. See Knol et al. (2011).",2.855,0.00499999999999901,442.3,""
"linux","before","2e56cc6","cox",100000,"curve_direct",1,180.242017030716,"timeout","hard limit 180 s","",NA,NA,NA,""
"linux","before","2e56cc6","crr",100000,"get_score_boot",1,180.020545721054,"timeout","hard limit 180 s","",NA,NA,NA,""
"linux","before","2e56cc6","crr",100000,"curve_direct",1,180.162424564362,"timeout","hard limit 180 s","",NA,NA,NA,""
"linux","before","2e56cc6","cox",100000,"get_inter_abs",1,3.414,"ok","","",3.391,0,744.7,""
"linux","before","2e56cc6","crr",100000,"get_cat",1,180.421555280685,"timeout","hard limit 180 s","",NA,NA,NA,""
"linux","after","12406e3","cox",100000,"get_inter",1,0.452999999999975,"ok","","At least one exposure is preventive. See Knol et al. (2011).",0.451000000000015,0,724.2,""
"linux","before","2e56cc6","cox",100000,"get_facet",1,11.127,"ok","","`aes_string()` was deprecated in ggplot2 3.0.0.
b9 Please use tidy evaluation idioms with `aes()`.
b9 See also `vignette(""ggplot2-in-packages"")` for more information.
b9 The deprecated feature was likely used in the RegR package.
  Please report the issue at <https://github.com/HUI950319/RegR/issues>. | The `size` argument of `element_rect()` is deprecated as of ggplot2 3.4.0.
b9 Please use the `linewidth` argument instead.
b9 The deprecated feature was likely used in the RegR package.
  Please report the issue at <https://github.com/HUI950319/RegR/issues>.",1.463,22.136,524.7,"direct"
"linux","after","12406e3","cox",100000,"get_fit_stats",1,0.317000000000007,"ok","","",0.316000000000003,0,612.3,""
"linux","after","12406e3","crr",100000,"get_cat",1,98.4459999999999,"ok","","Unadjusted Aalen-Johansen estimates should only be drawn as step functions (steps=TRUE).",73.309,100.398,1355.4,"aalen_johansen/direct"
"linux","after","12406e3","crr",100000,"get_cat",2,100.893,"ok","","Unadjusted Aalen-Johansen estimates should only be drawn as step functions (steps=TRUE).",76.38,97.695,1383.6,"aalen_johansen/direct"
"linux","after","12406e3","crr",100000,"get_cat",3,103.701,"ok","","Unadjusted Aalen-Johansen estimates should only be drawn as step functions (steps=TRUE).",75.68,111.69,1390.1,"aalen_johansen/direct"
"linux","after","12406e3","crr",100000,"get_inter",1,1.79000000000019,"ok","","",1.78799999999995,0,912.6,""
"linux","before","2e56cc6","crr",100000,"get_inter_abs",1,180.123323440552,"timeout","hard limit 180 s","",NA,NA,NA,""
"linux","before","2e56cc6","cox",100000,"get_eff",1,9.118,"ok","","",9.107,0.006,912,""
"linux","before","2e56cc6","cox",100000,"get_eff",2,7.006,"ok","","",7,0.006,824.4,""
"linux","before","2e56cc6","cox",100000,"get_eff",3,7.529,"ok","","",7.518,0.007,935.3,""
"linux","before","2e56cc6","cox",100000,"get_rpa_mp1_rr",1,114.821,"ok","","Loglik converged before variable  5 ; coefficient may be infinite. ",114.748,0,10104.9,""
"linux","after","12406e3","crr",100000,"get_facet_serial",1,13.4120000000003,"ok","","",6.328,28.0890000000001,929.4,"direct"
"linux","before","2e56cc6","crr",100000,"fit_hazard",1,137.523,"ok","","",137.523,0,899.9,""
"linux","before","2e56cc6","crr",100000,"fit_hazard",2,142.294,"ok","","",142.293,0,896.6,""
"linux","before","2e56cc6","crr",100000,"fit_hazard",3,145.835,"ok","","",145.834,0,896.6,""
"linux","after","12406e3","crr",100000,"fit_hazard",1,39.7329999999997,"ok","","",39.714,0,1103.9,""
"linux","after","12406e3","crr",100000,"fit_hazard",2,20.2820000000002,"ok","","",20.27,0,1235.6,""
"linux","after","12406e3","crr",100000,"fit_hazard",3,36.145,"ok","","",36.11,0,1161.3,""
"linux","after","12406e3","crr",100000,"get_fit_stats_boot",1,25.6409999999996,"error","Fine-Gray fit is singular or did not converge.","",25.624,0,1101.3,""
"linux","after","12406e3","crr",100000,"get_score",1,6.51500000000033,"ok","","",6.51500000000004,0,956,""
"linux","before","2e56cc6","crr",100000,"get_score",1,147.39,"ok","","",147.39,0,1023.7,""
"linux","after","12406e3","cox",100000,"get_eff_sub",1,1.78500000000031,"ok","","At least one exposure is preventive. See Knol et al. (2011).",1.77999999999997,0.00499999999999545,623.2,""
"linux","after","12406e3","cox",100000,"get_rpa_mp2",1,12.922,"error","Cannot score the original cohort: non-finite scores for hazard consistency measurement.","Loglik converged before variable  5 ; coefficient may be infinite. ",12.915,0.000999999999976353,643.7,""
"linux","after","12406e3","cox",100000,"get_rpa",1,180.058183193207,"timeout","hard limit 180 s","",NA,NA,NA,""
"linux","before","2e56cc6","crr",100000,"get_eff",1,180.368680953979,"timeout","hard limit 180 s","",NA,NA,NA,""
"linux","before","2e56cc6","crr",100000,"get_facet",1,180.369753837585,"timeout","hard limit 180 s","",NA,NA,NA,""
"linux","before","2e56cc6","cox",100000,"get_score_boot",1,12.885,"ok","","",12.882,0,443.4,""
"linux","after","12406e3","cox",100000,"get_rpa_mp1_rr",1,50.713,"ok","","Loglik converged before variable  5 ; coefficient may be infinite. ",22.947,43.758,6426,""
"linux","after","12406e3","crr",100000,"get_eff_cat",1,16.865,"ok","","`aes_()` was deprecated in ggplot2 3.0.0.
b9 Please use tidy evaluation idioms with `aes()`
b9 The deprecated feature was likely used in the ggplotify package.
  Please report the issue at
  <https://github.com/GuangchuangYu/ggplotify/issues>.",0.602999999999999,21.402,372.3,""
"linux","after","12406e3","crr",100000,"get_facet_diff",1,27.858,"ok","","Removed 2 rows containing missing values or values outside the scale range
(`geom_ribbon()`). | Removed 2 rows containing missing values or values outside the scale range
(`geom_step()`).",1.102,61.928,531.9,"unadj/direct"
"linux","after","12406e3","cox",100000,"get_facet",1,3.84100000000001,"ok","","`aes_string()` was deprecated in ggplot2 3.0.0.
b9 Please use tidy evaluation idioms with `aes()`.
b9 See also `vignette(""ggplot2-in-packages"")` for more information.
b9 The deprecated feature was likely used in the RegR package.
  Please report the issue at <https://github.com/HUI950319/RegR/issues>. | The `size` argument of `element_rect()` is deprecated as of ggplot2 3.4.0.
b9 Please use the `linewidth` argument instead.
b9 The deprecated feature was likely used in the RegR package.
  Please report the issue at <https://github.com/HUI950319/RegR/issues>.",0.823999999999998,7.90900000000001,752.5,"direct"
"linux","after","12406e3","cox",100000,"get_fit_stats_boot",1,1.82000000000001,"ok","","",0.452999999999999,3.49999999999999,631.1,""
"linux","after","12406e3","cox",100000,"get_facet_serial",1,9.62899999999999,"ok","","",9.618,0.007000000000005,820.1,"direct"
"linux","after","12406e3","crr",100000,"get_score_boot",1,69.663,"ok","","",69.66,0,799.5,""
"linux","before","2e56cc6","cox",100000,"get_eff_cat",1,1.22900000000001,"ok","","`aes_()` was deprecated in ggplot2 3.0.0.
b9 Please use tidy evaluation idioms with `aes()`
b9 The deprecated feature was likely used in the ggplotify package.
  Please report the issue at
  <https://github.com/GuangchuangYu/ggplotify/issues>.",0.5,1.424,371.2,""
"linux","after","12406e3","crr",100000,"get_fit_stats",1,26.678,"error","Fine-Gray fit is singular or did not converge.","",26.666,0,1078.6,""
"linux","before","2e56cc6","crr",100000,"get_inter",1,173.363,"ok","","",173.339,0,605.7,""
"linux","after","12406e3","crr",100000,"get_facet_diff_serial",1,23.806,"ok","","Unadjusted Aalen-Johansen estimates should only be drawn as step functions (steps=TRUE). | Removed 2 rows containing missing values or values outside the scale range
(`geom_ribbon()`). | Removed 2 rows containing missing values or values outside the scale range
(`geom_step()`).",2.76500000000001,82.747,844.3,"unadj/direct"
"linux","before","2e56cc6","crr",100000,"curve_CSC",1,180.216640949249,"timeout","hard limit 180 s","",NA,NA,NA,""
"linux","after","12406e3","crr",100000,"get_eff",1,78.245,"ok","","",78.229,0.00999999999999091,1329.6,""
"linux","after","12406e3","crr",100000,"get_eff",2,77.41,"ok","","",77.357,0.00899999999998613,1219.7,""
"linux","after","12406e3","crr",100000,"get_eff",3,50.755,"ok","","",50.745,0.0100000000000122,1315.9,""
"linux","before","2e56cc6","crr",100000,"get_facet_diff",1,180.132047653198,"timeout","hard limit 180 s","",NA,NA,NA,""
"linux","before","2e56cc6","crr",100000,"get_eff_sub",1,180.487215280533,"timeout","hard limit 180 s","",NA,NA,NA,""
"linux","before","2e56cc6","cox",100000,"get_rpa_mp2",1,96.335,"error","b9 In index: 1.
Caused by error in `if (const(t, min(1e-08, mean(t, na.rm = TRUE)/1e+06))) ...`:
! missing value where TRUE/FALSE needed","Loglik converged before variable  5 ; coefficient may be infinite. ",96.323,0,431,""
"linux","after","12406e3","cox",100000,"get_cat_no_ci",1,12.8529999999998,"ok","","Unadjusted Kaplan-Meier estimates should only be drawn as step functions (steps=TRUE).",12.836,0.007000000000005,2054.7,"km/direct"
"linux","after","12406e3","cox",100000,"get_inter_abs",1,1.97199999999998,"ok","","",1.96500000000002,0,1104.6,""
"linux","before","2e56cc6","cox",100000,"get_rpa",1,180.167171955109,"timeout","hard limit 180 s","",NA,NA,NA,""
"linux","after","12406e3","cox",100000,"get_score_boot",1,13.279,"ok","","",13.277,0,623.2,""
"linux","after","12406e3","crr",5000,"get_fit_stats_simple",1,0.107,"ok",NA,"",0.105,0,272.2,NA
"linux","after","12406e3","cox",5000,"get_fit_stats_simple_boot",1,0.129,"ok",NA,"",0.044,0.257,250.4,NA
"linux","after","12406e3","cox",5000,"get_fit_stats_simple",1,0.0199999999999996,"ok",NA,"",0.016,0,246.9,NA
"linux","before","2e56cc6","cox",5000,"get_rpa_mp2_raw",1,0.828,"ok",NA,"Loglik converged before variable  5 ; coefficient may be infinite.  | There were 2 warnings in `dplyr::mutate()`.
The first warning was:
b9 In argument: `dplyr::across(...)`.
Caused by warning:
! NAs introduced by coercion to integer range
b9 Run `dplyr::last_dplyr_warnings()` to see the 1 remaining warning.",0.818,0,372.3,NA
"linux","after","12406e3","cox",5000,"get_rpa_mp2_raw",1,0.789,"ok",NA,"Loglik converged before variable  5 ; coefficient may be infinite.  | Non-finite scores in the original cohort; affected rankings are not estimable.",0.779,0,388.4,NA
"linux","after","12406e3","crr",5000,"get_fit_stats_simple_boot",1,0.833,"ok",NA,"",0.0830000000000001,0.494,296.5,NA
"linux","after","12406e3","cox",10000,"get_fit_stats_simple_boot",1,0.158999999999999,"ok",NA,"",0.0459999999999994,0.212,269.7,NA
"linux","after","12406e3","cox",10000,"get_fit_stats_simple",1,0.0250000000000004,"ok",NA,"",0.0249999999999995,0,268.7,NA
"linux","after","12406e3","cox",10000,"get_rpa_mp2_raw",1,1.29,"ok",NA,"Loglik converged before variable  5 ; coefficient may be infinite.  | Non-finite scores in the original cohort; affected rankings are not estimable.",1.29,0,388.4,NA
"linux","after","12406e3","crr",10000,"get_fit_stats_simple",1,0.401,"ok",NA,"",0.400000000000001,0,315,NA
"linux","before","2e56cc6","cox",10000,"get_rpa_mp2_raw",1,1.305,"ok",NA,"Loglik converged before variable  5 ; coefficient may be infinite.  | There were 2 warnings in `dplyr::mutate()`.
The first warning was:
b9 In argument: `dplyr::across(...)`.
Caused by warning:
! NAs introduced by coercion to integer range
b9 Run `dplyr::last_dplyr_warnings()` to see the 1 remaining warning.",1.304,0,388.4,NA
"linux","after","12406e3","crr",10000,"get_fit_stats_simple_boot",1,1.133,"ok",NA,"",0.118999999999999,1.869,315.5,NA
"linux","after","12406e3","cox",30000,"get_rpa_mp2_raw",1,3.742,"ok",NA,"Loglik converged before variable  5 ; coefficient may be infinite.  | Non-finite scores in the original cohort; affected rankings are not estimable.",3.741,0,407.7,NA
"linux","after","12406e3","cox",30000,"get_fit_stats_simple",1,0.0599999999999987,"ok",NA,"",0.0599999999999983,0,312.7,NA
"linux","before","2e56cc6","cox",30000,"get_rpa_mp2_raw",1,4.162,"ok",NA,"Loglik converged before variable  5 ; coefficient may be infinite.  | There were 2 warnings in `dplyr::mutate()`.
The first warning was:
b9 In argument: `dplyr::across(...)`.
Caused by warning:
! NAs introduced by coercion to integer range
b9 Run `dplyr::last_dplyr_warnings()` to see the 1 remaining warning.",4.162,0,389.2,NA
"linux","after","12406e3","crr",30000,"get_fit_stats_simple",1,0.765000000000001,"ok",NA,"",0.765000000000001,0,338.1,NA
"linux","after","12406e3","crr",30000,"get_fit_stats_simple_boot",1,4.047,"ok",NA,"",0.338,5.117,338.4,NA
"linux","after","12406e3","cox",30000,"get_fit_stats_simple_boot",1,0.335000000000001,"ok",NA,"",0.0749999999999984,0.446999999999999,313.8,NA
"linux","after","12406e3","cox",50000,"get_fit_stats_simple_boot",1,0.542000000000002,"ok",NA,"",0.140000000000002,0.617000000000002,339,NA
"linux","after","12406e3","crr",50000,"get_fit_stats_simple",1,1.26600000000001,"ok",NA,"",1.265,0,399.9,NA
"linux","before","2e56cc6","cox",50000,"get_rpa_mp2_raw",1,6.305,"ok",NA,"Loglik converged before variable  5 ; coefficient may be infinite.  | There were 2 warnings in `dplyr::mutate()`.
The first warning was:
b9 In argument: `dplyr::across(...)`.
Caused by warning:
! NAs introduced by coercion to integer range
b9 Run `dplyr::last_dplyr_warnings()` to see the 1 remaining warning.",6.306,0,408.4,NA
"linux","after","12406e3","crr",50000,"get_fit_stats_simple_boot",1,5.69,"ok",NA,"",0.94,7.433,393.1,NA
"linux","after","12406e3","cox",50000,"get_fit_stats_simple",1,0.0999999999999943,"ok",NA,"",0.101,0,357.8,NA
"linux","after","12406e3","cox",50000,"get_rpa_mp2_raw",1,6.186,"ok",NA,"Loglik converged before variable  5 ; coefficient may be infinite.  | Non-finite scores in the original cohort; affected rankings are not estimable.",6.187,0,484.9,NA
"linux","after","12406e3","crr",100000,"get_fit_stats_simple",1,2.10300000000001,"ok",NA,"",2.10200000000001,0,554.6,NA
"linux","after","12406e3","crr",100000,"get_fit_stats_simple_boot",1,9.52199999999999,"ok",NA,"",1.739,11.459,529.2,NA
"linux","after","12406e3","cox",100000,"get_rpa_mp2_raw",1,12.449,"ok",NA,"Loglik converged before variable  5 ; coefficient may be infinite.  | Non-finite scores in the original cohort; affected rankings are not estimable.",12.447,0,586.4,NA
"linux","after","12406e3","cox",100000,"get_fit_stats_simple_boot",1,1.304,"ok",NA,"",0.220999999999995,1.73399999999999,369.7,NA
"linux","after","12406e3","cox",100000,"get_fit_stats_simple",1,0.203000000000003,"ok",NA,"",0.203000000000002,0,368.9,NA
"linux","before","2e56cc6","cox",100000,"get_rpa_mp2_raw",1,14.048,"ok",NA,"Loglik converged before variable  5 ; coefficient may be infinite.  | There were 2 warnings in `dplyr::mutate()`.
The first warning was:
b9 In argument: `dplyr::across(...)`.
Caused by warning:
! NAs introduced by coercion to integer range
b9 Run `dplyr::last_dplyr_warnings()` to see the 1 remaining warning.",14.041,0,546.2,NA
"linux","latest","ea06c28","cox",5000,"get_score_all_boot",1,1.089,"ok","",NA,1.084,0,379.1,NA
"linux","latest","ea06c28","crr",5000,"get_score_boot",1,3.078,"ok","",NA,3.077,0,341.3,NA
"linux","latest","ea06c28","cox",5000,"get_fit_stats",1,0.0229999999999997,"ok","",NA,0.0229999999999997,0,274.4,NA
"linux","latest","ea06c28","cox",5000,"get_score",1,0.0890000000000004,"ok","",NA,0.0890000000000004,0,336.9,NA
"linux","latest","ea06c28","cox",5000,"get_fit_stats_simple_boot",1,0.135,"ok","",NA,0.0459999999999998,0.163,271.2,NA
"linux","latest","ea06c28","crr",5000,"get_fit_stats_boot",1,0.988,"error","Fine-Gray fit is singular or did not converge.",NA,0.984,0,324.6,NA
"linux","latest","ea06c28","cox",5000,"get_fit_stats_boot",1,0.145000000000001,"ok","",NA,0.039000000000001,0.178,277.7,NA
"linux","latest","ea06c28","crr",5000,"get_score",1,0.307,"ok","",NA,0.308,0,360.2,NA
"linux","latest","ea06c28","crr",5000,"get_score_all",1,0.296999999999999,"ok","",NA,0.296000000000001,0,362.1,NA
"linux","latest","ea06c28","crr",5000,"get_score_all_boot",1,3.075,"ok","",NA,3.074,0,364.1,NA
"linux","latest","ea06c28","crr",5000,"get_fit_stats",1,0.615000000000002,"error","Fine-Gray fit is singular or did not converge.",NA,0.615999999999999,0,348.4,NA
"linux","latest","ea06c28","cox",5000,"get_score_boot",1,0.605,"ok","",NA,0.604000000000002,0,387.4,NA
"linux","latest","ea06c28","cox",5000,"get_score_all",1,0.0859999999999985,"ok","",NA,0.0859999999999985,0,343,NA
"linux","latest","ea06c28","cox",5000,"get_fit_stats_simple",1,0.0159999999999982,"ok","",NA,0.0160000000000018,0,271.3,NA
"linux","latest","ea06c28","crr",5000,"get_fit_stats_simple",1,0.0600000000000023,"ok","",NA,0.0600000000000023,0,353.1,NA
"linux","latest","ea06c28","crr",5000,"get_fit_stats_simple_boot",1,0.359999999999999,"ok","",NA,0.0770000000000022,0.487,353.1,NA
"linux","latest","ea06c28","crr",10000,"get_score_all",1,0.639000000000003,"ok","",NA,0.638999999999999,0,384.9,NA
"linux","latest","ea06c28","cox",10000,"get_score_all",1,0.128,"ok","",NA,0.127999999999999,0,379.6,NA
"linux","latest","ea06c28","crr",10000,"get_score_all_boot",1,6.383,"ok","",NA,6.383,0,386.1,NA
"linux","latest","ea06c28","crr",10000,"get_fit_stats",1,2.351,"error","Fine-Gray fit is singular or did not converge.",NA,2.351,0,376.3,NA
"linux","latest","ea06c28","crr",10000,"get_fit_stats_simple_boot",1,0.622999999999998,"ok","",NA,0.123000000000001,0.835,378.6,NA
"linux","latest","ea06c28","cox",10000,"get_fit_stats_simple",1,0.0279999999999987,"ok","",NA,0.0280000000000009,0,282.8,NA
"linux","latest","ea06c28","cox",10000,"get_fit_stats_boot",1,0.232999999999997,"ok","",NA,0.0709999999999993,0.422,294.2,NA
"linux","latest","ea06c28","cox",10000,"get_score",1,0.138999999999996,"ok","",NA,0.138,0,374.8,NA
"linux","latest","ea06c28","crr",10000,"get_fit_stats_boot",1,2.11,"error","Fine-Gray fit is singular or did not converge.",NA,2.11,0,376.3,NA
"linux","latest","ea06c28","cox",10000,"get_fit_stats",1,0.036999999999999,"ok","",NA,0.036999999999999,0,293.7,NA
"linux","latest","ea06c28","cox",10000,"get_fit_stats_simple_boot",1,0.158999999999999,"ok","",NA,0.0459999999999963,0.196,284.4,NA
"linux","latest","ea06c28","cox",10000,"get_score_all_boot",1,1.03,"ok","",NA,1.029,0,414.1,NA
"linux","latest","ea06c28","crr",10000,"get_score_boot",1,6.076,"ok","",NA,6.075,0,413.4,NA
"linux","latest","ea06c28","crr",10000,"get_score",1,0.580000000000005,"ok","",NA,0.579999999999998,0,404.7,NA
"linux","latest","ea06c28","cox",10000,"get_score_boot",1,0.949000000000005,"ok","",NA,0.946999999999996,0,413.6,NA
"linux","latest","ea06c28","crr",10000,"get_fit_stats_simple",1,0.0830000000000055,"ok","",NA,0.0829999999999984,0,378.6,NA
"linux","latest","ea06c28","crr",30000,"get_fit_stats_boot",1,7.24900000000001,"error","Fine-Gray fit is singular or did not converge.",NA,7.249,0,529.2,NA
"linux","latest","ea06c28","crr",30000,"get_score",1,1.97,"ok","",NA,1.97000000000001,0,514.8,NA
"linux","latest","ea06c28","crr",30000,"get_score_boot",1,20.066,"ok","",NA,20.055,0,444.3,NA
"linux","latest","ea06c28","cox",30000,"get_score_boot",1,3.128,"ok","",NA,3.12699999999999,0,440,NA
"linux","latest","ea06c28","cox",30000,"get_fit_stats_boot",1,0.519000000000005,"ok","",NA,0.13499999999999,0.68,362.2,NA
"linux","latest","ea06c28","cox",30000,"get_score",1,0.295000000000002,"ok","",NA,0.295000000000005,0,441.7,NA
"linux","latest","ea06c28","cox",30000,"get_fit_stats",1,0.115000000000009,"ok","",NA,0.116000000000004,0,361.3,NA
"linux","latest","ea06c28","cox",30000,"get_score_all_boot",1,2.90300000000001,"ok","",NA,2.90199999999999,0,445.3,NA
"linux","latest","ea06c28","crr",30000,"get_fit_stats",1,6.75500000000001,"error","Fine-Gray fit is singular or did not converge.",NA,6.748,0,578.7,NA
"linux","latest","ea06c28","crr",30000,"get_score_all",1,2.259,"ok","",NA,2.248,0,525.1,NA
"linux","latest","ea06c28","crr",30000,"get_fit_stats_simple_boot",1,3.19800000000001,"ok","",NA,0.315999999999992,7.333,392,NA
"linux","latest","ea06c28","cox",30000,"get_fit_stats_simple",1,0.0739999999999981,"ok","",NA,0.0739999999999883,0,330.1,NA
"linux","latest","ea06c28","crr",30000,"get_fit_stats_simple",1,0.280999999999992,"ok","",NA,0.281000000000001,0,392,NA
"linux","latest","ea06c28","crr",30000,"get_score_all_boot",1,21.446,"ok","",NA,21.435,0,465.5,NA
"linux","latest","ea06c28","cox",30000,"get_fit_stats_simple_boot",1,0.420000000000016,"ok","",NA,0.0819999999999834,0.822,331.1,NA
"linux","latest","ea06c28","cox",30000,"get_score_all",1,0.324999999999989,"ok","",NA,0.324000000000011,0,461.3,NA
"linux","latest","ea06c28","cox",50000,"get_score",1,0.431999999999988,"ok","",NA,0.433000000000002,0,459.9,NA
"linux","latest","ea06c28","cox",50000,"get_fit_stats_boot",1,0.818999999999988,"ok","",NA,0.207000000000001,1.579,430.4,NA
"linux","latest","ea06c28","crr",50000,"get_fit_stats_simple_boot",1,4.14099999999999,"ok","",NA,0.527000000000013,9.469,429.1,NA
"linux","latest","ea06c28","cox",50000,"get_fit_stats_simple",1,0.111999999999995,"ok","",NA,0.112000000000004,0,380.5,NA
"linux","latest","ea06c28","crr",50000,"get_score_all",1,3.57599999999999,"ok","",NA,3.57700000000002,0,666.9,NA
"linux","latest","ea06c28","cox",50000,"get_score_all_boot",1,5.81199999999998,"ok","",NA,5.81,0,457.4,NA
"linux","latest","ea06c28","cox",50000,"get_fit_stats_simple_boot",1,0.668999999999983,"ok","",NA,0.15500000000001,0.880000000000002,384.2,NA
"linux","latest","ea06c28","crr",50000,"get_fit_stats_simple",1,0.538000000000011,"ok","",NA,0.538999999999996,0,420.2,NA
"linux","latest","ea06c28","crr",50000,"get_score",1,3.726,"ok","",NA,3.72599999999998,0,694.2,NA
"linux","latest","ea06c28","cox",50000,"get_score_boot",1,5.67499999999998,"ok","",NA,5.67399999999998,0,456.3,NA
"linux","latest","ea06c28","crr",50000,"get_score_all_boot",1,35.042,"ok","",NA,35.013,0,513.6,NA
"linux","latest","ea06c28","cox",50000,"get_score_all",1,0.442999999999984,"ok","",NA,0.443000000000002,0,448,NA
"linux","latest","ea06c28","crr",50000,"get_score_boot",1,34.891,"ok","",NA,34.877,0,505.5,NA
"linux","latest","ea06c28","crr",50000,"get_fit_stats",1,10.018,"error","Fine-Gray fit is singular or did not converge.",NA,10.014,0,675.8,NA
"linux","latest","ea06c28","crr",50000,"get_fit_stats_boot",1,6.87399999999997,"error","Fine-Gray fit is singular or did not converge.",NA,6.87100000000002,0,738.7,NA
"linux","latest","ea06c28","cox",50000,"get_fit_stats",1,0.19500000000005,"ok","",NA,0.19500000000003,0,424.2,NA
"linux","latest","ea06c28","cox",100000,"get_score",1,1.072,"ok","",NA,1.072,0,461.3,NA
"linux","latest","ea06c28","crr",100000,"get_fit_stats_simple",1,2.096,"ok","",NA,2.09499999999999,0,601.3,NA
"linux","latest","ea06c28","crr",100000,"get_fit_stats",1,22.597,"error","Fine-Gray fit is singular or did not converge.",NA,22.564,0,1045.7,NA
"linux","latest","ea06c28","crr",100000,"get_score_all_boot",1,71.143,"ok","",NA,71.1210000000001,0,744.4,NA
"linux","latest","ea06c28","cox",100000,"get_fit_stats_boot",1,1.78699999999998,"ok","",NA,0.431999999999958,2.068,433.2,NA
"linux","latest","ea06c28","crr",100000,"get_score_all",1,6.98599999999999,"ok","",NA,6.98600000000002,0,857.7,NA
"linux","latest","ea06c28","cox",100000,"get_score_all_boot",1,10.975,"ok","",NA,10.974,0,559.7,NA
"linux","latest","ea06c28","cox",100000,"get_fit_stats",1,0.342999999999961,"ok","",NA,0.344000000000051,0,459.8,NA
"linux","latest","ea06c28","cox",100000,"get_score_boot",1,11.064,"ok","",NA,11.061,0,549,NA
"linux","latest","ea06c28","crr",100000,"get_score_boot",1,76.308,"ok","",NA,76.289,0,733.4,NA
"linux","latest","ea06c28","cox",100000,"get_fit_stats_simple",1,0.268000000000029,"ok","",NA,0.267000000000053,0,427.7,NA
"linux","latest","ea06c28","cox",100000,"get_fit_stats_simple_boot",1,1.60599999999999,"ok","",NA,0.282000000000037,1.984,428.1,NA
"linux","latest","ea06c28","crr",100000,"get_fit_stats_simple_boot",1,11.529,"ok","",NA,3.39700000000001,19.913,584.5,NA
"linux","latest","ea06c28","crr",100000,"get_fit_stats_boot",1,29.995,"error","Fine-Gray fit is singular or did not converge.",NA,29.995,0,1029.5,NA
"linux","latest","ea06c28","crr",100000,"get_score",1,7.13900000000001,"ok","",NA,7.13799999999999,0,883.2,NA
"linux","latest","ea06c28","cox",100000,"get_score_all",1,0.870000000000005,"ok","",NA,0.870000000000005,0,544.9,NA
