"time","group","cif","ci_lower","ci_upper","n","model"
0,"Female",0,0,0,500,"CSC"
1,"Female",0.00286675836309924,0,0.00696073062456114,500,"CSC"
2,"Female",0.00432649712211437,0,0.00964633349962195,500,"CSC"
3,"Female",0.00730735609199173,7.91406412184083e-05,0.014535571542765,500,"CSC"
4,"Female",0.00730735609199173,7.91406412184083e-05,0.014535571542765,500,"CSC"
5,"Female",0.0104981171520362,0.00145410133317432,0.0195421329708981,500,"CSC"
6,"Female",0.0137347988077741,0.0033688431029842,0.0241007545125639,500,"CSC"
8,"Female",0.0202944157599453,0.00728901691179721,0.0332998146080933,500,"CSC"
9,"Female",0.0252514868195127,0.00984602240246585,0.0406569512365595,500,"CSC"
10,"Female",0.0269112838156783,0.0105900041377242,0.0432325634936323,500,"CSC"
11,"Female",0.0285751937786439,0.0117359767208903,0.0454144108363975,500,"CSC"
13,"Female",0.0302987260357981,0.0129205953730436,0.0476768566985525,500,"CSC"
14,"Female",0.0338312322226198,0.0149751773828931,0.0526872870623465,500,"CSC"
16,"Female",0.0355928108641513,0.0157278461542695,0.0554577755740331,500,"CSC"
17,"Female",0.0355928108641513,0.0157278461542695,0.0554577755740331,500,"CSC"
22,"Female",0.0374284387958961,0.0170587502654645,0.0577981273263277,500,"CSC"
23,"Female",0.0429799347930877,0.0206940107201285,0.065265858866047,500,"CSC"
24,"Female",0.0467148131616201,0.02294382632451,0.0704857999987302,500,"CSC"
27,"Female",0.0486024163139336,0.0245095695651453,0.0726952630627218,500,"CSC"
28,"Female",0.0504882211871313,0.025928518558295,0.0750479238159676,500,"CSC"
31,"Female",0.0504882211871313,0.025928518558295,0.0750479238159676,500,"CSC"
32,"Female",0.0504882211871313,0.025928518558295,0.0750479238159676,500,"CSC"
34,"Female",0.0504882211871313,0.025928518558295,0.0750479238159676,500,"CSC"
35,"Female",0.0606163473544285,0.033380849658522,0.0878518450503349,500,"CSC"
36,"Female",0.0626021126668682,0.0349459802753901,0.0902582450583463,500,"CSC"
38,"Female",0.0646689946024762,0.0365833882699669,0.0927546009349855,500,"CSC"
39,"Female",0.0688626514701092,0.0386735729949347,0.0990517299452838,500,"CSC"
41,"Female",0.0730423425509262,0.0414722234106448,0.104612461691208,500,"CSC"
42,"Female",0.0730423425509262,0.0414722234106448,0.104612461691208,500,"CSC"
46,"Female",0.0751882166636421,0.0425328116130947,0.10784362171419,500,"CSC"
48,"Female",0.0773551042999588,0.0443499866600398,0.110360221939878,500,"CSC"
53,"Female",0.0773551042999588,0.0443499866600398,0.110360221939878,500,"CSC"
54,"Female",0.0773551042999588,0.0443499866600398,0.110360221939878,500,"CSC"
55,"Female",0.0817665912793263,0.0473858249281712,0.116147357630481,500,"CSC"
58,"Female",0.0840177794187011,0.0492999234256419,0.11873563541176,500,"CSC"
59,"Female",0.0862614692673989,0.0512126441923962,0.121310294342402,500,"CSC"
60,"Female",0.0862614692673989,0.0512126441923962,0.121310294342402,500,"CSC"
61,"Female",0.090761845444937,0.0551025820745426,0.126421108815331,500,"CSC"
63,"Female",0.0931106799994689,0.0562771061770823,0.129944253821855,500,"CSC"
64,"Female",0.0931106799994689,0.0562771061770823,0.129944253821855,500,"CSC"
66,"Female",0.0931106799994689,0.0562771061770823,0.129944253821855,500,"CSC"
67,"Female",0.0931106799994689,0.0562771061770823,0.129944253821855,500,"CSC"
69,"Female",0.0931106799994689,0.0562771061770823,0.129944253821855,500,"CSC"
72,"Female",0.0931106799994689,0.0562771061770823,0.129944253821855,500,"CSC"
74,"Female",0.0931106799994689,0.0562771061770823,0.129944253821855,500,"CSC"
75,"Female",0.0931106799994689,0.0562771061770823,0.129944253821855,500,"CSC"
76,"Female",0.0931106799994689,0.0562771061770823,0.129944253821855,500,"CSC"
78,"Female",0.0955871126257057,0.0583470598153118,0.1328271654361,500,"CSC"
82,"Female",0.0955871126257057,0.0583470598153118,0.1328271654361,500,"CSC"
83,"Female",0.0955871126257057,0.0583470598153118,0.1328271654361,500,"CSC"
86,"Female",0.0982230868062528,0.0606155065085337,0.135830667103972,500,"CSC"
91,"Female",0.100851507801649,0.0627824523757294,0.138920563227569,500,"CSC"
92,"Female",0.103614064154211,0.0650926291562718,0.142135499152151,500,"CSC"
93,"Female",0.103614064154211,0.0650926291562718,0.142135499152151,500,"CSC"
94,"Female",0.106461889097286,0.0674427697418419,0.14548100845273,500,"CSC"
99,"Female",0.106461889097286,0.0674427697418419,0.14548100845273,500,"CSC"
101,"Female",0.109378851873418,0.070084951188717,0.148672752558118,500,"CSC"
102,"Female",0.112289166041128,0.0726768717241278,0.151901460358128,500,"CSC"
106,"Female",0.112289166041128,0.0726768717241278,0.151901460358128,500,"CSC"
107,"Female",0.115245113902007,0.0752931229774207,0.155197104826594,500,"CSC"
109,"Female",0.118330057811985,0.0768865475224013,0.159773568101569,500,"CSC"
111,"Female",0.118330057811985,0.0768865475224013,0.159773568101569,500,"CSC"
112,"Female",0.121498628973708,0.0785802804522694,0.164416977495147,500,"CSC"
117,"Female",0.121498628973708,0.0785802804522694,0.164416977495147,500,"CSC"
118,"Female",0.121498628973708,0.0785802804522694,0.164416977495147,500,"CSC"
119,"Female",0.124735309424485,0.0804089180550202,0.169061700793949,500,"CSC"
120,"Female",0.124735309424485,0.0804089180550202,0.169061700793949,500,"CSC"
122,"Female",0.124735309424485,0.0804089180550202,0.169061700793949,500,"CSC"
131,"Female",0.124735309424485,0.0804089180550202,0.169061700793949,500,"CSC"
132,"Female",0.128234402612567,0.083467468172968,0.173001337052165,500,"CSC"
134,"Female",0.135576391998582,0.0881483869814432,0.183004397015721,500,"CSC"
135,"Female",0.139493586871607,0.0908758501193825,0.188111323623832,500,"CSC"
136,"Female",0.139493586871607,0.0908758501193825,0.188111323623832,500,"CSC"
139,"Female",0.139493586871607,0.0908758501193825,0.188111323623832,500,"CSC"
143,"Female",0.139493586871607,0.0908758501193825,0.188111323623832,500,"CSC"
144,"Female",0.144001428628163,0.0947128744603634,0.193289982795963,500,"CSC"
146,"Female",0.144001428628163,0.0947128744603634,0.193289982795963,500,"CSC"
147,"Female",0.144001428628163,0.0947128744603634,0.193289982795963,500,"CSC"
151,"Female",0.149211019972368,0.0976983173926093,0.200723722552126,500,"CSC"
153,"Female",0.154700246165348,0.102601463149695,0.206799029181,500,"CSC"
163,"Female",0.154700246165348,0.102601463149695,0.206799029181,500,"CSC"
169,"Female",0.154700246165348,0.102601463149695,0.206799029181,500,"CSC"
174,"Female",0.154700246165348,0.102601463149695,0.206799029181,500,"CSC"
188,"Female",0.162424050338608,0.108955081156571,0.215893019520646,500,"CSC"
196,"Female",0.162424050338608,0.108955081156571,0.215893019520646,500,"CSC"
197,"Female",0.162424050338608,0.108955081156571,0.215893019520646,500,"CSC"
204,"Female",0.162424050338608,0.108955081156571,0.215893019520646,500,"CSC"
205,"Female",0.162424050338608,0.108955081156571,0.215893019520646,500,"CSC"
207,"Female",0.162424050338608,0.108955081156571,0.215893019520646,500,"CSC"
210,"Female",0.170929394936952,0.112806295825351,0.229052494048552,500,"CSC"
212,"Female",0.170929394936952,0.112806295825351,0.229052494048552,500,"CSC"
230,"Female",0.170929394936952,0.112806295825351,0.229052494048552,500,"CSC"
234,"Female",0.18220015098683,0.11999443239483,0.244405869578829,500,"CSC"
247,"Female",0.18220015098683,0.11999443239483,0.244405869578829,500,"CSC"
254,"Female",0.18220015098683,0.11999443239483,0.244405869578829,500,"CSC"
257,"Female",0.18220015098683,0.11999443239483,0.244405869578829,500,"CSC"
0,"Male",0,0,0,500,"CSC"
1,"Male",0.00508639274784454,0,0.0120324323124848,500,"CSC"
2,"Male",0.00765604622764539,0,0.0161555273634248,500,"CSC"
3,"Male",0.0128828693479442,0.00182173636394142,0.023944002331947,500,"CSC"
4,"Male",0.0128828693479442,0.00182173636394142,0.023944002331947,500,"CSC"
5,"Male",0.0184106224447772,0.00490280166125185,0.0319184432283025,500,"CSC"
6,"Male",0.0239592738943222,0.00797311213133416,0.0399454356573103,500,"CSC"
8,"Male",0.0351100735232283,0.0154773424157585,0.0547428046306981,500,"CSC"
9,"Male",0.0433944389370128,0.0215543530653475,0.0652345248086781,500,"CSC"
10,"Male",0.0461346418274967,0.0238758097729346,0.0683934738820588,500,"CSC"
11,"Male",0.0488709649962447,0.0260420870950459,0.0716998428974436,500,"CSC"
13,"Male",0.0516880704206866,0.0283127995245687,0.0750633413168044,500,"CSC"
14,"Male",0.0574391413434669,0.0326331505397484,0.0822451321471855,500,"CSC"
16,"Male",0.0602702041097226,0.0351573189284243,0.0853830892910209,500,"CSC"
17,"Male",0.0602702041097226,0.0351573189284243,0.0853830892910209,500,"CSC"
22,"Male",0.0631948537129561,0.0371217293046607,0.0892679781212516,500,"CSC"
23,"Male",0.0720043803502898,0.0435740706233148,0.100434690077265,500,"CSC"
24,"Male",0.0778592581506983,0.0485035303329961,0.107214985968401,500,"CSC"
27,"Male",0.0807953904274427,0.0503461057545466,0.111244675100339,500,"CSC"
28,"Male",0.0837097850768023,0.0529015811340132,0.114517989019591,500,"CSC"
31,"Male",0.0837097850768023,0.0529015811340132,0.114517989019591,500,"CSC"
32,"Male",0.0837097850768023,0.0529015811340132,0.114517989019591,500,"CSC"
34,"Male",0.0837097850768023,0.0529015811340132,0.114517989019591,500,"CSC"
35,"Male",0.0991782314640219,0.0641097130273979,0.134246749900646,500,"CSC"
36,"Male",0.102149486608187,0.0667185583866782,0.137580414829696,500,"CSC"
38,"Male",0.105222835848795,0.0692219458294244,0.141223725868166,500,"CSC"
39,"Male",0.111436388001325,0.0748316568441418,0.148041119158507,500,"CSC"
41,"Male",0.117566993667693,0.079924589927587,0.1552093974078,500,"CSC"
42,"Male",0.117566993667693,0.079924589927587,0.1552093974078,500,"CSC"
46,"Male",0.120683995397508,0.082874478628801,0.158493512166215,500,"CSC"
48,"Male",0.123821049349072,0.085031248357093,0.162610850341052,500,"CSC"
53,"Male",0.123821049349072,0.085031248357093,0.162610850341052,500,"CSC"
54,"Male",0.123821049349072,0.085031248357093,0.162610850341052,500,"CSC"
55,"Male",0.130126562830522,0.090698000883493,0.169555124777552,500,"CSC"
58,"Male",0.133312725637284,0.0928632132884497,0.173762237986118,500,"CSC"
59,"Male",0.136457659613498,0.0950168477391775,0.177898471487818,500,"CSC"
60,"Male",0.136457659613498,0.0950168477391775,0.177898471487818,500,"CSC"
61,"Male",0.142706718845864,0.0997595986367042,0.185653839055024,500,"CSC"
63,"Male",0.145927629450053,0.102807429531508,0.189047829368597,500,"CSC"
64,"Male",0.145927629450053,0.102807429531508,0.189047829368597,500,"CSC"
66,"Male",0.145927629450053,0.102807429531508,0.189047829368597,500,"CSC"
67,"Male",0.145927629450053,0.102807429531508,0.189047829368597,500,"CSC"
69,"Male",0.145927629450053,0.102807429531508,0.189047829368597,500,"CSC"
72,"Male",0.145927629450053,0.102807429531508,0.189047829368597,500,"CSC"
74,"Male",0.145927629450053,0.102807429531508,0.189047829368597,500,"CSC"
75,"Male",0.145927629450053,0.102807429531508,0.189047829368597,500,"CSC"
76,"Male",0.145927629450053,0.102807429531508,0.189047829368597,500,"CSC"
78,"Male",0.149182050490017,0.105649159266348,0.192714941713686,500,"CSC"
82,"Male",0.149182050490017,0.105649159266348,0.192714941713686,500,"CSC"
83,"Male",0.149182050490017,0.105649159266348,0.192714941713686,500,"CSC"
86,"Male",0.152612371502631,0.107887169836593,0.19733757316867,500,"CSC"
91,"Male",0.156021511976716,0.110208474788427,0.201834549165005,500,"CSC"
92,"Male",0.15959320380371,0.113408996075098,0.205777411532322,500,"CSC"
93,"Male",0.15959320380371,0.113408996075098,0.205777411532322,500,"CSC"
94,"Male",0.163250144860608,0.115897684791914,0.210602604929303,500,"CSC"
99,"Male",0.163250144860608,0.115897684791914,0.210602604929303,500,"CSC"
101,"Male",0.166969998644028,0.118214037453027,0.215725959835028,500,"CSC"
102,"Male",0.170669622745726,0.12059027835972,0.220748967131732,500,"CSC"
106,"Male",0.170669622745726,0.12059027835972,0.220748967131732,500,"CSC"
107,"Male",0.174372675165619,0.124053009777331,0.224692340553907,500,"CSC"
109,"Male",0.178225863577971,0.127494953894009,0.228956773261932,500,"CSC"
111,"Male",0.178225863577971,0.127494953894009,0.228956773261932,500,"CSC"
112,"Male",0.182156242109374,0.130978143887312,0.233334340331436,500,"CSC"
117,"Male",0.182156242109374,0.130978143887312,0.233334340331436,500,"CSC"
118,"Male",0.182156242109374,0.130978143887312,0.233334340331436,500,"CSC"
119,"Male",0.186125732888598,0.134401945888704,0.237849519888491,500,"CSC"
120,"Male",0.186125732888598,0.134401945888704,0.237849519888491,500,"CSC"
122,"Male",0.186125732888598,0.134401945888704,0.237849519888491,500,"CSC"
131,"Male",0.186125732888598,0.134401945888704,0.237849519888491,500,"CSC"
132,"Male",0.190331356445127,0.137932651551654,0.2427300613386,500,"CSC"
134,"Male",0.199129745662308,0.145118670426041,0.253140820898575,500,"CSC"
135,"Male",0.203796255217916,0.149325962298367,0.258266548137466,500,"CSC"
136,"Male",0.203796255217916,0.149325962298367,0.258266548137466,500,"CSC"
139,"Male",0.203796255217916,0.149325962298367,0.258266548137466,500,"CSC"
143,"Male",0.203796255217916,0.149325962298367,0.258266548137466,500,"CSC"
144,"Male",0.209068999844332,0.1526050570364,0.265532942652263,500,"CSC"
146,"Male",0.209068999844332,0.1526050570364,0.265532942652263,500,"CSC"
147,"Male",0.209068999844332,0.1526050570364,0.265532942652263,500,"CSC"
151,"Male",0.215076740857617,0.157509204234168,0.272644277481066,500,"CSC"
153,"Male",0.221387182659664,0.161157550478413,0.281616814840914,500,"CSC"
163,"Male",0.221387182659664,0.161157550478413,0.281616814840914,500,"CSC"
169,"Male",0.221387182659664,0.161157550478413,0.281616814840914,500,"CSC"
174,"Male",0.221387182659664,0.161157550478413,0.281616814840914,500,"CSC"
188,"Male",0.230039841356627,0.165328227119162,0.294751455594093,500,"CSC"
196,"Male",0.230039841356627,0.165328227119162,0.294751455594093,500,"CSC"
197,"Male",0.230039841356627,0.165328227119162,0.294751455594093,500,"CSC"
204,"Male",0.230039841356627,0.165328227119162,0.294751455594093,500,"CSC"
205,"Male",0.230039841356627,0.165328227119162,0.294751455594093,500,"CSC"
207,"Male",0.230039841356627,0.165328227119162,0.294751455594093,500,"CSC"
210,"Male",0.238964226385598,0.171639524349287,0.306288928421908,500,"CSC"
212,"Male",0.238964226385598,0.171639524349287,0.306288928421908,500,"CSC"
230,"Male",0.238964226385598,0.171639524349287,0.306288928421908,500,"CSC"
234,"Male",0.250461694914696,0.17632562074485,0.324597769084542,500,"CSC"
247,"Male",0.250461694914696,0.17632562074485,0.324597769084542,500,"CSC"
254,"Male",0.250461694914696,0.17632562074485,0.324597769084542,500,"CSC"
257,"Male",0.250461694914696,0.17632562074485,0.324597769084542,500,"CSC"
0,"Female",0,0,0,500,"FGR"
1,"Female",0.00294573852109546,0,0.00907527751803824,500,"FGR"
2,"Female",0.00446059055588061,0,0.013818504077171,500,"FGR"
3,"Female",0.00753310308714562,0.000636134850495676,0.0175212603975392,500,"FGR"
4,"Female",0.00753310308714562,0.000636134850495676,0.0175212603975392,500,"FGR"
5,"Female",0.0108180251755937,0.00336189791160553,0.0216975794806969,500,"FGR"
6,"Female",0.0141028116279853,0.00625879635122901,0.0283533750121884,500,"FGR"
8,"Female",0.020650557565283,0.011611181174578,0.0376564745578368,500,"FGR"
9,"Female",0.0256291568604207,0.0150135256914222,0.0456860767356846,500,"FGR"
10,"Female",0.0273252572656181,0.0161379155673372,0.0467484121249051,500,"FGR"
11,"Female",0.0290248740684347,0.0165005742799549,0.0478392236042961,500,"FGR"
13,"Female",0.0307752276879128,0.0165005742799549,0.0496073275066674,500,"FGR"
14,"Female",0.034325747904949,0.0192968590087662,0.0577626552105981,500,"FGR"
16,"Female",0.036102995599334,0.0197492966372523,0.0587180934329458,500,"FGR"
17,"Female",0.036102995599334,0.0197492966372523,0.0587180934329458,500,"FGR"
22,"Female",0.0379544606328124,0.020352606391568,0.0631288487668184,500,"FGR"
23,"Female",0.0434848412946881,0.0246278649723839,0.0716744872316582,500,"FGR"
24,"Female",0.0472244241843132,0.0285848543326816,0.0765374243567969,500,"FGR"
27,"Female",0.0491304463910122,0.0319320208484344,0.0787882913178891,500,"FGR"
28,"Female",0.0510290940457978,0.0319320208484344,0.0802992307734954,500,"FGR"
31,"Female",0.0510290940457978,0.0319320208484344,0.0802992307734954,500,"FGR"
32,"Female",0.0510290940457978,0.0319320208484344,0.0802992307734954,500,"FGR"
34,"Female",0.0510290940457978,0.0319320208484344,0.0802992307734954,500,"FGR"
35,"Female",0.0607512161384186,0.038585419399535,0.0888834633679866,500,"FGR"
36,"Female",0.0627079766909225,0.0393860850449637,0.091145849782927,500,"FGR"
38,"Female",0.0647353028472348,0.0398025837897366,0.0952045882285736,500,"FGR"
39,"Female",0.0688318520525035,0.042386763176571,0.108419255870064,500,"FGR"
41,"Female",0.0729181693948206,0.0485433675042651,0.114190845594611,500,"FGR"
42,"Female",0.0729181693948206,0.0485433675042651,0.114190845594611,500,"FGR"
46,"Female",0.0750164072348411,0.0515885734210108,0.119569743107644,500,"FGR"
48,"Female",0.0771341298671069,0.0542213778511805,0.120124203692994,500,"FGR"
53,"Female",0.0771341298671069,0.0542213778511805,0.120124203692994,500,"FGR"
54,"Female",0.0771341298671069,0.0542213778511805,0.120124203692994,500,"FGR"
55,"Female",0.0814035643448439,0.0558458271449757,0.124444494225666,500,"FGR"
58,"Female",0.0836035453903989,0.0567120835570052,0.127209477294203,500,"FGR"
59,"Female",0.0857979224885986,0.0602672293430877,0.129970693524352,500,"FGR"
60,"Female",0.0857979224885986,0.0602672293430877,0.129970693524352,500,"FGR"
61,"Female",0.0901711160464935,0.0623859244395606,0.136569550675857,500,"FGR"
63,"Female",0.0924287597051097,0.0641118471916732,0.138826852290546,500,"FGR"
64,"Female",0.0924287597051097,0.0641118471916732,0.138826852290546,500,"FGR"
66,"Female",0.0924287597051097,0.0641118471916732,0.138826852290546,500,"FGR"
67,"Female",0.0924287597051097,0.0641118471916732,0.138826852290546,500,"FGR"
69,"Female",0.0924287597051097,0.0641118471916732,0.138826852290546,500,"FGR"
72,"Female",0.0924287597051097,0.0641118471916732,0.138826852290546,500,"FGR"
74,"Female",0.0924287597051097,0.0641118471916732,0.138826852290546,500,"FGR"
75,"Female",0.0924287597051097,0.0641118471916732,0.138826852290546,500,"FGR"
76,"Female",0.0924287597051097,0.0641118471916732,0.138826852290546,500,"FGR"
78,"Female",0.094828398437558,0.0654053352149543,0.1403892918439,500,"FGR"
82,"Female",0.094828398437558,0.0654053352149543,0.1403892918439,500,"FGR"
83,"Female",0.094828398437558,0.0654053352149543,0.1403892918439,500,"FGR"
86,"Female",0.0973748267647464,0.068691132193236,0.143551000266906,500,"FGR"
91,"Female",0.0999207982912342,0.068691132193236,0.145783403336389,500,"FGR"
92,"Female",0.102575067834779,0.0692302399154666,0.149809095385727,500,"FGR"
93,"Female",0.102575067834779,0.0692302399154666,0.149809095385727,500,"FGR"
94,"Female",0.105296367708668,0.0713029989579598,0.15468564990806,500,"FGR"
99,"Female",0.105296367708668,0.0713029989579598,0.15468564990806,500,"FGR"
101,"Female",0.108082133658073,0.0734525363091487,0.155433437566891,500,"FGR"
102,"Female",0.110868403967185,0.0739830740397386,0.159679607964193,500,"FGR"
106,"Female",0.110868403967185,0.0739830740397386,0.159679607964193,500,"FGR"
107,"Female",0.113719997893869,0.0739830740397386,0.162321668200036,500,"FGR"
109,"Female",0.116660292640569,0.0756446409399825,0.167706980928438,500,"FGR"
111,"Female",0.116660292640569,0.0756446409399825,0.167706980928438,500,"FGR"
112,"Female",0.119680213038082,0.0790577677021556,0.171638203020831,500,"FGR"
117,"Female",0.119680213038082,0.0790577677021556,0.171638203020831,500,"FGR"
118,"Female",0.119680213038082,0.0790577677021556,0.171638203020831,500,"FGR"
119,"Female",0.122791105858382,0.0826120949740736,0.175748273462067,500,"FGR"
120,"Female",0.122791105858382,0.0826120949740736,0.175748273462067,500,"FGR"
122,"Female",0.122791105858382,0.0826120949740736,0.175748273462067,500,"FGR"
131,"Female",0.122791105858382,0.0826120949740736,0.175748273462067,500,"FGR"
132,"Female",0.12615630236507,0.0863340828842178,0.178230582461383,500,"FGR"
134,"Female",0.133123568772444,0.0869646275048627,0.184389898415514,500,"FGR"
135,"Female",0.136797009722535,0.0897527374961942,0.189471872176194,500,"FGR"
136,"Female",0.136797009722535,0.0897527374961942,0.189471872176194,500,"FGR"
139,"Female",0.136797009722535,0.0897527374961942,0.189471872176194,500,"FGR"
143,"Female",0.136797009722535,0.0897527374961942,0.189471872176194,500,"FGR"
144,"Female",0.140955508252313,0.0953188523781976,0.193190481950353,500,"FGR"
146,"Female",0.140955508252313,0.0953188523781976,0.193190481950353,500,"FGR"
147,"Female",0.140955508252313,0.0953188523781976,0.193190481950353,500,"FGR"
151,"Female",0.145598802036892,0.0983775463582944,0.198229193126273,500,"FGR"
153,"Female",0.150468361857103,0.10351568363102,0.203654721460953,500,"FGR"
163,"Female",0.150468361857103,0.10351568363102,0.203654721460953,500,"FGR"
169,"Female",0.150468361857103,0.10351568363102,0.203654721460953,500,"FGR"
174,"Female",0.150468361857103,0.10351568363102,0.203654721460953,500,"FGR"
188,"Female",0.157468143191465,0.116678943804121,0.213948459343017,500,"FGR"
196,"Female",0.157468143191465,0.116678943804121,0.213948459343017,500,"FGR"
197,"Female",0.157468143191465,0.116678943804121,0.213948459343017,500,"FGR"
204,"Female",0.157468143191465,0.116678943804121,0.213948459343017,500,"FGR"
205,"Female",0.157468143191465,0.116678943804121,0.213948459343017,500,"FGR"
207,"Female",0.157468143191465,0.116678943804121,0.213948459343017,500,"FGR"
210,"Female",0.165542632577642,0.116678943804121,0.222921180720485,500,"FGR"
212,"Female",0.165542632577642,0.116678943804121,0.222921180720485,500,"FGR"
230,"Female",0.165542632577642,0.116678943804121,0.222921180720485,500,"FGR"
234,"Female",0.176704446723062,0.120435778181339,0.244750532904018,500,"FGR"
247,"Female",0.176704446723062,0.120435778181339,0.244750532904018,500,"FGR"
254,"Female",0.176704446723062,0.120435778181339,0.244750532904018,500,"FGR"
257,"Female",0.176704446723062,0.120435778181339,0.244750532904018,500,"FGR"
0,"Male",0,0,0,500,"FGR"
1,"Male",0.0049335347779367,0,0.0137899542158545,500,"FGR"
2,"Male",0.007458004541293,0,0.0164072990241684,500,"FGR"
3,"Male",0.0125524505947539,0.0011021631871233,0.0215673382531861,500,"FGR"
4,"Male",0.0125524505947539,0.0011021631871233,0.0215673382531861,500,"FGR"
5,"Male",0.0179615364471235,0.00592276304162501,0.0278293450283413,500,"FGR"
6,"Male",0.0233325076401165,0.0135420914976543,0.0376344973976449,500,"FGR"
8,"Male",0.0339293763193941,0.0224526701542095,0.0488166944245476,500,"FGR"
9,"Male",0.0418928753589991,0.0271069110553162,0.061353875257615,500,"FGR"
10,"Male",0.0445879808554848,0.0295701411927617,0.0641215964523537,500,"FGR"
11,"Male",0.0472797577132663,0.0308809443230334,0.0651950828689993,500,"FGR"
13,"Male",0.0500426887943461,0.0317681727594584,0.0688982980392036,500,"FGR"
14,"Male",0.055619046533026,0.0370085915905924,0.0781680827330495,500,"FGR"
16,"Male",0.0583964659380832,0.0377037682712041,0.0807630379982471,500,"FGR"
17,"Male",0.0583964659380832,0.0377037682712041,0.0807630379982471,500,"FGR"
22,"Male",0.0612802153926877,0.0386699852042573,0.0807667763223617,500,"FGR"
23,"Male",0.0698368904558272,0.0469393143070157,0.0913967259531059,500,"FGR"
24,"Male",0.0755757961114911,0.0551499511470162,0.102320843310525,500,"FGR"
27,"Male",0.07848672131976,0.056842351368233,0.105980999176637,500,"FGR"
28,"Male",0.0813771084450335,0.0587820135773715,0.108256121520294,500,"FGR"
31,"Male",0.0813771084450335,0.0587820135773715,0.108256121520294,500,"FGR"
32,"Male",0.0813771084450335,0.0587820135773715,0.108256121520294,500,"FGR"
34,"Male",0.0813771084450335,0.0587820135773715,0.108256121520294,500,"FGR"
35,"Male",0.0960381728330946,0.0708806493199592,0.121154348510226,500,"FGR"
36,"Male",0.0989619580240312,0.0747622611812768,0.126089126248822,500,"FGR"
38,"Male",0.101982030530381,0.0762785113596507,0.131521785318876,500,"FGR"
39,"Male",0.108056884481725,0.0775506570344904,0.136019828795231,500,"FGR"
41,"Male",0.114080832460447,0.0860300069876139,0.145651923068344,500,"FGR"
42,"Male",0.114080832460447,0.0860300069876139,0.145651923068344,500,"FGR"
46,"Male",0.117160594126881,0.0922085707868361,0.146547699730303,500,"FGR"
48,"Male",0.120259980300312,0.0935942470291246,0.152619168764224,500,"FGR"
53,"Male",0.120259980300312,0.0935942470291246,0.152619168764224,500,"FGR"
54,"Male",0.120259980300312,0.0935942470291246,0.152619168764224,500,"FGR"
55,"Male",0.126481853034705,0.0990054400476452,0.158328891038228,500,"FGR"
58,"Male",0.129674391616413,0.0991149292994579,0.161150880772623,500,"FGR"
59,"Male",0.132849914997021,0.100033906615243,0.172178954664124,500,"FGR"
60,"Male",0.132849914997021,0.100033906615243,0.172178954664124,500,"FGR"
61,"Male",0.139152778503358,0.106659915542672,0.179283801275896,500,"FGR"
63,"Male",0.142393637830689,0.107750677027276,0.181227621995688,500,"FGR"
64,"Male",0.142393637830689,0.107750677027276,0.181227621995688,500,"FGR"
66,"Male",0.142393637830689,0.107750677027276,0.181227621995688,500,"FGR"
67,"Male",0.142393637830689,0.107750677027276,0.181227621995688,500,"FGR"
69,"Male",0.142393637830689,0.107750677027276,0.181227621995688,500,"FGR"
72,"Male",0.142393637830689,0.107750677027276,0.181227621995688,500,"FGR"
74,"Male",0.142393637830689,0.107750677027276,0.181227621995688,500,"FGR"
75,"Male",0.142393637830689,0.107750677027276,0.181227621995688,500,"FGR"
76,"Male",0.142393637830689,0.107750677027276,0.181227621995688,500,"FGR"
78,"Male",0.145828956363441,0.111186590307418,0.185320427319569,500,"FGR"
82,"Male",0.145828956363441,0.111186590307418,0.185320427319569,500,"FGR"
83,"Male",0.145828956363441,0.111186590307418,0.185320427319569,500,"FGR"
86,"Male",0.149464122604839,0.119447475897777,0.193023345447699,500,"FGR"
91,"Male",0.153088322003867,0.119533599760788,0.193947090885085,500,"FGR"
92,"Male",0.156856009713305,0.124254576081853,0.199138777542657,500,"FGR"
93,"Male",0.156856009713305,0.124254576081853,0.199138777542657,500,"FGR"
94,"Male",0.160707859134709,0.124254576081853,0.207204867344157,500,"FGR"
99,"Male",0.160707859134709,0.124254576081853,0.207204867344157,500,"FGR"
101,"Male",0.164639780019949,0.127742190334199,0.211878697114354,500,"FGR"
102,"Male",0.168561449720781,0.128654506638001,0.215970206890661,500,"FGR"
106,"Male",0.168561449720781,0.128654506638001,0.215970206890661,500,"FGR"
107,"Male",0.172564067057331,0.129489950861608,0.22046233899544,500,"FGR"
109,"Male",0.176679918173409,0.138565700092953,0.228800352519547,500,"FGR"
111,"Male",0.176679918173409,0.138565700092953,0.228800352519547,500,"FGR"
112,"Male",0.180895716715541,0.149062312192991,0.232560267481918,500,"FGR"
117,"Male",0.180895716715541,0.149062312192991,0.232560267481918,500,"FGR"
118,"Male",0.180895716715541,0.149062312192991,0.232560267481918,500,"FGR"
119,"Male",0.185226736548387,0.150196573265706,0.23496124883593,500,"FGR"
120,"Male",0.185226736548387,0.150196573265706,0.23496124883593,500,"FGR"
122,"Male",0.185226736548387,0.150196573265706,0.23496124883593,500,"FGR"
131,"Male",0.185226736548387,0.150196573265706,0.23496124883593,500,"FGR"
132,"Male",0.189898837500568,0.154811763138523,0.241596679438762,500,"FGR"
134,"Male",0.199531299028267,0.165053293255482,0.248669336651677,500,"FGR"
135,"Male",0.204589098416881,0.169438653973003,0.259736628949311,500,"FGR"
136,"Male",0.204589098416881,0.169438653973003,0.259736628949311,500,"FGR"
139,"Male",0.204589098416881,0.169438653973003,0.259736628949311,500,"FGR"
143,"Male",0.204589098416881,0.169438653973003,0.259736628949311,500,"FGR"
144,"Male",0.210298391350391,0.169438653973003,0.26990063627759,500,"FGR"
146,"Male",0.210298391350391,0.169438653973003,0.26990063627759,500,"FGR"
147,"Male",0.210298391350391,0.169438653973003,0.26990063627759,500,"FGR"
151,"Male",0.216653751625024,0.175574668915478,0.271506959271522,500,"FGR"
153,"Male",0.22329787852526,0.186984231523436,0.285973395807672,500,"FGR"
163,"Male",0.22329787852526,0.186984231523436,0.285973395807672,500,"FGR"
169,"Male",0.22329787852526,0.186984231523436,0.285973395807672,500,"FGR"
174,"Male",0.22329787852526,0.186984231523436,0.285973395807672,500,"FGR"
188,"Male",0.232813420386352,0.188471892061413,0.302871920692671,500,"FGR"
196,"Male",0.232813420386352,0.188471892061413,0.302871920692671,500,"FGR"
197,"Male",0.232813420386352,0.188471892061413,0.302871920692671,500,"FGR"
204,"Male",0.232813420386352,0.188471892061413,0.302871920692671,500,"FGR"
205,"Male",0.232813420386352,0.188471892061413,0.302871920692671,500,"FGR"
207,"Male",0.232813420386352,0.188471892061413,0.302871920692671,500,"FGR"
210,"Male",0.243742472499882,0.192460930987361,0.312677308712858,500,"FGR"
212,"Male",0.243742472499882,0.192460930987361,0.312677308712858,500,"FGR"
230,"Male",0.243742472499882,0.192460930987361,0.312677308712858,500,"FGR"
234,"Male",0.258774850143508,0.194934764944087,0.318881141437312,500,"FGR"
247,"Male",0.258774850143508,0.194934764944087,0.318881141437312,500,"FGR"
254,"Male",0.258774850143508,0.194934764944087,0.318881141437312,500,"FGR"
257,"Male",0.258774850143508,0.194934764944087,0.318881141437312,500,"FGR"
0,"Female",0,0,0,1000,"FGR"
1,"Female",0.00565897266827389,0.00158699270698608,0.0101136862088532,1000,"FGR"
2,"Female",0.0089618468501357,0.00338498711854813,0.0157366390219521,1000,"FGR"
3,"Female",0.0131647410908899,0.00612181820382918,0.0195245420586412,1000,"FGR"
4,"Female",0.0182177897224546,0.00879049196966261,0.0265387331008985,1000,"FGR"
5,"Female",0.0190733007130282,0.00879049196966261,0.0282962441818582,1000,"FGR"
6,"Female",0.0216443116486173,0.011083097663186,0.0318118466737489,1000,"FGR"
7,"Female",0.0233921104078708,0.0125048368555216,0.0346023349823557,1000,"FGR"
8,"Female",0.0269319538856029,0.0166334823703033,0.0384685974877658,1000,"FGR"
9,"Female",0.0278341522106858,0.01880228174952,0.0400592787852139,1000,"FGR"
10,"Female",0.0323421574365556,0.0214258119322201,0.0433713620588748,1000,"FGR"
11,"Female",0.035100464028468,0.0216170245123214,0.0473450200543991,1000,"FGR"
12,"Female",0.0369625917407783,0.0227528975143908,0.0499529371216503,1000,"FGR"
13,"Female",0.0397928673141764,0.0240940878701393,0.0525625120275564,1000,"FGR"
15,"Female",0.0407549107150743,0.0246718397720743,0.0551560749896098,1000,"FGR"
16,"Female",0.042685985774509,0.0275831741944146,0.0582518753752127,1000,"FGR"
17,"Female",0.0456144633240955,0.029007757464265,0.0617127036785585,1000,"FGR"
18,"Female",0.0465936199004886,0.0304087829549928,0.0629716326394596,1000,"FGR"
19,"Female",0.0475706089840868,0.0326070375671704,0.0658886656002985,1000,"FGR"
20,"Female",0.0475706089840868,0.0326070375671704,0.0658886656002985,1000,"FGR"
21,"Female",0.0475706089840868,0.0326070375671704,0.0658886656002985,1000,"FGR"
22,"Female",0.050564288129358,0.033873889947169,0.0682872053497727,1000,"FGR"
23,"Female",0.0525783460465255,0.0356387448545357,0.0732474284721447,1000,"FGR"
24,"Female",0.0546031929548169,0.0366271674355086,0.0747248415112254,1000,"FGR"
25,"Female",0.0556236727582786,0.0366271674355086,0.0761377201397045,1000,"FGR"
26,"Female",0.0566484138237105,0.0389437683691514,0.0763745236939806,1000,"FGR"
27,"Female",0.0607390063745186,0.0419302148405521,0.0807006292074052,1000,"FGR"
28,"Female",0.0617611931978957,0.0434801462119647,0.0857499951323202,1000,"FGR"
31,"Female",0.0638503951069313,0.0458279542468414,0.0894164876326895,1000,"FGR"
32,"Female",0.0649031657168272,0.0458797579015982,0.089701078017084,1000,"FGR"
33,"Female",0.0670004338465566,0.0494264894627035,0.092786570127056,1000,"FGR"
34,"Female",0.0670004338465566,0.0494264894627035,0.092786570127056,1000,"FGR"
35,"Female",0.0701835889495415,0.0507562456896333,0.0962007415073406,1000,"FGR"
36,"Female",0.071250478069467,0.0530644269037786,0.0978995198039574,1000,"FGR"
37,"Female",0.071250478069467,0.0530644269037786,0.0978995198039574,1000,"FGR"
38,"Female",0.0723393927093901,0.0534991434507759,0.0990423799010623,1000,"FGR"
39,"Female",0.0734446843915369,0.0541565318274979,0.099520871374357,1000,"FGR"
40,"Female",0.0756784741204927,0.0543866854168006,0.100916663035139,1000,"FGR"
41,"Female",0.0768196610612548,0.0548531129927917,0.102696824985155,1000,"FGR"
42,"Female",0.0768196610612548,0.0548531129927917,0.102696824985155,1000,"FGR"
45,"Female",0.0768196610612548,0.0548531129927917,0.102696824985155,1000,"FGR"
46,"Female",0.0791780753365247,0.0576223135646811,0.104178528874088,1000,"FGR"
47,"Female",0.08037258128765,0.0604391963385703,0.106321181528401,1000,"FGR"
48,"Female",0.0815674330393198,0.0621123948251179,0.106912457748124,1000,"FGR"
49,"Female",0.0827820884213109,0.0637133139861833,0.107793851406909,1000,"FGR"
50,"Female",0.0840003925061329,0.0645142514482093,0.109002226564847,1000,"FGR"
51,"Female",0.0840003925061329,0.0645142514482093,0.109002226564847,1000,"FGR"
52,"Female",0.0840003925061329,0.0645142514482093,0.109002226564847,1000,"FGR"
53,"Female",0.0852291484285731,0.0663893591618599,0.110858599089554,1000,"FGR"
55,"Female",0.0877248170700366,0.0671840452297627,0.114221410229628,1000,"FGR"
56,"Female",0.0877248170700366,0.0671840452297627,0.114221410229628,1000,"FGR"
58,"Female",0.0902527743211419,0.0699433082989975,0.120539933826432,1000,"FGR"
59,"Female",0.092768258408196,0.0724578694480956,0.123165074379217,1000,"FGR"
60,"Female",0.0940270601441185,0.0728281167105149,0.123165074379217,1000,"FGR"
61,"Female",0.0965867061124731,0.0755872461857307,0.127223745644155,1000,"FGR"
62,"Female",0.0978729775749723,0.0764321311281264,0.129014065228124,1000,"FGR"
64,"Female",0.0991673330130575,0.0778328718124198,0.130215432459539,1000,"FGR"
65,"Female",0.0991673330130575,0.0778328718124198,0.130215432459539,1000,"FGR"
66,"Female",0.0991673330130575,0.0778328718124198,0.130215432459539,1000,"FGR"
67,"Female",0.0991673330130575,0.0778328718124198,0.130215432459539,1000,"FGR"
68,"Female",0.100493698998746,0.0788436831286508,0.130677892650366,1000,"FGR"
69,"Female",0.101825100299981,0.080134394420113,0.133451834224669,1000,"FGR"
70,"Female",0.101825100299981,0.080134394420113,0.133451834224669,1000,"FGR"
71,"Female",0.103170850466199,0.082184531299278,0.134328155276684,1000,"FGR"
73,"Female",0.103170850466199,0.082184531299278,0.134328155276684,1000,"FGR"
74,"Female",0.103170850466199,0.082184531299278,0.134328155276684,1000,"FGR"
75,"Female",0.105943540682811,0.0839794147065225,0.136441855557421,1000,"FGR"
76,"Female",0.107336042753389,0.0847383634929104,0.137348389121667,1000,"FGR"
77,"Female",0.11011444157301,0.088361842335029,0.140023550635949,1000,"FGR"
78,"Female",0.111502900197459,0.0898781507770823,0.142427221730227,1000,"FGR"
80,"Female",0.111502900197459,0.0898781507770823,0.142427221730227,1000,"FGR"
81,"Female",0.112934334471262,0.0920624056788272,0.145468713094098,1000,"FGR"
83,"Female",0.115814450513891,0.0944738347013432,0.146650563690502,1000,"FGR"
84,"Female",0.115814450513891,0.0944738347013432,0.146650563690502,1000,"FGR"
85,"Female",0.115814450513891,0.0944738347013432,0.146650563690502,1000,"FGR"
88,"Female",0.121750404151642,0.0992078264708182,0.151452236097474,1000,"FGR"
89,"Female",0.123248904041696,0.0992078264708182,0.153890556317558,1000,"FGR"
90,"Female",0.123248904041696,0.0992078264708182,0.153890556317558,1000,"FGR"
91,"Female",0.123248904041696,0.0992078264708182,0.153890556317558,1000,"FGR"
93,"Female",0.124783635818567,0.10044384013107,0.155814383819486,1000,"FGR"
94,"Female",0.124783635818567,0.10044384013107,0.155814383819486,1000,"FGR"
95,"Female",0.126324274460678,0.102174008237962,0.157426672469895,1000,"FGR"
97,"Female",0.127872390849489,0.104269875245464,0.159629960121929,1000,"FGR"
98,"Female",0.127872390849489,0.104269875245464,0.159629960121929,1000,"FGR"
99,"Female",0.130994736754819,0.107332178645737,0.162574000888498,1000,"FGR"
101,"Female",0.132560450977593,0.108667278326624,0.163315411055736,1000,"FGR"
102,"Female",0.132560450977593,0.108667278326624,0.163315411055736,1000,"FGR"
103,"Female",0.135794062178665,0.111720044734748,0.166148921473616,1000,"FGR"
106,"Female",0.137423394703967,0.112886570364638,0.16806782887883,1000,"FGR"
107,"Female",0.139126156940737,0.113255037513385,0.170308472604942,1000,"FGR"
109,"Female",0.140850246890098,0.113433862990963,0.17216687736276,1000,"FGR"
110,"Female",0.142569400194156,0.114711114766646,0.175867021662604,1000,"FGR"
111,"Female",0.142569400194156,0.114711114766646,0.175867021662604,1000,"FGR"
113,"Female",0.146062794627546,0.118836433383217,0.180636718536207,1000,"FGR"
114,"Female",0.147861272604829,0.122947979667974,0.18146345538021,1000,"FGR"
115,"Female",0.149660494999384,0.125125144340992,0.186059050111648,1000,"FGR"
117,"Female",0.149660494999384,0.125125144340992,0.186059050111648,1000,"FGR"
118,"Female",0.149660494999384,0.125125144340992,0.186059050111648,1000,"FGR"
120,"Female",0.151510357521076,0.126950253955368,0.186907497984383,1000,"FGR"
121,"Female",0.151510357521076,0.126950253955368,0.186907497984383,1000,"FGR"
123,"Female",0.153393968205407,0.128819909526873,0.189576781956744,1000,"FGR"
126,"Female",0.153393968205407,0.128819909526873,0.189576781956744,1000,"FGR"
128,"Female",0.155366117359874,0.132842957583386,0.190657536826862,1000,"FGR"
129,"Female",0.155366117359874,0.132842957583386,0.190657536826862,1000,"FGR"
131,"Female",0.155366117359874,0.132842957583386,0.190657536826862,1000,"FGR"
133,"Female",0.155366117359874,0.132842957583386,0.190657536826862,1000,"FGR"
134,"Female",0.157395003407646,0.134261584843958,0.194563393524335,1000,"FGR"
135,"Female",0.157395003407646,0.134261584843958,0.194563393524335,1000,"FGR"
136,"Female",0.1594296221876,0.136304763652182,0.194563393524335,1000,"FGR"
137,"Female",0.1594296221876,0.136304763652182,0.194563393524335,1000,"FGR"
140,"Female",0.161531658709452,0.136932563683299,0.198561366257328,1000,"FGR"
143,"Female",0.161531658709452,0.136932563683299,0.198561366257328,1000,"FGR"
145,"Female",0.163799787495136,0.138913089738391,0.199659881983482,1000,"FGR"
147,"Female",0.163799787495136,0.138913089738391,0.199659881983482,1000,"FGR"
149,"Female",0.166151175782743,0.138913089738391,0.202056087698842,1000,"FGR"
151,"Female",0.173452880354376,0.142399294657437,0.212696571799726,1000,"FGR"
152,"Female",0.175923249610111,0.142399294657437,0.217142481846109,1000,"FGR"
153,"Female",0.17838464209651,0.146337757790006,0.219656872726781,1000,"FGR"
156,"Female",0.17838464209651,0.146337757790006,0.219656872726781,1000,"FGR"
157,"Female",0.17838464209651,0.146337757790006,0.219656872726781,1000,"FGR"
158,"Female",0.183450955369347,0.146337757790006,0.224069685772728,1000,"FGR"
161,"Female",0.183450955369347,0.146337757790006,0.224069685772728,1000,"FGR"
162,"Female",0.186069415943311,0.147982561038036,0.226865818319389,1000,"FGR"
175,"Female",0.186069415943311,0.147982561038036,0.226865818319389,1000,"FGR"
176,"Female",0.186069415943311,0.147982561038036,0.226865818319389,1000,"FGR"
183,"Female",0.189496812643058,0.149411767182509,0.229894979425676,1000,"FGR"
184,"Female",0.189496812643058,0.149411767182509,0.229894979425676,1000,"FGR"
189,"Female",0.189496812643058,0.149411767182509,0.229894979425676,1000,"FGR"
190,"Female",0.189496812643058,0.149411767182509,0.229894979425676,1000,"FGR"
194,"Female",0.193489277292644,0.152276649987747,0.236509381420458,1000,"FGR"
202,"Female",0.193489277292644,0.152276649987747,0.236509381420458,1000,"FGR"
204,"Female",0.193489277292644,0.152276649987747,0.236509381420458,1000,"FGR"
205,"Female",0.193489277292644,0.152276649987747,0.236509381420458,1000,"FGR"
207,"Female",0.193489277292644,0.152276649987747,0.236509381420458,1000,"FGR"
212,"Female",0.193489277292644,0.152276649987747,0.236509381420458,1000,"FGR"
213,"Female",0.193489277292644,0.152276649987747,0.236509381420458,1000,"FGR"
216,"Female",0.193489277292644,0.152276649987747,0.236509381420458,1000,"FGR"
220,"Female",0.193489277292644,0.152276649987747,0.236509381420458,1000,"FGR"
221,"Female",0.193489277292644,0.152276649987747,0.236509381420458,1000,"FGR"
226,"Female",0.193489277292644,0.152276649987747,0.236509381420458,1000,"FGR"
246,"Female",0.202008556534074,0.173947704090193,0.239414114022815,1000,"FGR"
247,"Female",0.202008556534074,0.173947704090193,0.239414114022815,1000,"FGR"
251,"Female",0.202008556534074,0.173947704090193,0.239414114022815,1000,"FGR"
0,"Male",0,0,0,1000,"FGR"
1,"Male",0.00819637827640851,0.00250420666453452,0.0135271414586286,1000,"FGR"
2,"Male",0.0129487826298567,0.00539871213505995,0.0206726615431671,1000,"FGR"
3,"Male",0.0189632652681065,0.0100283525517318,0.0278628445702111,1000,"FGR"
4,"Male",0.0261463444302747,0.0155347434218599,0.0371574677435133,1000,"FGR"
5,"Male",0.0273573673141916,0.0159660665248943,0.0395479952658459,1000,"FGR"
6,"Male",0.0309879694032854,0.0194850578515713,0.0456447046219428,1000,"FGR"
7,"Male",0.0334486017284931,0.0209806255989436,0.0464392932251956,1000,"FGR"
8,"Male",0.0384138127621549,0.0275651946053664,0.0522972018828598,1000,"FGR"
9,"Male",0.0396754035396388,0.0289969483845029,0.0539965141463953,1000,"FGR"
10,"Male",0.0459558408989602,0.0326534370257202,0.0595443866375197,1000,"FGR"
11,"Male",0.0497797171970684,0.0373673211729232,0.0652815563707476,1000,"FGR"
12,"Male",0.0523532086204233,0.0408354066102197,0.0682346305442748,1000,"FGR"
13,"Male",0.056252505463056,0.0443351863233228,0.0714838605481811,1000,"FGR"
15,"Male",0.0575746059075567,0.045953991411537,0.0734109741057235,1000,"FGR"
16,"Male",0.0602233853200511,0.0475151034113068,0.0754669663370573,1000,"FGR"
17,"Male",0.0642275983254049,0.0518062902157476,0.0798040752902909,1000,"FGR"
18,"Male",0.0655630666298404,0.052363253376105,0.0821268854022691,1000,"FGR"
19,"Male",0.0668939121157386,0.0540844060034124,0.0848654800196735,1000,"FGR"
20,"Male",0.0668939121157386,0.0540844060034124,0.0848654800196735,1000,"FGR"
21,"Male",0.0668939121157386,0.0540844060034124,0.0848654800196735,1000,"FGR"
22,"Male",0.0709616073956979,0.0558001636993968,0.0869897675591178,1000,"FGR"
23,"Male",0.0736896224945496,0.0592163827888839,0.091950802280504,1000,"FGR"
24,"Male",0.0764253689948027,0.0608604594158993,0.0954306692530937,1000,"FGR"
25,"Male",0.077801538960439,0.0618334405101299,0.0977887625842134,1000,"FGR"
26,"Male",0.0791817248136737,0.0644611807766332,0.100387683863849,1000,"FGR"
27,"Male",0.0846741379213698,0.0695324791155819,0.10812364289151,1000,"FGR"
28,"Male",0.0860424184790563,0.069773824183557,0.113789910488159,1000,"FGR"
31,"Male",0.0888338406075358,0.0731885891081843,0.116766381846114,1000,"FGR"
32,"Male",0.090237873571312,0.073502657386417,0.118707151621821,1000,"FGR"
33,"Male",0.0930297876005764,0.0788129852746156,0.121519932151637,1000,"FGR"
34,"Male",0.0930297876005764,0.0788129852746156,0.121519932151637,1000,"FGR"
35,"Male",0.0972544192805282,0.0832468189901662,0.12567006569734,1000,"FGR"
36,"Male",0.0986669678688542,0.0842681508161703,0.127657373894198,1000,"FGR"
37,"Male",0.0986669678688542,0.0842681508161703,0.127657373894198,1000,"FGR"
38,"Male",0.100106935723482,0.0865985787798764,0.12797460218272,1000,"FGR"
39,"Male",0.10156677485296,0.0878375881567806,0.12797460218272,1000,"FGR"
40,"Male",0.104511672535767,0.0929274237226355,0.130645921656755,1000,"FGR"
41,"Male",0.106013373991504,0.0932586092532252,0.131446560542156,1000,"FGR"
42,"Male",0.106013373991504,0.0932586092532252,0.131446560542156,1000,"FGR"
45,"Male",0.106013373991504,0.0932586092532252,0.131446560542156,1000,"FGR"
46,"Male",0.109110985021214,0.0962632655713244,0.135613486700697,1000,"FGR"
47,"Male",0.110676911001729,0.097095736153072,0.139079078289115,1000,"FGR"
48,"Male",0.112241315229128,0.097095736153072,0.143134236105217,1000,"FGR"
49,"Male",0.113829642988848,0.0990284138476829,0.144152092806648,1000,"FGR"
50,"Male",0.115420731276956,0.0990284138476829,0.146421481556276,1000,"FGR"
51,"Male",0.115420731276956,0.0990284138476829,0.146421481556276,1000,"FGR"
52,"Male",0.115420731276956,0.0990284138476829,0.146421481556276,1000,"FGR"
53,"Male",0.117023450448599,0.0993827579216174,0.150902430488544,1000,"FGR"
55,"Male",0.12027250293402,0.101721486297666,0.152824626683458,1000,"FGR"
56,"Male",0.12027250293402,0.101721486297666,0.152824626683458,1000,"FGR"
58,"Male",0.12355533031339,0.10245835930949,0.155961866281749,1000,"FGR"
59,"Male",0.126813887513838,0.105341652081016,0.157517694845438,1000,"FGR"
60,"Male",0.128441572296831,0.106968027416469,0.157751989079275,1000,"FGR"
61,"Male",0.131745318952366,0.107338059787148,0.16338294787713,1000,"FGR"
62,"Male",0.133402533626204,0.108610697765613,0.165196240682614,1000,"FGR"
64,"Male",0.135068182792081,0.110639761799674,0.166415687988777,1000,"FGR"
65,"Male",0.135068182792081,0.110639761799674,0.166415687988777,1000,"FGR"
66,"Male",0.135068182792081,0.110639761799674,0.166415687988777,1000,"FGR"
67,"Male",0.135068182792081,0.110639761799674,0.166415687988777,1000,"FGR"
68,"Male",0.136772989362547,0.112106166455432,0.16678217613087,1000,"FGR"
69,"Male",0.138482222282694,0.11368993085996,0.168744092533771,1000,"FGR"
70,"Male",0.138482222282694,0.11368993085996,0.168744092533771,1000,"FGR"
71,"Male",0.140207820644317,0.117311425786899,0.168744092533771,1000,"FGR"
73,"Male",0.140207820644317,0.117311425786899,0.168744092533771,1000,"FGR"
74,"Male",0.140207820644317,0.117311425786899,0.168744092533771,1000,"FGR"
75,"Male",0.14375672702252,0.11932870442307,0.175749337470662,1000,"FGR"
76,"Male",0.145535872403756,0.11932870442307,0.18025298732781,1000,"FGR"
77,"Male",0.149079505808622,0.124549155749329,0.183390645950342,1000,"FGR"
78,"Male",0.150847334219025,0.124549155749329,0.183858382409916,1000,"FGR"
80,"Male",0.150847334219025,0.124549155749329,0.183858382409916,1000,"FGR"
81,"Male",0.152667799841434,0.124971556967066,0.188389917786858,1000,"FGR"
83,"Male",0.156324398435569,0.127875501154055,0.193075784503142,1000,"FGR"
84,"Male",0.156324398435569,0.127875501154055,0.193075784503142,1000,"FGR"
85,"Male",0.156324398435569,0.127875501154055,0.193075784503142,1000,"FGR"
88,"Male",0.163835285462798,0.138866155490058,0.201097915599783,1000,"FGR"
89,"Male",0.165726175054787,0.138866155490058,0.201097915599783,1000,"FGR"
90,"Male",0.165726175054787,0.138866155490058,0.201097915599783,1000,"FGR"
91,"Male",0.165726175054787,0.138866155490058,0.201097915599783,1000,"FGR"
93,"Male",0.167660691309304,0.14162346920124,0.204352912635134,1000,"FGR"
94,"Male",0.167660691309304,0.14162346920124,0.204352912635134,1000,"FGR"
95,"Male",0.169600563182564,0.143560057739918,0.207260966273999,1000,"FGR"
97,"Male",0.171547782009055,0.145507363870415,0.209459493955561,1000,"FGR"
98,"Male",0.171547782009055,0.145507363870415,0.209459493955561,1000,"FGR"
99,"Male",0.175468922115079,0.151343747177839,0.211658272151362,1000,"FGR"
101,"Male",0.177432186682411,0.155236583974425,0.212750442716548,1000,"FGR"
102,"Male",0.177432186682411,0.155236583974425,0.212750442716548,1000,"FGR"
103,"Male",0.181480704813507,0.157985034580911,0.223612325954087,1000,"FGR"
106,"Male",0.183517604638372,0.160967594742149,0.224137976973107,1000,"FGR"
107,"Male",0.185644189211556,0.16281554915479,0.224681914530955,1000,"FGR"
109,"Male",0.187795262372695,0.16483941220209,0.230378835809258,1000,"FGR"
110,"Male",0.189938077778081,0.16839281437267,0.230876928284721,1000,"FGR"
111,"Male",0.189938077778081,0.16839281437267,0.230876928284721,1000,"FGR"
113,"Male",0.19428613508182,0.173822510736534,0.236196631812626,1000,"FGR"
114,"Male",0.19652146706042,0.174328176342921,0.239399691893781,1000,"FGR"
115,"Male",0.198755662402863,0.179973699567479,0.241971867465946,1000,"FGR"
117,"Male",0.198755662402863,0.179973699567479,0.241971867465946,1000,"FGR"
118,"Male",0.198755662402863,0.179973699567479,0.241971867465946,1000,"FGR"
120,"Male",0.201050651622181,0.179986008946427,0.244418467621938,1000,"FGR"
121,"Male",0.201050651622181,0.179986008946427,0.244418467621938,1000,"FGR"
123,"Male",0.203385397838801,0.183669769258821,0.247325421785662,1000,"FGR"
126,"Male",0.203385397838801,0.183669769258821,0.247325421785662,1000,"FGR"
128,"Male",0.205827675183133,0.184248414761041,0.250567929355323,1000,"FGR"
129,"Male",0.205827675183133,0.184248414761041,0.250567929355323,1000,"FGR"
131,"Male",0.205827675183133,0.184248414761041,0.250567929355323,1000,"FGR"
133,"Male",0.205827675183133,0.184248414761041,0.250567929355323,1000,"FGR"
134,"Male",0.208337929232828,0.186072706524558,0.25726804722166,1000,"FGR"
135,"Male",0.208337929232828,0.186072706524558,0.25726804722166,1000,"FGR"
136,"Male",0.210853027794884,0.186072706524558,0.263222339077796,1000,"FGR"
137,"Male",0.210853027794884,0.186072706524558,0.263222339077796,1000,"FGR"
140,"Male",0.213449184126033,0.190742562096211,0.269051525912649,1000,"FGR"
143,"Male",0.213449184126033,0.190742562096211,0.269051525912649,1000,"FGR"
145,"Male",0.216247973262519,0.192842796927052,0.269777328820195,1000,"FGR"
147,"Male",0.216247973262519,0.192842796927052,0.269777328820195,1000,"FGR"
149,"Male",0.219146869773012,0.19613534229758,0.272652081209006,1000,"FGR"
151,"Male",0.228132890549761,0.204231591331657,0.278602835725194,1000,"FGR"
152,"Male",0.231168097535934,0.205094221620728,0.282052006597382,1000,"FGR"
153,"Male",0.234189956874133,0.206246177446902,0.285003541894344,1000,"FGR"
156,"Male",0.234189956874133,0.206246177446902,0.285003541894344,1000,"FGR"
157,"Male",0.234189956874133,0.206246177446902,0.285003541894344,1000,"FGR"
158,"Male",0.240403097083138,0.206976186998088,0.290221394878056,1000,"FGR"
161,"Male",0.240403097083138,0.206976186998088,0.290221394878056,1000,"FGR"
162,"Male",0.243610954070447,0.20775772500146,0.293293166278065,1000,"FGR"
175,"Male",0.243610954070447,0.20775772500146,0.293293166278065,1000,"FGR"
176,"Male",0.243610954070447,0.20775772500146,0.293293166278065,1000,"FGR"
183,"Male",0.247806682169566,0.21524432988886,0.295024340210983,1000,"FGR"
184,"Male",0.247806682169566,0.21524432988886,0.295024340210983,1000,"FGR"
189,"Male",0.247806682169566,0.21524432988886,0.295024340210983,1000,"FGR"
190,"Male",0.247806682169566,0.21524432988886,0.295024340210983,1000,"FGR"
194,"Male",0.252689984101322,0.223105147179492,0.304914706112061,1000,"FGR"
202,"Male",0.252689984101322,0.223105147179492,0.304914706112061,1000,"FGR"
204,"Male",0.252689984101322,0.223105147179492,0.304914706112061,1000,"FGR"
205,"Male",0.252689984101322,0.223105147179492,0.304914706112061,1000,"FGR"
207,"Male",0.252689984101322,0.223105147179492,0.304914706112061,1000,"FGR"
212,"Male",0.252689984101322,0.223105147179492,0.304914706112061,1000,"FGR"
213,"Male",0.252689984101322,0.223105147179492,0.304914706112061,1000,"FGR"
216,"Male",0.252689984101322,0.223105147179492,0.304914706112061,1000,"FGR"
220,"Male",0.252689984101322,0.223105147179492,0.304914706112061,1000,"FGR"
221,"Male",0.252689984101322,0.223105147179492,0.304914706112061,1000,"FGR"
226,"Male",0.252689984101322,0.223105147179492,0.304914706112061,1000,"FGR"
246,"Male",0.263096962120505,0.225180850618223,0.338432612534585,1000,"FGR"
247,"Male",0.263096962120505,0.225180850618223,0.338432612534585,1000,"FGR"
251,"Male",0.263096962120505,0.225180850618223,0.338432612534585,1000,"FGR"
0,"Female",0,0,0,1000,"CSC"
1,"Female",0.00584844018438255,0.00122521390873399,0.0104716664600311,1000,"CSC"
2,"Female",0.00921063726006585,0.00328548989655976,0.0151357846235719,1000,"CSC"
3,"Female",0.0134683042600482,0.00599205889513226,0.0209445496249642,1000,"CSC"
4,"Female",0.0185927936266435,0.00941650933015513,0.0277690779231318,1000,"CSC"
5,"Female",0.0194448003391936,0.0100845726303194,0.0288050280480678,1000,"CSC"
6,"Female",0.0220319032348477,0.0119795557352314,0.0320842507344641,1000,"CSC"
7,"Female",0.0237930753012469,0.013212424481155,0.0343737261213387,1000,"CSC"
8,"Female",0.0273888542398915,0.0160531911529806,0.0387245173268024,1000,"CSC"
9,"Female",0.0282886938792802,0.0166284825517148,0.0399489052068456,1000,"CSC"
10,"Female",0.0328837783700285,0.0200666424983394,0.0457009142417177,1000,"CSC"
11,"Female",0.0356635545956921,0.0220366347524892,0.0492904744388949,1000,"CSC"
12,"Female",0.037525634765269,0.0235802031336173,0.0514710663969207,1000,"CSC"
13,"Female",0.040362578674485,0.0257961480662038,0.0549290092827662,1000,"CSC"
15,"Female",0.0413188505335173,0.0264123674376496,0.0562253336293851,1000,"CSC"
16,"Female",0.0432446258475179,0.0278349627578871,0.0586542889371487,1000,"CSC"
17,"Female",0.0461655766149509,0.0299439702438435,0.0623871829860582,1000,"CSC"
18,"Female",0.0471344558055969,0.030767499886934,0.0635014117242598,1000,"CSC"
19,"Female",0.0481006245599322,0.0314041488459103,0.0647971002739541,1000,"CSC"
20,"Female",0.0481006245599322,0.0314041488459103,0.0647971002739541,1000,"CSC"
21,"Female",0.0481006245599322,0.0314041488459103,0.0647971002739541,1000,"CSC"
22,"Female",0.0510860384626647,0.0333623804918618,0.0688096964334676,1000,"CSC"
23,"Female",0.0530805547851484,0.0348803310156597,0.071280778554637,1000,"CSC"
24,"Female",0.0550844879423318,0.0362118494321629,0.0739571264525007,1000,"CSC"
25,"Female",0.0561003530518386,0.0370732816444511,0.075127424459226,1000,"CSC"
26,"Female",0.0571185737646297,0.0379403458288636,0.0762968017003958,1000,"CSC"
27,"Female",0.0612017286189381,0.0410475149137188,0.0813559423241574,1000,"CSC"
28,"Female",0.0622103380995242,0.0419065387358007,0.0825141374632476,1000,"CSC"
31,"Female",0.0642761645150533,0.0437010534258336,0.0848512756042729,1000,"CSC"
32,"Female",0.0653268667490253,0.0444218014597739,0.0862319320382767,1000,"CSC"
33,"Female",0.067428818493546,0.0460561788798505,0.0888014581072415,1000,"CSC"
34,"Female",0.067428818493546,0.0460561788798505,0.0888014581072415,1000,"CSC"
35,"Female",0.0706841754168275,0.048672505253634,0.0926958455800209,1000,"CSC"
36,"Female",0.0717637487239181,0.0496113148450865,0.0939161826027497,1000,"CSC"
37,"Female",0.0717637487239181,0.0496113148450865,0.0939161826027497,1000,"CSC"
38,"Female",0.0728661270142316,0.0505832093631766,0.0951490446652866,1000,"CSC"
39,"Female",0.0739838198158888,0.0515669181650841,0.0964007214666935,1000,"CSC"
40,"Female",0.0762726138988293,0.0535623831821337,0.0989828446155249,1000,"CSC"
41,"Female",0.0774353247919665,0.0543780700309511,0.100492579552982,1000,"CSC"
42,"Female",0.0774353247919665,0.0543780700309511,0.100492579552982,1000,"CSC"
45,"Female",0.0774353247919665,0.0543780700309511,0.100492579552982,1000,"CSC"
46,"Female",0.0798324388845749,0.0562758462692092,0.103389031499941,1000,"CSC"
47,"Female",0.0810411004937979,0.0573415266458458,0.10474067434175,1000,"CSC"
48,"Female",0.0822465835339628,0.0584360961073219,0.106057070960604,1000,"CSC"
49,"Female",0.0834787920036585,0.0595275379705121,0.107430046036805,1000,"CSC"
50,"Female",0.0847130743373027,0.0603838378033837,0.109042310871222,1000,"CSC"
51,"Female",0.0847130743373027,0.0603838378033837,0.109042310871222,1000,"CSC"
52,"Female",0.0847130743373027,0.0603838378033837,0.109042310871222,1000,"CSC"
53,"Female",0.0859503872290102,0.0614719391957622,0.110428835262258,1000,"CSC"
55,"Female",0.0884822799609471,0.06371542627121,0.113249133650684,1000,"CSC"
56,"Female",0.0884822799609471,0.06371542627121,0.113249133650684,1000,"CSC"
58,"Female",0.0911057802929489,0.0658174789478626,0.116394081638035,1000,"CSC"
59,"Female",0.0937034968394255,0.0681717332712173,0.119235260407634,1000,"CSC"
60,"Female",0.0949964122827048,0.0690921916890873,0.120900632876322,1000,"CSC"
61,"Female",0.0976382889744179,0.071513810196576,0.12376276775226,1000,"CSC"
62,"Female",0.0989764198728295,0.0724692386227888,0.12548360112287,1000,"CSC"
64,"Female",0.100319807912953,0.0736813850091034,0.126958230816803,1000,"CSC"
65,"Female",0.100319807912953,0.0736813850091034,0.126958230816803,1000,"CSC"
66,"Female",0.100319807912953,0.0736813850091034,0.126958230816803,1000,"CSC"
67,"Female",0.100319807912953,0.0736813850091034,0.126958230816803,1000,"CSC"
68,"Female",0.101687322666689,0.0746566130697782,0.1287180322636,1000,"CSC"
69,"Female",0.103057940139908,0.0756549331167977,0.130460947163019,1000,"CSC"
70,"Female",0.103057940139908,0.0756549331167977,0.130460947163019,1000,"CSC"
71,"Female",0.104440791653636,0.07691948616059,0.131962097146682,1000,"CSC"
73,"Female",0.104440791653636,0.07691948616059,0.131962097146682,1000,"CSC"
74,"Female",0.104440791653636,0.07691948616059,0.131962097146682,1000,"CSC"
75,"Female",0.107294171165534,0.0795428186084874,0.13504552372258,1000,"CSC"
76,"Female",0.108720262274098,0.0808576991912124,0.136582825356983,1000,"CSC"
77,"Female",0.111566751462613,0.083500558741951,0.139632944183275,1000,"CSC"
78,"Female",0.112978721561387,0.0848224553807173,0.141134987742057,1000,"CSC"
80,"Female",0.112978721561387,0.0848224553807173,0.141134987742057,1000,"CSC"
81,"Female",0.114434494059184,0.0861750200376946,0.142693968080673,1000,"CSC"
83,"Female",0.117369633627457,0.0885651089241577,0.146174158330756,1000,"CSC"
84,"Female",0.117369633627457,0.0885651089241577,0.146174158330756,1000,"CSC"
85,"Female",0.117369633627457,0.0885651089241577,0.146174158330756,1000,"CSC"
88,"Female",0.123499581886159,0.0939640993711471,0.153035064401171,1000,"CSC"
89,"Female",0.125020068723835,0.0950781116014241,0.154962025846247,1000,"CSC"
90,"Female",0.125020068723835,0.0950781116014241,0.154962025846247,1000,"CSC"
91,"Female",0.125020068723835,0.0950781116014241,0.154962025846247,1000,"CSC"
93,"Female",0.126563617616468,0.0962141939876554,0.15691304124528,1000,"CSC"
94,"Female",0.126563617616468,0.0962141939876554,0.15691304124528,1000,"CSC"
95,"Female",0.128106765745392,0.0976820550913444,0.15853147639944,1000,"CSC"
97,"Female",0.129655054551819,0.0991481910003454,0.160161918103293,1000,"CSC"
98,"Female",0.129655054551819,0.0991481910003454,0.160161918103293,1000,"CSC"
99,"Female",0.132766102655883,0.101771651988684,0.163760553323083,1000,"CSC"
101,"Female",0.134316546563229,0.103252609832305,0.165380483294153,1000,"CSC"
102,"Female",0.134316546563229,0.103252609832305,0.165380483294153,1000,"CSC"
103,"Female",0.137534371495677,0.105655251102493,0.169413491888861,1000,"CSC"
106,"Female",0.139141452517384,0.107201884925584,0.171081020109185,1000,"CSC"
107,"Female",0.140847281127308,0.108464728855336,0.173229833399281,1000,"CSC"
109,"Female",0.142566156617068,0.109743312802378,0.175389000431759,1000,"CSC"
110,"Female",0.144277024020449,0.111366574748325,0.177187473292573,1000,"CSC"
111,"Female",0.144277024020449,0.111366574748325,0.177187473292573,1000,"CSC"
113,"Female",0.147836509835976,0.114421212551078,0.181251807120874,1000,"CSC"
114,"Female",0.14967527149993,0.115775859827709,0.183574683172151,1000,"CSC"
115,"Female",0.151509716297855,0.117506735817319,0.185512696778391,1000,"CSC"
117,"Female",0.151509716297855,0.117506735817319,0.185512696778391,1000,"CSC"
118,"Female",0.151509716297855,0.117506735817319,0.185512696778391,1000,"CSC"
120,"Female",0.153377063123802,0.118900577078501,0.187853549169103,1000,"CSC"
121,"Female",0.153377063123802,0.118900577078501,0.187853549169103,1000,"CSC"
123,"Female",0.155255281870874,0.120289542451728,0.19022102129002,1000,"CSC"
126,"Female",0.155255281870874,0.120289542451728,0.19022102129002,1000,"CSC"
128,"Female",0.15718668323374,0.122100486740385,0.192272879727096,1000,"CSC"
129,"Female",0.15718668323374,0.122100486740385,0.192272879727096,1000,"CSC"
131,"Female",0.15718668323374,0.122100486740385,0.192272879727096,1000,"CSC"
133,"Female",0.15718668323374,0.122100486740385,0.192272879727096,1000,"CSC"
134,"Female",0.159144792743728,0.123551647396579,0.194737938090877,1000,"CSC"
135,"Female",0.159144792743728,0.123551647396579,0.194737938090877,1000,"CSC"
136,"Female",0.161133523093138,0.125416425535244,0.196850620651032,1000,"CSC"
137,"Female",0.161133523093138,0.125416425535244,0.196850620651032,1000,"CSC"
140,"Female",0.163166071952504,0.127329030825643,0.199003113079365,1000,"CSC"
143,"Female",0.163166071952504,0.127329030825643,0.199003113079365,1000,"CSC"
145,"Female",0.165428863441996,0.129476445136933,0.201381281747059,1000,"CSC"
147,"Female",0.165428863441996,0.129476445136933,0.201381281747059,1000,"CSC"
149,"Female",0.167776047746941,0.13181362320701,0.203738472286871,1000,"CSC"
151,"Female",0.175332861107849,0.137471912512545,0.213193809703153,1000,"CSC"
152,"Female",0.177832484704015,0.139832560093144,0.215832409314886,1000,"CSC"
153,"Female",0.180326111475278,0.142214705604527,0.21843751734603,1000,"CSC"
156,"Female",0.180326111475278,0.142214705604527,0.21843751734603,1000,"CSC"
157,"Female",0.180326111475278,0.142214705604527,0.21843751734603,1000,"CSC"
158,"Female",0.185426928385878,0.147044043090887,0.223809813680869,1000,"CSC"
161,"Female",0.185426928385878,0.147044043090887,0.223809813680869,1000,"CSC"
162,"Female",0.188022632770237,0.149021806117971,0.227023459422504,1000,"CSC"
175,"Female",0.188022632770237,0.149021806117971,0.227023459422504,1000,"CSC"
176,"Female",0.188022632770237,0.149021806117971,0.227023459422504,1000,"CSC"
183,"Female",0.191563592518316,0.152344381693501,0.230782803343132,1000,"CSC"
184,"Female",0.191563592518316,0.152344381693501,0.230782803343132,1000,"CSC"
189,"Female",0.191563592518316,0.152344381693501,0.230782803343132,1000,"CSC"
190,"Female",0.191563592518316,0.152344381693501,0.230782803343132,1000,"CSC"
194,"Female",0.19569002006342,0.155289288890743,0.236090751236098,1000,"CSC"
202,"Female",0.19569002006342,0.155289288890743,0.236090751236098,1000,"CSC"
204,"Female",0.19569002006342,0.155289288890743,0.236090751236098,1000,"CSC"
205,"Female",0.19569002006342,0.155289288890743,0.236090751236098,1000,"CSC"
207,"Female",0.19569002006342,0.155289288890743,0.236090751236098,1000,"CSC"
212,"Female",0.19569002006342,0.155289288890743,0.236090751236098,1000,"CSC"
213,"Female",0.19569002006342,0.155289288890743,0.236090751236098,1000,"CSC"
216,"Female",0.19569002006342,0.155289288890743,0.236090751236098,1000,"CSC"
220,"Female",0.19569002006342,0.155289288890743,0.236090751236098,1000,"CSC"
221,"Female",0.19569002006342,0.155289288890743,0.236090751236098,1000,"CSC"
226,"Female",0.19569002006342,0.155289288890743,0.236090751236098,1000,"CSC"
246,"Female",0.203898012801506,0.161620238823905,0.246175786779106,1000,"CSC"
247,"Female",0.203898012801506,0.161620238823905,0.246175786779106,1000,"CSC"
251,"Female",0.203898012801506,0.161620238823905,0.246175786779106,1000,"CSC"
0,"Male",0,0,0,1000,"CSC"
1,"Male",0.00835079611653636,0.00235325621734308,0.0143483360157296,1000,"CSC"
2,"Male",0.0131041206420174,0.00549450992678214,0.0207137313572527,1000,"CSC"
3,"Male",0.01908947098085,0.00985797462433155,0.0283209673373684,1000,"CSC"
4,"Male",0.0262430484428452,0.0154991905696299,0.0369869063160606,1000,"CSC"
5,"Male",0.0274223589993365,0.0163421794311491,0.0385025385675238,1000,"CSC"
6,"Male",0.0309984613487315,0.0192129295063912,0.0427839931910719,1000,"CSC"
7,"Male",0.0334234827216105,0.0212120149310043,0.0456349505122166,1000,"CSC"
8,"Male",0.038362248870396,0.025002295280021,0.051722202460771,1000,"CSC"
9,"Male",0.0395914739093847,0.0260675189311196,0.0531154288876497,1000,"CSC"
10,"Male",0.045861740133408,0.0311556489749321,0.0605678312918839,1000,"CSC"
11,"Male",0.0496276177586978,0.0343638087793123,0.0648914267380832,1000,"CSC"
12,"Male",0.0521403967794497,0.0362590382115666,0.0680217553473327,1000,"CSC"
13,"Male",0.0559580437982948,0.0392684589783969,0.0726476286181928,1000,"CSC"
15,"Male",0.057240102240372,0.0404469156987644,0.0740332887819797,1000,"CSC"
16,"Male",0.0598192721045142,0.0427370670507363,0.0769014771582921,1000,"CSC"
17,"Male",0.0637209572584656,0.0460793962332193,0.081362518283712,1000,"CSC"
18,"Male",0.0650096647966991,0.0470565030067204,0.0829628265866777,1000,"CSC"
19,"Male",0.0662930093494286,0.0482753858313879,0.0843106328674693,1000,"CSC"
20,"Male",0.0662930093494286,0.0482753858313879,0.0843106328674693,1000,"CSC"
21,"Male",0.0662930093494286,0.0482753858313879,0.0843106328674693,1000,"CSC"
22,"Male",0.0702546322229566,0.0519860360048804,0.0885232284410327,1000,"CSC"
23,"Male",0.0728906885795664,0.0542018317367411,0.0915795454223916,1000,"CSC"
24,"Male",0.0755319132939223,0.0566675703048901,0.0943962562829544,1000,"CSC"
25,"Male",0.0768674679372695,0.0576844400011923,0.0960504958733467,1000,"CSC"
26,"Male",0.0782043042480884,0.0587154302662546,0.0976931782299221,1000,"CSC"
27,"Male",0.0835590243841908,0.0632139816800924,0.103904067088289,1000,"CSC"
28,"Male",0.0848748016336073,0.0643833900725791,0.105366213194636,1000,"CSC"
31,"Male",0.0875663008294983,0.066398695449581,0.108733906209416,1000,"CSC"
32,"Male",0.0889319523450803,0.067644376233668,0.110219528456493,1000,"CSC"
33,"Male",0.0916623400252512,0.0699794113079516,0.113345268742551,1000,"CSC"
34,"Male",0.0916623400252512,0.0699794113079516,0.113345268742551,1000,"CSC"
35,"Male",0.0958828733331116,0.0735531726326368,0.118212574033586,1000,"CSC"
36,"Male",0.0972769070812974,0.0748211671283743,0.11973264703422,1000,"CSC"
37,"Male",0.0972769070812974,0.0748211671283743,0.11973264703422,1000,"CSC"
38,"Male",0.098698924501634,0.0759255764100062,0.121472272593262,1000,"CSC"
39,"Male",0.100139197315749,0.077271621890941,0.123006772740556,1000,"CSC"
40,"Male",0.103084729761998,0.0799389876706807,0.126230471853316,1000,"CSC"
41,"Male",0.104577104083341,0.0814093877568621,0.127744820409819,1000,"CSC"
42,"Male",0.104577104083341,0.0814093877568621,0.127744820409819,1000,"CSC"
45,"Male",0.104577104083341,0.0814093877568621,0.127744820409819,1000,"CSC"
46,"Male",0.107654907833061,0.0842980085226987,0.131011807143423,1000,"CSC"
47,"Male",0.109202998187811,0.0854304308888595,0.132975565486762,1000,"CSC"
48,"Male",0.110745400569518,0.0869449265979119,0.134545874541123,1000,"CSC"
49,"Male",0.112320378597349,0.088133792172656,0.136506965022041,1000,"CSC"
50,"Male",0.11389592845773,0.0896053553307418,0.138186501584718,1000,"CSC"
51,"Male",0.11389592845773,0.0896053553307418,0.138186501584718,1000,"CSC"
52,"Male",0.11389592845773,0.0896053553307418,0.138186501584718,1000,"CSC"
53,"Male",0.115474696597971,0.0910373618737506,0.139912031322191,1000,"CSC"
55,"Male",0.118702071651892,0.0936700628949016,0.143734080408882,1000,"CSC"
56,"Male",0.118702071651892,0.0936700628949016,0.143734080408882,1000,"CSC"
58,"Male",0.122039468810208,0.0964139553263408,0.147664982294076,1000,"CSC"
59,"Male",0.125337326479382,0.0989067043908896,0.151767948567873,1000,"CSC"
60,"Male",0.126974542538389,0.100426366441999,0.153522718634779,1000,"CSC"
61,"Male",0.1303169357977,0.103077767572123,0.157556104023277,1000,"CSC"
62,"Male",0.132006809994641,0.104645122926606,0.159368497062676,1000,"CSC"
64,"Male",0.133701302628026,0.106162739963453,0.161239865292598,1000,"CSC"
65,"Male",0.133701302628026,0.106162739963453,0.161239865292598,1000,"CSC"
66,"Male",0.133701302628026,0.106162739963453,0.161239865292598,1000,"CSC"
67,"Male",0.133701302628026,0.106162739963453,0.161239865292598,1000,"CSC"
68,"Male",0.135425910806683,0.107764813951816,0.16308700766155,1000,"CSC"
69,"Male",0.137152396730551,0.109450798871466,0.164853994589636,1000,"CSC"
70,"Male",0.137152396730551,0.109450798871466,0.164853994589636,1000,"CSC"
71,"Male",0.138892863073882,0.11074776293385,0.167037963213913,1000,"CSC"
73,"Male",0.138892863073882,0.11074776293385,0.167037963213913,1000,"CSC"
74,"Male",0.138892863073882,0.11074776293385,0.167037963213913,1000,"CSC"
75,"Male",0.142486325195176,0.11342940667743,0.171543243712922,1000,"CSC"
76,"Male",0.144278075313688,0.114786739797626,0.173769410829751,1000,"CSC"
77,"Male",0.147851700772093,0.117429763974575,0.178273637569611,1000,"CSC"
78,"Male",0.149621117256562,0.118733127074457,0.180509107438667,1000,"CSC"
80,"Male",0.149621117256562,0.118733127074457,0.180509107438667,1000,"CSC"
81,"Male",0.151444879286374,0.120227435725399,0.182662322847349,1000,"CSC"
83,"Male",0.155118169246436,0.12326254848209,0.186973790010783,1000,"CSC"
84,"Male",0.155118169246436,0.12326254848209,0.186973790010783,1000,"CSC"
85,"Male",0.155118169246436,0.12326254848209,0.186973790010783,1000,"CSC"
88,"Male",0.162779881442236,0.1297095818309,0.195850181053571,1000,"CSC"
89,"Male",0.164672556653347,0.131434542311963,0.197910570994731,1000,"CSC"
90,"Male",0.164672556653347,0.131434542311963,0.197910570994731,1000,"CSC"
91,"Male",0.164672556653347,0.131434542311963,0.197910570994731,1000,"CSC"
93,"Male",0.166595306195024,0.133170467094904,0.200020145295144,1000,"CSC"
94,"Male",0.166595306195024,0.133170467094904,0.200020145295144,1000,"CSC"
95,"Male",0.168517405332331,0.134542845178203,0.202491965486459,1000,"CSC"
97,"Male",0.170444306838734,0.135950652801978,0.204937960875489,1000,"CSC"
98,"Male",0.170444306838734,0.135950652801978,0.204937960875489,1000,"CSC"
99,"Male",0.174317626128376,0.139116087914063,0.209519164342688,1000,"CSC"
101,"Male",0.176244907474962,0.140732124272086,0.211757690677839,1000,"CSC"
102,"Male",0.176244907474962,0.140732124272086,0.211757690677839,1000,"CSC"
103,"Male",0.180245192555535,0.144313789776238,0.216176595334832,1000,"CSC"
106,"Male",0.182240955939793,0.146175063823696,0.218306848055891,1000,"CSC"
107,"Male",0.184357953696509,0.14805132966318,0.220664577729839,1000,"CSC"
109,"Male",0.186490625639582,0.149952515102478,0.223028736176686,1000,"CSC"
110,"Male",0.18861200134509,0.151475931965868,0.225748070724313,1000,"CSC"
111,"Male",0.18861200134509,0.151475931965868,0.225748070724313,1000,"CSC"
113,"Male",0.193026637685917,0.155166595158034,0.2308866802138,1000,"CSC"
114,"Male",0.195304383944993,0.157229307218124,0.233379460671863,1000,"CSC"
115,"Male",0.197576532077263,0.158891532969822,0.236261531184703,1000,"CSC"
117,"Male",0.197576532077263,0.158891532969822,0.236261531184703,1000,"CSC"
118,"Male",0.197576532077263,0.158891532969822,0.236261531184703,1000,"CSC"
120,"Male",0.199891380741505,0.160956471379507,0.238826290103503,1000,"CSC"
121,"Male",0.199891380741505,0.160956471379507,0.238826290103503,1000,"CSC"
123,"Male",0.202221644685145,0.163044345006149,0.241398944364141,1000,"CSC"
126,"Male",0.202221644685145,0.163044345006149,0.241398944364141,1000,"CSC"
128,"Male",0.204621043778689,0.164770798244552,0.244471289312826,1000,"CSC"
129,"Male",0.204621043778689,0.164770798244552,0.244471289312826,1000,"CSC"
131,"Male",0.204621043778689,0.164770798244552,0.244471289312826,1000,"CSC"
133,"Male",0.204621043778689,0.164770798244552,0.244471289312826,1000,"CSC"
134,"Male",0.207058134641905,0.166904348262014,0.247211921021797,1000,"CSC"
135,"Male",0.207058134641905,0.166904348262014,0.247211921021797,1000,"CSC"
136,"Male",0.209533268778723,0.168623247415204,0.250443290142242,1000,"CSC"
137,"Male",0.209533268778723,0.168623247415204,0.250443290142242,1000,"CSC"
140,"Male",0.212065292948578,0.170383671228534,0.253746914668621,1000,"CSC"
143,"Male",0.212065292948578,0.170383671228534,0.253746914668621,1000,"CSC"
145,"Male",0.214884227950127,0.172929199680433,0.256839256219821,1000,"CSC"
147,"Male",0.214884227950127,0.172929199680433,0.256839256219821,1000,"CSC"
149,"Male",0.217808337041602,0.175912072075664,0.25970460200754,1000,"CSC"
151,"Male",0.227218245146674,0.183985464306488,0.27045102598686,1000,"CSC"
152,"Male",0.230329932967505,0.186129507031687,0.274530358903323,1000,"CSC"
153,"Male",0.233433210800498,0.188263628135686,0.27860279346531,1000,"CSC"
156,"Male",0.233433210800498,0.188263628135686,0.27860279346531,1000,"CSC"
157,"Male",0.233433210800498,0.188263628135686,0.27860279346531,1000,"CSC"
158,"Male",0.239789816617784,0.192656082002929,0.286923551232639,1000,"CSC"
161,"Male",0.239789816617784,0.192656082002929,0.286923551232639,1000,"CSC"
162,"Male",0.243026308972796,0.195306353740681,0.29074626420491,1000,"CSC"
175,"Male",0.243026308972796,0.195306353740681,0.29074626420491,1000,"CSC"
176,"Male",0.243026308972796,0.195306353740681,0.29074626420491,1000,"CSC"
183,"Male",0.247448563845946,0.198706005989888,0.296191121702003,1000,"CSC"
184,"Male",0.247448563845946,0.198706005989888,0.296191121702003,1000,"CSC"
189,"Male",0.247448563845946,0.198706005989888,0.296191121702003,1000,"CSC"
190,"Male",0.247448563845946,0.198706005989888,0.296191121702003,1000,"CSC"
194,"Male",0.252612247299797,0.202785479545038,0.302439015054557,1000,"CSC"
202,"Male",0.252612247299797,0.202785479545038,0.302439015054557,1000,"CSC"
204,"Male",0.252612247299797,0.202785479545038,0.302439015054557,1000,"CSC"
205,"Male",0.252612247299797,0.202785479545038,0.302439015054557,1000,"CSC"
207,"Male",0.252612247299797,0.202785479545038,0.302439015054557,1000,"CSC"
212,"Male",0.252612247299797,0.202785479545038,0.302439015054557,1000,"CSC"
213,"Male",0.252612247299797,0.202785479545038,0.302439015054557,1000,"CSC"
216,"Male",0.252612247299797,0.202785479545038,0.302439015054557,1000,"CSC"
220,"Male",0.252612247299797,0.202785479545038,0.302439015054557,1000,"CSC"
221,"Male",0.252612247299797,0.202785479545038,0.302439015054557,1000,"CSC"
226,"Male",0.252612247299797,0.202785479545038,0.302439015054557,1000,"CSC"
246,"Male",0.263007571956783,0.206783435899263,0.319231708014302,1000,"CSC"
247,"Male",0.263007571956783,0.206783435899263,0.319231708014302,1000,"CSC"
251,"Male",0.263007571956783,0.206783435899263,0.319231708014302,1000,"CSC"
0,"Female",0,0,0,2000,"CSC"
1,"Female",0.00378505629723715,0.00136772409176528,0.00620238850270901,2000,"CSC"
2,"Female",0.0072701854650667,0.00376063815077157,0.0107797327793618,2000,"CSC"
3,"Female",0.0100310279608465,0.00574685372474431,0.0143152021969487,2000,"CSC"
4,"Female",0.0140252410230131,0.00871976863556603,0.0193307134104602,2000,"CSC"
5,"Female",0.0144264041257276,0.00904254364032427,0.019810264611131,2000,"CSC"
6,"Female",0.0176584939492681,0.0115337347512522,0.023783253147284,2000,"CSC"
7,"Female",0.0192801308154726,0.0127388928021336,0.0258213688288116,2000,"CSC"
8,"Female",0.0229964415173603,0.0158043905722263,0.0301884924624943,2000,"CSC"
9,"Female",0.0238258145690111,0.0164610565786092,0.031190572559413,2000,"CSC"
10,"Female",0.0280182239638436,0.0197994277682966,0.0362370201593905,2000,"CSC"
11,"Female",0.0305435570956637,0.0218216321616621,0.0392654820296654,2000,"CSC"
12,"Female",0.0313903616104556,0.0225581898327228,0.0402225333881883,2000,"CSC"
13,"Female",0.0339925245130315,0.024768820898222,0.0432162281278409,2000,"CSC"
14,"Female",0.037560190950693,0.0276003107629833,0.0475200711384027,2000,"CSC"
15,"Female",0.0389076140478648,0.0286494227111172,0.0491658053846124,2000,"CSC"
16,"Female",0.0398199241693695,0.0293862924639133,0.0502535558748256,2000,"CSC"
17,"Female",0.041681325292831,0.0308945954785992,0.0524680551070628,2000,"CSC"
18,"Female",0.0440287516135879,0.0329661063133534,0.0550913969138224,2000,"CSC"
19,"Female",0.0459186608137793,0.0345737058203125,0.057263615807246,2000,"CSC"
20,"Female",0.0468815639896294,0.035363563422668,0.0583995645565908,2000,"CSC"
21,"Female",0.0473641296034401,0.0357926111724758,0.0589356480344044,2000,"CSC"
22,"Female",0.0488133231031892,0.0369404403715597,0.0606862058348188,2000,"CSC"
23,"Female",0.05076792791048,0.0386196114364128,0.0629162443845472,2000,"CSC"
24,"Female",0.0532309022818622,0.0406119856546491,0.0658498189090753,2000,"CSC"
25,"Female",0.0542231591501815,0.0415000523164567,0.0669462659839064,2000,"CSC"
26,"Female",0.0547204686412635,0.0419474813113305,0.0674934559711965,2000,"CSC"
27,"Female",0.0557284011067077,0.0427848079517909,0.0686719942616245,2000,"CSC"
28,"Female",0.0577346174449065,0.0443953440931876,0.0710738907966254,2000,"CSC"
29,"Female",0.0577346174449065,0.0443953440931876,0.0710738907966254,2000,"CSC"
30,"Female",0.0592453457154836,0.0457057556760242,0.0727849357549429,2000,"CSC"
31,"Female",0.0607589748271888,0.0470142097077764,0.0745037399466012,2000,"CSC"
32,"Female",0.0628141681907528,0.0488897904295903,0.0767385459519153,2000,"CSC"
33,"Female",0.0633257427616309,0.0492864505846724,0.0773650349385894,2000,"CSC"
34,"Female",0.0648752417551065,0.0505679277871804,0.0791825557230326,2000,"CSC"
35,"Female",0.0664443656100897,0.0518500156109275,0.0810387156092519,2000,"CSC"
36,"Female",0.0685346273314869,0.0537049256889841,0.0833643289739898,2000,"CSC"
37,"Female",0.0690619296638614,0.0541173121005718,0.0840065472271509,2000,"CSC"
38,"Female",0.0695953808681499,0.0546170245293556,0.0845737372069442,2000,"CSC"
39,"Female",0.0701295799736949,0.055111565264435,0.0851475946829547,2000,"CSC"
40,"Female",0.0717800990184407,0.0565759774539025,0.086984220582979,2000,"CSC"
41,"Female",0.0734707042579452,0.0581841626031643,0.0887572459127262,2000,"CSC"
42,"Female",0.0746107283409023,0.0591619141496497,0.0900595425321548,2000,"CSC"
43,"Female",0.0746107283409023,0.0591619141496497,0.0900595425321548,2000,"CSC"
44,"Female",0.0763295424268108,0.060766348776015,0.0918927360776066,2000,"CSC"
45,"Female",0.0763295424268108,0.060766348776015,0.0918927360776066,2000,"CSC"
46,"Female",0.0774918251294811,0.0617681618561521,0.0932154884028101,2000,"CSC"
47,"Female",0.0786546400491814,0.0627727839788664,0.0945364961194964,2000,"CSC"
48,"Female",0.079819634277685,0.0638695158865672,0.0957697526688028,2000,"CSC"
50,"Female",0.079819634277685,0.0638695158865672,0.0957697526688028,2000,"CSC"
51,"Female",0.079819634277685,0.0638695158865672,0.0957697526688028,2000,"CSC"
53,"Female",0.0810298452517046,0.065014116111655,0.0970455743917542,2000,"CSC"
54,"Female",0.0810298452517046,0.065014116111655,0.0970455743917542,2000,"CSC"
55,"Female",0.0816456698879684,0.0655982031937186,0.0976931365822181,2000,"CSC"
56,"Female",0.0816456698879684,0.0655982031937186,0.0976931365822181,2000,"CSC"
57,"Female",0.0816456698879684,0.0655982031937186,0.0976931365822181,2000,"CSC"
58,"Female",0.082270354516359,0.0661868777603742,0.0983538312723438,2000,"CSC"
59,"Female",0.083516191762395,0.0673626906805399,0.09966969284425,2000,"CSC"
60,"Female",0.0847627472042091,0.0684459708333824,0.101079523575036,2000,"CSC"
61,"Female",0.0866281294496034,0.0702292997927602,0.103026959106447,2000,"CSC"
63,"Female",0.0878736689515936,0.0713182311191981,0.104429106783989,2000,"CSC"
64,"Female",0.0891347823046431,0.0724321567295298,0.105837407879756,2000,"CSC"
65,"Female",0.0910414804217462,0.0740668688965598,0.108016091946933,2000,"CSC"
66,"Female",0.0923256334007955,0.0750882332158535,0.109563033585738,2000,"CSC"
67,"Female",0.0936154170123564,0.0761592734691196,0.111071560555593,2000,"CSC"
68,"Female",0.0942647383409941,0.0766741788453396,0.111855297836649,2000,"CSC"
69,"Female",0.0942647383409941,0.0766741788453396,0.111855297836649,2000,"CSC"
70,"Female",0.0942647383409941,0.0766741788453396,0.111855297836649,2000,"CSC"
71,"Female",0.0949203632762757,0.0771933744688728,0.112647352083679,2000,"CSC"
72,"Female",0.0962364220396069,0.0784371117656555,0.114035732313558,2000,"CSC"
73,"Female",0.0968951922637088,0.0789597468280298,0.114830637699388,2000,"CSC"
75,"Female",0.0975584589217475,0.0795883903876585,0.115528527455837,2000,"CSC"
76,"Female",0.0982269852817302,0.0802210864025188,0.116232884160942,2000,"CSC"
77,"Female",0.0995706377364121,0.0813913255893804,0.117749949883444,2000,"CSC"
78,"Female",0.0995706377364121,0.0813913255893804,0.117749949883444,2000,"CSC"
79,"Female",0.10024126771203,0.0820274811545546,0.118455054269505,2000,"CSC"
80,"Female",0.101582065355394,0.0831973440646082,0.119966786646179,2000,"CSC"
81,"Female",0.102934618815779,0.0843845375470063,0.121484700084551,2000,"CSC"
82,"Female",0.104293769434902,0.085571187177322,0.123016351692481,2000,"CSC"
83,"Female",0.104293769434902,0.085571187177322,0.123016351692481,2000,"CSC"
84,"Female",0.104987712172066,0.0862385351760335,0.123736889168098,2000,"CSC"
85,"Female",0.105679788528889,0.0867948351384293,0.124564741919348,2000,"CSC"
86,"Female",0.105679788528889,0.0867948351384293,0.124564741919348,2000,"CSC"
88,"Female",0.107084821115539,0.0880130195751059,0.126156622655973,2000,"CSC"
89,"Female",0.10848362541104,0.0891231013731256,0.127844149448954,2000,"CSC"
90,"Female",0.109190898170319,0.0897942671341011,0.128587529206536,2000,"CSC"
91,"Female",0.109190898170319,0.0897942671341011,0.128587529206536,2000,"CSC"
92,"Female",0.109901941993951,0.0904949309979493,0.129308952989952,2000,"CSC"
93,"Female",0.110634244730973,0.0910758711193152,0.130192618342631,2000,"CSC"
94,"Female",0.110634244730973,0.0910758711193152,0.130192618342631,2000,"CSC"
95,"Female",0.111375866348266,0.0917805112548758,0.130971221441657,2000,"CSC"
98,"Female",0.112125387699026,0.0924904836593625,0.131760291738689,2000,"CSC"
99,"Female",0.113622855862015,0.093795148604981,0.13345056311905,2000,"CSC"
100,"Female",0.113622855862015,0.093795148604981,0.13345056311905,2000,"CSC"
101,"Female",0.115125136554958,0.0951072475155485,0.135143025594368,2000,"CSC"
102,"Female",0.115876314356942,0.0958232192354412,0.135929409478443,2000,"CSC"
103,"Female",0.115876314356942,0.0958232192354412,0.135929409478443,2000,"CSC"
105,"Female",0.115876314356942,0.0958232192354412,0.135929409478443,2000,"CSC"
106,"Female",0.116638390832015,0.0965565030545334,0.136720278609496,2000,"CSC"
107,"Female",0.117411572794477,0.0972912007176646,0.137531944871289,2000,"CSC"
108,"Female",0.118185423276353,0.0980211524005149,0.138349694152191,2000,"CSC"
109,"Female",0.120520538990512,0.0999981145223533,0.141042963458671,2000,"CSC"
110,"Female",0.121294024026464,0.100736254483371,0.141851793569557,2000,"CSC"
111,"Female",0.121294024026464,0.100736254483371,0.141851793569557,2000,"CSC"
112,"Female",0.12289677205146,0.102131887515928,0.143661656586991,2000,"CSC"
113,"Female",0.124503041639776,0.103656700801765,0.145349382477788,2000,"CSC"
114,"Female",0.125307576361536,0.104295249492602,0.14631990323047,2000,"CSC"
115,"Female",0.126115615793538,0.105063386857098,0.147167844729977,2000,"CSC"
116,"Female",0.126115615793538,0.105063386857098,0.147167844729977,2000,"CSC"
117,"Female",0.126927621369534,0.105834295291945,0.148020947447123,2000,"CSC"
120,"Female",0.128563350784594,0.107261712174962,0.149864989394227,2000,"CSC"
121,"Female",0.129380147240765,0.108037945968535,0.150722348512995,2000,"CSC"
122,"Female",0.130194974913639,0.108823094456829,0.151566855370448,2000,"CSC"
123,"Female",0.130194974913639,0.108823094456829,0.151566855370448,2000,"CSC"
125,"Female",0.130194974913639,0.108823094456829,0.151566855370448,2000,"CSC"
126,"Female",0.131034797233954,0.109619056412893,0.152450538055015,2000,"CSC"
127,"Female",0.131878778031308,0.110307761103153,0.153449794959462,2000,"CSC"
128,"Female",0.132730913152943,0.111114064752361,0.154347761553525,2000,"CSC"
129,"Female",0.132730913152943,0.111114064752361,0.154347761553525,2000,"CSC"
130,"Female",0.132730913152943,0.111114064752361,0.154347761553525,2000,"CSC"
131,"Female",0.132730913152943,0.111114064752361,0.154347761553525,2000,"CSC"
132,"Female",0.134493576265305,0.11278219700937,0.156204955521241,2000,"CSC"
133,"Female",0.135377903267621,0.113553648263863,0.157202158271379,2000,"CSC"
134,"Female",0.138061367013345,0.115803115695166,0.160319618331525,2000,"CSC"
135,"Female",0.138061367013345,0.115803115695166,0.160319618331525,2000,"CSC"
136,"Female",0.138061367013345,0.115803115695166,0.160319618331525,2000,"CSC"
138,"Female",0.13896350875317,0.116510716422517,0.161416301083822,2000,"CSC"
139,"Female",0.13896350875317,0.116510716422517,0.161416301083822,2000,"CSC"
140,"Female",0.139901157158853,0.117392505141988,0.162409809175719,2000,"CSC"
141,"Female",0.139901157158853,0.117392505141988,0.162409809175719,2000,"CSC"
143,"Female",0.140907780920864,0.118378524113074,0.163437037728653,2000,"CSC"
144,"Female",0.141939465933804,0.119343454166252,0.164535477701357,2000,"CSC"
145,"Female",0.142972410541377,0.120325362955569,0.165619458127185,2000,"CSC"
147,"Female",0.142972410541377,0.120325362955569,0.165619458127185,2000,"CSC"
149,"Female",0.144038200196575,0.121157612415355,0.166918787977795,2000,"CSC"
150,"Female",0.144038200196575,0.121157612415355,0.166918787977795,2000,"CSC"
151,"Female",0.147292173472246,0.123693069580071,0.170891277364422,2000,"CSC"
152,"Female",0.148370775856917,0.124702859433466,0.172038692280369,2000,"CSC"
153,"Female",0.148370775856917,0.124702859433466,0.172038692280369,2000,"CSC"
154,"Female",0.148370775856917,0.124702859433466,0.172038692280369,2000,"CSC"
155,"Female",0.149498181044758,0.125579517732415,0.173416844357101,2000,"CSC"
156,"Female",0.150630870255254,0.126660460436742,0.174601280073765,2000,"CSC"
157,"Female",0.150630870255254,0.126660460436742,0.174601280073765,2000,"CSC"
158,"Female",0.152912944439498,0.12859461980762,0.177231269071375,2000,"CSC"
160,"Female",0.152912944439498,0.12859461980762,0.177231269071375,2000,"CSC"
161,"Female",0.152912944439498,0.12859461980762,0.177231269071375,2000,"CSC"
162,"Female",0.154132415325529,0.129567454754223,0.178697375896835,2000,"CSC"
163,"Female",0.154132415325529,0.129567454754223,0.178697375896835,2000,"CSC"
164,"Female",0.155374730514551,0.130533780312817,0.180215680716284,2000,"CSC"
166,"Female",0.155374730514551,0.130533780312817,0.180215680716284,2000,"CSC"
168,"Female",0.155374730514551,0.130533780312817,0.180215680716284,2000,"CSC"
169,"Female",0.155374730514551,0.130533780312817,0.180215680716284,2000,"CSC"
170,"Female",0.158267947200956,0.133239141116164,0.183296753285747,2000,"CSC"
171,"Female",0.158267947200956,0.133239141116164,0.183296753285747,2000,"CSC"
174,"Female",0.158267947200956,0.133239141116164,0.183296753285747,2000,"CSC"
175,"Female",0.159806180918694,0.134663731351306,0.184948630486082,2000,"CSC"
176,"Female",0.159806180918694,0.134663731351306,0.184948630486082,2000,"CSC"
178,"Female",0.159806180918694,0.134663731351306,0.184948630486082,2000,"CSC"
183,"Female",0.159806180918694,0.134663731351306,0.184948630486082,2000,"CSC"
187,"Female",0.161710095025781,0.136093480316037,0.187326709735524,2000,"CSC"
188,"Female",0.163617815643022,0.137824789016196,0.189410842269847,2000,"CSC"
189,"Female",0.163617815643022,0.137824789016196,0.189410842269847,2000,"CSC"
191,"Female",0.165645874866149,0.139630242483663,0.191661507248636,2000,"CSC"
193,"Female",0.165645874866149,0.139630242483663,0.191661507248636,2000,"CSC"
194,"Female",0.167714588286573,0.14118309097257,0.194246085600575,2000,"CSC"
195,"Female",0.167714588286573,0.14118309097257,0.194246085600575,2000,"CSC"
196,"Female",0.167714588286573,0.14118309097257,0.194246085600575,2000,"CSC"
197,"Female",0.167714588286573,0.14118309097257,0.194246085600575,2000,"CSC"
199,"Female",0.167714588286573,0.14118309097257,0.194246085600575,2000,"CSC"
200,"Female",0.167714588286573,0.14118309097257,0.194246085600575,2000,"CSC"
201,"Female",0.169947663972856,0.143183834419737,0.196711493525975,2000,"CSC"
202,"Female",0.169947663972856,0.143183834419737,0.196711493525975,2000,"CSC"
204,"Female",0.169947663972856,0.143183834419737,0.196711493525975,2000,"CSC"
205,"Female",0.169947663972856,0.143183834419737,0.196711493525975,2000,"CSC"
208,"Female",0.17234646619816,0.145317019770964,0.199375912625356,2000,"CSC"
211,"Female",0.17234646619816,0.145317019770964,0.199375912625356,2000,"CSC"
212,"Female",0.17234646619816,0.145317019770964,0.199375912625356,2000,"CSC"
213,"Female",0.17234646619816,0.145317019770964,0.199375912625356,2000,"CSC"
216,"Female",0.17234646619816,0.145317019770964,0.199375912625356,2000,"CSC"
220,"Female",0.17234646619816,0.145317019770964,0.199375912625356,2000,"CSC"
221,"Female",0.17234646619816,0.145317019770964,0.199375912625356,2000,"CSC"
223,"Female",0.175454829996462,0.147457363220616,0.203452296772308,2000,"CSC"
226,"Female",0.175454829996462,0.147457363220616,0.203452296772308,2000,"CSC"
230,"Female",0.175454829996462,0.147457363220616,0.203452296772308,2000,"CSC"
231,"Female",0.175454829996462,0.147457363220616,0.203452296772308,2000,"CSC"
234,"Female",0.179202125902047,0.15045705011897,0.207947201685124,2000,"CSC"
247,"Female",0.179202125902047,0.15045705011897,0.207947201685124,2000,"CSC"
249,"Female",0.179202125902047,0.15045705011897,0.207947201685124,2000,"CSC"
251,"Female",0.179202125902047,0.15045705011897,0.207947201685124,2000,"CSC"
254,"Female",0.179202125902047,0.15045705011897,0.207947201685124,2000,"CSC"
256,"Female",0.179202125902047,0.15045705011897,0.207947201685124,2000,"CSC"
260,"Female",0.179202125902047,0.15045705011897,0.207947201685124,2000,"CSC"
261,"Female",0.179202125902047,0.15045705011897,0.207947201685124,2000,"CSC"
263,"Female",0.179202125902047,0.15045705011897,0.207947201685124,2000,"CSC"
0,"Male",0,0,0,2000,"CSC"
1,"Male",0.00634635569266548,0.00246397700919199,0.010228734376139,2000,"CSC"
2,"Male",0.0121122888321193,0.00676139929015658,0.017463178374082,2000,"CSC"
3,"Male",0.0166217164808819,0.0103021006358001,0.0229413323259636,2000,"CSC"
4,"Male",0.0230901190357155,0.0156256833964459,0.030554554674985,2000,"CSC"
5,"Male",0.0237314124107991,0.0161369116587433,0.031325913162855,2000,"CSC"
6,"Male",0.0288906397901913,0.0204716936845461,0.0373095858958366,2000,"CSC"
7,"Male",0.0314535045019664,0.0227036773799855,0.0402033316239472,2000,"CSC"
8,"Male",0.0372976399401568,0.0277060859427017,0.046889193937612,2000,"CSC"
9,"Male",0.0385871085699734,0.0288163576858361,0.0483578594541108,2000,"CSC"
10,"Male",0.0450901639753875,0.0345021276836684,0.0556782002671067,2000,"CSC"
11,"Male",0.0489609493114094,0.0380256899352944,0.0598962086875244,2000,"CSC"
12,"Male",0.050249711668582,0.0391294757488315,0.0613699475883325,2000,"CSC"
13,"Male",0.0541995358630071,0.0426231357574263,0.0657759359685879,2000,"CSC"
14,"Male",0.0595753427490736,0.0475305004465609,0.0716201850515863,2000,"CSC"
15,"Male",0.0615859676426305,0.0494032574175632,0.0737686778676978,2000,"CSC"
16,"Male",0.0629422776089893,0.0506710812244662,0.0752134739935124,2000,"CSC"
17,"Male",0.0657024951317028,0.0532246542974204,0.0781803359659853,2000,"CSC"
18,"Male",0.0691669759026231,0.0561841177197767,0.0821498340854694,2000,"CSC"
19,"Male",0.0719403728526103,0.0587243006130152,0.0851564450922054,2000,"CSC"
20,"Male",0.0733470988337366,0.0600108727492731,0.0866833249182002,2000,"CSC"
21,"Male",0.0740501732349306,0.0605959076320683,0.087504438837793,2000,"CSC"
22,"Male",0.0761585321963728,0.062505266175223,0.0898117982175226,2000,"CSC"
23,"Male",0.0789915055601183,0.0649898151843898,0.0929931959358467,2000,"CSC"
24,"Male",0.0825452679258048,0.068299832986326,0.0967907028652836,2000,"CSC"
25,"Male",0.0839692074445343,0.069529123024381,0.0984092918646875,2000,"CSC"
26,"Male",0.0846812419894099,0.0701263608388333,0.0992361231399865,2000,"CSC"
27,"Male",0.0861228687453379,0.0713982681615107,0.100847469329165,2000,"CSC"
28,"Male",0.0889855732484933,0.0739786369316109,0.103992509565376,2000,"CSC"
29,"Male",0.0889855732484933,0.0739786369316109,0.103992509565376,2000,"CSC"
30,"Male",0.091132149704365,0.0759276950970775,0.106336604311652,2000,"CSC"
31,"Male",0.0932759844207933,0.0777975519648677,0.108754416876719,2000,"CSC"
32,"Male",0.0961771831364461,0.0802150282361987,0.112139338036694,2000,"CSC"
33,"Male",0.0968963713593435,0.0808977686892033,0.112894974029484,2000,"CSC"
34,"Male",0.0990725111570444,0.0829020437493929,0.115242978564696,2000,"CSC"
35,"Male",0.101269595725806,0.0849307787624335,0.117608412689179,2000,"CSC"
36,"Male",0.10418755288031,0.0875195813895694,0.120855524371051,2000,"CSC"
37,"Male",0.104920797581003,0.0882112511576591,0.121630344004346,2000,"CSC"
38,"Male",0.105661917840657,0.0888516812740283,0.122472154407286,2000,"CSC"
39,"Male",0.106403351241631,0.0894620334035701,0.123344669079692,2000,"CSC"
40,"Male",0.108691869274735,0.0916350246397703,0.125748713909699,2000,"CSC"
41,"Male",0.111029098366081,0.0938042819273273,0.128253914804835,2000,"CSC"
42,"Male",0.112600668870132,0.0953051136770531,0.129896224063212,2000,"CSC"
43,"Male",0.112600668870132,0.0953051136770531,0.129896224063212,2000,"CSC"
44,"Male",0.11496569669145,0.0972596794315454,0.132671713951354,2000,"CSC"
45,"Male",0.11496569669145,0.0972596794315454,0.132671713951354,2000,"CSC"
46,"Male",0.116560535229017,0.0986853082504567,0.134435762207577,2000,"CSC"
47,"Male",0.118153210420008,0.100107500660102,0.136198920179914,2000,"CSC"
48,"Male",0.119746037391585,0.101494840887423,0.137997233895746,2000,"CSC"
50,"Male",0.119746037391585,0.101494840887423,0.137997233895746,2000,"CSC"
51,"Male",0.119746037391585,0.101494840887423,0.137997233895746,2000,"CSC"
53,"Male",0.121397660604294,0.103036329036304,0.139758992172284,2000,"CSC"
54,"Male",0.121397660604294,0.103036329036304,0.139758992172284,2000,"CSC"
55,"Male",0.122236572806355,0.103815904124218,0.140657241488493,2000,"CSC"
56,"Male",0.122236572806355,0.103815904124218,0.140657241488493,2000,"CSC"
57,"Male",0.122236572806355,0.103815904124218,0.140657241488493,2000,"CSC"
58,"Male",0.123086747398695,0.104519823553684,0.141653671243706,2000,"CSC"
59,"Male",0.12478073198778,0.105906568903709,0.143654895071851,2000,"CSC"
60,"Male",0.126472742663732,0.107405167655686,0.145540317671777,2000,"CSC"
61,"Male",0.129000333101171,0.109463675216758,0.148536990985584,2000,"CSC"
63,"Male",0.130683786859909,0.110929612740751,0.150437960979066,2000,"CSC"
64,"Male",0.132385590611565,0.11247556737191,0.152295613851219,2000,"CSC"
65,"Male",0.134954556270179,0.114896095317165,0.155013017223192,2000,"CSC"
66,"Male",0.136680753500774,0.11651994904183,0.156841557959719,2000,"CSC"
67,"Male",0.138411932632408,0.118268884045414,0.158554981219403,2000,"CSC"
68,"Male",0.139282185559631,0.119083093607651,0.159481277511611,2000,"CSC"
69,"Male",0.139282185559631,0.119083093607651,0.159481277511611,2000,"CSC"
70,"Male",0.139282185559631,0.119083093607651,0.159481277511611,2000,"CSC"
71,"Male",0.140160238957204,0.119913511809976,0.160406966104431,2000,"CSC"
72,"Male",0.141921540695907,0.121440387977952,0.162402693413861,2000,"CSC"
73,"Male",0.142801939986492,0.122281261142615,0.163322618830369,2000,"CSC"
75,"Male",0.143687741486048,0.123016187226264,0.164359295745832,2000,"CSC"
76,"Male",0.144579960875477,0.123758990724594,0.16540093102636,2000,"CSC"
77,"Male",0.146372011828966,0.125342045911844,0.167401977746088,2000,"CSC"
78,"Male",0.146372011828966,0.125342045911844,0.167401977746088,2000,"CSC"
79,"Male",0.14726523248388,0.126080875176432,0.168449589791327,2000,"CSC"
80,"Male",0.149049856574681,0.127654208929383,0.170445504219979,2000,"CSC"
81,"Male",0.150847809393184,0.129248263720255,0.172447355066112,2000,"CSC"
82,"Male",0.15265228050036,0.130888131236658,0.174416429764062,2000,"CSC"
83,"Male",0.15265228050036,0.130888131236658,0.174416429764062,2000,"CSC"
84,"Male",0.153572437615751,0.131609774089866,0.175535101141636,2000,"CSC"
85,"Male",0.154489542290328,0.132522521611879,0.176456562968777,2000,"CSC"
86,"Male",0.154489542290328,0.132522521611879,0.176456562968777,2000,"CSC"
88,"Male",0.156350266158258,0.134179301425198,0.178521230891318,2000,"CSC"
89,"Male",0.158200550682465,0.135925400936661,0.180475700428269,2000,"CSC"
90,"Male",0.159135060524029,0.136688195843521,0.181581925204538,2000,"CSC"
91,"Male",0.159135060524029,0.136688195843521,0.181581925204538,2000,"CSC"
92,"Male",0.160074002188833,0.137635567404218,0.182512436973449,2000,"CSC"
93,"Male",0.16104048372521,0.138545931103215,0.183535036347205,2000,"CSC"
94,"Male",0.16104048372521,0.138545931103215,0.183535036347205,2000,"CSC"
95,"Male",0.162018664402186,0.139331538496227,0.184705790308145,2000,"CSC"
98,"Male",0.163006712959119,0.140141248235547,0.185872177682692,2000,"CSC"
99,"Male",0.164979641533507,0.141884231576499,0.188075051490514,2000,"CSC"
100,"Male",0.164979641533507,0.141884231576499,0.188075051490514,2000,"CSC"
101,"Male",0.166956801423382,0.143649852614363,0.1902637502324,2000,"CSC"
102,"Male",0.167944419237371,0.144448631833675,0.191440206641066,2000,"CSC"
103,"Male",0.167944419237371,0.144448631833675,0.191440206641066,2000,"CSC"
105,"Male",0.167944419237371,0.144448631833675,0.191440206641066,2000,"CSC"
106,"Male",0.168945710322256,0.145399085210348,0.192492335434163,2000,"CSC"
107,"Male",0.16996107790244,0.146220850699498,0.193701305105382,2000,"CSC"
108,"Male",0.170976780352238,0.147032914322699,0.194920646381778,2000,"CSC"
109,"Male",0.174040267735602,0.149778132473482,0.198302402997721,2000,"CSC"
110,"Male",0.175053625685956,0.150593911713567,0.199513339658344,2000,"CSC"
111,"Male",0.175053625685956,0.150593911713567,0.199513339658344,2000,"CSC"
112,"Male",0.177152331320997,0.152437251053417,0.201867411588577,2000,"CSC"
113,"Male",0.179253794572857,0.15414965673832,0.204357932407394,2000,"CSC"
114,"Male",0.180305434409369,0.155137866363977,0.205473002454761,2000,"CSC"
115,"Male",0.181361259240979,0.15599509464463,0.206727423837329,2000,"CSC"
116,"Male",0.181361259240979,0.15599509464463,0.206727423837329,2000,"CSC"
117,"Male",0.182421690434132,0.156854672317265,0.207988708550998,2000,"CSC"
120,"Male",0.184556984066183,0.158707717431084,0.210406250701281,2000,"CSC"
121,"Male",0.185622426305292,0.159573266387677,0.211671586222906,2000,"CSC"
122,"Male",0.186684838722981,0.160573925503195,0.212795751942766,2000,"CSC"
123,"Male",0.186684838722981,0.160573925503195,0.212795751942766,2000,"CSC"
125,"Male",0.186684838722981,0.160573925503195,0.212795751942766,2000,"CSC"
126,"Male",0.187779309835227,0.161466165409562,0.214092454260893,2000,"CSC"
127,"Male",0.188878779561953,0.162543500225753,0.215214058898154,2000,"CSC"
128,"Male",0.189988519758135,0.163443094928592,0.216533944587678,2000,"CSC"
129,"Male",0.189988519758135,0.163443094928592,0.216533944587678,2000,"CSC"
130,"Male",0.189988519758135,0.163443094928592,0.216533944587678,2000,"CSC"
131,"Male",0.189988519758135,0.163443094928592,0.216533944587678,2000,"CSC"
132,"Male",0.19228245686562,0.165424288807262,0.219140624923977,2000,"CSC"
133,"Male",0.193432582178513,0.166555627519464,0.220309536837562,2000,"CSC"
134,"Male",0.196921079137344,0.169674958163214,0.224167200111473,2000,"CSC"
135,"Male",0.196921079137344,0.169674958163214,0.224167200111473,2000,"CSC"
136,"Male",0.196921079137344,0.169674958163214,0.224167200111473,2000,"CSC"
138,"Male",0.198092282985004,0.170753641271758,0.225430924698251,2000,"CSC"
139,"Male",0.198092282985004,0.170753641271758,0.225430924698251,2000,"CSC"
140,"Male",0.199309154517608,0.171723561661513,0.226894747373702,2000,"CSC"
141,"Male",0.199309154517608,0.171723561661513,0.226894747373702,2000,"CSC"
143,"Male",0.200615072716836,0.173042761596683,0.228187383836989,2000,"CSC"
144,"Male",0.201953006091214,0.174128755762034,0.229777256420395,2000,"CSC"
145,"Male",0.203292076827987,0.175377082961273,0.231207070694702,2000,"CSC"
147,"Male",0.203292076827987,0.175377082961273,0.231207070694702,2000,"CSC"
149,"Male",0.204673090512355,0.176644564621172,0.232701616403538,2000,"CSC"
150,"Male",0.204673090512355,0.176644564621172,0.232701616403538,2000,"CSC"
151,"Male",0.208887462813495,0.180511269291334,0.237263656335656,2000,"CSC"
152,"Male",0.210282972016713,0.181623171066246,0.238942772967181,2000,"CSC"
153,"Male",0.210282972016713,0.181623171066246,0.238942772967181,2000,"CSC"
154,"Male",0.210282972016713,0.181623171066246,0.238942772967181,2000,"CSC"
155,"Male",0.211740930365082,0.18295916725339,0.240522693476775,2000,"CSC"
156,"Male",0.213205383278174,0.184188811395431,0.242221955160916,2000,"CSC"
157,"Male",0.213205383278174,0.184188811395431,0.242221955160916,2000,"CSC"
158,"Male",0.216153662393698,0.186711022196456,0.245596302590939,2000,"CSC"
160,"Male",0.216153662393698,0.186711022196456,0.245596302590939,2000,"CSC"
161,"Male",0.216153662393698,0.186711022196456,0.245596302590939,2000,"CSC"
162,"Male",0.217727973319657,0.188074404945051,0.247381541694262,2000,"CSC"
163,"Male",0.217727973319657,0.188074404945051,0.247381541694262,2000,"CSC"
164,"Male",0.219330444227414,0.189531128497518,0.24912975995731,2000,"CSC"
166,"Male",0.219330444227414,0.189531128497518,0.24912975995731,2000,"CSC"
168,"Male",0.219330444227414,0.189531128497518,0.24912975995731,2000,"CSC"
169,"Male",0.219330444227414,0.189531128497518,0.24912975995731,2000,"CSC"
170,"Male",0.223059166953129,0.192441723099826,0.253676610806432,2000,"CSC"
171,"Male",0.223059166953129,0.192441723099826,0.253676610806432,2000,"CSC"
174,"Male",0.223059166953129,0.192441723099826,0.253676610806432,2000,"CSC"
175,"Male",0.225039776435572,0.193994035201925,0.256085517669219,2000,"CSC"
176,"Male",0.225039776435572,0.193994035201925,0.256085517669219,2000,"CSC"
178,"Male",0.225039776435572,0.193994035201925,0.256085517669219,2000,"CSC"
183,"Male",0.225039776435572,0.193994035201925,0.256085517669219,2000,"CSC"
187,"Male",0.22748713528967,0.196161095583126,0.258813174996213,2000,"CSC"
188,"Male",0.229938452263723,0.198037143115719,0.261839761411727,2000,"CSC"
189,"Male",0.229938452263723,0.198037143115719,0.261839761411727,2000,"CSC"
191,"Male",0.23254280412533,0.200006948001422,0.265078660249237,2000,"CSC"
193,"Male",0.23254280412533,0.200006948001422,0.265078660249237,2000,"CSC"
194,"Male",0.235197654103689,0.202343319135434,0.268051989071944,2000,"CSC"
195,"Male",0.235197654103689,0.202343319135434,0.268051989071944,2000,"CSC"
196,"Male",0.235197654103689,0.202343319135434,0.268051989071944,2000,"CSC"
197,"Male",0.235197654103689,0.202343319135434,0.268051989071944,2000,"CSC"
199,"Male",0.235197654103689,0.202343319135434,0.268051989071944,2000,"CSC"
200,"Male",0.235197654103689,0.202343319135434,0.268051989071944,2000,"CSC"
201,"Male",0.238057338620877,0.204485044909002,0.271629632332753,2000,"CSC"
202,"Male",0.238057338620877,0.204485044909002,0.271629632332753,2000,"CSC"
204,"Male",0.238057338620877,0.204485044909002,0.271629632332753,2000,"CSC"
205,"Male",0.238057338620877,0.204485044909002,0.271629632332753,2000,"CSC"
208,"Male",0.241123963859234,0.206758188055318,0.27548973966315,2000,"CSC"
211,"Male",0.241123963859234,0.206758188055318,0.27548973966315,2000,"CSC"
212,"Male",0.241123963859234,0.206758188055318,0.27548973966315,2000,"CSC"
213,"Male",0.241123963859234,0.206758188055318,0.27548973966315,2000,"CSC"
216,"Male",0.241123963859234,0.206758188055318,0.27548973966315,2000,"CSC"
220,"Male",0.241123963859234,0.206758188055318,0.27548973966315,2000,"CSC"
221,"Male",0.241123963859234,0.206758188055318,0.27548973966315,2000,"CSC"
223,"Male",0.245082634244007,0.209976127695099,0.280189140792915,2000,"CSC"
226,"Male",0.245082634244007,0.209976127695099,0.280189140792915,2000,"CSC"
230,"Male",0.245082634244007,0.209976127695099,0.280189140792915,2000,"CSC"
231,"Male",0.245082634244007,0.209976127695099,0.280189140792915,2000,"CSC"
234,"Male",0.249840404018643,0.213180535282814,0.286500272754473,2000,"CSC"
247,"Male",0.249840404018643,0.213180535282814,0.286500272754473,2000,"CSC"
249,"Male",0.249840404018643,0.213180535282814,0.286500272754473,2000,"CSC"
251,"Male",0.249840404018643,0.213180535282814,0.286500272754473,2000,"CSC"
254,"Male",0.249840404018643,0.213180535282814,0.286500272754473,2000,"CSC"
256,"Male",0.249840404018643,0.213180535282814,0.286500272754473,2000,"CSC"
260,"Male",0.249840404018643,0.213180535282814,0.286500272754473,2000,"CSC"
261,"Male",0.249840404018643,0.213180535282814,0.286500272754473,2000,"CSC"
263,"Male",0.249840404018643,0.213180535282814,0.286500272754473,2000,"CSC"
0,"Female",0,0,0,2000,"FGR"
1,"Female",0.00371751934948189,0.00147974659905865,0.00627687900755568,2000,"FGR"
2,"Female",0.00712358496381008,0.00368849076542177,0.00957018669911424,2000,"FGR"
3,"Female",0.00983596086336249,0.00616689278892408,0.0138786996543964,2000,"FGR"
4,"Female",0.0137388283274948,0.0105220028908503,0.0179703022541928,2000,"FGR"
5,"Female",0.0141383325222008,0.0106602045149233,0.0184362027050575,2000,"FGR"
6,"Female",0.0173264504471908,0.0133318463645181,0.0224662362092774,2000,"FGR"
7,"Female",0.0189348525090977,0.0140272642580656,0.0237727020081362,2000,"FGR"
8,"Female",0.0225604820697618,0.0174195718582466,0.028618372492506,2000,"FGR"
9,"Female",0.0233849904066038,0.0180945320187242,0.0292391268611421,2000,"FGR"
10,"Female",0.0274949733171635,0.0221818848719289,0.0332893940619755,2000,"FGR"
11,"Female",0.0299769722130149,0.0240210934202553,0.0359059127126382,2000,"FGR"
12,"Female",0.0308196308366529,0.0243814468333801,0.0367185516454987,2000,"FGR"
13,"Female",0.0333820605124144,0.0266899961809467,0.0400318357320798,2000,"FGR"
14,"Female",0.0368840677017653,0.0292170775034818,0.0439516116385038,2000,"FGR"
15,"Female",0.0382214103226544,0.0306284616637337,0.0465873797970936,2000,"FGR"
16,"Female",0.0391236159370422,0.0311294914719999,0.047587174602401,2000,"FGR"
17,"Female",0.0409516342831626,0.0323427068781425,0.0504955683403552,2000,"FGR"
18,"Female",0.043259331452116,0.0349865257111999,0.0529486835624255,2000,"FGR"
19,"Female",0.0451145120718502,0.0362927850862367,0.0552826607189502,2000,"FGR"
20,"Female",0.0460644910675203,0.0365715948840995,0.0571555290637296,2000,"FGR"
21,"Female",0.0465442978607809,0.0378418174767439,0.0572673501186319,2000,"FGR"
22,"Female",0.0479862123495563,0.0383595122155615,0.0597580509120041,2000,"FGR"
23,"Female",0.0499213197765009,0.0399708705577233,0.0610101952154275,2000,"FGR"
24,"Female",0.052355492211251,0.0424043223978438,0.0642228765103647,2000,"FGR"
25,"Female",0.0533439738196313,0.0425219854299871,0.0659035311540798,2000,"FGR"
26,"Female",0.0538419785963362,0.0426189470721534,0.0660211190750567,2000,"FGR"
27,"Female",0.0548476312173017,0.0437121068897277,0.0669674766524914,2000,"FGR"
28,"Female",0.0568512783890314,0.0454624642420724,0.0687539006770484,2000,"FGR"
29,"Female",0.0568512783890314,0.0454624642420724,0.0687539006770484,2000,"FGR"
30,"Female",0.0583600454685155,0.0475382465817053,0.0703303822501088,2000,"FGR"
31,"Female",0.0598763080302718,0.0481358877453573,0.0727156953195182,2000,"FGR"
32,"Female",0.0619209163839411,0.0501932884950531,0.0763498994318476,2000,"FGR"
33,"Female",0.0624337283387745,0.0505724984860153,0.0776094543229244,2000,"FGR"
34,"Female",0.0639740503533425,0.0506984468738409,0.0781807286083863,2000,"FGR"
35,"Female",0.06553150178795,0.0528482813494885,0.0809856232416197,2000,"FGR"
36,"Female",0.0676104958163258,0.0546408871932645,0.0817763312643724,2000,"FGR"
37,"Female",0.0681356958752382,0.0548067933404887,0.0822069819904881,2000,"FGR"
38,"Female",0.0686652282408559,0.055736015806311,0.0823322786150168,2000,"FGR"
39,"Female",0.0691968198675765,0.0560953869911162,0.0823322786150168,2000,"FGR"
40,"Female",0.0708018529637095,0.0578687585682354,0.0847317795353907,2000,"FGR"
41,"Female",0.0724258662984695,0.0585060652988081,0.0876240533363134,2000,"FGR"
42,"Female",0.0735242454562369,0.0590494224471318,0.0884639121313401,2000,"FGR"
43,"Female",0.0735242454562369,0.0590494224471318,0.0884639121313401,2000,"FGR"
44,"Female",0.0751849984909983,0.0614258325002232,0.0899038862856284,2000,"FGR"
45,"Female",0.0751849984909983,0.0614258325002232,0.0899038862856284,2000,"FGR"
46,"Female",0.0763044540556233,0.0626434573644066,0.091522020582377,2000,"FGR"
47,"Female",0.0774274604057846,0.0637916673436366,0.0934552838616854,2000,"FGR"
48,"Female",0.0785550158514358,0.0651175425533974,0.0954998357570882,2000,"FGR"
50,"Female",0.0785550158514358,0.0651175425533974,0.0954998357570882,2000,"FGR"
51,"Female",0.0785550158514358,0.0651175425533974,0.0954998357570882,2000,"FGR"
53,"Female",0.0797165823463366,0.0663687719515051,0.0957739561671657,2000,"FGR"
54,"Female",0.0797165823463366,0.0663687719515051,0.0957739561671657,2000,"FGR"
55,"Female",0.0803101859746326,0.0664243883830924,0.0961389618388409,2000,"FGR"
56,"Female",0.0803101859746326,0.0664243883830924,0.0961389618388409,2000,"FGR"
57,"Female",0.0803101859746326,0.0664243883830924,0.0961389618388409,2000,"FGR"
58,"Female",0.0809145370888869,0.0668640792230079,0.0967310826980105,2000,"FGR"
59,"Female",0.0821220502294525,0.0684431101163744,0.0974408027755753,2000,"FGR"
60,"Female",0.0833327235921295,0.0691275732820258,0.0992492962136654,2000,"FGR"
61,"Female",0.0851474413829384,0.0709963499700882,0.100112499596466,2000,"FGR"
63,"Female",0.0863663234179006,0.0720970192234123,0.101032919396906,2000,"FGR"
64,"Female",0.0875946262208423,0.0731951237420792,0.103013053290243,2000,"FGR"
65,"Female",0.0894436767797367,0.0745866321401251,0.105025880980808,2000,"FGR"
66,"Female",0.0906905245394874,0.0759083532007838,0.106540123524837,2000,"FGR"
67,"Female",0.0919402659625968,0.0768791325645096,0.10906427609577,2000,"FGR"
68,"Female",0.0925715423504213,0.0773583335674092,0.110265554687638,2000,"FGR"
69,"Female",0.0925715423504213,0.0773583335674092,0.110265554687638,2000,"FGR"
70,"Female",0.0925715423504213,0.0773583335674092,0.110265554687638,2000,"FGR"
71,"Female",0.0932114071888349,0.0773964248753196,0.110424084547356,2000,"FGR"
72,"Female",0.0944927682679743,0.0804988760512124,0.112128226878167,2000,"FGR"
73,"Female",0.095136571992382,0.0804988760512124,0.112811766645105,2000,"FGR"
75,"Female",0.0957857408630037,0.0811762720375833,0.113660404488901,2000,"FGR"
76,"Female",0.0964394229192674,0.0820691040212275,0.115583112526624,2000,"FGR"
77,"Female",0.0977517859220589,0.0823348202107533,0.116119062323083,2000,"FGR"
78,"Female",0.0977517859220589,0.0823348202107533,0.116119062323083,2000,"FGR"
79,"Female",0.0984125156684379,0.0824685823467525,0.116281494936227,2000,"FGR"
80,"Female",0.0997373852363767,0.0837488470155482,0.116444747268747,2000,"FGR"
81,"Female",0.101077153029014,0.0864128958881303,0.118750246894659,2000,"FGR"
82,"Female",0.102425757030306,0.0892025085344769,0.12151262033168,2000,"FGR"
83,"Female",0.102425757030306,0.0892025085344769,0.12151262033168,2000,"FGR"
84,"Female",0.10311719715594,0.0901334066577388,0.122014091157123,2000,"FGR"
85,"Female",0.103809333385689,0.0905859398463807,0.122014091157123,2000,"FGR"
86,"Female",0.103809333385689,0.0905859398463807,0.122014091157123,2000,"FGR"
88,"Female",0.105212897208802,0.0907764977772785,0.122932435854361,2000,"FGR"
89,"Female",0.106613369008575,0.0923912043463703,0.123935738841928,2000,"FGR"
90,"Female",0.107321501121571,0.0928343628874282,0.12416022063959,2000,"FGR"
91,"Female",0.107321501121571,0.0928343628874282,0.12416022063959,2000,"FGR"
92,"Female",0.108035966210684,0.0934858198588441,0.125460073168968,2000,"FGR"
93,"Female",0.108759553986428,0.0939907204051732,0.126036174023255,2000,"FGR"
94,"Female",0.108759553986428,0.0939907204051732,0.126036174023255,2000,"FGR"
95,"Female",0.109486829730301,0.0939907204051732,0.126053931960221,2000,"FGR"
98,"Female",0.110222895013651,0.0945010412984656,0.126793232899072,2000,"FGR"
99,"Female",0.111692417208769,0.0967467308177859,0.129380870612674,2000,"FGR"
100,"Female",0.111692417208769,0.0967467308177859,0.129380870612674,2000,"FGR"
101,"Female",0.11316925791607,0.0984700500687369,0.131650496222687,2000,"FGR"
102,"Female",0.113911890327959,0.0990830599263809,0.132267755525364,2000,"FGR"
103,"Female",0.113911890327959,0.0990830599263809,0.132267755525364,2000,"FGR"
105,"Female",0.113911890327959,0.0990830599263809,0.132267755525364,2000,"FGR"
106,"Female",0.114672048762991,0.0999731548421264,0.132947457438647,2000,"FGR"
107,"Female",0.115441574885061,0.100618889877345,0.134197394760923,2000,"FGR"
108,"Female",0.116214060683343,0.102541419831535,0.13482437618544,2000,"FGR"
109,"Female",0.118540376289705,0.10433782536939,0.138342598497086,2000,"FGR"
110,"Female",0.119315296011111,0.1043491259149,0.138972242653857,2000,"FGR"
111,"Female",0.119315296011111,0.1043491259149,0.138972242653857,2000,"FGR"
112,"Female",0.120895432422005,0.106517670730381,0.141356540861842,2000,"FGR"
113,"Female",0.122483678088225,0.108119355730179,0.143285012424354,2000,"FGR"
114,"Female",0.123283447892963,0.108119355730179,0.143285012424354,2000,"FGR"
115,"Female",0.124087398349816,0.108620985069173,0.1439345659102,2000,"FGR"
116,"Female",0.124087398349816,0.108620985069173,0.1439345659102,2000,"FGR"
117,"Female",0.124900835769839,0.109419696752745,0.144130947701678,2000,"FGR"
120,"Female",0.126539610021013,0.110789065935496,0.146163250696027,2000,"FGR"
121,"Female",0.127360923860283,0.110923632955147,0.147525381907047,2000,"FGR"
122,"Female",0.128183461714336,0.111698169598363,0.147916221134826,2000,"FGR"
123,"Female",0.128183461714336,0.111698169598363,0.147916221134826,2000,"FGR"
125,"Female",0.128183461714336,0.111698169598363,0.147916221134826,2000,"FGR"
126,"Female",0.129035086689153,0.112945159831753,0.147916221134826,2000,"FGR"
127,"Female",0.129893752200857,0.112945159831753,0.148032116390437,2000,"FGR"
128,"Female",0.130760350799916,0.11338829905252,0.148946351030412,2000,"FGR"
129,"Female",0.130760350799916,0.11338829905252,0.148946351030412,2000,"FGR"
130,"Female",0.130760350799916,0.11338829905252,0.148946351030412,2000,"FGR"
131,"Female",0.130760350799916,0.11338829905252,0.148946351030412,2000,"FGR"
132,"Female",0.132536544261291,0.115719891069816,0.151460257935588,2000,"FGR"
133,"Female",0.133430708981975,0.116386658307493,0.152943701590228,2000,"FGR"
134,"Female",0.136126337116618,0.118359192269563,0.155276934326502,2000,"FGR"
135,"Female",0.136126337116618,0.118359192269563,0.155276934326502,2000,"FGR"
136,"Female",0.136126337116618,0.118359192269563,0.155276934326502,2000,"FGR"
138,"Female",0.137047398614873,0.119957326099042,0.157934431135548,2000,"FGR"
139,"Female",0.137047398614873,0.119957326099042,0.157934431135548,2000,"FGR"
140,"Female",0.13799741073234,0.121495225932777,0.158234281461644,2000,"FGR"
141,"Female",0.13799741073234,0.121495225932777,0.158234281461644,2000,"FGR"
143,"Female",0.138997488795557,0.12371215520368,0.158463305326126,2000,"FGR"
144,"Female",0.140014718256912,0.124053513909144,0.159125837481194,2000,"FGR"
145,"Female",0.14103550110904,0.124904527252376,0.160177480718183,2000,"FGR"
147,"Female",0.14103550110904,0.124904527252376,0.160177480718183,2000,"FGR"
149,"Female",0.142086393393666,0.126055423677899,0.162626545756185,2000,"FGR"
150,"Female",0.142086393393666,0.126055423677899,0.162626545756185,2000,"FGR"
151,"Female",0.145289022513149,0.128962637549451,0.166426584423803,2000,"FGR"
152,"Female",0.146362783550152,0.128963295181532,0.168414116122259,2000,"FGR"
153,"Female",0.146362783550152,0.128963295181532,0.168414116122259,2000,"FGR"
154,"Female",0.146362783550152,0.128963295181532,0.168414116122259,2000,"FGR"
155,"Female",0.147482039137652,0.12981553850405,0.169805005555154,2000,"FGR"
156,"Female",0.148607599524806,0.130595079068337,0.173022851438329,2000,"FGR"
157,"Female",0.148607599524806,0.130595079068337,0.173022851438329,2000,"FGR"
158,"Female",0.150889887718088,0.132186026149778,0.180039050919978,2000,"FGR"
160,"Female",0.150889887718088,0.132186026149778,0.180039050919978,2000,"FGR"
161,"Female",0.150889887718088,0.132186026149778,0.180039050919978,2000,"FGR"
162,"Female",0.152091332598737,0.133655943378006,0.182102953960368,2000,"FGR"
163,"Female",0.152091332598737,0.133655943378006,0.182102953960368,2000,"FGR"
164,"Female",0.153330250618282,0.133927719346444,0.182102953960368,2000,"FGR"
166,"Female",0.153330250618282,0.133927719346444,0.182102953960368,2000,"FGR"
168,"Female",0.153330250618282,0.133927719346444,0.182102953960368,2000,"FGR"
169,"Female",0.153330250618282,0.133927719346444,0.182102953960368,2000,"FGR"
170,"Female",0.156107364412036,0.137941055560981,0.183205166512819,2000,"FGR"
171,"Female",0.156107364412036,0.137941055560981,0.183205166512819,2000,"FGR"
174,"Female",0.156107364412036,0.137941055560981,0.183205166512819,2000,"FGR"
175,"Female",0.157586513138595,0.139210746021785,0.183553976225352,2000,"FGR"
176,"Female",0.157586513138595,0.139210746021785,0.183553976225352,2000,"FGR"
178,"Female",0.157586513138595,0.139210746021785,0.183553976225352,2000,"FGR"
183,"Female",0.157586513138595,0.139210746021785,0.183553976225352,2000,"FGR"
187,"Female",0.159373250124336,0.139210746021785,0.188837878414514,2000,"FGR"
188,"Female",0.161169495285202,0.141023607862711,0.189128894448784,2000,"FGR"
189,"Female",0.161169495285202,0.141023607862711,0.189128894448784,2000,"FGR"
191,"Female",0.163060164844841,0.143408839183836,0.192895421554403,2000,"FGR"
193,"Female",0.163060164844841,0.143408839183836,0.192895421554403,2000,"FGR"
194,"Female",0.164997464383559,0.144856130635844,0.194856398615215,2000,"FGR"
195,"Female",0.164997464383559,0.144856130635844,0.194856398615215,2000,"FGR"
196,"Female",0.164997464383559,0.144856130635844,0.194856398615215,2000,"FGR"
197,"Female",0.164997464383559,0.144856130635844,0.194856398615215,2000,"FGR"
199,"Female",0.164997464383559,0.144856130635844,0.194856398615215,2000,"FGR"
200,"Female",0.164997464383559,0.144856130635844,0.194856398615215,2000,"FGR"
201,"Female",0.167112462254381,0.145365988352488,0.196680313233656,2000,"FGR"
202,"Female",0.167112462254381,0.145365988352488,0.196680313233656,2000,"FGR"
204,"Female",0.167112462254381,0.145365988352488,0.196680313233656,2000,"FGR"
205,"Female",0.167112462254381,0.145365988352488,0.196680313233656,2000,"FGR"
208,"Female",0.169411671445044,0.147027009155537,0.20023792456034,2000,"FGR"
211,"Female",0.169411671445044,0.147027009155537,0.20023792456034,2000,"FGR"
212,"Female",0.169411671445044,0.147027009155537,0.20023792456034,2000,"FGR"
213,"Female",0.169411671445044,0.147027009155537,0.20023792456034,2000,"FGR"
216,"Female",0.169411671445044,0.147027009155537,0.20023792456034,2000,"FGR"
220,"Female",0.169411671445044,0.147027009155537,0.20023792456034,2000,"FGR"
221,"Female",0.169411671445044,0.147027009155537,0.20023792456034,2000,"FGR"
223,"Female",0.172360028610216,0.147872269795021,0.20023792456034,2000,"FGR"
226,"Female",0.172360028610216,0.147872269795021,0.20023792456034,2000,"FGR"
230,"Female",0.172360028610216,0.147872269795021,0.20023792456034,2000,"FGR"
231,"Female",0.172360028610216,0.147872269795021,0.20023792456034,2000,"FGR"
234,"Female",0.175918787666291,0.157310048672165,0.207649537529199,2000,"FGR"
247,"Female",0.175918787666291,0.157310048672165,0.207649537529199,2000,"FGR"
249,"Female",0.175918787666291,0.157310048672165,0.207649537529199,2000,"FGR"
251,"Female",0.175918787666291,0.157310048672165,0.207649537529199,2000,"FGR"
254,"Female",0.175918787666291,0.157310048672165,0.207649537529199,2000,"FGR"
256,"Female",0.175918787666291,0.157310048672165,0.207649537529199,2000,"FGR"
260,"Female",0.175918787666291,0.157310048672165,0.207649537529199,2000,"FGR"
261,"Female",0.175918787666291,0.157310048672165,0.207649537529199,2000,"FGR"
263,"Female",0.175918787666291,0.157310048672165,0.207649537529199,2000,"FGR"
0,"Male",0,0,0,2000,"FGR"
1,"Male",0.00620602640346735,0.00249521063017236,0.00941755202465154,2000,"FGR"
2,"Male",0.0118423257918603,0.0063144320195252,0.0153605481261824,2000,"FGR"
3,"Male",0.0162972925234659,0.0102377422311163,0.0207632757640267,2000,"FGR"
4,"Male",0.0226565925818567,0.0172089533994897,0.0268933170835661,2000,"FGR"
5,"Male",0.0233041932859121,0.0172892082387595,0.0277581942540128,2000,"FGR"
6,"Male",0.028450225149927,0.0237643350035473,0.0346130414645027,2000,"FGR"
7,"Male",0.0310317515916886,0.0256621519518564,0.0372947094492322,2000,"FGR"
8,"Male",0.0368156036744564,0.0304047963038235,0.0431135124111812,2000,"FGR"
9,"Male",0.0381241650049418,0.0312407628366758,0.0432612536378759,2000,"FGR"
10,"Male",0.0446104287939612,0.03691389701192,0.0510221503148561,2000,"FGR"
11,"Male",0.0484984108802127,0.0406022059825539,0.0548530422086625,2000,"FGR"
12,"Male",0.0498135246357916,0.0408835414309441,0.0562148453467601,2000,"FGR"
13,"Male",0.0537976266849084,0.0441871328482426,0.060027591566884,2000,"FGR"
14,"Male",0.0592066688104706,0.0483565724678482,0.0663111226156212,2000,"FGR"
15,"Male",0.0612615183463013,0.05024282307505,0.068417003510562,2000,"FGR"
16,"Male",0.0626444649391961,0.0515638342527296,0.0694368044349651,2000,"FGR"
17,"Male",0.0654384593453977,0.0527239295750365,0.0727358963528157,2000,"FGR"
18,"Male",0.0689503496087237,0.0575585409581167,0.0763051197109489,2000,"FGR"
19,"Male",0.0717614407663536,0.0606135290801456,0.0800763071463998,2000,"FGR"
20,"Male",0.0731967754964154,0.0611483894307141,0.0826759500881453,2000,"FGR"
21,"Male",0.0739206662554436,0.0614703487466761,0.0826759500881453,2000,"FGR"
22,"Male",0.0760918733773588,0.0638488915323809,0.0847882842451697,2000,"FGR"
23,"Male",0.0789958567625693,0.065990385066916,0.0874614879453734,2000,"FGR"
24,"Male",0.0826329876941582,0.0690939177528931,0.0925329541369085,2000,"FGR"
25,"Male",0.0841050271525717,0.071385352943149,0.0943393480673459,2000,"FGR"
26,"Male",0.0848455823556761,0.071545711304386,0.0946716840056027,2000,"FGR"
27,"Male",0.0863388632614083,0.0731063401439017,0.096480194247958,2000,"FGR"
28,"Male",0.0893054948540147,0.0750091808488959,0.0995978524400446,2000,"FGR"
29,"Male",0.0893054948540147,0.0750091808488959,0.0995978524400446,2000,"FGR"
30,"Male",0.0915319793418956,0.0758831736304711,0.101106045479244,2000,"FGR"
31,"Male",0.0937632017976522,0.0779751876875743,0.105049683344432,2000,"FGR"
32,"Male",0.0967620214472761,0.0788043656504457,0.108135968676189,2000,"FGR"
33,"Male",0.0975124044136946,0.0813217932408741,0.10987139520234,2000,"FGR"
34,"Male",0.0997621334109796,0.0855654106914404,0.111632985981615,2000,"FGR"
35,"Male",0.102030579086209,0.0857345859766251,0.115618888457215,2000,"FGR"
36,"Male",0.10504895081802,0.0873277312496278,0.117037874148245,2000,"FGR"
37,"Male",0.105809726965413,0.0896749856417677,0.117660900005633,2000,"FGR"
38,"Male",0.106576079082296,0.0905634501608351,0.118297201481164,2000,"FGR"
39,"Male",0.107344708707936,0.0905634501608351,0.118473623959771,2000,"FGR"
40,"Male",0.109661197163945,0.0928998428084608,0.121855456313904,2000,"FGR"
41,"Male",0.111998691241524,0.0955064651774162,0.124553144993518,2000,"FGR"
42,"Male",0.113576036396873,0.0966584485404778,0.126278382056551,2000,"FGR"
43,"Male",0.113576036396873,0.0966584485404778,0.126278382056551,2000,"FGR"
44,"Male",0.1159555771849,0.100883858529819,0.129934996840453,2000,"FGR"
45,"Male",0.1159555771849,0.100883858529819,0.129934996840453,2000,"FGR"
46,"Male",0.117555919317899,0.10170314551506,0.1315665320181,2000,"FGR"
47,"Male",0.119158448027657,0.102077005218575,0.134160152512579,2000,"FGR"
48,"Male",0.120764593157424,0.103079361276742,0.135949648166145,2000,"FGR"
50,"Male",0.120764593157424,0.103079361276742,0.135949648166145,2000,"FGR"
51,"Male",0.120764593157424,0.103079361276742,0.135949648166145,2000,"FGR"
53,"Male",0.122416211444719,0.104621744872933,0.1374437079374,2000,"FGR"
54,"Male",0.122416211444719,0.104621744872933,0.1374437079374,2000,"FGR"
55,"Male",0.12325909730521,0.106331060427552,0.138876584761487,2000,"FGR"
56,"Male",0.12325909730521,0.106331060427552,0.138876584761487,2000,"FGR"
57,"Male",0.12325909730521,0.106331060427552,0.138876584761487,2000,"FGR"
58,"Male",0.124116450497928,0.107034681146539,0.140228973790037,2000,"FGR"
59,"Male",0.125827094398241,0.107240508276174,0.141102674441955,2000,"FGR"
60,"Male",0.127539074040897,0.108605136243873,0.143066343391663,2000,"FGR"
61,"Male",0.130099424019833,0.110590431569696,0.145376895525279,2000,"FGR"
63,"Male",0.131815286485134,0.111491987918262,0.146991653305363,2000,"FGR"
64,"Male",0.133541347898922,0.112600139642654,0.149615876917134,2000,"FGR"
65,"Male",0.13613401422029,0.113764718864235,0.152119363271627,2000,"FGR"
66,"Male",0.137878501930624,0.11532176396511,0.153847383172023,2000,"FGR"
67,"Male",0.139624028847008,0.116027109176943,0.1558632861547,2000,"FGR"
68,"Male",0.14050460939254,0.116796016880379,0.155917837235614,2000,"FGR"
69,"Male",0.14050460939254,0.116796016880379,0.155917837235614,2000,"FGR"
70,"Male",0.14050460939254,0.116796016880379,0.155917837235614,2000,"FGR"
71,"Male",0.141396404825535,0.117013388051409,0.157042023561747,2000,"FGR"
72,"Male",0.143179979158186,0.120907704169225,0.158757243066115,2000,"FGR"
73,"Male",0.144074973723097,0.121092229819088,0.159853105414208,2000,"FGR"
75,"Male",0.144976663741306,0.12196117594899,0.160443584887666,2000,"FGR"
76,"Male",0.145883855215379,0.122643764489476,0.161361469107596,2000,"FGR"
77,"Male",0.147702878841823,0.122831673479313,0.163793866982252,2000,"FGR"
78,"Male",0.147702878841823,0.122831673479313,0.163793866982252,2000,"FGR"
79,"Male",0.148617548367393,0.122831673479313,0.164531921618392,2000,"FGR"
80,"Male",0.15044933024149,0.124409489808695,0.167269872129346,2000,"FGR"
81,"Male",0.152298667855473,0.128824469989426,0.170265345601168,2000,"FGR"
82,"Male",0.154157171546574,0.132352541952117,0.173790204028553,2000,"FGR"
83,"Male",0.154157171546574,0.132352541952117,0.173790204028553,2000,"FGR"
84,"Male",0.155108881439552,0.133237380366763,0.174509174243238,2000,"FGR"
85,"Male",0.156060772568004,0.133992726441936,0.174935618514213,2000,"FGR"
86,"Male",0.156060772568004,0.133992726441936,0.174935618514213,2000,"FGR"
88,"Male",0.157988732764591,0.135806297517809,0.176290975595469,2000,"FGR"
89,"Male",0.15990935880602,0.136520658781584,0.177989922895276,2000,"FGR"
90,"Male",0.160879347959193,0.136520658781584,0.178745853969145,2000,"FGR"
91,"Male",0.160879347959193,0.136520658781584,0.178745853969145,2000,"FGR"
92,"Male",0.161857238582698,0.136730441669546,0.179558114856546,2000,"FGR"
93,"Male",0.162846832551569,0.137429685556385,0.180496233258254,2000,"FGR"
94,"Male",0.162846832551569,0.137429685556385,0.180496233258254,2000,"FGR"
95,"Male",0.163840685362244,0.139471767899029,0.181713353828644,2000,"FGR"
98,"Male",0.164845757479716,0.140680782578814,0.182721486095169,2000,"FGR"
99,"Male",0.166849994128253,0.143168817711228,0.185580334899045,2000,"FGR"
100,"Male",0.166849994128253,0.143168817711228,0.185580334899045,2000,"FGR"
101,"Male",0.168861125141601,0.145220083974168,0.187733957152494,2000,"FGR"
102,"Male",0.169871280678056,0.145220083974168,0.188727483470086,2000,"FGR"
103,"Male",0.169871280678056,0.145220083974168,0.188727483470086,2000,"FGR"
105,"Male",0.169871280678056,0.145220083974168,0.188727483470086,2000,"FGR"
106,"Male",0.170904494674837,0.147026802476673,0.189458514197921,2000,"FGR"
107,"Male",0.171949646706338,0.148246867935657,0.191010197985839,2000,"FGR"
108,"Male",0.172998024863193,0.149434228755157,0.192046324571622,2000,"FGR"
109,"Male",0.176150483961917,0.151379541245889,0.195964350682109,2000,"FGR"
110,"Male",0.177199069692944,0.153105918017326,0.197001528964536,2000,"FGR"
111,"Male",0.177199069692944,0.153105918017326,0.197001528964536,2000,"FGR"
112,"Male",0.179334932079694,0.154542690110441,0.199944588241947,2000,"FGR"
113,"Male",0.181478711394704,0.155541706980987,0.202247784912604,2000,"FGR"
114,"Male",0.182557095613813,0.156974116596796,0.203565411662592,2000,"FGR"
115,"Male",0.183640370657857,0.157785775798051,0.204604578017651,2000,"FGR"
116,"Male",0.183640370657857,0.157785775798051,0.204604578017651,2000,"FGR"
117,"Male",0.184735678843939,0.158035877467375,0.206212947885896,2000,"FGR"
120,"Male",0.186940074204134,0.160705917071413,0.209160850293314,2000,"FGR"
121,"Male",0.188043759044487,0.16259138933844,0.210006651373755,2000,"FGR"
122,"Male",0.189148365257285,0.165276316311203,0.210242165206839,2000,"FGR"
123,"Male",0.189148365257285,0.165276316311203,0.210242165206839,2000,"FGR"
125,"Male",0.189148365257285,0.165276316311203,0.210242165206839,2000,"FGR"
126,"Male",0.190291282914793,0.166137722950962,0.211007786380786,2000,"FGR"
127,"Male",0.191442889369205,0.168102584259363,0.212387460584014,2000,"FGR"
128,"Male",0.192604375064647,0.169225153529549,0.214776177615787,2000,"FGR"
129,"Male",0.192604375064647,0.169225153529549,0.214776177615787,2000,"FGR"
130,"Male",0.192604375064647,0.169225153529549,0.214776177615787,2000,"FGR"
131,"Male",0.192604375064647,0.169225153529549,0.214776177615787,2000,"FGR"
132,"Male",0.194982643009857,0.169933569799564,0.21830643934742,2000,"FGR"
133,"Male",0.196178745144028,0.169933569799564,0.220107673975701,2000,"FGR"
134,"Male",0.199780107450048,0.173395531619032,0.225223906852043,2000,"FGR"
135,"Male",0.199780107450048,0.173395531619032,0.225223906852043,2000,"FGR"
136,"Male",0.199780107450048,0.173395531619032,0.225223906852043,2000,"FGR"
138,"Male",0.201009142900638,0.174308842209625,0.226754488267388,2000,"FGR"
139,"Male",0.201009142900638,0.174308842209625,0.226754488267388,2000,"FGR"
140,"Male",0.202276033319324,0.175006519868218,0.228265295933949,2000,"FGR"
141,"Male",0.202276033319324,0.175006519868218,0.228265295933949,2000,"FGR"
143,"Male",0.203608856181501,0.177531583868673,0.229049268954981,2000,"FGR"
144,"Male",0.204963679962054,0.178833292511724,0.23086411359019,2000,"FGR"
145,"Male",0.206322387584849,0.17955698658324,0.231803950095926,2000,"FGR"
147,"Male",0.206322387584849,0.17955698658324,0.231803950095926,2000,"FGR"
149,"Male",0.207720305029743,0.182486246351067,0.234181698009928,2000,"FGR"
150,"Male",0.207720305029743,0.182486246351067,0.234181698009928,2000,"FGR"
151,"Male",0.211975300902577,0.185152490640346,0.23760580241737,2000,"FGR"
152,"Male",0.213400214285895,0.185724472606513,0.238271100031583,2000,"FGR"
153,"Male",0.213400214285895,0.185724472606513,0.238271100031583,2000,"FGR"
154,"Male",0.213400214285895,0.185724472606513,0.238271100031583,2000,"FGR"
155,"Male",0.214884641949674,0.187198562039298,0.238271100031583,2000,"FGR"
156,"Male",0.216376572432582,0.18942729307215,0.240153110185354,2000,"FGR"
157,"Male",0.216376572432582,0.18942729307215,0.240153110185354,2000,"FGR"
158,"Male",0.219399203144809,0.193116209347984,0.248561665493193,2000,"FGR"
160,"Male",0.219399203144809,0.193116209347984,0.248561665493193,2000,"FGR"
161,"Male",0.219399203144809,0.193116209347984,0.248561665493193,2000,"FGR"
162,"Male",0.22098906637892,0.194856970480472,0.249448433037022,2000,"FGR"
163,"Male",0.22098906637892,0.194856970480472,0.249448433037022,2000,"FGR"
164,"Male",0.222627608372847,0.196668282824888,0.250636583411942,2000,"FGR"
166,"Male",0.222627608372847,0.196668282824888,0.250636583411942,2000,"FGR"
168,"Male",0.222627608372847,0.196668282824888,0.250636583411942,2000,"FGR"
169,"Male",0.222627608372847,0.196668282824888,0.250636583411942,2000,"FGR"
170,"Male",0.226297309053855,0.198746387539082,0.255362471709906,2000,"FGR"
171,"Male",0.226297309053855,0.198746387539082,0.255362471709906,2000,"FGR"
174,"Male",0.226297309053855,0.198746387539082,0.255362471709906,2000,"FGR"
175,"Male",0.228250156115097,0.199207238938141,0.257229335989663,2000,"FGR"
176,"Male",0.228250156115097,0.199207238938141,0.257229335989663,2000,"FGR"
178,"Male",0.228250156115097,0.199207238938141,0.257229335989663,2000,"FGR"
183,"Male",0.228250156115097,0.199207238938141,0.257229335989663,2000,"FGR"
187,"Male",0.230607601216104,0.199207238938141,0.258989351939102,2000,"FGR"
188,"Male",0.232976024025995,0.20188517254481,0.265046455123747,2000,"FGR"
189,"Male",0.232976024025995,0.20188517254481,0.265046455123747,2000,"FGR"
191,"Male",0.235467345040429,0.203947611084853,0.265977065334793,2000,"FGR"
193,"Male",0.235467345040429,0.203947611084853,0.265977065334793,2000,"FGR"
194,"Male",0.238018502650738,0.204581669785322,0.265977065334793,2000,"FGR"
195,"Male",0.238018502650738,0.204581669785322,0.265977065334793,2000,"FGR"
196,"Male",0.238018502650738,0.204581669785322,0.265977065334793,2000,"FGR"
197,"Male",0.238018502650738,0.204581669785322,0.265977065334793,2000,"FGR"
199,"Male",0.238018502650738,0.204581669785322,0.265977065334793,2000,"FGR"
200,"Male",0.238018502650738,0.204581669785322,0.265977065334793,2000,"FGR"
201,"Male",0.240801924424845,0.206571730845507,0.269634549607213,2000,"FGR"
202,"Male",0.240801924424845,0.206571730845507,0.269634549607213,2000,"FGR"
204,"Male",0.240801924424845,0.206571730845507,0.269634549607213,2000,"FGR"
205,"Male",0.240801924424845,0.206571730845507,0.269634549607213,2000,"FGR"
208,"Male",0.243825858551477,0.208806561626772,0.272330048132687,2000,"FGR"
211,"Male",0.243825858551477,0.208806561626772,0.272330048132687,2000,"FGR"
212,"Male",0.243825858551477,0.208806561626772,0.272330048132687,2000,"FGR"
213,"Male",0.243825858551477,0.208806561626772,0.272330048132687,2000,"FGR"
216,"Male",0.243825858551477,0.208806561626772,0.272330048132687,2000,"FGR"
220,"Male",0.243825858551477,0.208806561626772,0.272330048132687,2000,"FGR"
221,"Male",0.243825858551477,0.208806561626772,0.272330048132687,2000,"FGR"
223,"Male",0.24770087690332,0.210790156922929,0.27563564049952,2000,"FGR"
226,"Male",0.24770087690332,0.210790156922929,0.27563564049952,2000,"FGR"
230,"Male",0.24770087690332,0.210790156922929,0.27563564049952,2000,"FGR"
231,"Male",0.24770087690332,0.210790156922929,0.27563564049952,2000,"FGR"
234,"Male",0.252374548358551,0.213582753740811,0.282859819181043,2000,"FGR"
247,"Male",0.252374548358551,0.213582753740811,0.282859819181043,2000,"FGR"
249,"Male",0.252374548358551,0.213582753740811,0.282859819181043,2000,"FGR"
251,"Male",0.252374548358551,0.213582753740811,0.282859819181043,2000,"FGR"
254,"Male",0.252374548358551,0.213582753740811,0.282859819181043,2000,"FGR"
256,"Male",0.252374548358551,0.213582753740811,0.282859819181043,2000,"FGR"
260,"Male",0.252374548358551,0.213582753740811,0.282859819181043,2000,"FGR"
261,"Male",0.252374548358551,0.213582753740811,0.282859819181043,2000,"FGR"
263,"Male",0.252374548358551,0.213582753740811,0.282859819181043,2000,"FGR"
0,"Female",0,0,0,4387,"FGR"
1,"Female",0.00399293353530559,0.00237597233972151,0.0056924275516541,4387,"FGR"
2,"Female",0.00638179123252695,0.00414235310327911,0.00861672817179612,4387,"FGR"
3,"Female",0.00846366804192436,0.00584003808947416,0.010688028007592,4387,"FGR"
4,"Female",0.0119640009497368,0.00882038684504679,0.0158304960312282,4387,"FGR"
5,"Female",0.0132142377764543,0.00950752445785942,0.0168396584384326,4387,"FGR"
6,"Female",0.0159074027693844,0.0117906134131427,0.0201017695652428,4387,"FGR"
7,"Female",0.0177302713453596,0.012831899036995,0.0228721768405482,4387,"FGR"
8,"Female",0.0212240843407203,0.0160139739608474,0.0265116935304839,4387,"FGR"
9,"Female",0.0227248546505537,0.0171072724049803,0.0289484746345602,4387,"FGR"
10,"Female",0.0255601714285361,0.0186178713566793,0.031554590274104,4387,"FGR"
11,"Female",0.0276490828817448,0.0205696526660415,0.034022284743743,4387,"FGR"
12,"Female",0.0290003814575462,0.0223977877152285,0.0353837957300875,4387,"FGR"
13,"Female",0.0303641693264379,0.0238679357613156,0.0369392914427961,4387,"FGR"
14,"Female",0.0323375644440214,0.0247864031253481,0.0388606546972829,4387,"FGR"
15,"Female",0.0341299092953572,0.0260109330293007,0.0408412664485321,4387,"FGR"
16,"Female",0.0353406240798426,0.0270635549776449,0.0422696948425038,4387,"FGR"
17,"Female",0.0373789709128074,0.0281945296333522,0.044258551805563,4387,"FGR"
18,"Female",0.0390292881856891,0.0299316669934086,0.0458768581213565,4387,"FGR"
19,"Female",0.04110566482336,0.0318680278099577,0.0487330549250273,4387,"FGR"
20,"Female",0.0419502235244788,0.0322768748236234,0.0504796739470613,4387,"FGR"
21,"Female",0.0428051361905433,0.0329436010865252,0.0516177960457156,4387,"FGR"
22,"Female",0.0447387120963717,0.0343130799047957,0.0549036209505645,4387,"FGR"
23,"Female",0.0464826587057651,0.0360139993394902,0.056031119210293,4387,"FGR"
24,"Female",0.048016468261267,0.0378458354087024,0.0574396916760211,4387,"FGR"
25,"Female",0.0489029612759582,0.0388537742741889,0.0583107850293113,4387,"FGR"
26,"Female",0.0495702968071679,0.0394934263967424,0.058801835466521,4387,"FGR"
27,"Female",0.0515794403155609,0.040875094430383,0.0610664433628364,4387,"FGR"
28,"Female",0.053363067874489,0.0418688341765558,0.0625994024737515,4387,"FGR"
29,"Female",0.0535880938870942,0.0419141630300582,0.0626172742745299,4387,"FGR"
30,"Female",0.0544894412166019,0.0426931537213828,0.063575699852639,4387,"FGR"
31,"Female",0.0558493170802127,0.0444427580645919,0.0655050988477428,4387,"FGR"
32,"Female",0.0576771503036151,0.0455474870331969,0.0673328869893118,4387,"FGR"
33,"Female",0.0585960740845216,0.0456402944018915,0.0688967291904391,4387,"FGR"
34,"Female",0.0595172165093196,0.046109156781728,0.0698327432165943,4387,"FGR"
35,"Female",0.0620590300199391,0.047681624516678,0.0724899205134601,4387,"FGR"
36,"Female",0.0636759760091399,0.0496527286999836,0.0747846595382151,4387,"FGR"
37,"Female",0.064378869416166,0.0499162172375809,0.0756615417000913,4387,"FGR"
38,"Female",0.0655573697488495,0.0513847618956145,0.0770701143767352,4387,"FGR"
39,"Female",0.0669855774777343,0.0529911609031827,0.0790702921677193,4387,"FGR"
40,"Female",0.0684231339178649,0.0546279575417043,0.0801555058921326,4387,"FGR"
41,"Female",0.0696351133848487,0.0555127593946878,0.0807265957269947,4387,"FGR"
42,"Female",0.0703690987123031,0.0559116435028814,0.0812952589781309,4387,"FGR"
43,"Female",0.070615082022016,0.0561884295023036,0.0813029451073712,4387,"FGR"
44,"Female",0.0716042201290031,0.056796383002266,0.0823354741569192,4387,"FGR"
45,"Female",0.0723466498093912,0.0579037678269532,0.0829151273981686,4387,"FGR"
46,"Female",0.0738374873416863,0.0589934751841641,0.0844815905882922,4387,"FGR"
47,"Female",0.0748390367849746,0.0599074701854681,0.0852395839560403,4387,"FGR"
48,"Female",0.0755934587786018,0.0604407328406412,0.0853469373730818,4387,"FGR"
49,"Female",0.075847703279555,0.0612988710380878,0.0861057953484714,4387,"FGR"
50,"Female",0.076358916342933,0.0616114109609707,0.0867928592119945,4387,"FGR"
51,"Female",0.076358916342933,0.0616114109609707,0.0867928592119945,4387,"FGR"
52,"Female",0.076358916342933,0.0616114109609707,0.0867928592119945,4387,"FGR"
53,"Female",0.0768784424623315,0.0621146586773603,0.087173602366828,4387,"FGR"
54,"Female",0.0768784424623315,0.0621146586773603,0.087173602366828,4387,"FGR"
55,"Female",0.0776707320164539,0.0625702039700289,0.0877963015473187,4387,"FGR"
56,"Female",0.0776707320164539,0.0625702039700289,0.0877963015473187,4387,"FGR"
57,"Female",0.0779384110000781,0.0629269142765942,0.0878901281826921,4387,"FGR"
58,"Female",0.0787436695036383,0.0634763275214728,0.0886270210954771,4387,"FGR"
59,"Female",0.0795494342328022,0.0647406413726141,0.089251029162203,4387,"FGR"
60,"Female",0.0806283638621924,0.0652278507741646,0.0909539857202263,4387,"FGR"
61,"Female",0.0817171246800618,0.0658849462469769,0.0925789361264548,4387,"FGR"
62,"Female",0.0819914537585936,0.0659352999180176,0.0929555010013809,4387,"FGR"
63,"Female",0.083095111811343,0.0662726797754541,0.0939642040093736,4387,"FGR"
64,"Female",0.0839267296200245,0.0678097888493103,0.0948501135078784,4387,"FGR"
65,"Female",0.0850410414329604,0.0685799875848352,0.0962850752534905,4387,"FGR"
66,"Female",0.0858862284934133,0.0695517155478303,0.0972117776344484,4387,"FGR"
67,"Female",0.0870140471299934,0.0703332667663168,0.0987670215154202,4387,"FGR"
68,"Female",0.0878675589144585,0.0707602942528563,0.0998460940077634,4387,"FGR"
69,"Female",0.08872394826161,0.0717342508913797,0.100740117935011,4387,"FGR"
70,"Female",0.08872394826161,0.0717342508913797,0.100740117935011,4387,"FGR"
71,"Female",0.0893019698281787,0.07216085341794,0.101510302554599,4387,"FGR"
72,"Female",0.0901718055385159,0.0730880060513815,0.102834702601164,4387,"FGR"
73,"Female",0.0907574854978221,0.0740378968820601,0.103519554321777,4387,"FGR"
74,"Female",0.091344869734653,0.0742270959037647,0.104251009026178,4387,"FGR"
75,"Female",0.0922294159104416,0.0743909877069082,0.105335781910713,4387,"FGR"
76,"Female",0.0925266885225559,0.0743909877069082,0.10550650607016,4387,"FGR"
77,"Female",0.0937303393849705,0.0749767787979727,0.106290805484824,4387,"FGR"
78,"Female",0.0943361677933457,0.0758828259999253,0.107312460811406,4387,"FGR"
79,"Female",0.0952537716010188,0.0769264114339227,0.107788842859261,4387,"FGR"
80,"Female",0.0961751037585166,0.0773894275989251,0.10915582755119,4387,"FGR"
81,"Female",0.0971030012041778,0.0782469154762748,0.110496066733298,4387,"FGR"
82,"Female",0.0977245920287362,0.078716824034926,0.111001090526429,4387,"FGR"
83,"Female",0.0986649476067695,0.0793184802593062,0.111643605961788,4387,"FGR"
84,"Female",0.0992965571469858,0.0798605712990912,0.11266804824867,4387,"FGR"
85,"Female",0.0996135364597035,0.0800685785669062,0.11334567801022,4387,"FGR"
86,"Female",0.100250712292367,0.0804062933569022,0.114147976187939,4387,"FGR"
87,"Female",0.100571348585672,0.0804706177885066,0.114487947296704,4387,"FGR"
88,"Female",0.102179138956259,0.0835764107579157,0.116113569904932,4387,"FGR"
89,"Female",0.103147228753905,0.0853800801788221,0.11717792057223,4387,"FGR"
90,"Female",0.103473712083892,0.0854459445515956,0.117791001446354,4387,"FGR"
91,"Female",0.104128560174273,0.0865832223765306,0.117827575581244,4387,"FGR"
92,"Female",0.104788191573162,0.0867170994337531,0.118594582063268,4387,"FGR"
93,"Female",0.105456752384649,0.0872605482473713,0.119032054432433,4387,"FGR"
94,"Female",0.10579262467238,0.0876349301313731,0.119032054432433,4387,"FGR"
95,"Female",0.10612989234929,0.0881813660308859,0.119352084046435,4387,"FGR"
96,"Female",0.106468331026366,0.0884204095024662,0.119677411803735,4387,"FGR"
97,"Female",0.106808482025281,0.0887296961134974,0.120040901910042,4387,"FGR"
98,"Female",0.107836439192018,0.0894539540583954,0.121203189248787,4387,"FGR"
99,"Female",0.109900263129057,0.0911913618738768,0.123672892598384,4387,"FGR"
100,"Female",0.109900263129057,0.0911913618738768,0.123672892598384,4387,"FGR"
101,"Female",0.110942494987115,0.0923012213879285,0.124758800689456,4387,"FGR"
102,"Female",0.111294734967062,0.0925325306698055,0.125481632944011,4387,"FGR"
103,"Female",0.112357391978792,0.0929390961044685,0.126831947941385,4387,"FGR"
104,"Female",0.112357391978792,0.0929390961044685,0.126831947941385,4387,"FGR"
105,"Female",0.112357391978792,0.0929390961044685,0.126831947941385,4387,"FGR"
106,"Female",0.112717584157206,0.0939029220438862,0.126952070857773,4387,"FGR"
107,"Female",0.114186188248731,0.0952503211342808,0.128518492982455,4387,"FGR"
108,"Female",0.11492631893665,0.0953252394970397,0.129216440815777,4387,"FGR"
109,"Female",0.116039242796106,0.0964246816263237,0.130457580470267,4387,"FGR"
110,"Female",0.117895080202224,0.0981787258998905,0.132395085747773,4387,"FGR"
111,"Female",0.117895080202224,0.0981787258998905,0.132395085747773,4387,"FGR"
112,"Female",0.118649435170381,0.09847483004648,0.133092077268801,4387,"FGR"
113,"Female",0.120919109137975,0.1002131254464,0.135278086776058,4387,"FGR"
114,"Female",0.121302416763979,0.100290811240367,0.135726042537453,4387,"FGR"
115,"Female",0.122073514048618,0.100566079372959,0.136777205656213,4387,"FGR"
116,"Female",0.122073514048618,0.100566079372959,0.136777205656213,4387,"FGR"
117,"Female",0.122463983477176,0.100725261568398,0.137177463574498,4387,"FGR"
118,"Female",0.12363645124245,0.101163893865207,0.138376767151788,4387,"FGR"
119,"Female",0.124420172862641,0.102163872704728,0.138954886585186,4387,"FGR"
120,"Female",0.125595886889087,0.103124521417525,0.139897490115653,4387,"FGR"
121,"Female",0.125990872857364,0.103486730646875,0.140254590532135,4387,"FGR"
122,"Female",0.126387214936423,0.103486730646875,0.14057731439249,4387,"FGR"
123,"Female",0.126787658788262,0.103731701021577,0.140829611148455,4387,"FGR"
125,"Female",0.127193802063583,0.104102685653516,0.141484364506469,4387,"FGR"
126,"Female",0.127605812195274,0.1044786169921,0.142001554859312,4387,"FGR"
127,"Female",0.128020975300897,0.105360525055844,0.142726339446017,4387,"FGR"
128,"Female",0.128439037680921,0.105360525055844,0.142879703941455,4387,"FGR"
129,"Female",0.128439037680921,0.105360525055844,0.142879703941455,4387,"FGR"
130,"Female",0.128439037680921,0.105360525055844,0.142879703941455,4387,"FGR"
131,"Female",0.128439037680921,0.105360525055844,0.142879703941455,4387,"FGR"
132,"Female",0.129724983729859,0.107061322929569,0.144754120521739,4387,"FGR"
133,"Female",0.130156062523153,0.107149931474591,0.14547924875034,4387,"FGR"
134,"Female",0.131459363976361,0.108711246259429,0.147472276234603,4387,"FGR"
135,"Female",0.13190129935424,0.108711246259429,0.148073789455845,4387,"FGR"
136,"Female",0.132344317636737,0.108983782458144,0.148755570845883,4387,"FGR"
137,"Female",0.132344317636737,0.108983782458144,0.148755570845883,4387,"FGR"
138,"Female",0.13279421379929,0.109076314882484,0.149101337561569,4387,"FGR"
139,"Female",0.133248745696035,0.109169940409795,0.14920891297878,4387,"FGR"
140,"Female",0.134172547647148,0.109677930254688,0.150239261026479,4387,"FGR"
141,"Female",0.134172547647148,0.109677930254688,0.150239261026479,4387,"FGR"
143,"Female",0.134652843754254,0.109677930254688,0.150644750029259,4387,"FGR"
144,"Female",0.136107544332982,0.11095353473231,0.151972577049405,4387,"FGR"
145,"Female",0.137090099573384,0.112231220143043,0.154392997747235,4387,"FGR"
146,"Female",0.137090099573384,0.112231220143043,0.154392997747235,4387,"FGR"
147,"Female",0.137090099573384,0.112231220143043,0.154392997747235,4387,"FGR"
149,"Female",0.138113073993019,0.11270871389703,0.155017920911593,4387,"FGR"
150,"Female",0.138113073993019,0.11270871389703,0.155017920911593,4387,"FGR"
151,"Female",0.140746070543783,0.116372983104892,0.157267382813528,4387,"FGR"
152,"Female",0.141814072678274,0.117592747786521,0.158839008341235,4387,"FGR"
153,"Female",0.142351972493445,0.117919174050277,0.158961123800981,4387,"FGR"
154,"Female",0.143447860649838,0.118842002586228,0.161331815517546,4387,"FGR"
155,"Female",0.144002778860997,0.119781082712,0.1618223978144,4387,"FGR"
156,"Female",0.145118521132949,0.12083811876579,0.163324847111071,4387,"FGR"
157,"Female",0.145118521132949,0.12083811876579,0.163324847111071,4387,"FGR"
158,"Female",0.146828838575146,0.122492959733081,0.164552430975009,4387,"FGR"
160,"Female",0.146828838575146,0.122492959733081,0.164552430975009,4387,"FGR"
161,"Female",0.146828838575146,0.122492959733081,0.164552430975009,4387,"FGR"
162,"Female",0.147421460622595,0.122999801827846,0.165212665945573,4387,"FGR"
163,"Female",0.147421460622595,0.122999801827846,0.165212665945573,4387,"FGR"
164,"Female",0.148030898291587,0.123445912801141,0.165993259711681,4387,"FGR"
166,"Female",0.148030898291587,0.123445912801141,0.165993259711681,4387,"FGR"
168,"Female",0.148030898291587,0.123445912801141,0.165993259711681,4387,"FGR"
169,"Female",0.148030898291587,0.123445912801141,0.165993259711681,4387,"FGR"
170,"Female",0.149363078216062,0.125460371416056,0.167088587741579,4387,"FGR"
171,"Female",0.149363078216062,0.125460371416056,0.167088587741579,4387,"FGR"
174,"Female",0.149363078216062,0.125460371416056,0.167088587741579,4387,"FGR"
175,"Female",0.150067629668966,0.12588471409963,0.167315191964999,4387,"FGR"
176,"Female",0.150777720937428,0.126027245646106,0.167545665066626,4387,"FGR"
178,"Female",0.150777720937428,0.126027245646106,0.167545665066626,4387,"FGR"
180,"Female",0.150777720937428,0.126027245646106,0.167545665066626,4387,"FGR"
182,"Female",0.150777720937428,0.126027245646106,0.167545665066626,4387,"FGR"
183,"Female",0.151576537101884,0.127413158663481,0.168362902767404,4387,"FGR"
184,"Female",0.151576537101884,0.127413158663481,0.168362902767404,4387,"FGR"
187,"Female",0.152413128890747,0.128053791865038,0.169932301780462,4387,"FGR"
188,"Female",0.153257133040958,0.12999301753262,0.171452191104357,4387,"FGR"
189,"Female",0.153257133040958,0.12999301753262,0.171452191104357,4387,"FGR"
190,"Female",0.153257133040958,0.12999301753262,0.171452191104357,4387,"FGR"
191,"Female",0.154140187338804,0.131114413892234,0.17308724514276,4387,"FGR"
192,"Female",0.154140187338804,0.131114413892234,0.17308724514276,4387,"FGR"
193,"Female",0.154140187338804,0.131114413892234,0.17308724514276,4387,"FGR"
194,"Female",0.155957472336129,0.132785431665379,0.17308724514276,4387,"FGR"
195,"Female",0.157794952851752,0.135545789085919,0.175498396819575,4387,"FGR"
196,"Female",0.157794952851752,0.135545789085919,0.175498396819575,4387,"FGR"
197,"Female",0.157794952851752,0.135545789085919,0.175498396819575,4387,"FGR"
198,"Female",0.157794952851752,0.135545789085919,0.175498396819575,4387,"FGR"
199,"Female",0.157794952851752,0.135545789085919,0.175498396819575,4387,"FGR"
200,"Female",0.157794952851752,0.135545789085919,0.175498396819575,4387,"FGR"
201,"Female",0.158771170542391,0.137264438973648,0.176533439980373,4387,"FGR"
202,"Female",0.159757725642964,0.137616910504038,0.177321222324337,4387,"FGR"
203,"Female",0.159757725642964,0.137616910504038,0.177321222324337,4387,"FGR"
204,"Female",0.159757725642964,0.137616910504038,0.177321222324337,4387,"FGR"
205,"Female",0.159757725642964,0.137616910504038,0.177321222324337,4387,"FGR"
206,"Female",0.1607938479382,0.137616910504038,0.178312575871538,4387,"FGR"
207,"Female",0.1607938479382,0.137616910504038,0.178312575871538,4387,"FGR"
208,"Female",0.161850621140626,0.137616910504038,0.17978017831731,4387,"FGR"
210,"Female",0.162938715768461,0.137975880638243,0.18063746618266,4387,"FGR"
211,"Female",0.162938715768461,0.137975880638243,0.18063746618266,4387,"FGR"
212,"Female",0.162938715768461,0.137975880638243,0.18063746618266,4387,"FGR"
213,"Female",0.162938715768461,0.137975880638243,0.18063746618266,4387,"FGR"
216,"Female",0.162938715768461,0.137975880638243,0.18063746618266,4387,"FGR"
219,"Female",0.162938715768461,0.137975880638243,0.18063746618266,4387,"FGR"
220,"Female",0.162938715768461,0.137975880638243,0.18063746618266,4387,"FGR"
221,"Female",0.162938715768461,0.137975880638243,0.18063746618266,4387,"FGR"
223,"Female",0.1642919527184,0.13903456786044,0.182079345282562,4387,"FGR"
226,"Female",0.1642919527184,0.13903456786044,0.182079345282562,4387,"FGR"
227,"Female",0.1642919527184,0.13903456786044,0.182079345282562,4387,"FGR"
229,"Female",0.1642919527184,0.13903456786044,0.182079345282562,4387,"FGR"
230,"Female",0.1642919527184,0.13903456786044,0.182079345282562,4387,"FGR"
231,"Female",0.1642919527184,0.13903456786044,0.182079345282562,4387,"FGR"
234,"Female",0.165963995246753,0.140837642141483,0.184884211739507,4387,"FGR"
243,"Female",0.165963995246753,0.140837642141483,0.184884211739507,4387,"FGR"
245,"Female",0.165963995246753,0.140837642141483,0.184884211739507,4387,"FGR"
246,"Female",0.168123750432879,0.1416809744654,0.187258204899743,4387,"FGR"
247,"Female",0.168123750432879,0.1416809744654,0.187258204899743,4387,"FGR"
248,"Female",0.168123750432879,0.1416809744654,0.187258204899743,4387,"FGR"
249,"Female",0.168123750432879,0.1416809744654,0.187258204899743,4387,"FGR"
250,"Female",0.170455644247002,0.143819257079482,0.192308970888951,4387,"FGR"
251,"Female",0.170455644247002,0.143819257079482,0.192308970888951,4387,"FGR"
252,"Female",0.170455644247002,0.143819257079482,0.192308970888951,4387,"FGR"
253,"Female",0.173007532999489,0.144406110000887,0.195016846560856,4387,"FGR"
254,"Female",0.173007532999489,0.144406110000887,0.195016846560856,4387,"FGR"
256,"Female",0.173007532999489,0.144406110000887,0.195016846560856,4387,"FGR"
257,"Female",0.173007532999489,0.144406110000887,0.195016846560856,4387,"FGR"
260,"Female",0.173007532999489,0.144406110000887,0.195016846560856,4387,"FGR"
261,"Female",0.173007532999489,0.144406110000887,0.195016846560856,4387,"FGR"
263,"Female",0.173007532999489,0.144406110000887,0.195016846560856,4387,"FGR"
0,"Male",0,0,0,4387,"FGR"
1,"Male",0.00680152231564151,0.00418540179001716,0.00995299901760927,4387,"FGR"
2,"Male",0.0108369714992799,0.00710675245684965,0.0142980745994268,4387,"FGR"
3,"Male",0.0143336218062149,0.0108032376587396,0.0179807175297155,4387,"FGR"
4,"Male",0.0201709202524722,0.0153169028817491,0.0241445501909565,4387,"FGR"
5,"Male",0.0222433640858506,0.0174803014147928,0.0270421848416515,4387,"FGR"
6,"Male",0.026685673924108,0.022398441372692,0.0312198875631458,4387,"FGR"
7,"Male",0.029675625256717,0.0255960867056764,0.0353341814865914,4387,"FGR"
8,"Male",0.0353690616793205,0.0304123631367575,0.0417846986617888,4387,"FGR"
9,"Male",0.0377998805963829,0.0322356667514133,0.0452795607083861,4387,"FGR"
10,"Male",0.0423684595332242,0.036236158352465,0.0500124859767774,4387,"FGR"
11,"Male",0.0457147264658631,0.0392342066470685,0.0539315822591638,4387,"FGR"
12,"Male",0.0478706685055944,0.0410818884811146,0.0561284125635699,4387,"FGR"
13,"Male",0.0500396687079389,0.0435703012405688,0.0571756598602462,4387,"FGR"
14,"Male",0.0531661348557587,0.046711459496088,0.0603155611777738,4387,"FGR"
15,"Male",0.0559935590165216,0.049276321584766,0.0637245211757834,4387,"FGR"
16,"Male",0.057896975071014,0.0508978999192621,0.0652876578945107,4387,"FGR"
17,"Male",0.0610898914752058,0.0534606080411833,0.0697009719944312,4387,"FGR"
18,"Male",0.0636644192351612,0.0559973896359724,0.072536845561724,4387,"FGR"
19,"Male",0.0668903875935729,0.0593878042915965,0.075795698119819,4387,"FGR"
20,"Male",0.0681983782857136,0.0607184671254527,0.0763037060555104,4387,"FGR"
21,"Male",0.0695199807177588,0.0619260774450722,0.0771686860101294,4387,"FGR"
22,"Male",0.0725001799983274,0.0642590255265857,0.0807394127116856,4387,"FGR"
23,"Male",0.0751776603683471,0.0671124215426731,0.0835913561785791,4387,"FGR"
24,"Male",0.0775244562839879,0.0699881532554494,0.0858373759403076,4387,"FGR"
25,"Male",0.0788774325408972,0.0713793811019902,0.0877838990971948,4387,"FGR"
26,"Male",0.0798943018620322,0.0719479668321778,0.0882883673735702,4387,"FGR"
27,"Male",0.0829474446930191,0.0749362464666363,0.0908081062556113,4387,"FGR"
28,"Male",0.0856475424296352,0.0769508328676201,0.0928395855896372,4387,"FGR"
29,"Male",0.0859875097167229,0.0769508328676201,0.0937555887701636,4387,"FGR"
30,"Male",0.0873477387036111,0.0787504230507695,0.0949573832061219,4387,"FGR"
31,"Male",0.0893953739301385,0.0821187003280694,0.0977479425819301,4387,"FGR"
32,"Male",0.0921391078862615,0.0838470455896843,0.10057767245108,4387,"FGR"
33,"Male",0.0935148466951306,0.0839255901226879,0.102169095084445,4387,"FGR"
34,"Male",0.0948914899575166,0.0850167995422468,0.10310904642991,4387,"FGR"
35,"Male",0.0986778533855529,0.0901196765926695,0.107173284130528,4387,"FGR"
36,"Male",0.101077224370713,0.0919243891660037,0.110517420038509,4387,"FGR"
37,"Male",0.102118029025097,0.0925954055937133,0.110952856494453,4387,"FGR"
38,"Male",0.103860114712021,0.0943809810185953,0.112712681630286,4387,"FGR"
39,"Male",0.105966394843034,0.096681733624891,0.113475878501551,4387,"FGR"
40,"Male",0.108081088537559,0.0996105410795572,0.115496712017042,4387,"FGR"
41,"Male",0.109859825333631,0.101332810892694,0.117858380550997,4387,"FGR"
42,"Male",0.110935232009653,0.102598005736392,0.119311425161929,4387,"FGR"
43,"Male",0.111295333913658,0.102759541010547,0.119311425161929,4387,"FGR"
44,"Male",0.11274183570583,0.104220959738134,0.121833452665606,4387,"FGR"
45,"Male",0.113825961586613,0.106222621659736,0.12274318124986,4387,"FGR"
46,"Male",0.11599886869471,0.107512565246155,0.12613413451267,4387,"FGR"
47,"Male",0.117455618545479,0.108816131273205,0.127740309137777,4387,"FGR"
48,"Male",0.118551342307988,0.109351986730588,0.128827121388603,4387,"FGR"
49,"Male",0.118920304005489,0.109940524921878,0.129470608323773,4387,"FGR"
50,"Male",0.119661720388351,0.11094945928034,0.130091605747012,4387,"FGR"
51,"Male",0.119661720388351,0.11094945928034,0.130091605747012,4387,"FGR"
52,"Male",0.119661720388351,0.11094945928034,0.130091605747012,4387,"FGR"
53,"Male",0.120414566770568,0.111564183240889,0.130459927889214,4387,"FGR"
54,"Male",0.120414566770568,0.111564183240889,0.130459927889214,4387,"FGR"
55,"Male",0.121561468241879,0.112940382549989,0.131980311495787,4387,"FGR"
56,"Male",0.121561468241879,0.112940382549989,0.131980311495787,4387,"FGR"
57,"Male",0.121948627260161,0.113061233600687,0.131999802114038,4387,"FGR"
58,"Male",0.123112328203042,0.114111397572491,0.132851824399533,4387,"FGR"
59,"Male",0.124275285892083,0.114648157827937,0.1342009181588,4387,"FGR"
60,"Male",0.125830217131289,0.115409533162503,0.135665145369685,4387,"FGR"
61,"Male",0.127396698413598,0.116870712780238,0.137168581065627,4387,"FGR"
62,"Male",0.12779098550489,0.116961614479349,0.137168581065627,4387,"FGR"
63,"Male",0.129375596379798,0.118165818208384,0.139223092268002,4387,"FGR"
64,"Male",0.130567885173306,0.11928552173059,0.141461229116688,4387,"FGR"
65,"Male",0.132163169121959,0.12055527773921,0.144070799129099,4387,"FGR"
66,"Male",0.133371428344869,0.121490927404577,0.145166330155867,4387,"FGR"
67,"Male",0.13498142859258,0.12279588238516,0.145853556370378,4387,"FGR"
68,"Male",0.136198118663144,0.123589769030321,0.146784571727025,4387,"FGR"
69,"Male",0.137417433889987,0.124534752282766,0.14803281712089,4387,"FGR"
70,"Male",0.137417433889987,0.124534752282766,0.14803281712089,4387,"FGR"
71,"Male",0.138239585462398,0.125657850041617,0.148381804795863,4387,"FGR"
72,"Male",0.139475556572364,0.127262442554111,0.148804617052932,4387,"FGR"
73,"Male",0.140306929869353,0.12797537822465,0.149965694456592,4387,"FGR"
74,"Male",0.141140054801006,0.128971477840229,0.150864972832284,4387,"FGR"
75,"Male",0.142393414389554,0.130325512976062,0.152216301656328,4387,"FGR"
76,"Male",0.14281430117124,0.130325512976062,0.152602561878351,4387,"FGR"
77,"Male",0.144516763879366,0.131959124356816,0.155405547130962,4387,"FGR"
78,"Male",0.145372636297518,0.132559741472609,0.156867764191135,4387,"FGR"
79,"Male",0.146667678822482,0.133551564951662,0.158283608666952,4387,"FGR"
80,"Male",0.147966444914501,0.134337498681138,0.159605943753497,4387,"FGR"
81,"Male",0.149272929028094,0.135668090256508,0.161084113601443,4387,"FGR"
82,"Male",0.150147279889471,0.136682365345721,0.161374968099033,4387,"FGR"
83,"Male",0.151468732983826,0.137669215469704,0.162115816636639,4387,"FGR"
84,"Male",0.152355456897933,0.137976857620685,0.163717515715989,4387,"FGR"
85,"Male",0.152800210541855,0.138840023247679,0.164168614204375,4387,"FGR"
86,"Male",0.153693715944771,0.140267807856102,0.165175260735134,4387,"FGR"
87,"Male",0.154143082151842,0.140984111536295,0.165531039558122,4387,"FGR"
88,"Male",0.15639379327112,0.143298196805652,0.167969316418503,4387,"FGR"
89,"Male",0.157746958297367,0.144481160689502,0.169445240981211,4387,"FGR"
90,"Male",0.158202965309655,0.145392647032159,0.169445240981211,4387,"FGR"
91,"Male",0.159117094147866,0.146196144995796,0.170578017160713,4387,"FGR"
92,"Male",0.160037214097138,0.146678259324197,0.171514482815413,4387,"FGR"
93,"Male",0.160969094575838,0.147166515270539,0.172939797697488,4387,"FGR"
94,"Male",0.161436991984159,0.148341098527267,0.17304315384282,4387,"FGR"
95,"Male",0.161906658471896,0.148439774681577,0.174100147583022,4387,"FGR"
96,"Male",0.162377780545819,0.149195617687859,0.174847635574681,4387,"FGR"
97,"Male",0.162851110500658,0.149195617687859,0.174951981015459,4387,"FGR"
98,"Male",0.164280481965698,0.14995842726483,0.176666516491345,4387,"FGR"
99,"Male",0.167145502690095,0.152021060979599,0.179667266252274,4387,"FGR"
100,"Male",0.167145502690095,0.152021060979599,0.179667266252274,4387,"FGR"
101,"Male",0.168590000191261,0.153104535355247,0.180560577940694,4387,"FGR"
102,"Male",0.169077844818027,0.153665853838066,0.181272033433528,4387,"FGR"
103,"Male",0.170548551767004,0.155043369857172,0.183606447301214,4387,"FGR"
104,"Male",0.170548551767004,0.155043369857172,0.183606447301214,4387,"FGR"
105,"Male",0.170548551767004,0.155043369857172,0.183606447301214,4387,"FGR"
106,"Male",0.171046700174798,0.155470507472993,0.183606447301214,4387,"FGR"
107,"Male",0.173075966502851,0.156663913415176,0.186324801843388,4387,"FGR"
108,"Male",0.1740975603652,0.157234876205609,0.187403701376378,4387,"FGR"
109,"Male",0.175632364879976,0.160153867238959,0.190404278496587,4387,"FGR"
110,"Male",0.178188173173832,0.162135528586672,0.192970304015124,4387,"FGR"
111,"Male",0.178188173173832,0.162135528586672,0.192970304015124,4387,"FGR"
112,"Male",0.179225817853144,0.162627560086619,0.194055403766123,4387,"FGR"
113,"Male",0.182343678395813,0.165854940660123,0.198491136880983,4387,"FGR"
114,"Male",0.182869626056423,0.166240536805647,0.199363083066521,4387,"FGR"
115,"Male",0.1839271546186,0.166461963037611,0.199363083066521,4387,"FGR"
116,"Male",0.1839271546186,0.166461963037611,0.199363083066521,4387,"FGR"
117,"Male",0.184462406960404,0.166573983227593,0.200830961974455,4387,"FGR"
118,"Male",0.186068579612941,0.168096692248227,0.202277368273459,4387,"FGR"
119,"Male",0.187141352116331,0.169398569911479,0.202955757760071,4387,"FGR"
120,"Male",0.18874943495456,0.170922942368984,0.205379576326387,4387,"FGR"
121,"Male",0.189289344155514,0.171148083815021,0.205506800832791,4387,"FGR"
122,"Male",0.189830941036938,0.171261136962284,0.206401906016843,4387,"FGR"
123,"Male",0.190377975463506,0.171779834503134,0.206856252120448,4387,"FGR"
125,"Male",0.190932625186726,0.171982821539153,0.206856252120448,4387,"FGR"
126,"Male",0.191495113017374,0.1721107313221,0.208005024339312,4387,"FGR"
127,"Male",0.192061729678621,0.17266999426001,0.208600221555743,4387,"FGR"
128,"Male",0.192632126628198,0.174054575036647,0.209163022377575,4387,"FGR"
129,"Male",0.192632126628198,0.174054575036647,0.209163022377575,4387,"FGR"
130,"Male",0.192632126628198,0.174054575036647,0.209163022377575,4387,"FGR"
131,"Male",0.192632126628198,0.174054575036647,0.209163022377575,4387,"FGR"
132,"Male",0.194385554148012,0.175321971975116,0.211311917884592,4387,"FGR"
133,"Male",0.194972979401672,0.17589499396753,0.211444942182758,4387,"FGR"
134,"Male",0.196747882835334,0.177217780834349,0.213479930957243,4387,"FGR"
135,"Male",0.197349368011358,0.17780285520523,0.214124517369583,4387,"FGR"
136,"Male",0.197952144338673,0.17780285520523,0.214261719768546,4387,"FGR"
137,"Male",0.197952144338673,0.17780285520523,0.214261719768546,4387,"FGR"
138,"Male",0.198564093435247,0.178256236591521,0.214778700834062,4387,"FGR"
139,"Male",0.199182160279095,0.17840149951397,0.215579754742821,4387,"FGR"
140,"Male",0.200437761056909,0.179344145284182,0.216990234255289,4387,"FGR"
141,"Male",0.200437761056909,0.179344145284182,0.216990234255289,4387,"FGR"
143,"Male",0.201090263917952,0.180180289729466,0.218120744498179,4387,"FGR"
144,"Male",0.20306531372474,0.181716715204666,0.220014585324652,4387,"FGR"
145,"Male",0.204398313421695,0.183162187051654,0.222978773284421,4387,"FGR"
146,"Male",0.204398313421695,0.183162187051654,0.222978773284421,4387,"FGR"
147,"Male",0.204398313421695,0.183162187051654,0.222978773284421,4387,"FGR"
149,"Male",0.205785300179359,0.184839868666581,0.225323925157975,4387,"FGR"
150,"Male",0.205785300179359,0.184839868666581,0.225323925157975,4387,"FGR"
151,"Male",0.209351379241543,0.189388537118439,0.231811299252835,4387,"FGR"
152,"Male",0.210796344947477,0.190077973190446,0.232882089980637,4387,"FGR"
153,"Male",0.211523782929176,0.190608950858553,0.234112702197306,4387,"FGR"
154,"Male",0.213005178150897,0.191658899307501,0.235202388238785,4387,"FGR"
155,"Male",0.213754977899091,0.193477998100546,0.235847410749235,4387,"FGR"
156,"Male",0.215261910887426,0.194413497935499,0.236934223463576,4387,"FGR"
157,"Male",0.215261910887426,0.194413497935499,0.236934223463576,4387,"FGR"
158,"Male",0.217570255565611,0.195919248810457,0.240323256128105,4387,"FGR"
160,"Male",0.217570255565611,0.195919248810457,0.240323256128105,4387,"FGR"
161,"Male",0.217570255565611,0.195919248810457,0.240323256128105,4387,"FGR"
162,"Male",0.218369647115173,0.197896909418603,0.24181605851508,4387,"FGR"
163,"Male",0.218369647115173,0.197896909418603,0.24181605851508,4387,"FGR"
164,"Male",0.219191488176158,0.199749250033699,0.24181605851508,4387,"FGR"
166,"Male",0.219191488176158,0.199749250033699,0.24181605851508,4387,"FGR"
168,"Male",0.219191488176158,0.199749250033699,0.24181605851508,4387,"FGR"
169,"Male",0.219191488176158,0.199749250033699,0.24181605851508,4387,"FGR"
170,"Male",0.220987159544319,0.200822775711294,0.243696811980919,4387,"FGR"
171,"Male",0.220987159544319,0.200822775711294,0.243696811980919,4387,"FGR"
174,"Male",0.220987159544319,0.200822775711294,0.243696811980919,4387,"FGR"
175,"Male",0.22193640250222,0.201956764484502,0.24618127038831,4387,"FGR"
176,"Male",0.222892811913167,0.202584061034064,0.247358243492003,4387,"FGR"
178,"Male",0.222892811913167,0.202584061034064,0.247358243492003,4387,"FGR"
180,"Male",0.222892811913167,0.202584061034064,0.247358243492003,4387,"FGR"
182,"Male",0.222892811913167,0.202584061034064,0.247358243492003,4387,"FGR"
183,"Male",0.223968373851574,0.202584061034064,0.248221799314191,4387,"FGR"
184,"Male",0.223968373851574,0.202584061034064,0.248221799314191,4387,"FGR"
187,"Male",0.225094410606072,0.203691101873038,0.24895463236396,4387,"FGR"
188,"Male",0.226230031444036,0.204570913889791,0.251908802127475,4387,"FGR"
189,"Male",0.226230031444036,0.204570913889791,0.251908802127475,4387,"FGR"
190,"Male",0.226230031444036,0.204570913889791,0.251908802127475,4387,"FGR"
191,"Male",0.227417782849111,0.206387022644603,0.253122608095245,4387,"FGR"
192,"Male",0.227417782849111,0.206387022644603,0.253122608095245,4387,"FGR"
193,"Male",0.227417782849111,0.206387022644603,0.253122608095245,4387,"FGR"
194,"Male",0.229860839833513,0.210672453845471,0.254623973738016,4387,"FGR"
195,"Male",0.23232937145035,0.213106120485299,0.25758647077546,4387,"FGR"
196,"Male",0.23232937145035,0.213106120485299,0.25758647077546,4387,"FGR"
197,"Male",0.23232937145035,0.213106120485299,0.25758647077546,4387,"FGR"
198,"Male",0.23232937145035,0.213106120485299,0.25758647077546,4387,"FGR"
199,"Male",0.23232937145035,0.213106120485299,0.25758647077546,4387,"FGR"
200,"Male",0.23232937145035,0.213106120485299,0.25758647077546,4387,"FGR"
201,"Male",0.233640200735709,0.213508834057874,0.259852346690954,4387,"FGR"
202,"Male",0.234964467766651,0.214081429718271,0.261541132741238,4387,"FGR"
203,"Male",0.234964467766651,0.214081429718271,0.261541132741238,4387,"FGR"
204,"Male",0.234964467766651,0.214081429718271,0.261541132741238,4387,"FGR"
205,"Male",0.234964467766651,0.214081429718271,0.261541132741238,4387,"FGR"
206,"Male",0.236354805033746,0.214435075222132,0.26379427867131,4387,"FGR"
207,"Male",0.236354805033746,0.214435075222132,0.26379427867131,4387,"FGR"
208,"Male",0.237772378656707,0.216529906535055,0.266888767648069,4387,"FGR"
210,"Male",0.239231483709472,0.21918000308369,0.269630197835894,4387,"FGR"
211,"Male",0.239231483709472,0.21918000308369,0.269630197835894,4387,"FGR"
212,"Male",0.239231483709472,0.21918000308369,0.269630197835894,4387,"FGR"
213,"Male",0.239231483709472,0.21918000308369,0.269630197835894,4387,"FGR"
216,"Male",0.239231483709472,0.21918000308369,0.269630197835894,4387,"FGR"
219,"Male",0.239231483709472,0.21918000308369,0.269630197835894,4387,"FGR"
220,"Male",0.239231483709472,0.21918000308369,0.269630197835894,4387,"FGR"
221,"Male",0.239231483709472,0.21918000308369,0.269630197835894,4387,"FGR"
223,"Male",0.241045478445989,0.219562760033481,0.27154444658383,4387,"FGR"
226,"Male",0.241045478445989,0.219562760033481,0.27154444658383,4387,"FGR"
227,"Male",0.241045478445989,0.219562760033481,0.27154444658383,4387,"FGR"
229,"Male",0.241045478445989,0.219562760033481,0.27154444658383,4387,"FGR"
230,"Male",0.241045478445989,0.219562760033481,0.27154444658383,4387,"FGR"
231,"Male",0.241045478445989,0.219562760033481,0.27154444658383,4387,"FGR"
234,"Male",0.243285863848768,0.224596356123654,0.275511057673978,4387,"FGR"
243,"Male",0.243285863848768,0.224596356123654,0.275511057673978,4387,"FGR"
245,"Male",0.243285863848768,0.224596356123654,0.275511057673978,4387,"FGR"
246,"Male",0.246178253737684,0.227638900282793,0.276290320527607,4387,"FGR"
247,"Male",0.246178253737684,0.227638900282793,0.276290320527607,4387,"FGR"
248,"Male",0.246178253737684,0.227638900282793,0.276290320527607,4387,"FGR"
249,"Male",0.246178253737684,0.227638900282793,0.276290320527607,4387,"FGR"
250,"Male",0.249299424785976,0.2306309557511,0.276290320527607,4387,"FGR"
251,"Male",0.249299424785976,0.2306309557511,0.276290320527607,4387,"FGR"
252,"Male",0.249299424785976,0.2306309557511,0.276290320527607,4387,"FGR"
253,"Male",0.252713138676561,0.232030141985953,0.280122347548191,4387,"FGR"
254,"Male",0.252713138676561,0.232030141985953,0.280122347548191,4387,"FGR"
256,"Male",0.252713138676561,0.232030141985953,0.280122347548191,4387,"FGR"
257,"Male",0.252713138676561,0.232030141985953,0.280122347548191,4387,"FGR"
260,"Male",0.252713138676561,0.232030141985953,0.280122347548191,4387,"FGR"
261,"Male",0.252713138676561,0.232030141985953,0.280122347548191,4387,"FGR"
263,"Male",0.252713138676561,0.232030141985953,0.280122347548191,4387,"FGR"
0,"Female",0,0,0,4387,"CSC"
1,"Female",0.00407579428590814,0.00238426979345832,0.00576731877835795,4387,"CSC"
2,"Female",0.00649134177778895,0.00426977864148896,0.00871290491408894,4387,"CSC"
3,"Female",0.0085925320057008,0.00595633713122685,0.0112287268801747,4387,"CSC"
4,"Female",0.0121473426273294,0.00887949950359982,0.015415185751059,4387,"CSC"
5,"Female",0.0133999485546507,0.00992044344084427,0.0168794536684571,4387,"CSC"
6,"Female",0.0161173545188212,0.0122129000597507,0.0200218089778917,4387,"CSC"
7,"Female",0.017957996357558,0.0137538241139781,0.0221621686011379,4387,"CSC"
8,"Female",0.0215237512774474,0.0168501932715674,0.0261973092833274,4387,"CSC"
9,"Female",0.023033338187667,0.0181182680559125,0.0279484083194216,4387,"CSC"
10,"Female",0.0259029686714064,0.0205736844182744,0.0312322529245385,4387,"CSC"
11,"Female",0.0280132286163159,0.0223589061174903,0.0336675511151415,4387,"CSC"
12,"Female",0.0293691504849311,0.0235654029726916,0.0351728979971707,4387,"CSC"
13,"Female",0.0307373180995438,0.0247885200552912,0.0366861161437964,4387,"CSC"
14,"Female",0.0327179230665552,0.0265007565197969,0.0389350896133136,4387,"CSC"
15,"Female",0.0345166073306383,0.0280839968021591,0.0409492178591176,4387,"CSC"
16,"Female",0.0357334898668609,0.0291295279063208,0.0423374518274011,4387,"CSC"
17,"Female",0.0377925257764722,0.0309068626960918,0.0446781888568526,4387,"CSC"
18,"Female",0.0394576792216346,0.032434422242305,0.0464809362009642,4387,"CSC"
19,"Female",0.0415610310666802,0.0342632178681884,0.0488588442651721,4387,"CSC"
20,"Female",0.0424093706207765,0.0349776983760394,0.0498410428655135,4387,"CSC"
21,"Female",0.0432674152082869,0.0357468397249391,0.0507879906916348,4387,"CSC"
22,"Female",0.0452166915633065,0.0374269516569687,0.0530064314696444,4387,"CSC"
23,"Female",0.0469689763656484,0.0389696600582507,0.0549682926730461,4387,"CSC"
24,"Female",0.0485099277994328,0.0403029293422283,0.0567169262566373,4387,"CSC"
25,"Female",0.0493986715112105,0.0411030134600351,0.057694329562386,4387,"CSC"
26,"Female",0.0500658224128138,0.0416752910608859,0.0584563537647416,4387,"CSC"
27,"Female",0.0520834437525558,0.0434063958733075,0.060760491631804,4387,"CSC"
28,"Female",0.0538722382531841,0.0449860933439717,0.0627583831623966,4387,"CSC"
29,"Female",0.0540964312871713,0.0451728796870804,0.0630199828872623,4387,"CSC"
30,"Female",0.0549975343169954,0.0459930773228573,0.0640019913111334,4387,"CSC"
31,"Female",0.0563547678306327,0.0472360085134098,0.0654735271478556,4387,"CSC"
32,"Female",0.0581911603258225,0.0489052812940739,0.0674770393575711,4387,"CSC"
33,"Female",0.0591122710796882,0.0497467320784342,0.0684778100809421,4387,"CSC"
34,"Female",0.0600413518414667,0.0505711897649555,0.0695115139179779,4387,"CSC"
35,"Female",0.0626172063195725,0.0528624799224607,0.0723719327166844,4387,"CSC"
36,"Female",0.0642514041118937,0.0543837284574285,0.0741190797663588,4387,"CSC"
37,"Female",0.0649599412274982,0.0550275021665664,0.0748923802884299,4387,"CSC"
38,"Female",0.0661526134993883,0.0561541325563779,0.0761510944423987,4387,"CSC"
39,"Female",0.0675982382125241,0.0574528374813095,0.0777436389437387,4387,"CSC"
40,"Female",0.0690681114451152,0.0588060042223228,0.0793302186679076,4387,"CSC"
41,"Female",0.0703126707011245,0.059941748048776,0.0806835933534731,4387,"CSC"
42,"Female",0.0710625754927658,0.0606275012290104,0.0814976497565212,4387,"CSC"
43,"Female",0.071313175063229,0.0608655095858096,0.0817608405406483,4387,"CSC"
44,"Female",0.0723228983429008,0.061824262503893,0.0828215341819086,4387,"CSC"
45,"Female",0.0730811938110656,0.0624905352888514,0.0836718523332799,4387,"CSC"
46,"Female",0.0746131617518474,0.0638528276876818,0.0853734958160131,4387,"CSC"
47,"Female",0.0756382153725546,0.0648005270070395,0.0864759037380696,4387,"CSC"
48,"Female",0.0764111636819841,0.0655519271406988,0.0872704002232694,4387,"CSC"
49,"Female",0.0766719277396588,0.0658010790264695,0.0875427764528481,4387,"CSC"
50,"Female",0.0771988758276461,0.0662766681390763,0.0881210835162158,4387,"CSC"
51,"Female",0.0771988758276461,0.0662766681390763,0.0881210835162158,4387,"CSC"
52,"Female",0.0771988758276461,0.0662766681390763,0.0881210835162158,4387,"CSC"
53,"Female",0.0777345599153289,0.0667915501530676,0.0886775696775903,4387,"CSC"
54,"Female",0.0777345599153289,0.0667915501530676,0.0886775696775903,4387,"CSC"
55,"Female",0.0785564329322631,0.0675495216544545,0.0895633442100717,4387,"CSC"
56,"Female",0.0785564329322631,0.0675495216544545,0.0895633442100717,4387,"CSC"
57,"Female",0.0788353042139547,0.0678159383988176,0.0898546700290917,4387,"CSC"
58,"Female",0.0796749295928156,0.0685884563874348,0.0907614027981964,4387,"CSC"
59,"Female",0.0805129168525119,0.0693900951990352,0.0916357385059886,4387,"CSC"
60,"Female",0.081636914370857,0.0704421406526675,0.0928316880890464,4387,"CSC"
61,"Female",0.0827679864632917,0.0715252759058013,0.094010697020782,4387,"CSC"
62,"Female",0.0830531508653815,0.0717679828159166,0.0943383189148463,4387,"CSC"
63,"Female",0.0842029863718013,0.072808861769837,0.0955971109737655,4387,"CSC"
64,"Female",0.0850706971930472,0.0736113206579356,0.0965300737281588,4387,"CSC"
65,"Female",0.0862339454518998,0.0746356835452379,0.0978322073585617,4387,"CSC"
66,"Female",0.0871155545403323,0.0754176808486352,0.0988134282320294,4387,"CSC"
67,"Female",0.0882929503591469,0.0764894122848111,0.100096488433483,4387,"CSC"
68,"Female",0.0891810099798195,0.0772760800235047,0.101085939936134,4387,"CSC"
69,"Female",0.0900715107867635,0.0780647707136181,0.102078250859909,4387,"CSC"
70,"Female",0.0900715107867635,0.0780647707136181,0.102078250859909,4387,"CSC"
71,"Female",0.0906712099054395,0.0786067239933156,0.102735695817563,4387,"CSC"
72,"Female",0.0915742567521622,0.0794392684269299,0.103709245077395,4387,"CSC"
73,"Female",0.0921822796768595,0.0799566595389764,0.104407899814743,4387,"CSC"
74,"Female",0.0927911643017222,0.08047390396335,0.105108424640094,4387,"CSC"
75,"Female",0.0937063593362095,0.0813219941937843,0.106090724478635,4387,"CSC"
76,"Female",0.0940135202861451,0.0816164864722455,0.106410554100045,4387,"CSC"
77,"Female",0.0952637137827678,0.0827817735196364,0.107745654045899,4387,"CSC"
78,"Female",0.0958922450161792,0.083385895527845,0.108398594504513,4387,"CSC"
79,"Female",0.0968442792345035,0.0842644271964507,0.109424131272556,4387,"CSC"
80,"Female",0.0977970879917844,0.0851440917807292,0.11045008420284,4387,"CSC"
81,"Female",0.0987545812590744,0.086027324415599,0.11148183810255,4387,"CSC"
82,"Female",0.0993946199979055,0.0866052914941945,0.112183948501617,4387,"CSC"
83,"Female",0.10036178897948,0.0874623751423741,0.113261202816586,4387,"CSC"
84,"Female",0.10101015448561,0.0880886164432599,0.113931692527961,4387,"CSC"
85,"Female",0.10133442195031,0.0883643556890626,0.114304488211557,4387,"CSC"
86,"Female",0.101986240633495,0.088989439915249,0.114983041351741,4387,"CSC"
87,"Female",0.10231348871864,0.089272583005316,0.115354394431964,4387,"CSC"
88,"Female",0.103965014699204,0.0908254315481757,0.117104597850233,4387,"CSC"
89,"Female",0.104955121710243,0.0917036872778877,0.118206556142598,4387,"CSC"
90,"Female",0.10528835233985,0.0920236040893817,0.118553100590318,4387,"CSC"
91,"Female",0.10595636599763,0.0926644008717823,0.119248331123478,4387,"CSC"
92,"Female",0.106631172008933,0.0933273049694302,0.119935039048436,4387,"CSC"
93,"Female",0.107317803006958,0.0939109225907692,0.120724683423147,4387,"CSC"
94,"Female",0.107661376978211,0.09424008395124,0.121082670005182,4387,"CSC"
95,"Female",0.108007633431548,0.0945727770094872,0.12144248985361,4387,"CSC"
96,"Female",0.108356697076883,0.0949081403149426,0.121805253838824,4387,"CSC"
97,"Female",0.108706986005301,0.0952443666768535,0.122169605333748,4387,"CSC"
98,"Female",0.10977074532169,0.0962763966018833,0.123265094041496,4387,"CSC"
99,"Female",0.111910202366678,0.098254073859149,0.125566330874207,4387,"CSC"
100,"Female",0.111910202366678,0.098254073859149,0.125566330874207,4387,"CSC"
101,"Female",0.112984800545427,0.099246728849189,0.126722872241666,4387,"CSC"
102,"Female",0.113346657724343,0.0995950326234439,0.127098282825241,4387,"CSC"
103,"Female",0.114437921120508,0.100564280009854,0.128311562231162,4387,"CSC"
104,"Female",0.114437921120508,0.100564280009854,0.128311562231162,4387,"CSC"
105,"Female",0.114437921120508,0.100564280009854,0.128311562231162,4387,"CSC"
106,"Female",0.114805240782046,0.100922599778464,0.128687881785628,4387,"CSC"
107,"Female",0.116324737158092,0.102312701087329,0.130336773228856,4387,"CSC"
108,"Female",0.117087300446604,0.103041525886227,0.131133075006982,4387,"CSC"
109,"Female",0.118232364967817,0.104056596581087,0.132408133354546,4387,"CSC"
110,"Female",0.120141984582178,0.105766932213814,0.134517036950543,4387,"CSC"
111,"Female",0.120141984582178,0.105766932213814,0.134517036950543,4387,"CSC"
112,"Female",0.120919925614086,0.106471070900933,0.135368780327239,4387,"CSC"
113,"Female",0.123265847653159,0.108641270776782,0.137890424529536,4387,"CSC"
114,"Female",0.123660261559088,0.108977020756842,0.138343502361334,4387,"CSC"
115,"Female",0.124454300621753,0.109741495543633,0.139167105699873,4387,"CSC"
116,"Female",0.124454300621753,0.109741495543633,0.139167105699873,4387,"CSC"
117,"Female",0.12485439933405,0.110126674255166,0.139582124412935,4387,"CSC"
118,"Female",0.126056769135937,0.111242470077308,0.140871068194565,4387,"CSC"
119,"Female",0.126857969016649,0.11192735831243,0.141788579720869,4387,"CSC"
120,"Female",0.128059820480219,0.113041986696004,0.143077654264433,4387,"CSC"
121,"Female",0.128462082081872,0.113429361777526,0.143494802386218,4387,"CSC"
122,"Female",0.1288651903526,0.113824281481191,0.143906099224008,4387,"CSC"
123,"Female",0.129272128903697,0.114170964843469,0.144373292963925,4387,"CSC"
125,"Female",0.129683531373577,0.11457855249501,0.144788510252144,4387,"CSC"
126,"Female",0.130100958743476,0.114979442190896,0.145222475296056,4387,"CSC"
127,"Female",0.13052034415741,0.11534071257069,0.145699975744131,4387,"CSC"
128,"Female",0.13094225790664,0.115745914206439,0.146138601606842,4387,"CSC"
129,"Female",0.13094225790664,0.115745914206439,0.146138601606842,4387,"CSC"
130,"Female",0.13094225790664,0.115745914206439,0.146138601606842,4387,"CSC"
131,"Female",0.13094225790664,0.115745914206439,0.146138601606842,4387,"CSC"
132,"Female",0.132248344954234,0.117002803931029,0.147493885977439,4387,"CSC"
133,"Female",0.13268450899745,0.117390632327043,0.147978385667857,4387,"CSC"
134,"Female",0.134009656071587,0.118561701560451,0.149457610582722,4387,"CSC"
135,"Female",0.134460280861246,0.118949608000155,0.149970953722336,4387,"CSC"
136,"Female",0.13491240990192,0.119385602383782,0.150439217420057,4387,"CSC"
137,"Female",0.13491240990192,0.119385602383782,0.150439217420057,4387,"CSC"
138,"Female",0.135369380695262,0.119774329264612,0.150964432125912,4387,"CSC"
139,"Female",0.135832030090686,0.12021580795953,0.151448252221843,4387,"CSC"
140,"Female",0.136778020005519,0.121121655189367,0.152434384821671,4387,"CSC"
141,"Female",0.136778020005519,0.121121655189367,0.152434384821671,4387,"CSC"
143,"Female",0.137273126938665,0.121615272768604,0.152930981108726,4387,"CSC"
144,"Female",0.138792295004386,0.12303771402223,0.154546875986541,4387,"CSC"
145,"Female",0.139820092458247,0.124035744541497,0.155604440374997,4387,"CSC"
146,"Female",0.139820092458247,0.124035744541497,0.155604440374997,4387,"CSC"
147,"Female",0.139820092458247,0.124035744541497,0.155604440374997,4387,"CSC"
149,"Female",0.140889415041885,0.125034318052957,0.156744512030813,4387,"CSC"
150,"Female",0.140889415041885,0.125034318052957,0.156744512030813,4387,"CSC"
151,"Female",0.143668669177615,0.1275039473009,0.15983339105433,4387,"CSC"
152,"Female",0.144787503969216,0.128571646118952,0.16100336181948,4387,"CSC"
153,"Female",0.145349728285177,0.129109163295599,0.161590293274754,4387,"CSC"
154,"Female",0.146501566068786,0.130165197127662,0.162837935009911,4387,"CSC"
155,"Female",0.147083307909385,0.130655830205374,0.163510785613396,4387,"CSC"
156,"Female",0.14825465521081,0.131779901679844,0.164729408741776,4387,"CSC"
157,"Female",0.14825465521081,0.131779901679844,0.164729408741776,4387,"CSC"
158,"Female",0.150045618294395,0.133412179537737,0.166679057051053,4387,"CSC"
160,"Female",0.150045618294395,0.133412179537737,0.166679057051053,4387,"CSC"
161,"Female",0.150045618294395,0.133412179537737,0.166679057051053,4387,"CSC"
162,"Female",0.15066657188197,0.133940942650994,0.167392201112945,4387,"CSC"
163,"Female",0.15066657188197,0.133940942650994,0.167392201112945,4387,"CSC"
164,"Female",0.151301055440198,0.13447349181585,0.168128619064547,4387,"CSC"
166,"Female",0.151301055440198,0.13447349181585,0.168128619064547,4387,"CSC"
168,"Female",0.151301055440198,0.13447349181585,0.168128619064547,4387,"CSC"
169,"Female",0.151301055440198,0.13447349181585,0.168128619064547,4387,"CSC"
170,"Female",0.152709073324151,0.135812945678431,0.16960520096987,4387,"CSC"
171,"Female",0.152709073324151,0.135812945678431,0.16960520096987,4387,"CSC"
174,"Female",0.152709073324151,0.135812945678431,0.16960520096987,4387,"CSC"
175,"Female",0.153449264324635,0.136511236194281,0.170387292454989,4387,"CSC"
176,"Female",0.154193755076146,0.137212212421479,0.171175297730812,4387,"CSC"
178,"Female",0.154193755076146,0.137212212421479,0.171175297730812,4387,"CSC"
180,"Female",0.154193755076146,0.137212212421479,0.171175297730812,4387,"CSC"
182,"Female",0.154193755076146,0.137212212421479,0.171175297730812,4387,"CSC"
183,"Female",0.155045391783023,0.138014053569591,0.172076729996455,4387,"CSC"
184,"Female",0.155045391783023,0.138014053569591,0.172076729996455,4387,"CSC"
187,"Female",0.155934199287038,0.138746342903172,0.173122055670905,4387,"CSC"
188,"Female",0.156828118017421,0.139581702291845,0.174074533742997,4387,"CSC"
189,"Female",0.156828118017421,0.139581702291845,0.174074533742997,4387,"CSC"
190,"Female",0.156828118017421,0.139581702291845,0.174074533742997,4387,"CSC"
191,"Female",0.15776263968813,0.140442457338232,0.175082822038027,4387,"CSC"
192,"Female",0.15776263968813,0.140442457338232,0.175082822038027,4387,"CSC"
193,"Female",0.15776263968813,0.140442457338232,0.175082822038027,4387,"CSC"
194,"Female",0.159718410646926,0.142152187986958,0.177284633306895,4387,"CSC"
195,"Female",0.161694471902121,0.143995085753355,0.179393858050886,4387,"CSC"
196,"Female",0.161694471902121,0.143995085753355,0.179393858050886,4387,"CSC"
197,"Female",0.161694471902121,0.143995085753355,0.179393858050886,4387,"CSC"
198,"Female",0.161694471902121,0.143995085753355,0.179393858050886,4387,"CSC"
199,"Female",0.161694471902121,0.143995085753355,0.179393858050886,4387,"CSC"
200,"Female",0.161694471902121,0.143995085753355,0.179393858050886,4387,"CSC"
201,"Female",0.162728839941662,0.144953201557894,0.180504478325429,4387,"CSC"
202,"Female",0.163773496054451,0.145919380483542,0.181627611625359,4387,"CSC"
203,"Female",0.163773496054451,0.145919380483542,0.181627611625359,4387,"CSC"
204,"Female",0.163773496054451,0.145919380483542,0.181627611625359,4387,"CSC"
205,"Female",0.163773496054451,0.145919380483542,0.181627611625359,4387,"CSC"
206,"Female",0.164860449865108,0.146797542468355,0.182923357261861,4387,"CSC"
207,"Female",0.164860449865108,0.146797542468355,0.182923357261861,4387,"CSC"
208,"Female",0.165964121922184,0.147813026335135,0.184115217509233,4387,"CSC"
210,"Female",0.16709451332649,0.148722852976699,0.185466173676281,4387,"CSC"
211,"Female",0.16709451332649,0.148722852976699,0.185466173676281,4387,"CSC"
212,"Female",0.16709451332649,0.148722852976699,0.185466173676281,4387,"CSC"
213,"Female",0.16709451332649,0.148722852976699,0.185466173676281,4387,"CSC"
216,"Female",0.16709451332649,0.148722852976699,0.185466173676281,4387,"CSC"
219,"Female",0.16709451332649,0.148722852976699,0.185466173676281,4387,"CSC"
220,"Female",0.16709451332649,0.148722852976699,0.185466173676281,4387,"CSC"
221,"Female",0.16709451332649,0.148722852976699,0.185466173676281,4387,"CSC"
223,"Female",0.16849910820148,0.149816610323914,0.187181606079045,4387,"CSC"
226,"Female",0.16849910820148,0.149816610323914,0.187181606079045,4387,"CSC"
227,"Female",0.16849910820148,0.149816610323914,0.187181606079045,4387,"CSC"
229,"Female",0.16849910820148,0.149816610323914,0.187181606079045,4387,"CSC"
230,"Female",0.16849910820148,0.149816610323914,0.187181606079045,4387,"CSC"
231,"Female",0.16849910820148,0.149816610323914,0.187181606079045,4387,"CSC"
234,"Female",0.170222515193183,0.151280983898527,0.189164046487839,4387,"CSC"
243,"Female",0.170222515193183,0.151280983898527,0.189164046487839,4387,"CSC"
245,"Female",0.170222515193183,0.151280983898527,0.189164046487839,4387,"CSC"
246,"Female",0.172370728903601,0.153016862554951,0.191724595252252,4387,"CSC"
247,"Female",0.172370728903601,0.153016862554951,0.191724595252252,4387,"CSC"
248,"Female",0.172370728903601,0.153016862554951,0.191724595252252,4387,"CSC"
249,"Female",0.172370728903601,0.153016862554951,0.191724595252252,4387,"CSC"
250,"Female",0.17467191374282,0.154831575842014,0.194512251643626,4387,"CSC"
251,"Female",0.17467191374282,0.154831575842014,0.194512251643626,4387,"CSC"
252,"Female",0.17467191374282,0.154831575842014,0.194512251643626,4387,"CSC"
253,"Female",0.177180124454256,0.156489801273419,0.197870447635093,4387,"CSC"
254,"Female",0.177180124454256,0.156489801273419,0.197870447635093,4387,"CSC"
256,"Female",0.177180124454256,0.156489801273419,0.197870447635093,4387,"CSC"
257,"Female",0.177180124454256,0.156489801273419,0.197870447635093,4387,"CSC"
260,"Female",0.177180124454256,0.156489801273419,0.197870447635093,4387,"CSC"
261,"Female",0.177180124454256,0.156489801273419,0.197870447635093,4387,"CSC"
263,"Female",0.177180124454256,0.156489801273419,0.197870447635093,4387,"CSC"
0,"Male",0,0,0,4387,"CSC"
1,"Male",0.00699448673964808,0.00425382102172897,0.00973515245756719,4387,"CSC"
2,"Male",0.011078918581517,0.00762140707303558,0.0145364300899983,4387,"CSC"
3,"Male",0.0146003062843645,0.0106193176624199,0.0185812949063091,4387,"CSC"
4,"Male",0.0205157931913081,0.0157793475476689,0.0252522388349474,4387,"CSC"
5,"Male",0.0225745314198429,0.0176005901443714,0.0275484726953144,4387,"CSC"
6,"Male",0.027020013818188,0.0215398146912016,0.0325002129451744,4387,"CSC"
7,"Male",0.0300026246478655,0.0242459452963841,0.0357593039993469,4387,"CSC"
8,"Male",0.0357450888489177,0.0294173503180756,0.0420728273797599,4387,"CSC"
9,"Male",0.038149056914532,0.0316180846072131,0.0446800292218509,4387,"CSC"
10,"Male",0.0426955971464465,0.0357568500638358,0.0496343442290573,4387,"CSC"
11,"Male",0.0460113134417982,0.0388538062679225,0.0531688206156739,4387,"CSC"
12,"Male",0.0481276692660096,0.040759514455991,0.0554958240760281,4387,"CSC"
13,"Male",0.0502537479906821,0.0427045137687859,0.0578029822125784,4387,"CSC"
14,"Male",0.0533176500509719,0.0455474620832446,0.0610878380186992,4387,"CSC"
15,"Male",0.0560845133991656,0.04808478371948,0.0640842430788512,4387,"CSC"
16,"Male",0.0579455759626601,0.049843751292311,0.0660474006330092,4387,"CSC"
17,"Male",0.0610827220180443,0.052808708745051,0.0693567352910375,4387,"CSC"
18,"Male",0.0636047227197432,0.0551020470336465,0.0721073984058398,4387,"CSC"
19,"Male",0.0667766234356677,0.0581045111475281,0.0754487357238073,4387,"CSC"
20,"Male",0.0680484909578489,0.0593207754710925,0.0767762064446054,4387,"CSC"
21,"Male",0.0693315560563571,0.0605132795495329,0.0781498325631812,4387,"CSC"
22,"Male",0.072238155850477,0.0632698817753971,0.0812064299255569,4387,"CSC"
23,"Male",0.0748368355718753,0.0656698838314199,0.0840037873123307,4387,"CSC"
24,"Male",0.0771122531926874,0.0678457015330864,0.0863788048522883,4387,"CSC"
25,"Male",0.0784196945366517,0.0690340635784586,0.0878053254948448,4387,"CSC"
26,"Male",0.0793988950275154,0.0699535910559049,0.088844198999126,4387,"CSC"
27,"Male",0.0823555508808232,0.0727304682207415,0.0919806335409049,4387,"CSC"
28,"Male",0.0849638302343944,0.0751815295884384,0.0947461308803504,4387,"CSC"
29,"Male",0.0852894670668152,0.0754949791788559,0.0950839549547745,4387,"CSC"
30,"Male",0.0865975681287682,0.0767242537043509,0.0964708825531856,4387,"CSC"
31,"Male",0.0885635360138925,0.0784883336658804,0.0986387383619047,4387,"CSC"
32,"Male",0.091214561361252,0.0809313697357361,0.101497752986768,4387,"CSC"
33,"Male",0.0925385410327628,0.0821236247268726,0.102953457338653,4387,"CSC"
34,"Male",0.0938710593921662,0.0833687394340958,0.104373379350237,4387,"CSC"
35,"Male",0.0975580508186526,0.0867826941134752,0.10833340752383,4387,"CSC"
36,"Male",0.099884575638891,0.0889460849717627,0.110823066306019,4387,"CSC"
37,"Male",0.100889852661416,0.0898809524184861,0.111898752904347,4387,"CSC"
38,"Male",0.102579563571144,0.0914315034462622,0.113727623696026,4387,"CSC"
39,"Male",0.10462289355403,0.0933471925729706,0.11589859453509,4387,"CSC"
40,"Male",0.106694123265482,0.0953387170984199,0.118049529432544,4387,"CSC"
41,"Male",0.108442664049363,0.0970338098257921,0.119851518272933,4387,"CSC"
42,"Male",0.109493421353888,0.0980199648233209,0.120966877884456,4387,"CSC"
43,"Male",0.109844039499144,0.0983295285872153,0.121358550411073,4387,"CSC"
44,"Male",0.111256073991743,0.0995754059966426,0.122936741986843,4387,"CSC"
45,"Male",0.112314507773469,0.100563885027631,0.124065130519306,4387,"CSC"
46,"Male",0.11444957931014,0.102620568818195,0.126278589802084,4387,"CSC"
47,"Male",0.11587426091139,0.103911423474635,0.127837098348145,4387,"CSC"
48,"Male",0.11694652580429,0.104933240090269,0.128959811518312,4387,"CSC"
49,"Male",0.117307763550479,0.105252133079834,0.129363394021124,4387,"CSC"
50,"Male",0.118037409664914,0.105927881597779,0.130146937732048,4387,"CSC"
51,"Male",0.118037409664914,0.105927881597779,0.130146937732048,4387,"CSC"
52,"Male",0.118037409664914,0.105927881597779,0.130146937732048,4387,"CSC"
53,"Male",0.11877789625733,0.106634160707652,0.130921631807009,4387,"CSC"
54,"Male",0.11877789625733,0.106634160707652,0.130921631807009,4387,"CSC"
55,"Male",0.119912395623687,0.107683456580436,0.132141334666938,4387,"CSC"
56,"Male",0.119912395623687,0.107683456580436,0.132141334666938,4387,"CSC"
57,"Male",0.120296617241063,0.108023367911517,0.132569866570608,4387,"CSC"
58,"Male",0.121452881144523,0.109070552877782,0.133835209411265,4387,"CSC"
59,"Male",0.122605053837791,0.110084228930026,0.135125878745556,4387,"CSC"
60,"Male",0.124148412697008,0.111516376809704,0.136780448584311,4387,"CSC"
61,"Male",0.125698214974697,0.112886449359617,0.138509980589778,4387,"CSC"
62,"Male",0.126088198419083,0.113262460568805,0.138913936269362,4387,"CSC"
63,"Male",0.127659972722789,0.114703599812925,0.140616345632652,4387,"CSC"
64,"Male",0.128844208045159,0.115820721670472,0.141867694419845,4387,"CSC"
65,"Male",0.13042989690152,0.117352526912038,0.143507266891002,4387,"CSC"
66,"Male",0.131629810571707,0.118470811701834,0.14478880944158,4387,"CSC"
67,"Male",0.133230073223654,0.119994340956791,0.146465805490517,4387,"CSC"
68,"Male",0.134434993979354,0.121120225612994,0.147749762345714,4387,"CSC"
69,"Male",0.135641780592122,0.12227731569762,0.149006245486624,4387,"CSC"
70,"Male",0.135641780592122,0.12227731569762,0.149006245486624,4387,"CSC"
71,"Male",0.136453397643766,0.123024101868698,0.149882693418834,4387,"CSC"
72,"Male",0.137674636771301,0.124156725819642,0.15119254772296,4387,"CSC"
73,"Male",0.138495817203502,0.12495243871854,0.152039195688463,4387,"CSC"
74,"Male",0.139317362055156,0.125752512418536,0.152882211691775,4387,"CSC"
75,"Male",0.1405510072328,0.12686502422192,0.15423699024368,4387,"CSC"
76,"Male",0.14096458002352,0.127231076150905,0.154698083896136,4387,"CSC"
77,"Male",0.142646829381872,0.128746105828255,0.156547552935488,4387,"CSC"
78,"Male",0.143491278867534,0.12951516028296,0.157467397452108,4387,"CSC"
79,"Male",0.144769256232108,0.13067446479521,0.158864047669006,4387,"CSC"
80,"Male",0.146046456329051,0.131832698555706,0.160260214102395,4387,"CSC"
81,"Male",0.147328445281326,0.133004143224974,0.161652747337677,4387,"CSC"
82,"Male",0.148184550513715,0.133809627591479,0.162559473435951,4387,"CSC"
83,"Male",0.149477251020178,0.135013171609516,0.16394133043084,4387,"CSC"
84,"Male",0.150342731772907,0.135760947187059,0.164924516358755,4387,"CSC"
85,"Male",0.150775196976818,0.136196021699896,0.165354372253741,4387,"CSC"
86,"Male",0.151643980069983,0.136952915399431,0.166335044740534,4387,"CSC"
87,"Male",0.152079766935605,0.137396984849686,0.166762549021524,4387,"CSC"
88,"Male",0.15427826521892,0.139414806938099,0.169141723499741,4387,"CSC"
89,"Male",0.155594335298495,0.140643723560294,0.170544947036696,4387,"CSC"
90,"Male",0.156036882732329,0.141029983021602,0.171043782443056,4387,"CSC"
91,"Male",0.156923660189925,0.141809388481978,0.172037931897873,4387,"CSC"
92,"Male",0.157818764638838,0.142690909808136,0.172946619469541,4387,"CSC"
93,"Male",0.158728854567357,0.143564487044677,0.173893222090037,4387,"CSC"
94,"Male",0.159183772904091,0.143964867794085,0.174402678014097,4387,"CSC"
95,"Male",0.159641969647908,0.144360325354232,0.174923613941584,4387,"CSC"
96,"Male",0.160103563869277,0.144760524670919,0.175446603067636,4387,"CSC"
97,"Male",0.160566621566646,0.145164426122704,0.175968817010589,4387,"CSC"
98,"Male",0.161971866475198,0.146449358647952,0.177494374302443,4387,"CSC"
99,"Male",0.16479573696654,0.148998923444792,0.180592550488289,4387,"CSC"
100,"Male",0.16479573696654,0.148998923444792,0.180592550488289,4387,"CSC"
101,"Male",0.166211487160771,0.150285000174775,0.182137974146766,4387,"CSC"
102,"Male",0.166687628583024,0.150697947362454,0.182677309803593,4387,"CSC"
103,"Male",0.168122281942494,0.152050151481063,0.184194412403924,4387,"CSC"
104,"Male",0.168122281942494,0.152050151481063,0.184194412403924,4387,"CSC"
105,"Male",0.168122281942494,0.152050151481063,0.184194412403924,4387,"CSC"
106,"Male",0.168604356592749,0.15251430356533,0.184694409620167,4387,"CSC"
107,"Male",0.170597544359897,0.154394567169127,0.186800521550667,4387,"CSC"
108,"Male",0.171596722436656,0.155254913830871,0.187938531042442,4387,"CSC"
109,"Male",0.173095992973743,0.156646586946725,0.189545399000762,4387,"CSC"
110,"Male",0.175594236493841,0.158940414182623,0.19224805880506,4387,"CSC"
111,"Male",0.175594236493841,0.158940414182623,0.19224805880506,4387,"CSC"
112,"Male",0.176610208414573,0.159869752557556,0.193350664271589,4387,"CSC"
113,"Male",0.179672109380358,0.162625677296639,0.196718541464076,4387,"CSC"
114,"Male",0.180186202119446,0.163118069861299,0.197254334377594,4387,"CSC"
115,"Male",0.181220891236682,0.164016432816234,0.198425349657129,4387,"CSC"
116,"Male",0.181220891236682,0.164016432816234,0.198425349657129,4387,"CSC"
117,"Male",0.181741727289615,0.164467587502346,0.199015867076884,4387,"CSC"
118,"Male",0.183306323060367,0.165860654949332,0.200751991171401,4387,"CSC"
119,"Male",0.184348251163536,0.166845921794356,0.201850580532717,4387,"CSC"
120,"Male",0.185910713738061,0.168241136548689,0.203580290927434,4387,"CSC"
121,"Male",0.1864332517608,0.168694527455402,0.204171976066197,4387,"CSC"
122,"Male",0.18695663098195,0.169195306400304,0.204717955563595,4387,"CSC"
123,"Male",0.187484720870182,0.169697762264876,0.205271679475489,4387,"CSC"
125,"Male",0.188018272973213,0.17021929387924,0.205817252067185,4387,"CSC"
126,"Male",0.188559429842309,0.170689041387903,0.206429818296716,4387,"CSC"
127,"Male",0.189102913746864,0.171229164593249,0.206976662900479,4387,"CSC"
128,"Male",0.189649528125181,0.171701790569437,0.207597265680925,4387,"CSC"
129,"Male",0.189649528125181,0.171701790569437,0.207597265680925,4387,"CSC"
130,"Male",0.189649528125181,0.171701790569437,0.207597265680925,4387,"CSC"
131,"Male",0.189649528125181,0.171701790569437,0.207597265680925,4387,"CSC"
132,"Male",0.191339265500497,0.173200755588479,0.209477775412514,4387,"CSC"
133,"Male",0.191903294693734,0.173769480571816,0.210037108815653,4387,"CSC"
134,"Male",0.193616001891425,0.175354583001121,0.211877420781729,4387,"CSC"
135,"Male",0.194198016487581,0.175933614800424,0.212462418174739,4387,"CSC"
136,"Male",0.194781737189863,0.176425417452938,0.213138056926787,4387,"CSC"
137,"Male",0.194781737189863,0.176425417452938,0.213138056926787,4387,"CSC"
138,"Male",0.19537106409297,0.176978935406387,0.213763192779553,4387,"CSC"
139,"Male",0.195967633311198,0.177494513415836,0.21444075320656,4387,"CSC"
140,"Male",0.197186946874943,0.178536594461861,0.215837299288025,4387,"CSC"
141,"Male",0.197186946874943,0.178536594461861,0.215837299288025,4387,"CSC"
143,"Male",0.197824652128607,0.179173689645581,0.216475614611633,4387,"CSC"
144,"Male",0.199780222401079,0.181022450644099,0.218537994158059,4387,"CSC"
145,"Male",0.201102517812185,0.182268838029531,0.219936197594839,4387,"CSC"
146,"Male",0.201102517812185,0.182268838029531,0.219936197594839,4387,"CSC"
147,"Male",0.201102517812185,0.182268838029531,0.219936197594839,4387,"CSC"
149,"Male",0.202476365382976,0.183622378896421,0.221330351869531,4387,"CSC"
150,"Male",0.202476365382976,0.183622378896421,0.221330351869531,4387,"CSC"
151,"Male",0.206044373195731,0.18684831353835,0.225240432853112,4387,"CSC"
152,"Male",0.207478771157567,0.188073004766738,0.226884537548397,4387,"CSC"
153,"Male",0.208199272244853,0.188685472186135,0.227713072303571,4387,"CSC"
154,"Male",0.209674670316246,0.190091127612067,0.229258213020425,4387,"CSC"
155,"Male",0.210419384245877,0.190787650330768,0.230051118160987,4387,"CSC"
156,"Male",0.211918436816006,0.19209843375501,0.231738439877002,4387,"CSC"
157,"Male",0.211918436816006,0.19209843375501,0.231738439877002,4387,"CSC"
158,"Male",0.21420733023258,0.194108047213287,0.234306613251873,4387,"CSC"
160,"Male",0.21420733023258,0.194108047213287,0.234306613251873,4387,"CSC"
161,"Male",0.21420733023258,0.194108047213287,0.234306613251873,4387,"CSC"
162,"Male",0.214999717229927,0.194831300835554,0.2351681336243,4387,"CSC"
163,"Male",0.214999717229927,0.194831300835554,0.2351681336243,4387,"CSC"
164,"Male",0.215808454264715,0.195584116457506,0.236032792071924,4387,"CSC"
166,"Male",0.215808454264715,0.195584116457506,0.236032792071924,4387,"CSC"
168,"Male",0.215808454264715,0.195584116457506,0.236032792071924,4387,"CSC"
169,"Male",0.215808454264715,0.195584116457506,0.236032792071924,4387,"CSC"
170,"Male",0.21760106481555,0.197087909474035,0.238114220157066,4387,"CSC"
171,"Male",0.21760106481555,0.197087909474035,0.238114220157066,4387,"CSC"
174,"Male",0.21760106481555,0.197087909474035,0.238114220157066,4387,"CSC"
175,"Male",0.218542086497266,0.197879089696128,0.239205083298403,4387,"CSC"
176,"Male",0.219488228054562,0.198677323196524,0.240299132912601,4387,"CSC"
178,"Male",0.219488228054562,0.198677323196524,0.240299132912601,4387,"CSC"
180,"Male",0.219488228054562,0.198677323196524,0.240299132912601,4387,"CSC"
182,"Male",0.219488228054562,0.198677323196524,0.240299132912601,4387,"CSC"
183,"Male",0.220568508321696,0.199614471336317,0.241522545307075,4387,"CSC"
184,"Male",0.220568508321696,0.199614471336317,0.241522545307075,4387,"CSC"
187,"Male",0.221694826171696,0.200637998324253,0.24275165401914,4387,"CSC"
188,"Male",0.222827442642165,0.201570519696155,0.244084365588175,4387,"CSC"
189,"Male",0.222827442642165,0.201570519696155,0.244084365588175,4387,"CSC"
190,"Male",0.222827442642165,0.201570519696155,0.244084365588175,4387,"CSC"
191,"Male",0.224009566280886,0.202536243445835,0.245482889115936,4387,"CSC"
192,"Male",0.224009566280886,0.202536243445835,0.245482889115936,4387,"CSC"
193,"Male",0.224009566280886,0.202536243445835,0.245482889115936,4387,"CSC"
194,"Male",0.22648010434984,0.204670709773222,0.248289498926459,4387,"CSC"
195,"Male",0.228975394141664,0.206717342480244,0.251233445803084,4387,"CSC"
196,"Male",0.228975394141664,0.206717342480244,0.251233445803084,4387,"CSC"
197,"Male",0.228975394141664,0.206717342480244,0.251233445803084,4387,"CSC"
198,"Male",0.228975394141664,0.206717342480244,0.251233445803084,4387,"CSC"
199,"Male",0.228975394141664,0.206717342480244,0.251233445803084,4387,"CSC"
200,"Male",0.228975394141664,0.206717342480244,0.251233445803084,4387,"CSC"
201,"Male",0.230277321923842,0.207780893496555,0.252773750351129,4387,"CSC"
202,"Male",0.231591958224161,0.20886028091362,0.254323635534702,4387,"CSC"
203,"Male",0.231591958224161,0.20886028091362,0.254323635534702,4387,"CSC"
204,"Male",0.231591958224161,0.20886028091362,0.254323635534702,4387,"CSC"
205,"Male",0.231591958224161,0.20886028091362,0.254323635534702,4387,"CSC"
206,"Male",0.232955769149578,0.21007547769363,0.255836060605526,4387,"CSC"
207,"Male",0.232955769149578,0.21007547769363,0.255836060605526,4387,"CSC"
208,"Male",0.234339778548002,0.211199591042208,0.257479966053796,4387,"CSC"
210,"Male",0.235755975755834,0.21245490993149,0.259057041580179,4387,"CSC"
211,"Male",0.235755975755834,0.21245490993149,0.259057041580179,4387,"CSC"
212,"Male",0.235755975755834,0.21245490993149,0.259057041580179,4387,"CSC"
213,"Male",0.235755975755834,0.21245490993149,0.259057041580179,4387,"CSC"
216,"Male",0.235755975755834,0.21245490993149,0.259057041580179,4387,"CSC"
219,"Male",0.235755975755834,0.21245490993149,0.259057041580179,4387,"CSC"
220,"Male",0.235755975755834,0.21245490993149,0.259057041580179,4387,"CSC"
221,"Male",0.235755975755834,0.21245490993149,0.259057041580179,4387,"CSC"
223,"Male",0.237505656970531,0.213953646229046,0.261057667712015,4387,"CSC"
226,"Male",0.237505656970531,0.213953646229046,0.261057667712015,4387,"CSC"
227,"Male",0.237505656970531,0.213953646229046,0.261057667712015,4387,"CSC"
229,"Male",0.237505656970531,0.213953646229046,0.261057667712015,4387,"CSC"
230,"Male",0.237505656970531,0.213953646229046,0.261057667712015,4387,"CSC"
231,"Male",0.237505656970531,0.213953646229046,0.261057667712015,4387,"CSC"
234,"Male",0.239642443121481,0.215565343562254,0.263719542680708,4387,"CSC"
243,"Male",0.239642443121481,0.215565343562254,0.263719542680708,4387,"CSC"
245,"Male",0.239642443121481,0.215565343562254,0.263719542680708,4387,"CSC"
246,"Male",0.24229999011418,0.217433114319895,0.267166865908466,4387,"CSC"
247,"Male",0.24229999011418,0.217433114319895,0.267166865908466,4387,"CSC"
248,"Male",0.24229999011418,0.217433114319895,0.267166865908466,4387,"CSC"
249,"Male",0.24229999011418,0.217433114319895,0.267166865908466,4387,"CSC"
250,"Male",0.245135436357503,0.219405119793194,0.270865752921812,4387,"CSC"
251,"Male",0.245135436357503,0.219405119793194,0.270865752921812,4387,"CSC"
252,"Male",0.245135436357503,0.219405119793194,0.270865752921812,4387,"CSC"
253,"Male",0.248216344645662,0.221745785441844,0.27468690384948,4387,"CSC"
254,"Male",0.248216344645662,0.221745785441844,0.27468690384948,4387,"CSC"
256,"Male",0.248216344645662,0.221745785441844,0.27468690384948,4387,"CSC"
257,"Male",0.248216344645662,0.221745785441844,0.27468690384948,4387,"CSC"
260,"Male",0.248216344645662,0.221745785441844,0.27468690384948,4387,"CSC"
261,"Male",0.248216344645662,0.221745785441844,0.27468690384948,4387,"CSC"
263,"Male",0.248216344645662,0.221745785441844,0.27468690384948,4387,"CSC"
0,"Female",0,0,0,8774,"CSC"
1,"Female",0.00328348949277568,0.00223190989734154,0.00433506908820981,8774,"CSC"
2,"Female",0.00595293430540396,0.00446076424314794,0.00744510436765997,8774,"CSC"
3,"Female",0.00867065360046576,0.00679790729691387,0.0105433999040176,8774,"CSC"
4,"Female",0.0124724163684917,0.0101205744682049,0.0148242582687785,8774,"CSC"
5,"Female",0.0135148591619176,0.0110310037759616,0.0159987145478736,8774,"CSC"
6,"Female",0.0167775828874645,0.0139369216665646,0.0196182441083644,8774,"CSC"
7,"Female",0.0184676971450056,0.0154686738350919,0.0214667204549193,8774,"CSC"
8,"Female",0.0212725488585653,0.0180091492999101,0.0245359484172205,8774,"CSC"
9,"Female",0.0221802506256203,0.0188223046494466,0.0255381966017939,8774,"CSC"
10,"Female",0.0252231392680474,0.0215724252609087,0.0288738532751862,8774,"CSC"
11,"Female",0.0275419859202051,0.0236564075891139,0.0314275642512962,8774,"CSC"
12,"Female",0.0292316567050141,0.025220786279841,0.0332425271301871,8774,"CSC"
13,"Female",0.0308569409422014,0.0267050948863617,0.0350087869980411,8774,"CSC"
14,"Female",0.0325986581338242,0.0282948699682084,0.03690244629944,8774,"CSC"
15,"Female",0.0348463390929174,0.0303615997653455,0.0393310784204894,8774,"CSC"
16,"Female",0.0368369258595892,0.0321764602522336,0.0414973914669448,8774,"CSC"
17,"Female",0.0390607522478978,0.0341760670070707,0.0439454374887249,8774,"CSC"
18,"Female",0.0413065413221092,0.0362918089605525,0.046321273683666,8774,"CSC"
19,"Female",0.0427487624325853,0.03761815405735,0.0478793708078206,8774,"CSC"
20,"Female",0.0438912035949552,0.0386265807911092,0.0491558263988011,8774,"CSC"
21,"Female",0.0455976648268121,0.0402245656732707,0.0509707639803535,8774,"CSC"
22,"Female",0.0477506018735474,0.0421444959811171,0.0533567077659777,8774,"CSC"
23,"Female",0.0488351837857922,0.0431514488008034,0.0545189187707811,8774,"CSC"
24,"Female",0.0508046640231096,0.0449368063483486,0.0566725216978707,8774,"CSC"
25,"Female",0.0511354946469518,0.0452504353685157,0.057020553925388,8774,"CSC"
26,"Female",0.0519108091291355,0.0459527400906344,0.0578688781676366,8774,"CSC"
27,"Female",0.0533685610668303,0.0472756313715877,0.059461490762073,8774,"CSC"
28,"Female",0.0551623945534002,0.0489014725226964,0.061423316584104,8774,"CSC"
29,"Female",0.0552746640607701,0.0490004135836991,0.0615489145378411,8774,"CSC"
30,"Female",0.0554998898079782,0.049215473537789,0.0617843060781673,8774,"CSC"
31,"Female",0.0573088749621239,0.0509276057546184,0.0636901441696293,8774,"CSC"
32,"Female",0.0592575449603662,0.0527495083564223,0.0657655815643101,8774,"CSC"
33,"Female",0.0604043878773701,0.0538044395335035,0.0670043362212368,8774,"CSC"
34,"Female",0.0619036731809044,0.055179050793743,0.0686282955680658,8774,"CSC"
35,"Female",0.0649026462514702,0.0579468058146789,0.0718584866882614,8774,"CSC"
36,"Female",0.0671990757717471,0.0601134321597665,0.0742847193837278,8774,"CSC"
37,"Female",0.0682342940645068,0.0610815834109122,0.0753870047181014,8774,"CSC"
38,"Female",0.069855168484569,0.062634087718716,0.077076249250422,8774,"CSC"
39,"Female",0.0707891705682853,0.0635030480219696,0.0780752931146011,8774,"CSC"
40,"Female",0.0720980880276028,0.0647350254276202,0.0794611506275854,8774,"CSC"
41,"Female",0.0736766758497419,0.0662338488744825,0.0811195028250014,8774,"CSC"
42,"Female",0.0741650394462489,0.0666971594389955,0.0816329194535023,8774,"CSC"
43,"Female",0.0746547311706908,0.0671696036489208,0.0821398586924609,8774,"CSC"
44,"Female",0.0750231666195967,0.0675252361894377,0.0825210970497557,8774,"CSC"
45,"Female",0.0757636218607662,0.0681927377974066,0.0833345059241259,8774,"CSC"
46,"Female",0.0772565050009317,0.0695920525257543,0.0849209574761091,8774,"CSC"
47,"Female",0.0785073342237957,0.0707738010661191,0.0862408673814722,8774,"CSC"
48,"Female",0.0791381380591748,0.0713951489045037,0.0868811272138458,8774,"CSC"
49,"Female",0.0795205188560823,0.0717652205223014,0.0872758171898632,8774,"CSC"
50,"Female",0.0795205188560823,0.0717652205223014,0.0872758171898632,8774,"CSC"
51,"Female",0.0795205188560823,0.0717652205223014,0.0872758171898632,8774,"CSC"
52,"Female",0.0795205188560823,0.0717652205223014,0.0872758171898632,8774,"CSC"
53,"Female",0.0799107612135448,0.0721453631386526,0.0876761592884371,8774,"CSC"
54,"Female",0.0799107612135448,0.0721453631386526,0.0876761592884371,8774,"CSC"
55,"Female",0.0809791031409311,0.0731615962245291,0.0887966100573331,8774,"CSC"
56,"Female",0.0809791031409311,0.0731615962245291,0.0887966100573331,8774,"CSC"
57,"Female",0.0812512765543571,0.0734252036693652,0.089077349439349,8774,"CSC"
58,"Female",0.0816608961216293,0.0738014152125438,0.0895203770307147,8774,"CSC"
59,"Female",0.0824788831176229,0.0745939836687622,0.0903637825664836,8774,"CSC"
60,"Female",0.0845472986735095,0.0765398701057479,0.092554727241271,8774,"CSC"
61,"Female",0.0855178674104905,0.0774792194430499,0.093556515377931,8774,"CSC"
62,"Female",0.0857980877147097,0.0777299184327924,0.093866256996627,8774,"CSC"
63,"Female",0.086644355880968,0.0785407189824535,0.0947479927794825,8774,"CSC"
64,"Female",0.0875033458758439,0.0793762057141236,0.0956304860375641,8774,"CSC"
65,"Female",0.0880780899327015,0.0798926394680393,0.0962635403973638,8774,"CSC"
66,"Female",0.0885146588780849,0.0803054571422007,0.096723860613969,8774,"CSC"
67,"Female",0.0905703197502982,0.0822252826381945,0.0989153568624019,8774,"CSC"
68,"Female",0.091898840588175,0.0834565246055652,0.100341156570785,8774,"CSC"
69,"Female",0.093815493852271,0.0851839891132839,0.102446998591258,8774,"CSC"
70,"Female",0.093815493852271,0.0851839891132839,0.102446998591258,8774,"CSC"
71,"Female",0.0945536985346088,0.0858780582762677,0.10322933879295,8774,"CSC"
72,"Female",0.0952957998110111,0.0865760787559089,0.104015520866113,8774,"CSC"
73,"Female",0.0958960287539772,0.0871135154795771,0.104678542028377,8774,"CSC"
74,"Female",0.0971004178598342,0.0881841705102628,0.106016665209406,8774,"CSC"
75,"Female",0.097552622462383,0.0886250496989616,0.106480195225804,8774,"CSC"
76,"Female",0.098006617397067,0.0890663694705671,0.106946865323567,8774,"CSC"
77,"Female",0.0996890619733626,0.0906913024636271,0.108686821483098,8774,"CSC"
78,"Female",0.100764191831635,0.0917396107699929,0.109788772893278,8774,"CSC"
79,"Female",0.101844506404954,0.0927323183118715,0.110956694498036,8774,"CSC"
80,"Female",0.103233670671245,0.0940380081879646,0.112429333154524,8774,"CSC"
81,"Female",0.103543008411645,0.0943380381244867,0.112747978698803,8774,"CSC"
82,"Female",0.10447733932435,0.0952093334709592,0.113745345177741,8774,"CSC"
83,"Female",0.105890058902833,0.0964957813029219,0.115284336502745,8774,"CSC"
84,"Female",0.106679182398064,0.0972694674304843,0.116088897365643,8774,"CSC"
85,"Female",0.107310632757323,0.0978338685731224,0.116787396941524,8774,"CSC"
86,"Female",0.107786979646391,0.0982970764950848,0.117276882797697,8774,"CSC"
87,"Female",0.107786979646391,0.0982970764950848,0.117276882797697,8774,"CSC"
88,"Female",0.109394394215331,0.0998340005397141,0.118954787890947,8774,"CSC"
89,"Female",0.110038377991097,0.100448428495795,0.119628327486398,8774,"CSC"
90,"Female",0.110689349432666,0.101082300551151,0.12029639831418,8774,"CSC"
91,"Female",0.111341679710281,0.101717560906461,0.120965798514102,8774,"CSC"
92,"Female",0.111670886472824,0.102042602601785,0.121299170343864,8774,"CSC"
93,"Female",0.112834985677615,0.103086370455751,0.122583600899479,8774,"CSC"
94,"Female",0.112834985677615,0.103086370455751,0.122583600899479,8774,"CSC"
95,"Female",0.113169088179619,0.103411895489953,0.122926280869284,8774,"CSC"
96,"Female",0.113169088179619,0.103411895489953,0.122926280869284,8774,"CSC"
97,"Female",0.113337752721305,0.103576024173213,0.123099481269396,8774,"CSC"
98,"Female",0.114027801704193,0.10425300105872,0.123802602349667,8774,"CSC"
99,"Female",0.115933901937856,0.10603000606455,0.125837797811161,8774,"CSC"
101,"Female",0.116981232129271,0.10699030530132,0.126972158957222,8774,"CSC"
102,"Female",0.117690620236281,0.107681630261631,0.12769961021093,8774,"CSC"
103,"Female",0.119117779170217,0.109000942273836,0.129234616066598,8774,"CSC"
104,"Female",0.119117779170217,0.109000942273836,0.129234616066598,8774,"CSC"
105,"Female",0.119117779170217,0.109000942273836,0.129234616066598,8774,"CSC"
106,"Female",0.120203247057422,0.110076368890327,0.130330125224516,8774,"CSC"
107,"Female",0.121864410691532,0.111598570651753,0.132130250731311,8774,"CSC"
108,"Female",0.122600276660778,0.112309438997986,0.13289111432357,8774,"CSC"
109,"Female",0.123337212439187,0.112984939061238,0.133689485817136,8774,"CSC"
110,"Female",0.125556803058335,0.115034442648467,0.136079163468202,8774,"CSC"
111,"Female",0.125556803058335,0.115034442648467,0.136079163468202,8774,"CSC"
112,"Female",0.127450639040851,0.11680595484506,0.138095323236642,8774,"CSC"
113,"Female",0.131431161116011,0.120600095214849,0.142262227017173,8774,"CSC"
114,"Female",0.13180955786937,0.120940264210611,0.142678851528129,8774,"CSC"
115,"Female",0.132572462808145,0.121685445724345,0.143459479891945,8774,"CSC"
116,"Female",0.132572462808145,0.121685445724345,0.143459479891945,8774,"CSC"
117,"Female",0.132957762517998,0.122061748766371,0.143853776269625,8774,"CSC"
118,"Female",0.134118659508393,0.123168421054512,0.145068897962274,8774,"CSC"
119,"Female",0.134505515799573,0.123516019615161,0.145495011983985,8774,"CSC"
120,"Female",0.135472540110069,0.124417644644494,0.146527435575643,8774,"CSC"
121,"Female",0.135860146307276,0.124796066870694,0.146924225743858,8774,"CSC"
122,"Female",0.136248868069815,0.12518341404704,0.147314322092591,8774,"CSC"
123,"Female",0.136640623721507,0.125535560903187,0.147745686539828,8774,"CSC"
125,"Female",0.13683840547348,0.125734674610858,0.147942136336102,8774,"CSC"
126,"Female",0.137038593436307,0.125929519388396,0.148147667484218,8774,"CSC"
127,"Female",0.137239768207222,0.126111141555028,0.148368394859415,8774,"CSC"
128,"Female",0.137847309889405,0.126702666691733,0.148991953087077,8774,"CSC"
129,"Female",0.137847309889405,0.126702666691733,0.148991953087077,8774,"CSC"
130,"Female",0.137847309889405,0.126702666691733,0.148991953087077,8774,"CSC"
131,"Female",0.137847309889405,0.126702666691733,0.148991953087077,8774,"CSC"
132,"Female",0.139299909133514,0.128125251037471,0.150474567229558,8774,"CSC"
133,"Female",0.139716398855081,0.128508068677944,0.150924729032219,8774,"CSC"
134,"Female",0.140559263148833,0.12926073413462,0.151857792163046,8774,"CSC"
135,"Female",0.1418307267792,0.130407850291742,0.153253603266657,8774,"CSC"
136,"Female",0.142043580203318,0.130615825039434,0.153471335367202,8774,"CSC"
138,"Female",0.143118266568655,0.131580241651496,0.154656291485815,8774,"CSC"
139,"Female",0.143557032449139,0.132004324074691,0.155109740823587,8774,"CSC"
140,"Female",0.145388687092662,0.133780938917087,0.156996435268236,8774,"CSC"
141,"Female",0.145388687092662,0.133780938917087,0.156996435268236,8774,"CSC"
143,"Female",0.146098928630998,0.134501746662627,0.157696110599369,8774,"CSC"
144,"Female",0.148050238641451,0.136360152372004,0.159740324910898,8774,"CSC"
145,"Female",0.149045513751421,0.137346379934865,0.160744647567977,8774,"CSC"
146,"Female",0.149045513751421,0.137346379934865,0.160744647567977,8774,"CSC"
147,"Female",0.149045513751421,0.137346379934865,0.160744647567977,8774,"CSC"
149,"Female",0.150616877746974,0.138905720351516,0.162328035142431,8774,"CSC"
150,"Female",0.150616877746974,0.138905720351516,0.162328035142431,8774,"CSC"
151,"Female",0.154160685365548,0.142138680312288,0.166182690418808,8774,"CSC"
152,"Female",0.1555334222029,0.143471976476,0.1675948679298,8774,"CSC"
153,"Female",0.156082205006634,0.144005463444973,0.168158946568294,8774,"CSC"
154,"Female",0.157207376155804,0.145111081120489,0.169303671191119,8774,"CSC"
155,"Female",0.157776110170772,0.14561946739459,0.169932752946954,8774,"CSC"
156,"Female",0.158924658074043,0.146737887733336,0.17111142841475,8774,"CSC"
157,"Female",0.158924658074043,0.146737887733336,0.17111142841475,8774,"CSC"
158,"Female",0.160103373230063,0.147851775928378,0.172354970531748,8774,"CSC"
160,"Female",0.160103373230063,0.147851775928378,0.172354970531748,8774,"CSC"
161,"Female",0.160103373230063,0.147851775928378,0.172354970531748,8774,"CSC"
162,"Female",0.160721039844949,0.148408116777684,0.173033962912214,8774,"CSC"
163,"Female",0.160721039844949,0.148408116777684,0.173033962912214,8774,"CSC"
164,"Female",0.161351623916252,0.148968756465108,0.173734491367396,8774,"CSC"
168,"Female",0.161351623916252,0.148968756465108,0.173734491367396,8774,"CSC"
169,"Female",0.161351623916252,0.148968756465108,0.173734491367396,8774,"CSC"
170,"Female",0.164498141052489,0.152023159763993,0.176973122340984,8774,"CSC"
171,"Female",0.164498141052489,0.152023159763993,0.176973122340984,8774,"CSC"
174,"Female",0.164498141052489,0.152023159763993,0.176973122340984,8774,"CSC"
175,"Female",0.164498141052489,0.152023159763993,0.176973122340984,8774,"CSC"
176,"Female",0.16486059834492,0.15237230877878,0.177348887911059,8774,"CSC"
178,"Female",0.16486059834492,0.15237230877878,0.177348887911059,8774,"CSC"
180,"Female",0.16486059834492,0.15237230877878,0.177348887911059,8774,"CSC"
183,"Female",0.166103376441757,0.153559588990271,0.178647163893244,8774,"CSC"
184,"Female",0.166103376441757,0.153559588990271,0.178647163893244,8774,"CSC"
187,"Female",0.167397094748785,0.154702933040364,0.180091256457206,8774,"CSC"
188,"Female",0.167829361534612,0.155118306259851,0.180540416809373,8774,"CSC"
189,"Female",0.167829361534612,0.155118306259851,0.180540416809373,8774,"CSC"
190,"Female",0.167829361534612,0.155118306259851,0.180540416809373,8774,"CSC"
191,"Female",0.168305636473385,0.155567932773043,0.181043340173728,8774,"CSC"
193,"Female",0.168305636473385,0.155567932773043,0.181043340173728,8774,"CSC"
194,"Female",0.170799654786217,0.157837328109298,0.183761981463136,8774,"CSC"
195,"Female",0.172823037464378,0.159777577731221,0.185868497197536,8774,"CSC"
196,"Female",0.172823037464378,0.159777577731221,0.185868497197536,8774,"CSC"
197,"Female",0.172823037464378,0.159777577731221,0.185868497197536,8774,"CSC"
198,"Female",0.172823037464378,0.159777577731221,0.185868497197536,8774,"CSC"
199,"Female",0.172823037464378,0.159777577731221,0.185868497197536,8774,"CSC"
200,"Female",0.172823037464378,0.159777577731221,0.185868497197536,8774,"CSC"
202,"Female",0.173362520353809,0.160290966270257,0.186434074437361,8774,"CSC"
203,"Female",0.173362520353809,0.160290966270257,0.186434074437361,8774,"CSC"
204,"Female",0.173362520353809,0.160290966270257,0.186434074437361,8774,"CSC"
205,"Female",0.173362520353809,0.160290966270257,0.186434074437361,8774,"CSC"
206,"Female",0.174479197216724,0.161260904946554,0.187697489486894,8774,"CSC"
207,"Female",0.174479197216724,0.161260904946554,0.187697489486894,8774,"CSC"
208,"Female",0.174479197216724,0.161260904946554,0.187697489486894,8774,"CSC"
210,"Female",0.17564829234374,0.162274820699992,0.189021763987488,8774,"CSC"
211,"Female",0.17564829234374,0.162274820699992,0.189021763987488,8774,"CSC"
212,"Female",0.17564829234374,0.162274820699992,0.189021763987488,8774,"CSC"
213,"Female",0.17564829234374,0.162274820699992,0.189021763987488,8774,"CSC"
216,"Female",0.17564829234374,0.162274820699992,0.189021763987488,8774,"CSC"
219,"Female",0.17564829234374,0.162274820699992,0.189021763987488,8774,"CSC"
220,"Female",0.17564829234374,0.162274820699992,0.189021763987488,8774,"CSC"
221,"Female",0.17564829234374,0.162274820699992,0.189021763987488,8774,"CSC"
223,"Female",0.17564829234374,0.162274820699992,0.189021763987488,8774,"CSC"
226,"Female",0.17564829234374,0.162274820699992,0.189021763987488,8774,"CSC"
227,"Female",0.17564829234374,0.162274820699992,0.189021763987488,8774,"CSC"
229,"Female",0.17564829234374,0.162274820699992,0.189021763987488,8774,"CSC"
230,"Female",0.17564829234374,0.162274820699992,0.189021763987488,8774,"CSC"
231,"Female",0.17564829234374,0.162274820699992,0.189021763987488,8774,"CSC"
234,"Female",0.178341629356208,0.164707700962142,0.191975557750274,8774,"CSC"
243,"Female",0.178341629356208,0.164707700962142,0.191975557750274,8774,"CSC"
245,"Female",0.178341629356208,0.164707700962142,0.191975557750274,8774,"CSC"
246,"Female",0.179455522784602,0.165683355698405,0.193227689870799,8774,"CSC"
247,"Female",0.179455522784602,0.165683355698405,0.193227689870799,8774,"CSC"
248,"Female",0.179455522784602,0.165683355698405,0.193227689870799,8774,"CSC"
249,"Female",0.179455522784602,0.165683355698405,0.193227689870799,8774,"CSC"
250,"Female",0.184086661853622,0.169717363087932,0.198455960619311,8774,"CSC"
251,"Female",0.184086661853622,0.169717363087932,0.198455960619311,8774,"CSC"
253,"Female",0.187906249468521,0.172717215785982,0.20309528315106,8774,"CSC"
254,"Female",0.187906249468521,0.172717215785982,0.20309528315106,8774,"CSC"
256,"Female",0.187906249468521,0.172717215785982,0.20309528315106,8774,"CSC"
260,"Female",0.187906249468521,0.172717215785982,0.20309528315106,8774,"CSC"
261,"Female",0.187906249468521,0.172717215785982,0.20309528315106,8774,"CSC"
263,"Female",0.187906249468521,0.172717215785982,0.20309528315106,8774,"CSC"
0,"Male",0,0,0,8774,"CSC"
1,"Male",0.005853965163646,0.00407068233087813,0.00763724799641386,8774,"CSC"
2,"Male",0.010553245845576,0.00816597457512551,0.0129405171160264,8774,"CSC"
3,"Male",0.0152875962738728,0.0124177147601268,0.0181574777876187,8774,"CSC"
4,"Male",0.0218444565929964,0.0184060652023885,0.0252828479836044,8774,"CSC"
5,"Male",0.0236167225702528,0.0200416702586965,0.0271917748818091,8774,"CSC"
6,"Male",0.0291391174709563,0.0251280755451779,0.0331501593967346,8774,"CSC"
7,"Male",0.0319639614771111,0.027751672344683,0.0361762506095392,8774,"CSC"
8,"Male",0.0366223389734003,0.0320965189128326,0.0411481590339681,8774,"CSC"
9,"Male",0.0381153922401207,0.0334920033770169,0.0427387811032246,8774,"CSC"
10,"Male",0.0431040974812516,0.0381557825700292,0.0480524123924739,8774,"CSC"
11,"Male",0.0468685150664758,0.0417343350547644,0.0520026950781873,8774,"CSC"
12,"Male",0.0495897082738092,0.0442699399647885,0.0549094765828299,8774,"CSC"
13,"Male",0.0521924708516892,0.0467568526062392,0.0576280890971392,8774,"CSC"
14,"Male",0.0549667614785353,0.0493652583202806,0.06056826463679,8774,"CSC"
15,"Male",0.0585276705159388,0.0527173777794799,0.0643379632523978,8774,"CSC"
16,"Male",0.0616575911322244,0.0557239540489123,0.0675912282155364,8774,"CSC"
17,"Male",0.0651335575418898,0.05905424774223,0.0712128673415495,8774,"CSC"
18,"Male",0.0686208323521555,0.0623324611514766,0.0749092035528343,8774,"CSC"
19,"Male",0.0708461794730275,0.064476362726917,0.077215996219138,8774,"CSC"
20,"Male",0.072601435519601,0.0661802363046002,0.0790226347346018,8774,"CSC"
21,"Male",0.0752145430799065,0.0686661793340418,0.0817629068257712,8774,"CSC"
22,"Male",0.0784946547137397,0.0718310233810633,0.085158286046416,8774,"CSC"
23,"Male",0.0801374650061553,0.0733726029465428,0.0869023270657679,8774,"CSC"
24,"Male",0.0831122124287986,0.0762527471077525,0.0899716777498446,8774,"CSC"
25,"Male",0.0836093895274568,0.0767128949295853,0.0905058841253283,8774,"CSC"
26,"Male",0.0847735129074906,0.0778195382499442,0.0917274875650369,8774,"CSC"
27,"Male",0.0869578375878399,0.0798932812558184,0.0940223939198614,8774,"CSC"
28,"Male",0.0896359716528904,0.0824775427715538,0.096794400534227,8774,"CSC"
29,"Male",0.0898028772923,0.0826395063325746,0.0969662482520253,8774,"CSC"
30,"Male",0.0901376064575871,0.0829572380862447,0.0973179748289296,8774,"CSC"
31,"Male",0.0928242418482511,0.0854328465326645,0.100215637163838,8774,"CSC"
32,"Male",0.0957056167914784,0.088163106451504,0.103248127131453,8774,"CSC"
33,"Male",0.0973935844087955,0.0897573972648154,0.105029771552776,8774,"CSC"
34,"Male",0.0995944303828756,0.0918596829764153,0.107329177789336,8774,"CSC"
35,"Male",0.103982075191046,0.0960081043992482,0.111956045982844,8774,"CSC"
36,"Male",0.10731957632329,0.0991927663036105,0.115446386342969,8774,"CSC"
37,"Male",0.108816982293596,0.100613708578717,0.117020256008474,8774,"CSC"
38,"Male",0.111156635261575,0.102816134701787,0.119497135821363,8774,"CSC"
39,"Male",0.112500652372238,0.104093106060425,0.120908198684051,8774,"CSC"
40,"Male",0.114380331502278,0.105912204146879,0.122848458857676,8774,"CSC"
41,"Male",0.116641570711427,0.108143232355128,0.125139909067726,8774,"CSC"
42,"Male",0.117339006258686,0.108802918538254,0.125875093979118,8774,"CSC"
43,"Male",0.118037652633832,0.109444382443947,0.126630922823718,8774,"CSC"
44,"Male",0.118562838676125,0.109926360237488,0.127199317114763,8774,"CSC"
45,"Male",0.119617598881165,0.110937785374152,0.128297412388177,8774,"CSC"
46,"Male",0.12174113369316,0.113005476687942,0.130476790698377,8774,"CSC"
47,"Male",0.123515577568536,0.114668927602566,0.132362227534506,8774,"CSC"
48,"Male",0.124408512836394,0.115546047480674,0.133270978192115,8774,"CSC"
49,"Male",0.124949193088539,0.116042336505558,0.133856049671521,8774,"CSC"
50,"Male",0.124949193088539,0.116042336505558,0.133856049671521,8774,"CSC"
51,"Male",0.124949193088539,0.116042336505558,0.133856049671521,8774,"CSC"
52,"Male",0.124949193088539,0.116042336505558,0.133856049671521,8774,"CSC"
53,"Male",0.125500563052807,0.116579541477356,0.134421584628259,8774,"CSC"
54,"Male",0.125500563052807,0.116579541477356,0.134421584628259,8774,"CSC"
55,"Male",0.127008807563951,0.118007375072197,0.136010240055705,8774,"CSC"
56,"Male",0.127008807563951,0.118007375072197,0.136010240055705,8774,"CSC"
57,"Male",0.12739230701286,0.118360083142786,0.136424530882934,8774,"CSC"
58,"Male",0.127969227108998,0.118909167111596,0.137029287106401,8774,"CSC"
59,"Male",0.129120372004261,0.11996540087723,0.138275343131292,8774,"CSC"
60,"Male",0.132027515924169,0.122782267733547,0.141272764114791,8774,"CSC"
61,"Male",0.133387235225943,0.12403484062809,0.142739629823797,8774,"CSC"
62,"Male",0.133779205361465,0.124416231037766,0.143142179685164,8774,"CSC"
63,"Male",0.134962457398223,0.125506889159726,0.144418025636721,8774,"CSC"
64,"Male",0.136162072130982,0.126626078955528,0.145698065306436,8774,"CSC"
65,"Male",0.136963787741939,0.127424833563196,0.146502741920682,8774,"CSC"
66,"Male",0.137572276865342,0.12799103793875,0.147153515791933,8774,"CSC"
67,"Male",0.140435717412546,0.130764563134916,0.150106871690176,8774,"CSC"
68,"Male",0.142281068005678,0.132507016749884,0.152055119261472,8774,"CSC"
69,"Male",0.144938853639372,0.135090443484837,0.154787263793907,8774,"CSC"
70,"Male",0.144938853639372,0.135090443484837,0.154787263793907,8774,"CSC"
71,"Male",0.145960026269054,0.136047481415862,0.155872571122247,8774,"CSC"
72,"Male",0.146985665516526,0.13701942458259,0.156951906450462,8774,"CSC"
73,"Male",0.14781447868404,0.137828051063629,0.157800906304452,8774,"CSC"
74,"Male",0.149476253576099,0.139470245529411,0.159482261622787,8774,"CSC"
75,"Male",0.15009931235803,0.140038031272655,0.160160593443405,8774,"CSC"
76,"Male",0.150724502744963,0.140612281177152,0.160836724312774,8774,"CSC"
77,"Male",0.153040020669092,0.142743379819417,0.163336661518767,8774,"CSC"
78,"Male",0.154516997652555,0.144112443365353,0.164921551939758,8774,"CSC"
79,"Male",0.155999353128462,0.145529289873408,0.166469416383515,8774,"CSC"
80,"Male",0.157903275113565,0.147320140278149,0.168486409948982,8774,"CSC"
81,"Male",0.158326656964403,0.147712064150422,0.168941249778383,8774,"CSC"
82,"Male",0.159605064125646,0.148936965326645,0.170273162924647,8774,"CSC"
83,"Male",0.16153624996308,0.15078387171236,0.1722886282138,8774,"CSC"
84,"Male",0.162613544282845,0.151754143582064,0.173472944983627,8774,"CSC"
85,"Male",0.163474914790747,0.152622530422259,0.174327299159236,8774,"CSC"
86,"Male",0.164124280977756,0.153211826199187,0.175036735756325,8774,"CSC"
87,"Male",0.164124280977756,0.153211826199187,0.175036735756325,8774,"CSC"
88,"Male",0.166314388134389,0.155305509093472,0.177323267175305,8774,"CSC"
89,"Male",0.167190680623331,0.156117685970977,0.178263675275685,8774,"CSC"
90,"Male",0.168076044968253,0.156922011807501,0.179230078129005,8774,"CSC"
91,"Male",0.16896278229736,0.15772862110288,0.180196943491841,8774,"CSC"
92,"Male",0.169410020378261,0.158166918615734,0.180653122140787,8774,"CSC"
93,"Male",0.170990943531901,0.159696867745143,0.182285019318658,8774,"CSC"
94,"Male",0.170990943531901,0.159696867745143,0.182285019318658,8774,"CSC"
95,"Male",0.171444127041635,0.160105676885902,0.182782577197367,8774,"CSC"
96,"Male",0.171444127041635,0.160105676885902,0.182782577197367,8774,"CSC"
97,"Male",0.171672793385342,0.160313272326185,0.1830323144445,8774,"CSC"
98,"Male",0.172608024053993,0.161184451141083,0.184031596966904,8774,"CSC"
99,"Male",0.175190130323361,0.163613371584566,0.186766889062156,8774,"CSC"
101,"Male",0.17660694838553,0.164964670011562,0.188249226759498,8774,"CSC"
102,"Male",0.17756581551342,0.165831644823777,0.189299986203062,8774,"CSC"
103,"Male",0.179493493082726,0.167676821634362,0.19131016453109,8774,"CSC"
104,"Male",0.179493493082726,0.167676821634362,0.19131016453109,8774,"CSC"
105,"Male",0.179493493082726,0.167676821634362,0.19131016453109,8774,"CSC"
106,"Male",0.180957686478159,0.169111802470227,0.192803570486091,8774,"CSC"
107,"Male",0.183196968104413,0.171228008447105,0.19516592776172,8774,"CSC"
108,"Male",0.18418790385867,0.172126514500898,0.196249293216441,8774,"CSC"
109,"Male",0.18517982171794,0.173068061762452,0.197291581673428,8774,"CSC"
110,"Male",0.188166249117543,0.175882911711811,0.200449586523274,8774,"CSC"
111,"Male",0.188166249117543,0.175882911711811,0.200449586523274,8774,"CSC"
112,"Male",0.190710805222428,0.178262992115377,0.203158618329479,8774,"CSC"
113,"Male",0.196054339078397,0.183192041451598,0.208916636705196,8774,"CSC"
114,"Male",0.196561453991206,0.183681166283892,0.20944174169852,8774,"CSC"
115,"Male",0.197583637932137,0.184604039199018,0.210563236665255,8774,"CSC"
116,"Male",0.197583637932137,0.184604039199018,0.210563236665255,8774,"CSC"
117,"Male",0.198099505567217,0.185068787472788,0.211130223661647,8774,"CSC"
118,"Male",0.199653429512622,0.186491673740589,0.212815185284655,8774,"CSC"
119,"Male",0.200171059396771,0.186989140289609,0.213352978503933,8774,"CSC"
120,"Male",0.201464836850213,0.188197400795949,0.214732272904477,8774,"CSC"
121,"Male",0.201983175870541,0.188664532404732,0.215301819336351,8774,"CSC"
122,"Male",0.202502852700797,0.189170864367245,0.21583484103435,8774,"CSC"
123,"Male",0.203026480942091,0.189673134839605,0.216379827044577,8774,"CSC"
125,"Male",0.203290751323351,0.189935114219292,0.21664638842741,8774,"CSC"
126,"Male",0.203558186804183,0.190176174521398,0.216940199086968,8774,"CSC"
127,"Male",0.203826870925545,0.19044431762056,0.21720942423053,8774,"CSC"
128,"Male",0.204638162026037,0.191173771967204,0.21810255208487,8774,"CSC"
129,"Male",0.204638162026037,0.191173771967204,0.21810255208487,8774,"CSC"
130,"Male",0.204638162026037,0.191173771967204,0.21810255208487,8774,"CSC"
131,"Male",0.204638162026037,0.191173771967204,0.21810255208487,8774,"CSC"
132,"Male",0.206576412804938,0.192965118799817,0.220187706810059,8774,"CSC"
133,"Male",0.207131939660604,0.193529480471531,0.220734398849678,8774,"CSC"
134,"Male",0.208255893097488,0.194610819664411,0.221900966530566,8774,"CSC"
135,"Male",0.209950915252009,0.196302545113268,0.22359928539075,8774,"CSC"
136,"Male",0.210234526783146,0.196551876091411,0.223917177474881,8774,"CSC"
138,"Male",0.211665690651115,0.197912516462408,0.225418864839821,8774,"CSC"
139,"Male",0.212249863556876,0.198437384855398,0.226062342258354,8774,"CSC"
140,"Male",0.214688318596508,0.200618456970564,0.228758180222452,8774,"CSC"
141,"Male",0.214688318596508,0.200618456970564,0.228758180222452,8774,"CSC"
143,"Male",0.21563338898418,0.201574734716548,0.229692043251811,8774,"CSC"
144,"Male",0.218228439521511,0.204115535384709,0.232341343658312,8774,"CSC"
145,"Male",0.219551497281731,0.205399109205304,0.233703885358158,8774,"CSC"
146,"Male",0.219551497281731,0.205399109205304,0.233703885358158,8774,"CSC"
147,"Male",0.219551497281731,0.205399109205304,0.233703885358158,8774,"CSC"
149,"Male",0.221638882388708,0.207512364685977,0.235765400091439,8774,"CSC"
150,"Male",0.221638882388708,0.207512364685977,0.235765400091439,8774,"CSC"
151,"Male",0.226344079881123,0.211936107852985,0.240752051909262,8774,"CSC"
152,"Male",0.228164668856782,0.2135631573886,0.242766180324965,8774,"CSC"
153,"Male",0.228892255141639,0.214213045881398,0.24357146440188,8774,"CSC"
154,"Male",0.230383763753504,0.215682278131862,0.245085249375145,8774,"CSC"
155,"Male",0.231137347993198,0.216400715501991,0.245873980484404,8774,"CSC"
156,"Male",0.23265902558038,0.217792585294204,0.247525465866555,8774,"CSC"
157,"Male",0.23265902558038,0.217792585294204,0.247525465866555,8774,"CSC"
158,"Male",0.234218807384411,0.219211168163787,0.249226446605035,8774,"CSC"
160,"Male",0.234218807384411,0.219211168163787,0.249226446605035,8774,"CSC"
161,"Male",0.234218807384411,0.219211168163787,0.249226446605035,8774,"CSC"
162,"Male",0.235035254750124,0.219974593763383,0.250095915736865,8774,"CSC"
163,"Male",0.235035254750124,0.219974593763383,0.250095915736865,8774,"CSC"
164,"Male",0.235867877871233,0.22076686169523,0.250968894047236,8774,"CSC"
168,"Male",0.235867877871233,0.22076686169523,0.250968894047236,8774,"CSC"
169,"Male",0.235867877871233,0.22076686169523,0.250968894047236,8774,"CSC"
170,"Male",0.240019772324167,0.224460629340569,0.255578915307765,8774,"CSC"
171,"Male",0.240019772324167,0.224460629340569,0.255578915307765,8774,"CSC"
174,"Male",0.240019772324167,0.224460629340569,0.255578915307765,8774,"CSC"
175,"Male",0.240019772324167,0.224460629340569,0.255578915307765,8774,"CSC"
176,"Male",0.240497359622695,0.224887122615478,0.256107596629912,8774,"CSC"
178,"Male",0.240497359622695,0.224887122615478,0.256107596629912,8774,"CSC"
180,"Male",0.240497359622695,0.224887122615478,0.256107596629912,8774,"CSC"
183,"Male",0.242133100852338,0.226397758658268,0.257868443046408,8774,"CSC"
184,"Male",0.242133100852338,0.226397758658268,0.257868443046408,8774,"CSC"
187,"Male",0.243834627385977,0.22799792262028,0.259671332151673,8774,"CSC"
188,"Male",0.244403076864387,0.228498604179558,0.260307549549217,8774,"CSC"
189,"Male",0.244403076864387,0.228498604179558,0.260307549549217,8774,"CSC"
190,"Male",0.244403076864387,0.228498604179558,0.260307549549217,8774,"CSC"
191,"Male",0.245028819992102,0.229047526491734,0.261010113492471,8774,"CSC"
193,"Male",0.245028819992102,0.229047526491734,0.261010113492471,8774,"CSC"
194,"Male",0.248303871249481,0.232039327243012,0.264568415255951,8774,"CSC"
195,"Male",0.250960169167885,0.234371516403888,0.267548821931882,8774,"CSC"
196,"Male",0.250960169167885,0.234371516403888,0.267548821931882,8774,"CSC"
197,"Male",0.250960169167885,0.234371516403888,0.267548821931882,8774,"CSC"
198,"Male",0.250960169167885,0.234371516403888,0.267548821931882,8774,"CSC"
199,"Male",0.250960169167885,0.234371516403888,0.267548821931882,8774,"CSC"
200,"Male",0.250960169167885,0.234371516403888,0.267548821931882,8774,"CSC"
202,"Male",0.251666373364316,0.234989296640635,0.268343450087996,8774,"CSC"
203,"Male",0.251666373364316,0.234989296640635,0.268343450087996,8774,"CSC"
204,"Male",0.251666373364316,0.234989296640635,0.268343450087996,8774,"CSC"
205,"Male",0.251666373364316,0.234989296640635,0.268343450087996,8774,"CSC"
206,"Male",0.253124207501076,0.236339708970802,0.26990870603135,8774,"CSC"
207,"Male",0.253124207501076,0.236339708970802,0.26990870603135,8774,"CSC"
208,"Male",0.253124207501076,0.236339708970802,0.26990870603135,8774,"CSC"
210,"Male",0.254649200145661,0.237745465976349,0.271552934314973,8774,"CSC"
211,"Male",0.254649200145661,0.237745465976349,0.271552934314973,8774,"CSC"
212,"Male",0.254649200145661,0.237745465976349,0.271552934314973,8774,"CSC"
213,"Male",0.254649200145661,0.237745465976349,0.271552934314973,8774,"CSC"
216,"Male",0.254649200145661,0.237745465976349,0.271552934314973,8774,"CSC"
219,"Male",0.254649200145661,0.237745465976349,0.271552934314973,8774,"CSC"
220,"Male",0.254649200145661,0.237745465976349,0.271552934314973,8774,"CSC"
221,"Male",0.254649200145661,0.237745465976349,0.271552934314973,8774,"CSC"
223,"Male",0.254649200145661,0.237745465976349,0.271552934314973,8774,"CSC"
226,"Male",0.254649200145661,0.237745465976349,0.271552934314973,8774,"CSC"
227,"Male",0.254649200145661,0.237745465976349,0.271552934314973,8774,"CSC"
229,"Male",0.254649200145661,0.237745465976349,0.271552934314973,8774,"CSC"
230,"Male",0.254649200145661,0.237745465976349,0.271552934314973,8774,"CSC"
231,"Male",0.254649200145661,0.237745465976349,0.271552934314973,8774,"CSC"
234,"Male",0.258136509321885,0.240622599488947,0.275650419154823,8774,"CSC"
243,"Male",0.258136509321885,0.240622599488947,0.275650419154823,8774,"CSC"
245,"Male",0.258136509321885,0.240622599488947,0.275650419154823,8774,"CSC"
246,"Male",0.259574504804065,0.241763718118353,0.277385291489778,8774,"CSC"
247,"Male",0.259574504804065,0.241763718118353,0.277385291489778,8774,"CSC"
248,"Male",0.259574504804065,0.241763718118353,0.277385291489778,8774,"CSC"
249,"Male",0.259574504804065,0.241763718118353,0.277385291489778,8774,"CSC"
250,"Male",0.265526523284775,0.246496963420342,0.284556083149208,8774,"CSC"
251,"Male",0.265526523284775,0.246496963420342,0.284556083149208,8774,"CSC"
253,"Male",0.270425117911776,0.250641196605197,0.290209039218355,8774,"CSC"
254,"Male",0.270425117911776,0.250641196605197,0.290209039218355,8774,"CSC"
256,"Male",0.270425117911776,0.250641196605197,0.290209039218355,8774,"CSC"
260,"Male",0.270425117911776,0.250641196605197,0.290209039218355,8774,"CSC"
261,"Male",0.270425117911776,0.250641196605197,0.290209039218355,8774,"CSC"
263,"Male",0.270425117911776,0.250641196605197,0.290209039218355,8774,"CSC"
0,"Female",0,0,0,8774,"FGR"
1,"Female",0.00320370188674052,0.00257177985275877,0.00465124743928309,8774,"FGR"
2,"Female",0.00581516554766542,0.00496082819086307,0.00776059049228537,8774,"FGR"
3,"Female",0.00847039737581001,0.00719441254696451,0.0103633935420097,8774,"FGR"
4,"Female",0.0121732146022014,0.0106785577651948,0.014409850099836,8774,"FGR"
5,"Female",0.0132072280726125,0.0117067831062211,0.015446562920036,8774,"FGR"
6,"Female",0.0164027966531824,0.0146812741641935,0.0186145634949369,8774,"FGR"
7,"Female",0.0180644741497459,0.016239873314389,0.0207528608494172,8774,"FGR"
8,"Female",0.0208019639802744,0.0181553117505034,0.0241982319500987,8774,"FGR"
9,"Female",0.0216996020913132,0.0189027038782348,0.0251941408051978,8774,"FGR"
10,"Female",0.0246753964891214,0.0211819397518701,0.028347659321261,8774,"FGR"
11,"Female",0.0269470287453205,0.0229546964700398,0.0305133889831911,8774,"FGR"
12,"Female",0.0286131754380122,0.0247805454792426,0.0327305109812378,8774,"FGR"
13,"Female",0.0302116323428721,0.0258192872715891,0.0344400265409635,8774,"FGR"
14,"Female",0.0319339869134881,0.0275326251648697,0.0365017182874885,8774,"FGR"
15,"Female",0.0341448082390279,0.0297929183000672,0.0388427419780745,8774,"FGR"
16,"Female",0.0360987898961292,0.0316938278702796,0.04100498991446,8774,"FGR"
17,"Female",0.0382865355871819,0.0337542857269271,0.0431291590977293,8774,"FGR"
18,"Female",0.0404914499355066,0.0359536077188371,0.0452743131613127,8774,"FGR"
19,"Female",0.0419118848127196,0.0369093023563503,0.0468055988351863,8774,"FGR"
20,"Female",0.0430414967907858,0.0379089394828803,0.048082809795892,8774,"FGR"
21,"Female",0.0447196342097002,0.0395219587984265,0.049924158795022,8774,"FGR"
22,"Female",0.0468422472369775,0.0413381189776035,0.0524816230487181,8774,"FGR"
23,"Female",0.0479178345166803,0.0421225872801551,0.0535663991038204,8774,"FGR"
24,"Female",0.0498594303270765,0.044060382735377,0.0559900415005772,8774,"FGR"
25,"Female",0.0501885598817437,0.0445984746091948,0.056215616410886,8774,"FGR"
26,"Female",0.050959712790035,0.0454538410378346,0.0570931163334523,8774,"FGR"
27,"Female",0.0524043753393239,0.0466459995856217,0.0581337393222491,8774,"FGR"
28,"Female",0.0541790851754971,0.0487162486677139,0.060724723275957,8774,"FGR"
29,"Female",0.0542910052572238,0.0487438210387226,0.060899974472161,8774,"FGR"
30,"Female",0.0545155372859038,0.0493044996882058,0.0610758466554313,8774,"FGR"
31,"Female",0.0563145888023613,0.0510006102108597,0.0627815252134444,8774,"FGR"
32,"Female",0.0582415315930895,0.0532438557766486,0.0650223458849608,8774,"FGR"
33,"Female",0.0593827565324763,0.0542896049102498,0.0659614566008313,8774,"FGR"
34,"Female",0.0608670699653645,0.0556088521272148,0.0673485535673447,8774,"FGR"
35,"Female",0.0638327903283441,0.0584806427384802,0.0704246032978368,8774,"FGR"
36,"Female",0.0661092237380658,0.0605434064103659,0.0731015515644328,8774,"FGR"
37,"Female",0.0671443451918731,0.0612205860636734,0.074324354297459,8774,"FGR"
38,"Female",0.0687600770955136,0.0624474751430417,0.0761037766221343,8774,"FGR"
39,"Female",0.0696951150317346,0.0629928609436008,0.0765869280595399,8774,"FGR"
40,"Female",0.0709916601276745,0.0645478813092922,0.0777305448181479,8774,"FGR"
41,"Female",0.0725382458586976,0.0657639798573927,0.0798932566633192,8774,"FGR"
42,"Female",0.0730215292930681,0.0666421698044273,0.0803167639444937,8774,"FGR"
43,"Female",0.0735064308111316,0.0669556061686597,0.0805738183414235,8774,"FGR"
44,"Female",0.0738716408156926,0.0676264866802121,0.0810441840849156,8774,"FGR"
45,"Female",0.0746024194247599,0.0681385556282429,0.0819155167107506,8774,"FGR"
46,"Female",0.0760640047260956,0.0695713009865872,0.083689103898364,8774,"FGR"
47,"Female",0.0772945686971986,0.0707068316403259,0.0847542776417093,8774,"FGR"
48,"Female",0.0779142482683778,0.0712438732897232,0.0858057195028197,8774,"FGR"
49,"Female",0.0782905138147242,0.0717869834324207,0.0860608614523668,8774,"FGR"
50,"Female",0.0782905138147242,0.0717869834324207,0.0860608614523668,8774,"FGR"
51,"Female",0.0782905138147242,0.0717869834324207,0.0860608614523668,8774,"FGR"
52,"Female",0.0782905138147242,0.0717869834324207,0.0860608614523668,8774,"FGR"
53,"Female",0.0786735259924205,0.0720922866633679,0.0863874196597185,8774,"FGR"
54,"Female",0.0786735259924205,0.0720922866633679,0.0863874196597185,8774,"FGR"
55,"Female",0.0797074837339713,0.072963501365177,0.0879697851260962,8774,"FGR"
56,"Female",0.0797074837339713,0.072963501365177,0.0879697851260962,8774,"FGR"
57,"Female",0.0799694041399263,0.0733187511138849,0.0884222141307666,8774,"FGR"
58,"Female",0.0803636213256244,0.0735404820121654,0.0887597230581813,8774,"FGR"
59,"Female",0.0811521276386836,0.0747730727506966,0.0897513335562224,8774,"FGR"
60,"Female",0.0831280155122034,0.0771725238701106,0.0920717888915159,8774,"FGR"
61,"Female",0.0840629696890538,0.0776322984273557,0.092832881390372,8774,"FGR"
62,"Female",0.0843321254575067,0.0778487454259073,0.0933043306145942,8774,"FGR"
63,"Female",0.0851439124332424,0.0785341916515765,0.093983582238156,8774,"FGR"
64,"Female",0.0859643343600527,0.0795497508688297,0.0949268663101688,8774,"FGR"
65,"Female",0.0865140333031859,0.0799636764237933,0.0952581201933678,8774,"FGR"
66,"Female",0.0869313760746045,0.0800553815539177,0.0954813617717446,8774,"FGR"
67,"Female",0.0888790768871546,0.0819142592942461,0.0975174117371752,8774,"FGR"
68,"Female",0.0901461346754268,0.082921163228969,0.0986432326134056,8774,"FGR"
69,"Female",0.0919729431177674,0.085006808275266,0.100486299502206,8774,"FGR"
70,"Female",0.0919729431177674,0.085006808275266,0.100486299502206,8774,"FGR"
71,"Female",0.0926827312017256,0.0855145955221651,0.101888620976438,8774,"FGR"
72,"Female",0.0933967470736755,0.086319711183973,0.102625124995974,8774,"FGR"
73,"Female",0.0939734745115006,0.0865201587265997,0.103149955521842,8774,"FGR"
74,"Female",0.0951307016223878,0.0878360138223782,0.104395939597779,8774,"FGR"
75,"Female",0.0955675206878717,0.0882312717075209,0.104811591191238,8774,"FGR"
76,"Female",0.0960064455165845,0.0885189022148055,0.105229639900233,8774,"FGR"
77,"Female",0.0976271819223053,0.0903152405734885,0.10676659903435,8774,"FGR"
78,"Female",0.0986643077089953,0.0910950339738639,0.107662288447998,8774,"FGR"
79,"Female",0.0997096779931388,0.0917308731255846,0.108889579330894,8774,"FGR"
80,"Female",0.101057041988003,0.0931584539811635,0.109619848735656,8774,"FGR"
81,"Female",0.101358638286345,0.0937460800244952,0.110175263954998,8774,"FGR"
82,"Female",0.102268326514814,0.0942491643639604,0.111385489781203,8774,"FGR"
83,"Female",0.103646582760637,0.095860740098983,0.113108283371944,8774,"FGR"
84,"Female",0.104417909480537,0.0972759094433926,0.113844828139028,8774,"FGR"
85,"Female",0.10503626479497,0.0977978993503002,0.114751045210977,8774,"FGR"
86,"Female",0.105504006553171,0.0979812450339022,0.115434039618684,8774,"FGR"
87,"Female",0.105504006553171,0.0979812450339022,0.115434039618684,8774,"FGR"
88,"Female",0.107073241930065,0.0991011067040456,0.116718830509442,8774,"FGR"
89,"Female",0.107705635390969,0.0994375515026507,0.11741070490034,8774,"FGR"
90,"Female",0.108344822196537,0.100012598898126,0.118200340629792,8774,"FGR"
91,"Female",0.108986313132831,0.100342326712333,0.119404496384234,8774,"FGR"
92,"Female",0.109310111250264,0.100770028409865,0.119621593902281,8774,"FGR"
93,"Female",0.11045259540415,0.101431257427563,0.120841696763766,8774,"FGR"
94,"Female",0.11045259540415,0.101431257427563,0.120841696763766,8774,"FGR"
95,"Female",0.110781203935341,0.101903369504466,0.12109022018946,8774,"FGR"
96,"Female",0.110781203935341,0.101903369504466,0.12109022018946,8774,"FGR"
97,"Female",0.110947136793796,0.102061972255949,0.121129037658429,8774,"FGR"
98,"Female",0.111621461351247,0.10250899651232,0.122198702418341,8774,"FGR"
99,"Female",0.113480575845484,0.104414601176522,0.124065917461974,8774,"FGR"
101,"Female",0.114506902187979,0.105145538086549,0.125297057890666,8774,"FGR"
102,"Female",0.115202478896158,0.105883303586646,0.126022726454891,8774,"FGR"
103,"Female",0.116603228583047,0.106666432234775,0.128723596031575,8774,"FGR"
104,"Female",0.116603228583047,0.106666432234775,0.128723596031575,8774,"FGR"
105,"Female",0.116603228583047,0.106666432234775,0.128723596031575,8774,"FGR"
106,"Female",0.117668167356297,0.107344120235547,0.12969040891903,8774,"FGR"
107,"Female",0.119295395415647,0.109455655853182,0.131119409036388,8774,"FGR"
108,"Female",0.120019785803609,0.110051030671564,0.131981031926406,8774,"FGR"
109,"Female",0.120746515817159,0.110569794515608,0.132550984280772,8774,"FGR"
110,"Female",0.122930029179814,0.112213473817834,0.13468806165308,8774,"FGR"
111,"Female",0.122930029179814,0.112213473817834,0.13468806165308,8774,"FGR"
112,"Female",0.12478308982961,0.11402461190176,0.137005603938999,8774,"FGR"
113,"Female",0.128663905175021,0.118005805781107,0.14150428445628,8774,"FGR"
114,"Female",0.129037148649469,0.118362793170742,0.142096007214178,8774,"FGR"
115,"Female",0.129789058811572,0.119318681382756,0.143366523452489,8774,"FGR"
116,"Female",0.129789058811572,0.119318681382756,0.143366523452489,8774,"FGR"
117,"Female",0.130170671869297,0.119502980558847,0.143517632137344,8774,"FGR"
118,"Female",0.13131912688966,0.120054969813497,0.144481455843837,8774,"FGR"
119,"Female",0.13170320051329,0.120239520481131,0.14481339429966,8774,"FGR"
120,"Female",0.13266258999168,0.121261216796506,0.145841807589593,8774,"FGR"
121,"Female",0.133048334200383,0.121774382798791,0.146202838706044,8774,"FGR"
122,"Female",0.133435476802084,0.122389921979799,0.146564008101253,8774,"FGR"
123,"Female",0.133825975467597,0.122577877815395,0.147017084951075,8774,"FGR"
125,"Female",0.134023827322792,0.122871509676864,0.147107367489962,8774,"FGR"
126,"Female",0.134224128763341,0.122871509676864,0.147434464874035,8774,"FGR"
127,"Female",0.134426173248944,0.122871509676864,0.147573572138258,8774,"FGR"
128,"Female",0.135036310400918,0.123263730355329,0.148430422492166,8774,"FGR"
129,"Female",0.135036310400918,0.123263730355329,0.148430422492166,8774,"FGR"
130,"Female",0.135036310400918,0.123263730355329,0.148430422492166,8774,"FGR"
131,"Female",0.135036310400918,0.123263730355329,0.148430422492166,8774,"FGR"
132,"Female",0.1364870414517,0.125036385054064,0.149570321728605,8774,"FGR"
133,"Female",0.136904787988958,0.125640318091408,0.149617769923905,8774,"FGR"
134,"Female",0.137748112910247,0.126603880523688,0.150780667756468,8774,"FGR"
135,"Female",0.139016616864369,0.127613089372651,0.151698623882845,8774,"FGR"
136,"Female",0.139229339507483,0.127613089372651,0.151962825962465,8774,"FGR"
138,"Female",0.140305912855066,0.128547157750148,0.152712604473262,8774,"FGR"
139,"Female",0.140743463462603,0.128547157750148,0.153099449689676,8774,"FGR"
140,"Female",0.142540079686946,0.130590288872979,0.155600704444031,8774,"FGR"
141,"Female",0.142540079686946,0.130590288872979,0.155600704444031,8774,"FGR"
143,"Female",0.143232716566514,0.131270079471576,0.156746259255677,8774,"FGR"
144,"Female",0.145102330646729,0.132873584212213,0.15868772002015,8774,"FGR"
145,"Female",0.146054258121026,0.13393643166932,0.159878477287119,8774,"FGR"
146,"Female",0.146054258121026,0.13393643166932,0.159878477287119,8774,"FGR"
147,"Female",0.146054258121026,0.13393643166932,0.159878477287119,8774,"FGR"
149,"Female",0.147538039940679,0.13542763907512,0.16020070954886,8774,"FGR"
150,"Female",0.147538039940679,0.13542763907512,0.16020070954886,8774,"FGR"
151,"Female",0.150862197215589,0.13909313959805,0.164299175520354,8774,"FGR"
152,"Female",0.152160774698582,0.140134602729506,0.16613082073613,8774,"FGR"
153,"Female",0.152682024824938,0.141234944517677,0.166980278809165,8774,"FGR"
154,"Female",0.153741249733911,0.141740838645509,0.167869095698082,8774,"FGR"
155,"Female",0.154278541667951,0.142251761863963,0.168798123719796,8774,"FGR"
156,"Female",0.155361012106119,0.143359485640781,0.169665468277044,8774,"FGR"
157,"Female",0.155361012106119,0.143359485640781,0.169665468277044,8774,"FGR"
158,"Female",0.156474993978919,0.144724116176981,0.170982351761438,8774,"FGR"
160,"Female",0.156474993978919,0.144724116176981,0.170982351761438,8774,"FGR"
161,"Female",0.156474993978919,0.144724116176981,0.170982351761438,8774,"FGR"
162,"Female",0.157056896046543,0.144795727414202,0.171871185510515,8774,"FGR"
163,"Female",0.157056896046543,0.144795727414202,0.171871185510515,8774,"FGR"
164,"Female",0.157655201562729,0.145149279233023,0.17228881866681,8774,"FGR"
168,"Female",0.157655201562729,0.145149279233023,0.17228881866681,8774,"FGR"
169,"Female",0.157655201562729,0.145149279233023,0.17228881866681,8774,"FGR"
170,"Female",0.160583006949647,0.147428281372479,0.174668848547356,8774,"FGR"
171,"Female",0.160583006949647,0.147428281372479,0.174668848547356,8774,"FGR"
174,"Female",0.160583006949647,0.147428281372479,0.174668848547356,8774,"FGR"
175,"Female",0.160583006949647,0.147428281372479,0.174668848547356,8774,"FGR"
176,"Female",0.16092692195619,0.147450845546844,0.174668848547356,8774,"FGR"
178,"Female",0.16092692195619,0.147450845546844,0.174668848547356,8774,"FGR"
180,"Female",0.16092692195619,0.147450845546844,0.174668848547356,8774,"FGR"
183,"Female",0.162085532475329,0.149043096137454,0.176437276341106,8774,"FGR"
184,"Female",0.162085532475329,0.149043096137454,0.176437276341106,8774,"FGR"
187,"Female",0.163293809278648,0.149676051749141,0.178340807604687,8774,"FGR"
188,"Female",0.163699440924237,0.150305421064362,0.178436402879567,8774,"FGR"
189,"Female",0.163699440924237,0.150305421064362,0.178436402879567,8774,"FGR"
190,"Female",0.163699440924237,0.150305421064362,0.178436402879567,8774,"FGR"
191,"Female",0.16413953105622,0.150404056022355,0.178788378596862,8774,"FGR"
193,"Female",0.16413953105622,0.150404056022355,0.178788378596862,8774,"FGR"
194,"Female",0.166416495661586,0.153717223608605,0.18066520933248,8774,"FGR"
195,"Female",0.168262737696204,0.154639423857899,0.182040621089106,8774,"FGR"
196,"Female",0.168262737696204,0.154639423857899,0.182040621089106,8774,"FGR"
197,"Female",0.168262737696204,0.154639423857899,0.182040621089106,8774,"FGR"
198,"Female",0.168262737696204,0.154639423857899,0.182040621089106,8774,"FGR"
199,"Female",0.168262737696204,0.154639423857899,0.182040621089106,8774,"FGR"
200,"Female",0.168262737696204,0.154639423857899,0.182040621089106,8774,"FGR"
202,"Female",0.168764689217584,0.154750266749049,0.18256023115809,8774,"FGR"
203,"Female",0.168764689217584,0.154750266749049,0.18256023115809,8774,"FGR"
204,"Female",0.168764689217584,0.154750266749049,0.18256023115809,8774,"FGR"
205,"Female",0.168764689217584,0.154750266749049,0.18256023115809,8774,"FGR"
206,"Female",0.169813969648026,0.155379459104032,0.183476381156087,8774,"FGR"
207,"Female",0.169813969648026,0.155379459104032,0.183476381156087,8774,"FGR"
208,"Female",0.169813969648026,0.155379459104032,0.183476381156087,8774,"FGR"
210,"Female",0.170916311627375,0.156670329155305,0.185777645266666,8774,"FGR"
211,"Female",0.170916311627375,0.156670329155305,0.185777645266666,8774,"FGR"
212,"Female",0.170916311627375,0.156670329155305,0.185777645266666,8774,"FGR"
213,"Female",0.170916311627375,0.156670329155305,0.185777645266666,8774,"FGR"
216,"Female",0.170916311627375,0.156670329155305,0.185777645266666,8774,"FGR"
219,"Female",0.170916311627375,0.156670329155305,0.185777645266666,8774,"FGR"
220,"Female",0.170916311627375,0.156670329155305,0.185777645266666,8774,"FGR"
221,"Female",0.170916311627375,0.156670329155305,0.185777645266666,8774,"FGR"
223,"Female",0.170916311627375,0.156670329155305,0.185777645266666,8774,"FGR"
226,"Female",0.170916311627375,0.156670329155305,0.185777645266666,8774,"FGR"
227,"Female",0.170916311627375,0.156670329155305,0.185777645266666,8774,"FGR"
229,"Female",0.170916311627375,0.156670329155305,0.185777645266666,8774,"FGR"
230,"Female",0.170916311627375,0.156670329155305,0.185777645266666,8774,"FGR"
231,"Female",0.170916311627375,0.156670329155305,0.185777645266666,8774,"FGR"
234,"Female",0.173446799806854,0.159327816601886,0.187310404937539,8774,"FGR"
243,"Female",0.173446799806854,0.159327816601886,0.187310404937539,8774,"FGR"
245,"Female",0.173446799806854,0.159327816601886,0.187310404937539,8774,"FGR"
246,"Female",0.17453335532192,0.159508851126342,0.189037260880029,8774,"FGR"
247,"Female",0.17453335532192,0.159508851126342,0.189037260880029,8774,"FGR"
248,"Female",0.17453335532192,0.159508851126342,0.189037260880029,8774,"FGR"
249,"Female",0.17453335532192,0.159508851126342,0.189037260880029,8774,"FGR"
250,"Female",0.179058974938293,0.164813988407434,0.191596296497842,8774,"FGR"
251,"Female",0.179058974938293,0.164813988407434,0.191596296497842,8774,"FGR"
253,"Female",0.182772567996003,0.165362428752432,0.196800354316582,8774,"FGR"
254,"Female",0.182772567996003,0.165362428752432,0.196800354316582,8774,"FGR"
256,"Female",0.182772567996003,0.165362428752432,0.196800354316582,8774,"FGR"
260,"Female",0.182772567996003,0.165362428752432,0.196800354316582,8774,"FGR"
261,"Female",0.182772567996003,0.165362428752432,0.196800354316582,8774,"FGR"
263,"Female",0.182772567996003,0.165362428752432,0.196800354316582,8774,"FGR"
0,"Male",0,0,0,8774,"FGR"
1,"Male",0.00575502647406089,0.00463462045190845,0.0076719856802399,8774,"FGR"
2,"Male",0.0104059581979446,0.00898682124317016,0.0133978208525646,8774,"FGR"
3,"Male",0.01509847723857,0.0134668891800019,0.0178510661387543,8774,"FGR"
4,"Male",0.0215823550820079,0.0194301525673088,0.0249178632987273,8774,"FGR"
5,"Male",0.0233807040012582,0.0212914273097031,0.0266203473384845,8774,"FGR"
6,"Male",0.0289051542755248,0.0265738978205285,0.0325915496212913,8774,"FGR"
7,"Male",0.0317582509963664,0.0292291795381394,0.0359088169970651,8774,"FGR"
8,"Male",0.0364298237102384,0.0333148686474274,0.0416736218979883,8774,"FGR"
9,"Male",0.0379539851041746,0.0350515980866071,0.0428233755677221,8774,"FGR"
10,"Male",0.0429801315688881,0.0395798074697034,0.0486947340035705,8774,"FGR"
11,"Male",0.0467898017135388,0.0427541513505066,0.0529395629315475,8774,"FGR"
12,"Male",0.0495693640534072,0.0448856795787861,0.0554986868266345,8774,"FGR"
13,"Male",0.0522245046184669,0.0467814909351375,0.0578556779582475,8774,"FGR"
14,"Male",0.05507301377602,0.0499551531142163,0.0603454697904188,8774,"FGR"
15,"Male",0.0587107542488675,0.0535922529269115,0.0643235350785881,8774,"FGR"
16,"Male",0.0619087452652199,0.0571170201004888,0.0672125684788293,8774,"FGR"
17,"Male",0.0654705862869885,0.0604107347762571,0.0717766757055562,8774,"FGR"
18,"Male",0.069040713497484,0.063538731270816,0.0753903049200417,8774,"FGR"
19,"Male",0.0713303590673344,0.0660217195324278,0.0776942970750725,8774,"FGR"
20,"Male",0.073145550467886,0.0676609929174032,0.0797486148970175,8774,"FGR"
21,"Male",0.0758330251776748,0.0705247486024505,0.0828676780776061,8774,"FGR"
22,"Male",0.0792168805891141,0.0742677809346915,0.08588648167745,8774,"FGR"
23,"Male",0.080925095421455,0.0756376348585822,0.0879742231130813,8774,"FGR"
24,"Male",0.0839978246633581,0.0780256790815206,0.0905368689092697,8774,"FGR"
25,"Male",0.0845173285218409,0.0786828174786166,0.0911842425401369,8774,"FGR"
26,"Male",0.0857329901394203,0.0802744304742343,0.0923844481949738,8774,"FGR"
27,"Male",0.0880046264947898,0.0824153529773824,0.0944231294417532,8774,"FGR"
28,"Male",0.0907850959966036,0.0854289759191822,0.0974218385137804,8774,"FGR"
29,"Male",0.0909600724775449,0.085465898405347,0.0975965414522441,8774,"FGR"
30,"Male",0.0913109754300993,0.0863390087835037,0.0980431226407206,8774,"FGR"
31,"Male",0.0941162684583943,0.0889409456637779,0.0999710031630947,8774,"FGR"
32,"Male",0.0971087308361015,0.0916950879218577,0.103379417677014,8774,"FGR"
33,"Male",0.0988751315136338,0.0931453176376367,0.105171906943335,8774,"FGR"
34,"Male",0.101166135819514,0.0952664430475728,0.107693415844118,8774,"FGR"
35,"Male",0.105722313101039,0.100189286457895,0.112688847344851,8774,"FGR"
36,"Male",0.109200728021067,0.10221331683259,0.116768364194659,8774,"FGR"
37,"Male",0.110777124839553,0.10433765311748,0.11891221181188,8774,"FGR"
38,"Male",0.113231266415554,0.10798474370488,0.121858990206507,8774,"FGR"
39,"Male",0.114647945216327,0.109801271042206,0.124067624445207,8774,"FGR"
40,"Male",0.11660809862156,0.111410305961471,0.125606054708013,8774,"FGR"
41,"Male",0.118939915116809,0.113554360900342,0.128215727491245,8774,"FGR"
42,"Male",0.119667171884373,0.11426849328589,0.128340175804675,8774,"FGR"
43,"Male",0.120396201068599,0.114984217591103,0.129267847246661,8774,"FGR"
44,"Male",0.120944843345447,0.115602281128376,0.129758846720289,8774,"FGR"
45,"Male",0.122041549965239,0.117029852734726,0.130169048452098,8774,"FGR"
46,"Male",0.124230585568282,0.119561936496775,0.132644825977667,8774,"FGR"
47,"Male",0.126069113818304,0.120986861289027,0.134169743418822,8774,"FGR"
48,"Male",0.126993411479401,0.121531203980084,0.135284098187666,8774,"FGR"
49,"Male",0.127554141789126,0.121885695852348,0.136005704113985,8774,"FGR"
50,"Male",0.127554141789126,0.121885695852348,0.136005704113985,8774,"FGR"
51,"Male",0.127554141789126,0.121885695852348,0.136005704113985,8774,"FGR"
52,"Male",0.127554141789126,0.121885695852348,0.136005704113985,8774,"FGR"
53,"Male",0.128124542566167,0.123067492840223,0.13693617758675,8774,"FGR"
54,"Male",0.128124542566167,0.123067492840223,0.13693617758675,8774,"FGR"
55,"Male",0.129662445876558,0.124574217183044,0.138641589949298,8774,"FGR"
56,"Male",0.129662445876558,0.124574217183044,0.138641589949298,8774,"FGR"
57,"Male",0.130051583855212,0.124872048046114,0.139304813809402,8774,"FGR"
58,"Male",0.130636942983646,0.125800456999861,0.139549433796681,8774,"FGR"
59,"Male",0.131806572995237,0.127104368166271,0.141402166717907,8774,"FGR"
60,"Male",0.134730603413418,0.129498706945221,0.143620357296377,8774,"FGR"
61,"Male",0.13611082050566,0.130799397346344,0.144548284870773,8774,"FGR"
62,"Male",0.13650776236091,0.131235387454241,0.145109238002402,8774,"FGR"
63,"Male",0.13770389423414,0.132416912569338,0.146378013676348,8774,"FGR"
64,"Male",0.138911139710605,0.134031241511117,0.147721901085381,8774,"FGR"
65,"Male",0.139719122073872,0.134771848078593,0.148932432201276,8774,"FGR"
66,"Male",0.140332082862148,0.135381103360243,0.149663069375751,8774,"FGR"
67,"Male",0.143187356782779,0.137826296153099,0.152364019392933,8774,"FGR"
68,"Male",0.145040171917887,0.139183220661269,0.153758067067422,8774,"FGR"
69,"Male",0.14770520776228,0.141409181204982,0.156965305108864,8774,"FGR"
70,"Male",0.14770520776228,0.141409181204982,0.156965305108864,8774,"FGR"
71,"Male",0.148738711334753,0.142081269477839,0.157482104356107,8774,"FGR"
72,"Male",0.14977727709509,0.143295709779082,0.158910913345656,8774,"FGR"
73,"Male",0.150615358387525,0.144114991602517,0.1592883052952,8774,"FGR"
74,"Male",0.152294892683759,0.146177353597852,0.160822250726847,8774,"FGR"
75,"Male",0.152928143342974,0.146845057056137,0.161419002234325,8774,"FGR"
76,"Male",0.153564051305548,0.147628691411778,0.161685770672015,8774,"FGR"
77,"Male",0.155908762209713,0.149646333577282,0.164234852434764,8774,"FGR"
78,"Male",0.1574064145069,0.15134190891158,0.165647523814765,8774,"FGR"
79,"Male",0.158913841932851,0.15291298977114,0.166977196259567,8774,"FGR"
80,"Male",0.160853649563136,0.155125438809542,0.169169024770656,8774,"FGR"
81,"Male",0.161287389035991,0.155440097164678,0.170272336077778,8774,"FGR"
82,"Male",0.162594625976284,0.156862240180539,0.172509362952594,8774,"FGR"
83,"Male",0.164572305484707,0.158780520799791,0.174116839414261,8774,"FGR"
84,"Male",0.165677596285079,0.159264527441485,0.17596241985268,8774,"FGR"
85,"Male",0.166562919683137,0.159927489025425,0.177291391120622,8774,"FGR"
86,"Male",0.167232157351595,0.160907309359688,0.178342386217997,8774,"FGR"
87,"Male",0.167232157351595,0.160907309359688,0.178342386217997,8774,"FGR"
88,"Male",0.169474629776812,0.163004331051417,0.18184043231939,8774,"FGR"
89,"Male",0.17037714876818,0.163680294553651,0.182775155970675,8774,"FGR"
90,"Male",0.171288682655952,0.164224906496551,0.183276271787475,8774,"FGR"
91,"Male",0.172202822859289,0.164604122278802,0.183837500061409,8774,"FGR"
92,"Male",0.172663987053906,0.164654330953037,0.184403482780056,8774,"FGR"
93,"Male",0.174289797181541,0.166189116598464,0.186261583535367,8774,"FGR"
94,"Male",0.174289797181541,0.166189116598464,0.186261583535367,8774,"FGR"
95,"Male",0.174757036528992,0.166708724894541,0.186677139224123,8774,"FGR"
96,"Male",0.174757036528992,0.166708724894541,0.186677139224123,8774,"FGR"
97,"Male",0.174992906922478,0.166945166351125,0.186860662056512,8774,"FGR"
98,"Male",0.17595100138684,0.167615393121507,0.187873384517792,8774,"FGR"
99,"Male",0.178588833870628,0.169196536344995,0.190744749145733,8774,"FGR"
101,"Male",0.180042817930982,0.170762189668339,0.192050998887831,8774,"FGR"
102,"Male",0.181027350253549,0.171362050718585,0.192856143850253,8774,"FGR"
103,"Male",0.183007877820943,0.172864891316552,0.195022477650964,8774,"FGR"
104,"Male",0.183007877820943,0.172864891316552,0.195022477650964,8774,"FGR"
105,"Male",0.183007877820943,0.172864891316552,0.195022477650964,8774,"FGR"
106,"Male",0.184511744827833,0.174749705621281,0.196359734583507,8774,"FGR"
107,"Male",0.186806645321795,0.177119044722074,0.197924112097839,8774,"FGR"
108,"Male",0.187827119099307,0.178220034215811,0.198966389831148,8774,"FGR"
109,"Male",0.188850196237848,0.179189612335026,0.200196466970187,8774,"FGR"
110,"Male",0.191920039908725,0.183070606558539,0.205040456183669,8774,"FGR"
111,"Male",0.191920039908725,0.183070606558539,0.205040456183669,8774,"FGR"
112,"Male",0.194520670199492,0.185669183924515,0.207754923443104,8774,"FGR"
113,"Male",0.199954136463007,0.188731966638141,0.212169432523834,8774,"FGR"
114,"Male",0.200475826167768,0.189124555937932,0.212508599353827,8774,"FGR"
115,"Male",0.201526333875641,0.189895399948083,0.213601569928979,8774,"FGR"
116,"Male",0.201526333875641,0.189895399948083,0.213601569928979,8774,"FGR"
117,"Male",0.202059264354936,0.190216744173235,0.214040219054824,8774,"FGR"
118,"Male",0.203662195227655,0.191725722953363,0.215709424967859,8774,"FGR"
119,"Male",0.204197957423496,0.192993573042138,0.216844921417218,8774,"FGR"
120,"Male",0.205535610726875,0.194659282787127,0.217651360975165,8774,"FGR"
121,"Male",0.206073188999816,0.194718298421836,0.217981705725822,8774,"FGR"
122,"Male",0.206612570920856,0.195241185193198,0.218253293122811,8774,"FGR"
123,"Male",0.207156482756952,0.19611569722068,0.218660695363043,8774,"FGR"
125,"Male",0.207432008179216,0.196321809245962,0.218660695363043,8774,"FGR"
126,"Male",0.207710907117711,0.196382931280913,0.219362996571018,8774,"FGR"
127,"Male",0.207992194795826,0.197012573811076,0.219890976629232,8774,"FGR"
128,"Male",0.208841400546598,0.197718096457266,0.220978761394637,8774,"FGR"
129,"Male",0.208841400546598,0.197718096457266,0.220978761394637,8774,"FGR"
130,"Male",0.208841400546598,0.197718096457266,0.220978761394637,8774,"FGR"
131,"Male",0.208841400546598,0.197718096457266,0.220978761394637,8774,"FGR"
132,"Male",0.210859200068295,0.200244198728654,0.222964753146199,8774,"FGR"
133,"Male",0.211439887858149,0.20075139522324,0.223926908990875,8774,"FGR"
134,"Male",0.212611685348871,0.201590915418477,0.224797020450441,8774,"FGR"
135,"Male",0.214373123663641,0.203693816941248,0.226645729924299,8774,"FGR"
136,"Male",0.214668377527218,0.203994155066018,0.227723137243929,8774,"FGR"
138,"Male",0.216162068426233,0.205210629394717,0.229197701212408,8774,"FGR"
139,"Male",0.216768881515231,0.205598838582537,0.230272274309283,8774,"FGR"
140,"Male",0.21925893955948,0.20765298268182,0.234286221748733,8774,"FGR"
141,"Male",0.21925893955948,0.20765298268182,0.234286221748733,8774,"FGR"
143,"Male",0.220218261582765,0.208050391052554,0.235166516497123,8774,"FGR"
144,"Male",0.222805993725621,0.211089544274001,0.237829925540079,8774,"FGR"
145,"Male",0.22412261594278,0.211895522579412,0.239536839671043,8774,"FGR"
146,"Male",0.22412261594278,0.211895522579412,0.239536839671043,8774,"FGR"
147,"Male",0.22412261594278,0.211895522579412,0.239536839671043,8774,"FGR"
149,"Male",0.226173641783601,0.212990340555925,0.242227605842298,8774,"FGR"
150,"Male",0.226173641783601,0.212990340555925,0.242227605842298,8774,"FGR"
151,"Male",0.230763573336384,0.217003878048532,0.246879710226486,8774,"FGR"
152,"Male",0.232554853544967,0.218333674801911,0.248668423199497,8774,"FGR"
153,"Male",0.233273611069135,0.219233770540526,0.249299480700039,8774,"FGR"
154,"Male",0.234733737440169,0.220036210950387,0.250761544543934,8774,"FGR"
155,"Male",0.235474161515156,0.22039984249761,0.25145840626699,8774,"FGR"
156,"Male",0.236965432104053,0.221937242928964,0.253645113873053,8774,"FGR"
157,"Male",0.236965432104053,0.221937242928964,0.253645113873053,8774,"FGR"
158,"Male",0.238499512734346,0.223208486153541,0.255258272525226,8774,"FGR"
160,"Male",0.238499512734346,0.223208486153541,0.255258272525226,8774,"FGR"
161,"Male",0.238499512734346,0.223208486153541,0.255258272525226,8774,"FGR"
162,"Male",0.239300623980575,0.223788920958318,0.25586024470026,8774,"FGR"
163,"Male",0.239300623980575,0.223788920958318,0.25586024470026,8774,"FGR"
164,"Male",0.240124154973496,0.224324403674586,0.256734564434927,8774,"FGR"
168,"Male",0.240124154973496,0.224324403674586,0.256734564434927,8774,"FGR"
169,"Male",0.240124154973496,0.224324403674586,0.256734564434927,8774,"FGR"
170,"Male",0.244151837812217,0.227693385055471,0.260399269044427,8774,"FGR"
171,"Male",0.244151837812217,0.227693385055471,0.260399269044427,8774,"FGR"
174,"Male",0.244151837812217,0.227693385055471,0.260399269044427,8774,"FGR"
175,"Male",0.244151837812217,0.227693385055471,0.260399269044427,8774,"FGR"
176,"Male",0.244624715708165,0.228883102924974,0.261250376038134,8774,"FGR"
178,"Male",0.244624715708165,0.228883102924974,0.261250376038134,8774,"FGR"
180,"Male",0.244624715708165,0.228883102924974,0.261250376038134,8774,"FGR"
183,"Male",0.246217446110414,0.230559013462526,0.263823022777312,8774,"FGR"
184,"Male",0.246217446110414,0.230559013462526,0.263823022777312,8774,"FGR"
187,"Male",0.247877912058088,0.233262377913073,0.265002303032668,8774,"FGR"
188,"Male",0.248435229615707,0.233799990035071,0.265002303032668,8774,"FGR"
189,"Male",0.248435229615707,0.233799990035071,0.265002303032668,8774,"FGR"
190,"Male",0.248435229615707,0.233799990035071,0.265002303032668,8774,"FGR"
191,"Male",0.249039825784307,0.233942385539283,0.266212418868351,8774,"FGR"
193,"Male",0.249039825784307,0.233942385539283,0.266212418868351,8774,"FGR"
194,"Male",0.25216687948581,0.237312442943103,0.2681436179237,8774,"FGR"
195,"Male",0.254701206358916,0.238806018293526,0.271531082624045,8774,"FGR"
196,"Male",0.254701206358916,0.238806018293526,0.271531082624045,8774,"FGR"
197,"Male",0.254701206358916,0.238806018293526,0.271531082624045,8774,"FGR"
198,"Male",0.254701206358916,0.238806018293526,0.271531082624045,8774,"FGR"
199,"Male",0.254701206358916,0.238806018293526,0.271531082624045,8774,"FGR"
200,"Male",0.254701206358916,0.238806018293526,0.271531082624045,8774,"FGR"
202,"Male",0.25539006028722,0.240429430665284,0.271688575053459,8774,"FGR"
203,"Male",0.25539006028722,0.240429430665284,0.271688575053459,8774,"FGR"
204,"Male",0.25539006028722,0.240429430665284,0.271688575053459,8774,"FGR"
205,"Male",0.25539006028722,0.240429430665284,0.271688575053459,8774,"FGR"
206,"Male",0.256829816667887,0.241829923692569,0.272299275113252,8774,"FGR"
207,"Male",0.256829816667887,0.241829923692569,0.272299275113252,8774,"FGR"
208,"Male",0.256829816667887,0.241829923692569,0.272299275113252,8774,"FGR"
210,"Male",0.258342066737305,0.243435808244159,0.274664434335084,8774,"FGR"
211,"Male",0.258342066737305,0.243435808244159,0.274664434335084,8774,"FGR"
212,"Male",0.258342066737305,0.243435808244159,0.274664434335084,8774,"FGR"
213,"Male",0.258342066737305,0.243435808244159,0.274664434335084,8774,"FGR"
216,"Male",0.258342066737305,0.243435808244159,0.274664434335084,8774,"FGR"
219,"Male",0.258342066737305,0.243435808244159,0.274664434335084,8774,"FGR"
220,"Male",0.258342066737305,0.243435808244159,0.274664434335084,8774,"FGR"
221,"Male",0.258342066737305,0.243435808244159,0.274664434335084,8774,"FGR"
223,"Male",0.258342066737305,0.243435808244159,0.274664434335084,8774,"FGR"
226,"Male",0.258342066737305,0.243435808244159,0.274664434335084,8774,"FGR"
227,"Male",0.258342066737305,0.243435808244159,0.274664434335084,8774,"FGR"
229,"Male",0.258342066737305,0.243435808244159,0.274664434335084,8774,"FGR"
230,"Male",0.258342066737305,0.243435808244159,0.274664434335084,8774,"FGR"
231,"Male",0.258342066737305,0.243435808244159,0.274664434335084,8774,"FGR"
234,"Male",0.261812398620978,0.24620072960573,0.279680702634648,8774,"FGR"
243,"Male",0.261812398620978,0.24620072960573,0.279680702634648,8774,"FGR"
245,"Male",0.261812398620978,0.24620072960573,0.279680702634648,8774,"FGR"
246,"Male",0.263302068218614,0.246207256052672,0.280026899527299,8774,"FGR"
247,"Male",0.263302068218614,0.246207256052672,0.280026899527299,8774,"FGR"
248,"Male",0.263302068218614,0.246207256052672,0.280026899527299,8774,"FGR"
249,"Male",0.263302068218614,0.246207256052672,0.280026899527299,8774,"FGR"
250,"Male",0.269504256045468,0.251900266615197,0.288617374257834,8774,"FGR"
251,"Male",0.269504256045468,0.251900266615197,0.288617374257834,8774,"FGR"
253,"Male",0.27459116350587,0.254736504519657,0.297111520979184,8774,"FGR"
254,"Male",0.27459116350587,0.254736504519657,0.297111520979184,8774,"FGR"
256,"Male",0.27459116350587,0.254736504519657,0.297111520979184,8774,"FGR"
260,"Male",0.27459116350587,0.254736504519657,0.297111520979184,8774,"FGR"
261,"Male",0.27459116350587,0.254736504519657,0.297111520979184,8774,"FGR"
263,"Male",0.27459116350587,0.254736504519657,0.297111520979184,8774,"FGR"
0,"Female",0,0,0,17548,"CSC"
1,"Female",0.00386700255644552,0.00303152197642278,0.00470248313646826,17548,"CSC"
2,"Female",0.00694339700371735,0.00577204092804248,0.00811475307939223,17548,"CSC"
3,"Female",0.00905435386665908,0.00768919704699474,0.0104195106863234,17548,"CSC"
4,"Female",0.0125971965520616,0.0109300188529786,0.0142643742511446,17548,"CSC"
5,"Female",0.0140081336837743,0.0122239927971652,0.0157922745703835,17548,"CSC"
6,"Female",0.0171130063724212,0.0150870108416621,0.0191390019031803,17548,"CSC"
7,"Female",0.0190117453860059,0.0168291278122973,0.0211943629597145,17548,"CSC"
8,"Female",0.0223282918683397,0.0199257545150167,0.0247308292216627,17548,"CSC"
9,"Female",0.0238712004714247,0.021344117860308,0.0263982830825413,17548,"CSC"
10,"Female",0.0270349839059633,0.0242857851685593,0.0297841826433673,17548,"CSC"
11,"Female",0.0295063833882968,0.0265662981382788,0.0324464686383148,17548,"CSC"
12,"Female",0.0308757534959876,0.0278638319704273,0.0338876750215478,17548,"CSC"
13,"Female",0.0325677733645583,0.0294700020294624,0.0356655446996541,17548,"CSC"
14,"Female",0.0347505856418408,0.0315170504673057,0.0379841208163759,17548,"CSC"
15,"Female",0.0363204139398573,0.0330004146635834,0.0396404132161313,17548,"CSC"
16,"Female",0.0374371616869918,0.034049816815901,0.0408245065580826,17548,"CSC"
17,"Female",0.038888358626867,0.0353941025134577,0.0423826147402764,17548,"CSC"
18,"Female",0.0404656677019641,0.0369092993030539,0.0440220361008744,17548,"CSC"
19,"Female",0.0428288532646821,0.0391057202206717,0.0465519863086924,17548,"CSC"
20,"Female",0.0440983191388564,0.0402783770264471,0.0479182612512657,17548,"CSC"
21,"Female",0.0451510943396647,0.0412779442139299,0.0490242444653995,17548,"CSC"
22,"Female",0.0467133341574742,0.0427367369180291,0.0506899313969193,17548,"CSC"
23,"Female",0.0488575050418311,0.0447573488997588,0.0529576611839034,17548,"CSC"
24,"Female",0.0505595490947445,0.0463462890044128,0.0547728091850762,17548,"CSC"
25,"Female",0.0517034841036821,0.0474305603676152,0.055976407839749,17548,"CSC"
26,"Female",0.0522748392220304,0.0479726445608934,0.0565770338831673,17548,"CSC"
27,"Female",0.0545914076094526,0.0501147573936245,0.0590680578252807,17548,"CSC"
28,"Female",0.0562105039643027,0.0516357865222557,0.0607852214063498,17548,"CSC"
29,"Female",0.0566732501267738,0.0520611238832972,0.0612853763702503,17548,"CSC"
30,"Female",0.05736886994382,0.0527240515207194,0.0620136883669205,17548,"CSC"
31,"Female",0.0590539255611942,0.0543382740583258,0.0637695770640625,17548,"CSC"
32,"Female",0.0607061700546314,0.0559243678266175,0.0654879722826454,17548,"CSC"
33,"Female",0.0615339560095397,0.0567133449290915,0.0663545670899879,17548,"CSC"
34,"Female",0.0622497688161167,0.057389378746522,0.0671101588857115,17548,"CSC"
35,"Female",0.0647050711281143,0.0597140545401781,0.0696960877160504,17548,"CSC"
36,"Female",0.0663787278367758,0.0613357899990113,0.0714216656745403,17548,"CSC"
37,"Female",0.067648810420279,0.0625435029663922,0.0727541178741657,17548,"CSC"
38,"Female",0.0688645530972775,0.0637264467615372,0.0740026594330178,17548,"CSC"
39,"Female",0.070388230915001,0.0651773766387976,0.0755990851912043,17548,"CSC"
40,"Female",0.0723774283851371,0.0670792640532154,0.0776755927170588,17548,"CSC"
41,"Female",0.0737617078161513,0.0684104191241944,0.0791129965081082,17548,"CSC"
42,"Female",0.0745832029784848,0.0692040409974602,0.0799623649595095,17548,"CSC"
43,"Female",0.0747732410773622,0.0693897832820364,0.080156698872688,17548,"CSC"
44,"Female",0.0760539815107328,0.0706405048419543,0.0814674581795113,17548,"CSC"
45,"Female",0.0765020485183206,0.0710589442208289,0.0819451528158123,17548,"CSC"
46,"Female",0.0783179621152181,0.0727802853873212,0.0838556388431151,17548,"CSC"
47,"Female",0.0792266631198009,0.0736557720142508,0.084797554225351,17548,"CSC"
48,"Female",0.0806041713028871,0.0750215984799037,0.0861867441258705,17548,"CSC"
49,"Female",0.0808032620232612,0.0752168494130765,0.0863896746334459,17548,"CSC"
50,"Female",0.0809369730419924,0.0753444347077618,0.0865295113762229,17548,"CSC"
51,"Female",0.0809369730419924,0.0753444347077618,0.0865295113762229,17548,"CSC"
52,"Female",0.0809369730419924,0.0753444347077618,0.0865295113762229,17548,"CSC"
53,"Female",0.0814140484925617,0.075814268985535,0.0870138279995883,17548,"CSC"
54,"Female",0.0814140484925617,0.075814268985535,0.0870138279995883,17548,"CSC"
55,"Female",0.0825974751257642,0.0769547094842163,0.088240240767312,17548,"CSC"
56,"Female",0.0825974751257642,0.0769547094842163,0.088240240767312,17548,"CSC"
57,"Female",0.0827393208773559,0.0770937042840538,0.088384937470658,17548,"CSC"
58,"Female",0.0836641649530078,0.077974379969366,0.0893539499366496,17548,"CSC"
59,"Female",0.0845866981814188,0.07887936310225,0.0902940332605876,17548,"CSC"
60,"Female",0.0852271992390171,0.0794974143854378,0.0909569840925964,17548,"CSC"
61,"Female",0.0865122367207776,0.0807585527251484,0.0922659207164068,17548,"CSC"
62,"Female",0.0867280687404293,0.0809588862514841,0.0924972512293744,17548,"CSC"
63,"Female",0.0875995483838685,0.0817874575077689,0.0934116392599681,17548,"CSC"
64,"Female",0.0878914711751844,0.0820623957085975,0.0937205466417712,17548,"CSC"
65,"Female",0.0883314314644908,0.0824753096167472,0.0941875533122344,17548,"CSC"
66,"Female",0.0893713085906327,0.0834446013691016,0.0952980158121638,17548,"CSC"
67,"Female",0.090562805960165,0.0845756672846385,0.0965499446356915,17548,"CSC"
68,"Female",0.0910878443619339,0.0850742657291463,0.0971014229947215,17548,"CSC"
69,"Female",0.0922161371236221,0.0861267164406341,0.09830555780661,17548,"CSC"
70,"Female",0.0922161371236221,0.0861267164406341,0.09830555780661,17548,"CSC"
71,"Female",0.0930483900567434,0.0869263719191789,0.0991704081943079,17548,"CSC"
72,"Female",0.0936559853181507,0.087514605101744,0.0997973655345575,17548,"CSC"
73,"Female",0.0941145703697829,0.0879394798363291,0.100289660903237,17548,"CSC"
74,"Female",0.0949571961264694,0.0887196214637416,0.101194770789197,17548,"CSC"
75,"Female",0.0956485097325252,0.0893736121184859,0.101923407346564,17548,"CSC"
76,"Female",0.0958807282550509,0.0896010291605257,0.102160427349576,17548,"CSC"
77,"Female",0.0973895718687795,0.0910631060205214,0.103716037717038,17548,"CSC"
78,"Female",0.0981877404502786,0.091847625918686,0.104527854981871,17548,"CSC"
79,"Female",0.0988310391904006,0.0924651918195608,0.10519688656124,17548,"CSC"
80,"Female",0.099876867779692,0.0934862750565753,0.106267460502809,17548,"CSC"
81,"Female",0.100926924900227,0.0944943191055353,0.107359530694918,17548,"CSC"
82,"Female",0.101815687978495,0.0953389918221067,0.108292384134884,17548,"CSC"
83,"Female",0.102873894530895,0.0963409226164267,0.109406866445364,17548,"CSC"
84,"Female",0.103200231595757,0.0966614143166878,0.109739048874827,17548,"CSC"
85,"Female",0.103527127489205,0.0969641853505553,0.110090069627855,17548,"CSC"
86,"Female",0.103937491054157,0.0973667905996547,0.11050819150866,17548,"CSC"
87,"Female",0.104102351831797,0.0975202299220539,0.110684473741541,17548,"CSC"
88,"Female",0.105513824098409,0.0988930371733446,0.112134611023474,17548,"CSC"
89,"Female",0.106757689638055,0.100059580814231,0.113455798461878,17548,"CSC"
90,"Female",0.106924661257377,0.100223435609029,0.113625886905725,17548,"CSC"
91,"Female",0.107678496630476,0.100962315091291,0.114394678169661,17548,"CSC"
92,"Female",0.108613735114067,0.101895582033614,0.115331888194519,17548,"CSC"
93,"Female",0.10990753597091,0.103095015390056,0.116720056551763,17548,"CSC"
94,"Female",0.110165960015639,0.103348249914498,0.11698367011678,17548,"CSC"
95,"Female",0.110252774732457,0.103433592958879,0.117071956506035,17548,"CSC"
96,"Female",0.110604783381304,0.103779517740713,0.117430049021895,17548,"CSC"
97,"Female",0.110958254955679,0.104126539222127,0.11778997068923,17548,"CSC"
98,"Female",0.112114909270832,0.105269382083651,0.118960436458013,17548,"CSC"
99,"Female",0.115156649993635,0.108197750666156,0.122115549321115,17548,"CSC"
100,"Female",0.115156649993635,0.108197750666156,0.122115549321115,17548,"CSC"
101,"Female",0.116052544503002,0.109063349125846,0.123041739880157,17548,"CSC"
102,"Female",0.116599667637616,0.109601184106579,0.123598151168652,17548,"CSC"
103,"Female",0.118341874874239,0.111246811487734,0.125436938260743,17548,"CSC"
104,"Female",0.118341874874239,0.111246811487734,0.125436938260743,17548,"CSC"
105,"Female",0.118341874874239,0.111246811487734,0.125436938260743,17548,"CSC"
106,"Female",0.118711557456184,0.111614836310187,0.12580827860218,17548,"CSC"
107,"Female",0.120134970275802,0.11298539119071,0.127284549360895,17548,"CSC"
108,"Female",0.121086363457284,0.113916421679215,0.128256305235352,17548,"CSC"
109,"Female",0.122228103020309,0.114995580957298,0.12946062508332,17548,"CSC"
110,"Female",0.124226558353627,0.116881430881537,0.131571685825717,17548,"CSC"
111,"Female",0.124226558353627,0.116881430881537,0.131571685825717,17548,"CSC"
112,"Female",0.125294917955806,0.117882323807052,0.13270751210456,17548,"CSC"
113,"Female",0.127634701215761,0.120114729550251,0.135154672881271,17548,"CSC"
114,"Female",0.127830881278725,0.120296576366068,0.135365186191382,17548,"CSC"
115,"Female",0.128819187234693,0.121267563029814,0.136370811439573,17548,"CSC"
116,"Female",0.128819187234693,0.121267563029814,0.136370811439573,17548,"CSC"
117,"Female",0.129417024173833,0.121854974829916,0.136979073517749,17548,"CSC"
118,"Female",0.130814420110585,0.123211956796867,0.138416883424303,17548,"CSC"
119,"Female",0.131312084994193,0.123673363344601,0.138950806643785,17548,"CSC"
120,"Female",0.132208118902069,0.12453311865658,0.139883119147558,17548,"CSC"
121,"Female",0.13270745434181,0.125023553165058,0.140391355518561,17548,"CSC"
122,"Female",0.13280749152199,0.125123424382617,0.140491558661364,17548,"CSC"
123,"Female",0.133009072211768,0.125310225556844,0.140707918866691,17548,"CSC"
125,"Female",0.133009072211768,0.125310225556844,0.140707918866691,17548,"CSC"
126,"Female",0.133214334615282,0.125511162066992,0.140917507163573,17548,"CSC"
127,"Female",0.133523704252077,0.125799414072061,0.141247994432093,17548,"CSC"
128,"Female",0.133730637508578,0.126002137729047,0.141459137288108,17548,"CSC"
129,"Female",0.133730637508578,0.126002137729047,0.141459137288108,17548,"CSC"
130,"Female",0.133730637508578,0.126002137729047,0.141459137288108,17548,"CSC"
131,"Female",0.133730637508578,0.126002137729047,0.141459137288108,17548,"CSC"
132,"Female",0.134803586214023,0.127058194891977,0.142548977536068,17548,"CSC"
133,"Female",0.135127120824692,0.127362109672643,0.142892131976741,17548,"CSC"
134,"Female",0.136325583229192,0.12849230350676,0.144158862951624,17548,"CSC"
135,"Female",0.136765793890883,0.128901786624726,0.144629801157039,17548,"CSC"
136,"Female",0.137096466810547,0.129225750800127,0.144967182820967,17548,"CSC"
137,"Female",0.137096466810547,0.129225750800127,0.144967182820967,17548,"CSC"
138,"Female",0.137877271030144,0.129949283274975,0.145805258785314,17548,"CSC"
139,"Female",0.138330308811655,0.130391198044692,0.146269419578618,17548,"CSC"
140,"Female",0.139594914852468,0.131628428391622,0.147561401313313,17548,"CSC"
141,"Female",0.139594914852468,0.131628428391622,0.147561401313313,17548,"CSC"
143,"Female",0.139834590398072,0.131870082403017,0.147799098393128,17548,"CSC"
144,"Female",0.141682642931265,0.133680244570764,0.149685041291766,17548,"CSC"
145,"Female",0.143066507722038,0.13505657813371,0.151076437310367,17548,"CSC"
146,"Female",0.143066507722038,0.13505657813371,0.151076437310367,17548,"CSC"
147,"Female",0.143066507722038,0.13505657813371,0.151076437310367,17548,"CSC"
149,"Female",0.144245819109083,0.136199530806216,0.15229210741195,17548,"CSC"
150,"Female",0.144245819109083,0.136199530806216,0.15229210741195,17548,"CSC"
151,"Female",0.146002882654812,0.137844657522758,0.154161107786867,17548,"CSC"
152,"Female",0.146684176935168,0.138510095085795,0.154858258784541,17548,"CSC"
153,"Female",0.147233236273811,0.139047198086774,0.155419274460847,17548,"CSC"
154,"Female",0.148086996297761,0.139870025714083,0.156303966881438,17548,"CSC"
155,"Female",0.148373827661196,0.14013439973002,0.156613255592373,17548,"CSC"
156,"Female",0.149821873608445,0.141553740875888,0.158090006341003,17548,"CSC"
157,"Female",0.149821873608445,0.141553740875888,0.158090006341003,17548,"CSC"
158,"Female",0.151589654213463,0.143223271366862,0.159956037060064,17548,"CSC"
160,"Female",0.151589654213463,0.143223271366862,0.159956037060064,17548,"CSC"
161,"Female",0.151589654213463,0.143223271366862,0.159956037060064,17548,"CSC"
162,"Female",0.152213379632901,0.143800418734528,0.160626340531275,17548,"CSC"
163,"Female",0.152213379632901,0.143800418734528,0.160626340531275,17548,"CSC"
164,"Female",0.153019374377156,0.14454111021498,0.161497638539333,17548,"CSC"
166,"Female",0.153019374377156,0.14454111021498,0.161497638539333,17548,"CSC"
168,"Female",0.153019374377156,0.14454111021498,0.161497638539333,17548,"CSC"
169,"Female",0.153019374377156,0.14454111021498,0.161497638539333,17548,"CSC"
170,"Female",0.154439042133929,0.145928715634441,0.162949368633417,17548,"CSC"
171,"Female",0.154439042133929,0.145928715634441,0.162949368633417,17548,"CSC"
174,"Female",0.154439042133929,0.145928715634441,0.162949368633417,17548,"CSC"
175,"Female",0.154628583481656,0.146113048793196,0.163144118170116,17548,"CSC"
176,"Female",0.155010782333115,0.146484027334795,0.163537537331435,17548,"CSC"
178,"Female",0.155010782333115,0.146484027334795,0.163537537331435,17548,"CSC"
182,"Female",0.155010782333115,0.146484027334795,0.163537537331435,17548,"CSC"
183,"Female",0.155436580939841,0.146897518211736,0.163975643667947,17548,"CSC"
184,"Female",0.155436580939841,0.146897518211736,0.163975643667947,17548,"CSC"
187,"Female",0.156546014562226,0.147909925457836,0.165182103666617,17548,"CSC"
188,"Female",0.156769206347206,0.148125842099417,0.165412570594994,17548,"CSC"
189,"Female",0.156769206347206,0.148125842099417,0.165412570594994,17548,"CSC"
190,"Female",0.156769206347206,0.148125842099417,0.165412570594994,17548,"CSC"
191,"Female",0.158612372306603,0.149891346438856,0.167333398174351,17548,"CSC"
192,"Female",0.158612372306603,0.149891346438856,0.167333398174351,17548,"CSC"
193,"Female",0.158612372306603,0.149891346438856,0.167333398174351,17548,"CSC"
194,"Female",0.159343307644438,0.150569495018134,0.168117120270742,17548,"CSC"
195,"Female",0.16329582086684,0.154389935935023,0.172201705798658,17548,"CSC"
196,"Female",0.16329582086684,0.154389935935023,0.172201705798658,17548,"CSC"
197,"Female",0.16329582086684,0.154389935935023,0.172201705798658,17548,"CSC"
198,"Female",0.16329582086684,0.154389935935023,0.172201705798658,17548,"CSC"
199,"Female",0.16329582086684,0.154389935935023,0.172201705798658,17548,"CSC"
200,"Female",0.16329582086684,0.154389935935023,0.172201705798658,17548,"CSC"
201,"Female",0.164062943744002,0.155129644716842,0.172996242771163,17548,"CSC"
202,"Female",0.164580558672974,0.155627391227131,0.173533726118816,17548,"CSC"
203,"Female",0.164580558672974,0.155627391227131,0.173533726118816,17548,"CSC"
204,"Female",0.164580558672974,0.155627391227131,0.173533726118816,17548,"CSC"
205,"Female",0.164580558672974,0.155627391227131,0.173533726118816,17548,"CSC"
206,"Female",0.165662931458943,0.156604174660991,0.174721688256896,17548,"CSC"
207,"Female",0.165662931458943,0.156604174660991,0.174721688256896,17548,"CSC"
208,"Female",0.166211128139914,0.157130227428146,0.175292028851681,17548,"CSC"
210,"Female",0.167344556987615,0.158150836188108,0.176538277787121,17548,"CSC"
211,"Female",0.167344556987615,0.158150836188108,0.176538277787121,17548,"CSC"
212,"Female",0.167344556987615,0.158150836188108,0.176538277787121,17548,"CSC"
213,"Female",0.167344556987615,0.158150836188108,0.176538277787121,17548,"CSC"
216,"Female",0.167344556987615,0.158150836188108,0.176538277787121,17548,"CSC"
219,"Female",0.167344556987615,0.158150836188108,0.176538277787121,17548,"CSC"
220,"Female",0.167344556987615,0.158150836188108,0.176538277787121,17548,"CSC"
221,"Female",0.167344556987615,0.158150836188108,0.176538277787121,17548,"CSC"
223,"Female",0.167696176887858,0.158462671279097,0.176929682496618,17548,"CSC"
226,"Female",0.167696176887858,0.158462671279097,0.176929682496618,17548,"CSC"
227,"Female",0.167696176887858,0.158462671279097,0.176929682496618,17548,"CSC"
229,"Female",0.167696176887858,0.158462671279097,0.176929682496618,17548,"CSC"
230,"Female",0.167696176887858,0.158462671279097,0.176929682496618,17548,"CSC"
231,"Female",0.167696176887858,0.158462671279097,0.176929682496618,17548,"CSC"
234,"Female",0.169864023789108,0.160463369223013,0.179264678355203,17548,"CSC"
243,"Female",0.169864023789108,0.160463369223013,0.179264678355203,17548,"CSC"
245,"Female",0.169864023789108,0.160463369223013,0.179264678355203,17548,"CSC"
246,"Female",0.170968177420871,0.161458901517333,0.180477453324409,17548,"CSC"
247,"Female",0.170968177420871,0.161458901517333,0.180477453324409,17548,"CSC"
248,"Female",0.170968177420871,0.161458901517333,0.180477453324409,17548,"CSC"
249,"Female",0.170968177420871,0.161458901517333,0.180477453324409,17548,"CSC"
250,"Female",0.174506655980836,0.16461442455813,0.184398887403542,17548,"CSC"
251,"Female",0.174506655980836,0.16461442455813,0.184398887403542,17548,"CSC"
252,"Female",0.174506655980836,0.16461442455813,0.184398887403542,17548,"CSC"
254,"Female",0.174506655980836,0.16461442455813,0.184398887403542,17548,"CSC"
256,"Female",0.174506655980836,0.16461442455813,0.184398887403542,17548,"CSC"
257,"Female",0.174506655980836,0.16461442455813,0.184398887403542,17548,"CSC"
260,"Female",0.174506655980836,0.16461442455813,0.184398887403542,17548,"CSC"
261,"Female",0.174506655980836,0.16461442455813,0.184398887403542,17548,"CSC"
263,"Female",0.174506655980836,0.16461442455813,0.184398887403542,17548,"CSC"
0,"Male",0,0,0,17548,"CSC"
1,"Male",0.00616343804816706,0.00488958364284336,0.00743729245349076,17548,"CSC"
2,"Male",0.0110108316004499,0.00930186471086352,0.0127197984900363,17548,"CSC"
3,"Male",0.0143071706673141,0.0123445646896667,0.0162697766449614,17548,"CSC"
4,"Male",0.0198068924789907,0.0174814369740398,0.0221323479839417,17548,"CSC"
5,"Male",0.0219753650535491,0.0195192289795613,0.0244315011275369,17548,"CSC"
6,"Male",0.0267251208666898,0.0239900150562699,0.0294602266771097,17548,"CSC"
7,"Male",0.0296036800520521,0.0267335070599057,0.0324738530441984,17548,"CSC"
8,"Male",0.0346050748416268,0.0314752503534881,0.0377348993297654,17548,"CSC"
9,"Male",0.0369115425561359,0.0336818114653716,0.0401412736469003,17548,"CSC"
10,"Male",0.0416199690362997,0.0381720010889695,0.0450679369836298,17548,"CSC"
11,"Male",0.0452696403587306,0.0417007022086086,0.0488385785088527,17548,"CSC"
12,"Male",0.047278778189309,0.0436011218631571,0.050956434515461,17548,"CSC"
13,"Male",0.049752199538772,0.0459635942596754,0.0535408048178687,17548,"CSC"
14,"Male",0.0529290940510251,0.0490155722104826,0.0568426158915676,17548,"CSC"
15,"Male",0.0552021690590498,0.0511882751151412,0.0592160630029584,17548,"CSC"
16,"Male",0.0568118984229502,0.0527447103245897,0.0608790865213107,17548,"CSC"
17,"Male",0.0588976535889924,0.0547743021785759,0.0630210049994088,17548,"CSC"
18,"Male",0.0611560521489141,0.0569349446912293,0.0653771596065989,17548,"CSC"
19,"Male",0.0645277675617996,0.060212150563398,0.0688433845602013,17548,"CSC"
20,"Male",0.0663288357757812,0.0619698967105467,0.0706877748410156,17548,"CSC"
21,"Male",0.067817933760918,0.0634025825662333,0.0722332849556026,17548,"CSC"
22,"Male",0.0700209504051971,0.0655476769939915,0.0744942238164027,17548,"CSC"
23,"Male",0.0730331150028062,0.0684439152003904,0.077622314805222,17548,"CSC"
24,"Male",0.0754135000840471,0.0707693942194635,0.0800576059486306,17548,"CSC"
25,"Male",0.0770077934734041,0.0722925174805151,0.0817230694662932,17548,"CSC"
26,"Male",0.0778021397223137,0.0730512754221612,0.0825530040224663,17548,"CSC"
27,"Male",0.08101911519705,0.0761930270198194,0.0858452033742806,17548,"CSC"
28,"Male",0.0832571914429082,0.0783667577975577,0.0881476250882588,17548,"CSC"
29,"Male",0.0838949450261365,0.0789922778651703,0.0887976121871028,17548,"CSC"
30,"Male",0.0848527640160334,0.0799173221413919,0.0897882058906748,17548,"CSC"
31,"Male",0.0871695519356767,0.0821153543794964,0.092223749491857,17548,"CSC"
32,"Male",0.0894336547826927,0.0842896990047065,0.0945776105606789,17548,"CSC"
33,"Male",0.0905641938219328,0.0853668211642297,0.095761566479636,17548,"CSC"
34,"Male",0.0915402429487789,0.086310864813322,0.0967696210842359,17548,"CSC"
35,"Male",0.0948837854677248,0.0895232084357002,0.100244362499749,17548,"CSC"
36,"Male",0.0971527500584223,0.0917165323048002,0.102588967812044,17548,"CSC"
37,"Male",0.0988695480040545,0.0933778845264814,0.104361211481628,17548,"CSC"
38,"Male",0.100509371726548,0.0949341432925831,0.106084600160513,17548,"CSC"
39,"Male",0.102560455122784,0.096895965337123,0.108224944908445,17548,"CSC"
40,"Male",0.1052310890647,0.0995187109611697,0.110943467168231,17548,"CSC"
41,"Male",0.107083526011136,0.101338401250595,0.112828650771677,17548,"CSC"
42,"Male",0.108180293191874,0.102398681216855,0.113961905166894,17548,"CSC"
43,"Male",0.108433656799805,0.102636566225275,0.114230747374335,17548,"CSC"
44,"Male",0.110140589688168,0.10423936092859,0.116041818447745,17548,"CSC"
45,"Male",0.110736578705628,0.104818269007998,0.116654888403259,17548,"CSC"
46,"Male",0.113150024583298,0.107174129513574,0.119125919653022,17548,"CSC"
47,"Male",0.114354513447269,0.108319852468656,0.120389174425881,17548,"CSC"
48,"Male",0.116178036268298,0.110103219102469,0.122252853434127,17548,"CSC"
49,"Male",0.116441094578058,0.11034997331213,0.122532215843986,17548,"CSC"
50,"Male",0.116617716815308,0.110519658415894,0.122715775214722,17548,"CSC"
51,"Male",0.116617716815308,0.110519658415894,0.122715775214722,17548,"CSC"
52,"Male",0.116617716815308,0.110519658415894,0.122715775214722,17548,"CSC"
53,"Male",0.117247422612244,0.11113245066411,0.123362394560378,17548,"CSC"
54,"Male",0.117247422612244,0.11113245066411,0.123362394560378,17548,"CSC"
55,"Male",0.11880784411692,0.112625337235242,0.124990350998598,17548,"CSC"
56,"Male",0.11880784411692,0.112625337235242,0.124990350998598,17548,"CSC"
57,"Male",0.118994508346799,0.112800633745593,0.125188382948004,17548,"CSC"
58,"Male",0.120211149549854,0.11396624849184,0.126456050607868,17548,"CSC"
59,"Male",0.121423055265369,0.115101017635371,0.127745092895367,17548,"CSC"
60,"Male",0.122263451692961,0.115905532047487,0.128621371338435,17548,"CSC"
61,"Male",0.123947589798398,0.117483817996223,0.130411361600573,17548,"CSC"
62,"Male",0.124229973296101,0.117760765929241,0.130699180662961,17548,"CSC"
63,"Male",0.125369860132994,0.118855672143057,0.131884048122931,17548,"CSC"
64,"Male",0.125751313731344,0.119236043607168,0.13226658385552,17548,"CSC"
65,"Male",0.126326005560889,0.119808055540952,0.132843955580825,17548,"CSC"
66,"Male",0.127683642436336,0.121130799733477,0.134236485139196,17548,"CSC"
67,"Male",0.129237139366094,0.122662607222782,0.135811671509406,17548,"CSC"
68,"Male",0.129920710595966,0.123319593892311,0.136521827299621,17548,"CSC"
69,"Male",0.131388635550013,0.124768782563144,0.138008488536881,17548,"CSC"
70,"Male",0.131388635550013,0.124768782563144,0.138008488536881,17548,"CSC"
71,"Male",0.132469988371668,0.125797738484795,0.139142238258542,17548,"CSC"
72,"Male",0.133258795379636,0.126553916307463,0.139963674451808,17548,"CSC"
73,"Male",0.133853695730779,0.127138689731094,0.140568701730464,17548,"CSC"
74,"Male",0.134946008700667,0.128216112939649,0.141675904461684,17548,"CSC"
75,"Male",0.135841380973578,0.129079267121199,0.142603494825958,17548,"CSC"
76,"Male",0.136141917679956,0.129361301335719,0.142922534024193,17548,"CSC"
77,"Male",0.138093860926635,0.131206576208466,0.144981145644804,17548,"CSC"
78,"Male",0.139124886874198,0.132184902384645,0.146064871363751,17548,"CSC"
79,"Male",0.139955175556486,0.132976680169394,0.146933670943578,17548,"CSC"
80,"Male",0.141303885743014,0.13424304408738,0.148364727398649,17548,"CSC"
81,"Male",0.142656665966443,0.135534877093289,0.149778454839598,17548,"CSC"
82,"Male",0.143800596074489,0.136647377966508,0.150953814182471,17548,"CSC"
83,"Male",0.145161530695676,0.137956589725115,0.152366471666236,17548,"CSC"
84,"Male",0.145580786475051,0.138345386760445,0.152816186189657,17548,"CSC"
85,"Male",0.146000559742276,0.138767993835402,0.153233125649151,17548,"CSC"
86,"Male",0.146527320155493,0.139259028533106,0.15379561177788,17548,"CSC"
87,"Male",0.146738840123257,0.139474033671546,0.154003646574969,17548,"CSC"
88,"Male",0.148549503171593,0.141200809510868,0.155898196832318,17548,"CSC"
89,"Male",0.150143429258067,0.142747535831444,0.157539322684689,17548,"CSC"
90,"Male",0.150357196996509,0.142946945152855,0.157767448840163,17548,"CSC"
91,"Male",0.151322028614548,0.14384933856678,0.158794718662317,17548,"CSC"
92,"Male",0.152518247061397,0.145035808085999,0.160000686036795,17548,"CSC"
93,"Male",0.154171882617502,0.146653295934352,0.161690469300653,17548,"CSC"
94,"Male",0.154501814492003,0.146961967909471,0.162041661074535,17548,"CSC"
95,"Male",0.15461261091169,0.147064749646481,0.162160472176899,17548,"CSC"
96,"Male",0.155061681617639,0.147482187887744,0.162641175347533,17548,"CSC"
97,"Male",0.155512498378743,0.14790232428461,0.163122672472876,17548,"CSC"
98,"Male",0.156987044883066,0.149305198249949,0.164668891516184,17548,"CSC"
99,"Male",0.160861914066025,0.152981477056053,0.168742351075997,17548,"CSC"
100,"Male",0.160861914066025,0.152981477056053,0.168742351075997,17548,"CSC"
101,"Male",0.162001015175425,0.15405762951995,0.1699444008309,17548,"CSC"
102,"Male",0.16269596427573,0.154703874144355,0.170688054407106,17548,"CSC"
103,"Male",0.164907338740225,0.156846745928125,0.172967931552324,17548,"CSC"
104,"Male",0.164907338740225,0.156846745928125,0.172967931552324,17548,"CSC"
105,"Male",0.164907338740225,0.156846745928125,0.172967931552324,17548,"CSC"
106,"Male",0.165375858215143,0.157306258809528,0.173445457620757,17548,"CSC"
107,"Male",0.167179027739515,0.159053869541617,0.175304185937413,17548,"CSC"
108,"Male",0.16838317185876,0.160172895652653,0.176593448064867,17548,"CSC"
109,"Male",0.169827379785047,0.16156153305973,0.178093226510365,17548,"CSC"
110,"Male",0.172353698445201,0.163992007392356,0.180715389498046,17548,"CSC"
111,"Male",0.172353698445201,0.163992007392356,0.180715389498046,17548,"CSC"
112,"Male",0.173702417148615,0.165298273051832,0.182106561245398,17548,"CSC"
113,"Male",0.176654711054167,0.168124765100098,0.185184657008235,17548,"CSC"
114,"Male",0.176902022235965,0.168366478793062,0.185437565678868,17548,"CSC"
115,"Male",0.178147679780829,0.169524823954055,0.186770535607604,17548,"CSC"
116,"Male",0.178147679780829,0.169524823954055,0.186770535607604,17548,"CSC"
117,"Male",0.178900740716718,0.170224391132212,0.187577090301224,17548,"CSC"
118,"Male",0.180660215971836,0.171870841400281,0.189449590543392,17548,"CSC"
119,"Male",0.181286513668353,0.172479427298519,0.190093600038187,17548,"CSC"
120,"Male",0.182414004884822,0.173548165648986,0.191279844120657,17548,"CSC"
121,"Male",0.183041945258921,0.174131784015733,0.19195210650211,17548,"CSC"
122,"Male",0.183167704206114,0.174254846804399,0.19208056160783,17548,"CSC"
123,"Male",0.183421057751545,0.174501644263799,0.192340471239292,17548,"CSC"
125,"Male",0.183421057751545,0.174501644263799,0.192340471239292,17548,"CSC"
126,"Male",0.183678858937888,0.174741228960608,0.192616488915167,17548,"CSC"
127,"Male",0.18406727136756,0.175130569655833,0.193003973079287,17548,"CSC"
128,"Male",0.184327028487781,0.175371671900631,0.19328238507493,17548,"CSC"
129,"Male",0.184327028487781,0.175371671900631,0.19328238507493,17548,"CSC"
130,"Male",0.184327028487781,0.175371671900631,0.19328238507493,17548,"CSC"
131,"Male",0.184327028487781,0.175371671900631,0.19328238507493,17548,"CSC"
132,"Male",0.185672495643344,0.176642339952227,0.194702651334461,17548,"CSC"
133,"Male",0.186078099682971,0.17705526053459,0.195100938831352,17548,"CSC"
134,"Male",0.187580043466666,0.178496820155231,0.196663266778102,17548,"CSC"
135,"Male",0.188131526992269,0.179050477981304,0.197212576003235,17548,"CSC"
136,"Male",0.188545668030286,0.179430096246352,0.197661239814219,17548,"CSC"
137,"Male",0.188545668030286,0.179430096246352,0.197661239814219,17548,"CSC"
138,"Male",0.189522905911483,0.180376143558895,0.198669668264071,17548,"CSC"
139,"Male",0.190089828147802,0.180902107075003,0.199277549220601,17548,"CSC"
140,"Male",0.191671753444642,0.18236340931229,0.200980097576995,17548,"CSC"
141,"Male",0.191671753444642,0.18236340931229,0.200980097576995,17548,"CSC"
143,"Male",0.19197141810078,0.182662581669161,0.201280254532399,17548,"CSC"
144,"Male",0.194281303904712,0.184940999291295,0.20362160851813,17548,"CSC"
145,"Male",0.196010201355838,0.186621647452177,0.2053987552595,17548,"CSC"
146,"Male",0.196010201355838,0.186621647452177,0.2053987552595,17548,"CSC"
147,"Male",0.196010201355838,0.186621647452177,0.2053987552595,17548,"CSC"
149,"Male",0.19748202614518,0.188075610664895,0.206888441625465,17548,"CSC"
150,"Male",0.19748202614518,0.188075610664895,0.206888441625465,17548,"CSC"
151,"Male",0.199673444441204,0.190171427643572,0.209175461238836,17548,"CSC"
152,"Male",0.200522602415617,0.190953942861249,0.210091261969985,17548,"CSC"
153,"Male",0.201206754624211,0.191583584258695,0.210829924989727,17548,"CSC"
154,"Male",0.202269965686445,0.192620580659883,0.211919350713006,17548,"CSC"
155,"Male",0.202627020643234,0.192965393434087,0.212288647852382,17548,"CSC"
156,"Male",0.204429407090835,0.194643499038421,0.214215315143248,17548,"CSC"
157,"Male",0.204429407090835,0.194643499038421,0.214215315143248,17548,"CSC"
158,"Male",0.206628027437642,0.196717701952389,0.216538352922895,17548,"CSC"
160,"Male",0.206628027437642,0.196717701952389,0.216538352922895,17548,"CSC"
161,"Male",0.206628027437642,0.196717701952389,0.216538352922895,17548,"CSC"
162,"Male",0.207403018886459,0.197457097817176,0.217348939955742,17548,"CSC"
163,"Male",0.207403018886459,0.197457097817176,0.217348939955742,17548,"CSC"
164,"Male",0.208403928367929,0.198422077520766,0.218385779215092,17548,"CSC"
166,"Male",0.208403928367929,0.198422077520766,0.218385779215092,17548,"CSC"
168,"Male",0.208403928367929,0.198422077520766,0.218385779215092,17548,"CSC"
169,"Male",0.208403928367929,0.198422077520766,0.218385779215092,17548,"CSC"
170,"Male",0.210165152809252,0.200036329906516,0.220293975711989,17548,"CSC"
171,"Male",0.210165152809252,0.200036329906516,0.220293975711989,17548,"CSC"
174,"Male",0.210165152809252,0.200036329906516,0.220293975711989,17548,"CSC"
175,"Male",0.210399964242905,0.200251733653752,0.220548194832058,17548,"CSC"
176,"Male",0.210873311926869,0.200686328207377,0.221060295646361,17548,"CSC"
178,"Male",0.210873311926869,0.200686328207377,0.221060295646361,17548,"CSC"
182,"Male",0.210873311926869,0.200686328207377,0.221060295646361,17548,"CSC"
183,"Male",0.211399905906116,0.201178079137607,0.221621732674626,17548,"CSC"
184,"Male",0.211399905906116,0.201178079137607,0.221621732674626,17548,"CSC"
187,"Male",0.212770908956935,0.202487523309522,0.223054294604347,17548,"CSC"
188,"Male",0.213046693754565,0.202738375450331,0.223355012058799,17548,"CSC"
189,"Male",0.213046693754565,0.202738375450331,0.223355012058799,17548,"CSC"
190,"Male",0.213046693754565,0.202738375450331,0.223355012058799,17548,"CSC"
191,"Male",0.215321465574862,0.204809431411252,0.225833499738471,17548,"CSC"
192,"Male",0.215321465574862,0.204809431411252,0.225833499738471,17548,"CSC"
193,"Male",0.215321465574862,0.204809431411252,0.225833499738471,17548,"CSC"
194,"Male",0.216222725268531,0.205655189276237,0.226790261260824,17548,"CSC"
195,"Male",0.221095962156757,0.210081525532475,0.23211039878104,17548,"CSC"
196,"Male",0.221095962156757,0.210081525532475,0.23211039878104,17548,"CSC"
197,"Male",0.221095962156757,0.210081525532475,0.23211039878104,17548,"CSC"
198,"Male",0.221095962156757,0.210081525532475,0.23211039878104,17548,"CSC"
199,"Male",0.221095962156757,0.210081525532475,0.23211039878104,17548,"CSC"
200,"Male",0.221095962156757,0.210081525532475,0.23211039878104,17548,"CSC"
201,"Male",0.22203946181798,0.210937919059421,0.233141004576539,17548,"CSC"
202,"Male",0.22267605324109,0.211516306813122,0.233835799669058,17548,"CSC"
203,"Male",0.22267605324109,0.211516306813122,0.233835799669058,17548,"CSC"
204,"Male",0.22267605324109,0.211516306813122,0.233835799669058,17548,"CSC"
205,"Male",0.22267605324109,0.211516306813122,0.233835799669058,17548,"CSC"
206,"Male",0.224004240079927,0.212773749372803,0.235234730787052,17548,"CSC"
207,"Male",0.224004240079927,0.212773749372803,0.235234730787052,17548,"CSC"
208,"Male",0.224676649163109,0.213381439403634,0.235971858922585,17548,"CSC"
210,"Male",0.226066167290603,0.214693197188754,0.237439137392452,17548,"CSC"
211,"Male",0.226066167290603,0.214693197188754,0.237439137392452,17548,"CSC"
212,"Male",0.226066167290603,0.214693197188754,0.237439137392452,17548,"CSC"
213,"Male",0.226066167290603,0.214693197188754,0.237439137392452,17548,"CSC"
216,"Male",0.226066167290603,0.214693197188754,0.237439137392452,17548,"CSC"
219,"Male",0.226066167290603,0.214693197188754,0.237439137392452,17548,"CSC"
220,"Male",0.226066167290603,0.214693197188754,0.237439137392452,17548,"CSC"
221,"Male",0.226066167290603,0.214693197188754,0.237439137392452,17548,"CSC"
223,"Male",0.226495068690713,0.215091692947476,0.23789844443395,17548,"CSC"
226,"Male",0.226495068690713,0.215091692947476,0.23789844443395,17548,"CSC"
227,"Male",0.226495068690713,0.215091692947476,0.23789844443395,17548,"CSC"
229,"Male",0.226495068690713,0.215091692947476,0.23789844443395,17548,"CSC"
230,"Male",0.226495068690713,0.215091692947476,0.23789844443395,17548,"CSC"
231,"Male",0.226495068690713,0.215091692947476,0.23789844443395,17548,"CSC"
234,"Male",0.229132647948624,0.217398316236438,0.240866979660809,17548,"CSC"
243,"Male",0.229132647948624,0.217398316236438,0.240866979660809,17548,"CSC"
245,"Male",0.229132647948624,0.217398316236438,0.240866979660809,17548,"CSC"
246,"Male",0.230473544498967,0.218532791367363,0.242414297630571,17548,"CSC"
247,"Male",0.230473544498967,0.218532791367363,0.242414297630571,17548,"CSC"
248,"Male",0.230473544498967,0.218532791367363,0.242414297630571,17548,"CSC"
249,"Male",0.230473544498967,0.218532791367363,0.242414297630571,17548,"CSC"
250,"Male",0.234757230051665,0.222143925224434,0.247370534878895,17548,"CSC"
251,"Male",0.234757230051665,0.222143925224434,0.247370534878895,17548,"CSC"
252,"Male",0.234757230051665,0.222143925224434,0.247370534878895,17548,"CSC"
254,"Male",0.234757230051665,0.222143925224434,0.247370534878895,17548,"CSC"
256,"Male",0.234757230051665,0.222143925224434,0.247370534878895,17548,"CSC"
257,"Male",0.234757230051665,0.222143925224434,0.247370534878895,17548,"CSC"
260,"Male",0.234757230051665,0.222143925224434,0.247370534878895,17548,"CSC"
261,"Male",0.234757230051665,0.222143925224434,0.247370534878895,17548,"CSC"
263,"Male",0.234757230051665,0.222143925224434,0.247370534878895,17548,"CSC"
0,"Female",0,0,0,17548,"FGR"
1,"Female",0.00375009409108008,0.00314646379008925,0.00471943860974987,17548,"FGR"
2,"Female",0.00674702536643641,0.0058845707166937,0.00775512234540301,17548,"FGR"
3,"Female",0.00881433803114724,0.007779732086692,0.0101797554802693,17548,"FGR"
4,"Female",0.0122611478939304,0.0113605905652593,0.0139714781641738,17548,"FGR"
5,"Female",0.0136531426953351,0.0127045509508294,0.0152720243015815,17548,"FGR"
6,"Female",0.0166871165984535,0.015284855994606,0.0185334612456273,17548,"FGR"
7,"Female",0.0185430324088052,0.0167567456461418,0.0207090495247075,17548,"FGR"
8,"Female",0.0217585233842555,0.0194855512505629,0.0239034972339189,17548,"FGR"
9,"Female",0.0232709229057731,0.0213369660077306,0.0254909462717399,17548,"FGR"
10,"Female",0.0263478514335653,0.0241510988538498,0.0285677843566232,17548,"FGR"
11,"Female",0.0287546728679406,0.026421844290031,0.0311418398770055,17548,"FGR"
12,"Female",0.0301024816856971,0.0277605938368231,0.0326438598099161,17548,"FGR"
13,"Female",0.031763053475081,0.0292490581980054,0.0345029340101324,17548,"FGR"
14,"Female",0.0339071606345284,0.0313482045884081,0.036757622144897,17548,"FGR"
15,"Female",0.0354521539585074,0.0329101489638663,0.0386857924850412,17548,"FGR"
16,"Female",0.0365487133599402,0.0340445081989555,0.0398408907941285,17548,"FGR"
17,"Female",0.0379734828202867,0.0354640242167992,0.0413844432152027,17548,"FGR"
18,"Female",0.0395138439119387,0.0371211660884435,0.0427650294347264,17548,"FGR"
19,"Female",0.0418162218465329,0.0390884468030783,0.0447946561462942,17548,"FGR"
20,"Female",0.0430623083498577,0.0401746152560745,0.046229355924543,17548,"FGR"
21,"Female",0.04409877833532,0.0410868151597697,0.0469867076516898,17548,"FGR"
22,"Female",0.0456369708382034,0.0426913911114547,0.0488051592258195,17548,"FGR"
23,"Female",0.0477451792378705,0.0444969722859734,0.0511810668045473,17548,"FGR"
24,"Female",0.0494218726502758,0.0462361199188823,0.052964049989534,17548,"FGR"
25,"Female",0.0505517585493414,0.0472119607330142,0.054537152790052,17548,"FGR"
26,"Female",0.0511184954440719,0.0479963368782109,0.055196307705876,17548,"FGR"
27,"Female",0.0533981828734178,0.0502405874008649,0.0572143021772737,17548,"FGR"
28,"Female",0.0549975543654586,0.0521230265302689,0.0587268541159505,17548,"FGR"
29,"Female",0.0554574892675358,0.0525481307987498,0.0594017269237862,17548,"FGR"
30,"Female",0.0561481935546355,0.053139314206648,0.0601696276922267,17548,"FGR"
31,"Female",0.0578210553358878,0.0549813530718394,0.0622285726569377,17548,"FGR"
32,"Female",0.0594525955310175,0.0561575664861407,0.0637678662870677,17548,"FGR"
33,"Female",0.0602736531783867,0.0568647461934405,0.0646552258052465,17548,"FGR"
34,"Female",0.0609797683991461,0.0577786559497566,0.0653174588765013,17548,"FGR"
35,"Female",0.0633931024898463,0.0600726454076536,0.0675740603141985,17548,"FGR"
36,"Female",0.0650386293057747,0.0617062943765073,0.0697081371348206,17548,"FGR"
37,"Female",0.0662891832346826,0.0628532263811214,0.0711204878726907,17548,"FGR"
38,"Female",0.0674875204869732,0.063799978529861,0.0723774906877483,17548,"FGR"
39,"Female",0.0689920738273591,0.0653457110302696,0.0740712862303496,17548,"FGR"
40,"Female",0.070921884456612,0.0671056645881927,0.0760587242714127,17548,"FGR"
41,"Female",0.0722643845031048,0.0682273558146701,0.0772632735823297,17548,"FGR"
42,"Female",0.073065253419807,0.0686950527844294,0.0779256592437191,17548,"FGR"
43,"Female",0.0732514086711266,0.068850287587308,0.0780952124423656,17548,"FGR"
44,"Female",0.0745026464898832,0.0701347803260929,0.0794527579940427,17548,"FGR"
45,"Female",0.0749411012784238,0.0707205705280537,0.0797775075609703,17548,"FGR"
46,"Female",0.0767046311846955,0.072668675602608,0.0817856052762149,17548,"FGR"
47,"Female",0.07759262173106,0.0736240610450253,0.082688548656963,17548,"FGR"
48,"Female",0.0789257282154054,0.0749906985509686,0.0841743721651447,17548,"FGR"
49,"Female",0.0791196750985299,0.0752307168567781,0.0843394027324356,17548,"FGR"
50,"Female",0.0792495843068166,0.0753938345063987,0.084552297377865,17548,"FGR"
51,"Female",0.0792495843068166,0.0753938345063987,0.084552297377865,17548,"FGR"
52,"Female",0.0792495843068166,0.0753938345063987,0.084552297377865,17548,"FGR"
53,"Female",0.0797121537664567,0.0756758620788105,0.0849628818948654,17548,"FGR"
54,"Female",0.0797121537664567,0.0756758620788105,0.0849628818948654,17548,"FGR"
55,"Female",0.0808532406585971,0.0766388479129976,0.0859632563954067,17548,"FGR"
56,"Female",0.0808532406585971,0.0766388479129976,0.0859632563954067,17548,"FGR"
57,"Female",0.0809894010982756,0.0768727733629057,0.0859789535864495,17548,"FGR"
58,"Female",0.0818764254412661,0.0777657395549345,0.0870655621816794,17548,"FGR"
59,"Female",0.0827639239042274,0.0783788241983258,0.0878177663335987,17548,"FGR"
60,"Female",0.0833811390705304,0.078921620746843,0.08873300532925,17548,"FGR"
61,"Female",0.0846213179969888,0.080334592028752,0.0895324436013707,17548,"FGR"
62,"Female",0.0848296957437879,0.0806810172988384,0.0896734619163411,17548,"FGR"
63,"Female",0.0856693790435069,0.0814355809509887,0.0908953646855964,17548,"FGR"
64,"Female",0.0859507333381658,0.0817763775541251,0.0911493182406339,17548,"FGR"
65,"Female",0.0863744871356452,0.0821223743025124,0.0915637400123398,17548,"FGR"
66,"Female",0.0873735957452506,0.0833138014201961,0.0927343918541616,17548,"FGR"
67,"Female",0.0885164185001898,0.0843537623764843,0.0941059453221939,17548,"FGR"
68,"Female",0.0890224539395809,0.08486286238989,0.0948469480629539,17548,"FGR"
69,"Female",0.0901086167218589,0.0855307445517432,0.0961475012522531,17548,"FGR"
70,"Female",0.0901086167218589,0.0855307445517432,0.0961475012522531,17548,"FGR"
71,"Female",0.0909136278969807,0.0863892678018943,0.0967521186498,17548,"FGR"
72,"Female",0.0915017699844784,0.0871589051147158,0.0972761308717715,17548,"FGR"
73,"Female",0.0919463184184573,0.0875834614376975,0.0979979194582725,17548,"FGR"
74,"Female",0.0927638501538254,0.0882411534442293,0.0989528698376192,17548,"FGR"
75,"Female",0.0934363966079937,0.0892644800430912,0.0994916451330934,17548,"FGR"
76,"Female",0.0936624608297708,0.089351163752528,0.0997529492705476,17548,"FGR"
77,"Female",0.0951179767232811,0.0907285662086454,0.101305780086293,17548,"FGR"
78,"Female",0.0958880530092083,0.091587588690991,0.102023215485321,17548,"FGR"
79,"Female",0.0965098776173729,0.0919848538567716,0.102314669488617,17548,"FGR"
80,"Female",0.0975226650723134,0.0927560450982243,0.103217032160096,17548,"FGR"
81,"Female",0.098542084101223,0.0937117334943885,0.10397666906924,17548,"FGR"
82,"Female",0.0994059282670992,0.0943901012704058,0.104972404847322,17548,"FGR"
83,"Female",0.100436881489122,0.095336328938867,0.10617904651025,17548,"FGR"
84,"Female",0.100755863739438,0.0956490270181755,0.106512039855762,17548,"FGR"
85,"Female",0.101076067739287,0.0959283748252562,0.106738514702329,17548,"FGR"
86,"Female",0.101478515080072,0.0963380993409514,0.107021921434098,17548,"FGR"
87,"Female",0.101640452829267,0.0964379311360646,0.1072514784645,17548,"FGR"
88,"Female",0.10302002408799,0.0978988329810554,0.108944581074496,17548,"FGR"
89,"Female",0.10423990931117,0.0991057141068373,0.110122370018215,17548,"FGR"
90,"Female",0.10440431725076,0.0993427002669208,0.110179208876472,17548,"FGR"
91,"Female",0.105146508150509,0.100029883904447,0.111116954113184,17548,"FGR"
92,"Female",0.106059910910028,0.100779069499751,0.111880887079708,17548,"FGR"
93,"Female",0.107324926374595,0.101867616289659,0.113368464532873,17548,"FGR"
94,"Female",0.107579035099676,0.102153089930434,0.1134270310743,17548,"FGR"
95,"Female",0.107664112480741,0.102153089930434,0.113514035003697,17548,"FGR"
96,"Female",0.108005116631327,0.102706399622908,0.113921515686729,17548,"FGR"
97,"Female",0.108348122712036,0.103054383547374,0.114238918258262,17548,"FGR"
98,"Female",0.10946578616405,0.103931903911338,0.115487021991376,17548,"FGR"
99,"Female",0.112396627407769,0.107614212626492,0.118842882471042,17548,"FGR"
100,"Female",0.112396627407769,0.107614212626492,0.118842882471042,17548,"FGR"
101,"Female",0.113268248492968,0.108270100352412,0.119848524315301,17548,"FGR"
102,"Female",0.113801176434743,0.108857886935975,0.120359790713658,17548,"FGR"
103,"Female",0.115498130048791,0.110076809745586,0.121960337969396,17548,"FGR"
104,"Female",0.115498130048791,0.110076809745586,0.121960337969396,17548,"FGR"
105,"Female",0.115498130048791,0.110076809745586,0.121960337969396,17548,"FGR"
106,"Female",0.115861061321891,0.110697371098007,0.122336244813741,17548,"FGR"
107,"Female",0.117242265336946,0.111862731989353,0.123587036519739,17548,"FGR"
108,"Female",0.118170115628054,0.112858123037092,0.124418749287615,17548,"FGR"
109,"Female",0.119285365293167,0.113915344807556,0.125979975922845,17548,"FGR"
110,"Female",0.121237176692953,0.115789855017463,0.127848992973486,17548,"FGR"
111,"Female",0.121237176692953,0.115789855017463,0.127848992973486,17548,"FGR"
112,"Female",0.122280120754584,0.117006861441939,0.128865823366526,17548,"FGR"
113,"Female",0.124561668084654,0.118997988125175,0.130776900203317,17548,"FGR"
114,"Female",0.124754154328147,0.119124991876229,0.130852667560054,17548,"FGR"
115,"Female",0.125722398493101,0.120329802563344,0.131736304882161,17548,"FGR"
116,"Female",0.125722398493101,0.120329802563344,0.131736304882161,17548,"FGR"
117,"Female",0.126310536614783,0.121192609661118,0.13215968237819,17548,"FGR"
118,"Female",0.12768515860998,0.122125683746266,0.133405158156625,17548,"FGR"
119,"Female",0.12817689124993,0.122370405902086,0.133865655883825,17548,"FGR"
120,"Female",0.129062057670101,0.123139585263978,0.135238731359712,17548,"FGR"
121,"Female",0.12955666713008,0.123459154769952,0.135971371611638,17548,"FGR"
122,"Female",0.129656050203788,0.123780695834673,0.135994050012965,17548,"FGR"
123,"Female",0.129856544492866,0.124189678285724,0.136142700646964,17548,"FGR"
125,"Female",0.129856544492866,0.124189678285724,0.136142700646964,17548,"FGR"
126,"Female",0.130061750583995,0.124435759521403,0.136434768079144,17548,"FGR"
127,"Female",0.130372034056237,0.124627474324335,0.136682110521918,17548,"FGR"
128,"Female",0.130579943281491,0.12488704783097,0.136753152982732,17548,"FGR"
129,"Female",0.130579943281491,0.12488704783097,0.136753152982732,17548,"FGR"
130,"Female",0.130579943281491,0.12488704783097,0.136753152982732,17548,"FGR"
131,"Female",0.130579943281491,0.12488704783097,0.136753152982732,17548,"FGR"
132,"Female",0.131649091373849,0.125884764453552,0.138011880450792,17548,"FGR"
133,"Female",0.131972290959437,0.126076184856166,0.138367206592983,17548,"FGR"
134,"Female",0.133165781631287,0.127281657837382,0.139386692804591,17548,"FGR"
135,"Female",0.133604104232083,0.127603959417489,0.140016140295595,17548,"FGR"
136,"Female",0.133933535866966,0.127873141016722,0.140281272419544,17548,"FGR"
137,"Female",0.133933535866966,0.127873141016722,0.140281272419544,17548,"FGR"
138,"Female",0.134713631267286,0.128823421550451,0.141131109628235,17548,"FGR"
139,"Female",0.135165069521558,0.129273364249461,0.141523568156288,17548,"FGR"
140,"Female",0.136420663579568,0.130448348868392,0.142410016044772,17548,"FGR"
141,"Female",0.136420663579568,0.130448348868392,0.142410016044772,17548,"FGR"
143,"Female",0.13665766759588,0.130563381031959,0.142628235473594,17548,"FGR"
144,"Female",0.138447597397287,0.132935437050208,0.144734547100524,17548,"FGR"
145,"Female",0.139783190127237,0.134053649556302,0.146247783378208,17548,"FGR"
146,"Female",0.139783190127237,0.134053649556302,0.146247783378208,17548,"FGR"
147,"Female",0.139783190127237,0.134053649556302,0.146247783378208,17548,"FGR"
149,"Female",0.140923693242078,0.13500407977611,0.147773134287831,17548,"FGR"
150,"Female",0.140923693242078,0.13500407977611,0.147773134287831,17548,"FGR"
151,"Female",0.142616906745845,0.136756881218027,0.149618973893596,17548,"FGR"
152,"Female",0.143276737310254,0.137142400451111,0.150519182172189,17548,"FGR"
153,"Female",0.1438093708728,0.137761849515272,0.150944301890517,17548,"FGR"
154,"Female",0.144630698852207,0.138718178660778,0.151690216521384,17548,"FGR"
155,"Female",0.144907788796647,0.138823054343803,0.151968392748987,17548,"FGR"
156,"Female",0.146301163837484,0.140010466571039,0.153398360035741,17548,"FGR"
157,"Female",0.146301163837484,0.140010466571039,0.153398360035741,17548,"FGR"
158,"Female",0.148007117749534,0.142137505336644,0.155274053273717,17548,"FGR"
160,"Female",0.148007117749534,0.142137505336644,0.155274053273717,17548,"FGR"
161,"Female",0.148007117749534,0.142137505336644,0.155274053273717,17548,"FGR"
162,"Female",0.148605224787771,0.142269697890986,0.156210202288403,17548,"FGR"
163,"Female",0.148605224787771,0.142269697890986,0.156210202288403,17548,"FGR"
164,"Female",0.149380318841424,0.142802012983881,0.15735278876051,17548,"FGR"
166,"Female",0.149380318841424,0.142802012983881,0.15735278876051,17548,"FGR"
168,"Female",0.149380318841424,0.142802012983881,0.15735278876051,17548,"FGR"
169,"Female",0.149380318841424,0.142802012983881,0.15735278876051,17548,"FGR"
170,"Female",0.15072279314808,0.143985923825022,0.158449462899165,17548,"FGR"
171,"Female",0.15072279314808,0.143985923825022,0.158449462899165,17548,"FGR"
174,"Female",0.15072279314808,0.143985923825022,0.158449462899165,17548,"FGR"
175,"Female",0.15090263641603,0.144122634243593,0.158607579778339,17548,"FGR"
176,"Female",0.151265584145455,0.144517016513135,0.159114992469825,17548,"FGR"
178,"Female",0.151265584145455,0.144517016513135,0.159114992469825,17548,"FGR"
182,"Female",0.151265584145455,0.144517016513135,0.159114992469825,17548,"FGR"
183,"Female",0.151666158754759,0.145216508711737,0.159361650738357,17548,"FGR"
184,"Female",0.151666158754759,0.145216508711737,0.159361650738357,17548,"FGR"
187,"Female",0.15271358512101,0.146330853941837,0.15974069848449,17548,"FGR"
188,"Female",0.152925357346823,0.14665505615462,0.159787517285001,17548,"FGR"
189,"Female",0.152925357346823,0.14665505615462,0.159787517285001,17548,"FGR"
190,"Female",0.152925357346823,0.14665505615462,0.159787517285001,17548,"FGR"
191,"Female",0.154674774332099,0.148249738186192,0.161288300649392,17548,"FGR"
192,"Female",0.154674774332099,0.148249738186192,0.161288300649392,17548,"FGR"
193,"Female",0.154674774332099,0.148249738186192,0.161288300649392,17548,"FGR"
194,"Female",0.155353500290022,0.148903967818114,0.16207080886594,17548,"FGR"
195,"Female",0.158994540145438,0.152224077142308,0.165561022145103,17548,"FGR"
196,"Female",0.158994540145438,0.152224077142308,0.165561022145103,17548,"FGR"
197,"Female",0.158994540145438,0.152224077142308,0.165561022145103,17548,"FGR"
198,"Female",0.158994540145438,0.152224077142308,0.165561022145103,17548,"FGR"
199,"Female",0.158994540145438,0.152224077142308,0.165561022145103,17548,"FGR"
200,"Female",0.158994540145438,0.152224077142308,0.165561022145103,17548,"FGR"
201,"Female",0.159716822798599,0.152516064543555,0.166548359370657,17548,"FGR"
202,"Female",0.160204983610453,0.153001220251194,0.166605532484378,17548,"FGR"
203,"Female",0.160204983610453,0.153001220251194,0.166605532484378,17548,"FGR"
204,"Female",0.160204983610453,0.153001220251194,0.166605532484378,17548,"FGR"
205,"Female",0.160204983610453,0.153001220251194,0.166605532484378,17548,"FGR"
206,"Female",0.161234625169538,0.154429629503539,0.168432577391995,17548,"FGR"
207,"Female",0.161234625169538,0.154429629503539,0.168432577391995,17548,"FGR"
208,"Female",0.161758468490675,0.155157537400171,0.169369128658878,17548,"FGR"
210,"Female",0.162845650485568,0.156352842524412,0.170067212873948,17548,"FGR"
211,"Female",0.162845650485568,0.156352842524412,0.170067212873948,17548,"FGR"
212,"Female",0.162845650485568,0.156352842524412,0.170067212873948,17548,"FGR"
213,"Female",0.162845650485568,0.156352842524412,0.170067212873948,17548,"FGR"
216,"Female",0.162845650485568,0.156352842524412,0.170067212873948,17548,"FGR"
219,"Female",0.162845650485568,0.156352842524412,0.170067212873948,17548,"FGR"
220,"Female",0.162845650485568,0.156352842524412,0.170067212873948,17548,"FGR"
221,"Female",0.162845650485568,0.156352842524412,0.170067212873948,17548,"FGR"
223,"Female",0.163183745345314,0.156646694021969,0.17087280362428,17548,"FGR"
226,"Female",0.163183745345314,0.156646694021969,0.17087280362428,17548,"FGR"
227,"Female",0.163183745345314,0.156646694021969,0.17087280362428,17548,"FGR"
229,"Female",0.163183745345314,0.156646694021969,0.17087280362428,17548,"FGR"
230,"Female",0.163183745345314,0.156646694021969,0.17087280362428,17548,"FGR"
231,"Female",0.163183745345314,0.156646694021969,0.17087280362428,17548,"FGR"
234,"Female",0.165263968906365,0.158476696593684,0.173355122038074,17548,"FGR"
243,"Female",0.165263968906365,0.158476696593684,0.173355122038074,17548,"FGR"
245,"Female",0.165263968906365,0.158476696593684,0.173355122038074,17548,"FGR"
246,"Female",0.166359560156154,0.159017746522221,0.17524044117358,17548,"FGR"
247,"Female",0.166359560156154,0.159017746522221,0.17524044117358,17548,"FGR"
248,"Female",0.166359560156154,0.159017746522221,0.17524044117358,17548,"FGR"
249,"Female",0.166359560156154,0.159017746522221,0.17524044117358,17548,"FGR"
250,"Female",0.169875702560406,0.162607503220505,0.179910486059107,17548,"FGR"
251,"Female",0.169875702560406,0.162607503220505,0.179910486059107,17548,"FGR"
252,"Female",0.169875702560406,0.162607503220505,0.179910486059107,17548,"FGR"
254,"Female",0.169875702560406,0.162607503220505,0.179910486059107,17548,"FGR"
256,"Female",0.169875702560406,0.162607503220505,0.179910486059107,17548,"FGR"
257,"Female",0.169875702560406,0.162607503220505,0.179910486059107,17548,"FGR"
260,"Female",0.169875702560406,0.162607503220505,0.179910486059107,17548,"FGR"
261,"Female",0.169875702560406,0.162607503220505,0.179910486059107,17548,"FGR"
263,"Female",0.169875702560406,0.162607503220505,0.179910486059107,17548,"FGR"
0,"Male",0,0,0,17548,"FGR"
1,"Male",0.00605333793507871,0.00494364225150049,0.00759529710977877,17548,"FGR"
2,"Male",0.0108541968103577,0.00931352711328381,0.0129893224494132,17548,"FGR"
3,"Male",0.0141471523050181,0.0124504896641297,0.0162109683869764,17548,"FGR"
4,"Male",0.0196039998701183,0.0178609055110444,0.0216807988351518,17548,"FGR"
5,"Male",0.0217960427052735,0.0196182674082538,0.0236222711546011,17548,"FGR"
6,"Male",0.026550805901881,0.0239653913002928,0.0286214565479657,17548,"FGR"
7,"Male",0.029444005881198,0.0265561214557423,0.0317092901180919,17548,"FGR"
8,"Male",0.0344295392286748,0.030858920196578,0.0367371087818439,17548,"FGR"
9,"Male",0.036762745468408,0.033286445030687,0.0390910534374342,17548,"FGR"
10,"Male",0.041486798380402,0.0378941434610468,0.0441405868028833,17548,"FGR"
11,"Male",0.0451610573981092,0.0417721065422047,0.0479425068518353,17548,"FGR"
12,"Male",0.0472107075838019,0.0436115749352006,0.0502170892772775,17548,"FGR"
13,"Male",0.0497282650495551,0.0459951234823945,0.0526348145815758,17548,"FGR"
14,"Male",0.0529664442069792,0.0483472063372972,0.055891416227698,17548,"FGR"
15,"Male",0.0552912071096121,0.0511584170869776,0.0584294272047236,17548,"FGR"
16,"Male",0.0569368912588744,0.0523025703558277,0.0596919196098476,17548,"FGR"
17,"Male",0.0590698428397159,0.0547733925743514,0.0622689055274141,17548,"FGR"
18,"Male",0.0613691693506043,0.0568514596641749,0.0648569002231405,17548,"FGR"
19,"Male",0.0647932205879655,0.0604118947263979,0.0686742257568003,17548,"FGR"
20,"Male",0.0666400856355998,0.0621828869752832,0.0705553938732844,17548,"FGR"
21,"Male",0.0681729458365353,0.0637080847957863,0.0714950389138152,17548,"FGR"
22,"Male",0.0704423049551067,0.0660739415822084,0.0741063934868271,17548,"FGR"
23,"Male",0.0735420700972881,0.0687184888096646,0.0770831161031706,17548,"FGR"
24,"Male",0.075998772503281,0.0713648409469997,0.079373971448735,17548,"FGR"
25,"Male",0.0776500537894903,0.073387041632664,0.0813763831600409,17548,"FGR"
26,"Male",0.0784770442879208,0.0740586370676308,0.0818580421753065,17548,"FGR"
27,"Male",0.0817951104942573,0.0771996703341457,0.0853660493464159,17548,"FGR"
28,"Male",0.0841149737483541,0.0796664271261861,0.0876604365201895,17548,"FGR"
29,"Male",0.0847808950773327,0.0803606187028087,0.0884448883499677,17548,"FGR"
30,"Male",0.0857799336704335,0.0811427235280938,0.0896707756720424,17548,"FGR"
31,"Male",0.0881946156921729,0.0828370255820864,0.0927194960782236,17548,"FGR"
32,"Male",0.0905429788326437,0.0855514918010554,0.0952650871925345,17548,"FGR"
33,"Male",0.0917223102433397,0.0870269008393544,0.0965751753679622,17548,"FGR"
34,"Male",0.0927352386645429,0.0881750580991463,0.0977337870626031,17548,"FGR"
35,"Male",0.0961881931216966,0.091220563626611,0.101378218932341,17548,"FGR"
36,"Male",0.0985347259844666,0.093926847439436,0.103768651625319,17548,"FGR"
37,"Male",0.100313838481342,0.0954511759127404,0.105556500057592,17548,"FGR"
38,"Male",0.102015318849782,0.0971050283641647,0.107074950682509,17548,"FGR"
39,"Male",0.104147011626052,0.0990439498783902,0.109407435008753,17548,"FGR"
40,"Male",0.106873885230755,0.101831501082399,0.112052548532121,17548,"FGR"
41,"Male",0.108766092559765,0.103869729409278,0.113675522542752,17548,"FGR"
42,"Male",0.109893048622955,0.105039837043639,0.114782749020774,17548,"FGR"
43,"Male",0.110154804699463,0.105316458200135,0.115000536443662,17548,"FGR"
44,"Male",0.111912294602063,0.106640920655945,0.116820492937602,17548,"FGR"
45,"Male",0.112527372636279,0.107178472598064,0.117516355258978,17548,"FGR"
46,"Male",0.114997291881116,0.109640858319896,0.120139568719081,17548,"FGR"
47,"Male",0.116238564371078,0.110549054059736,0.121146597192668,17548,"FGR"
48,"Male",0.118099059215979,0.11243237604309,0.122822876741947,17548,"FGR"
49,"Male",0.118369437813707,0.11253173487536,0.123100364877206,17548,"FGR"
50,"Male",0.118550500714336,0.112690168748693,0.123273158670694,17548,"FGR"
51,"Male",0.118550500714336,0.112690168748693,0.123273158670694,17548,"FGR"
52,"Male",0.118550500714336,0.112690168748693,0.123273158670694,17548,"FGR"
53,"Male",0.119194943117272,0.113243351095943,0.123845143671185,17548,"FGR"
54,"Male",0.119194943117272,0.113243351095943,0.123845143671185,17548,"FGR"
55,"Male",0.120782887145768,0.114410081820429,0.125260420782693,17548,"FGR"
56,"Male",0.120782887145768,0.114410081820429,0.125260420782693,17548,"FGR"
57,"Male",0.120972199479075,0.114555292508285,0.125549173774251,17548,"FGR"
58,"Male",0.122204608032432,0.115921397028079,0.126448877625357,17548,"FGR"
59,"Male",0.123436165872744,0.117155142254348,0.128076721625573,17548,"FGR"
60,"Male",0.124291777287585,0.11840476491686,0.129009099890184,17548,"FGR"
61,"Male",0.126008807107057,0.120031153863788,0.130321643690849,17548,"FGR"
62,"Male",0.126297025560574,0.120074276095049,0.130610837706226,17548,"FGR"
63,"Male",0.127457625479006,0.121866923865665,0.131941258778078,17548,"FGR"
64,"Male",0.127846220821119,0.122157614915253,0.13247840287272,17548,"FGR"
65,"Male",0.128431220595793,0.122618033641101,0.133117589868738,17548,"FGR"
66,"Male",0.12980922289499,0.124119256570577,0.134188378417821,17548,"FGR"
67,"Male",0.131383251538941,0.125795125023068,0.13557980429565,17548,"FGR"
68,"Male",0.132079484941305,0.126711435542746,0.136574215975829,17548,"FGR"
69,"Male",0.133572381234145,0.128045429436873,0.137853823790705,17548,"FGR"
70,"Male",0.133572381234145,0.128045429436873,0.137853823790705,17548,"FGR"
71,"Male",0.134677527831356,0.129204069072276,0.139205881755437,17548,"FGR"
72,"Male",0.135484248862782,0.129896560250541,0.139963680620286,17548,"FGR"
73,"Male",0.136093621494517,0.130291356293565,0.14106452803361,17548,"FGR"
74,"Male",0.137213400256304,0.131494217264732,0.142131679930581,17548,"FGR"
75,"Male",0.138133756694355,0.132427142438216,0.142906519587717,17548,"FGR"
76,"Male",0.13844294979086,0.132519311725757,0.143301250593672,17548,"FGR"
77,"Male",0.140431690119384,0.134228797920081,0.145332715724475,17548,"FGR"
78,"Male",0.141482496414668,0.13501926164613,0.146448451876239,17548,"FGR"
79,"Male",0.142330315850236,0.136003986584314,0.147093862809773,17548,"FGR"
80,"Male",0.143709883728853,0.136904837389654,0.148899826207957,17548,"FGR"
81,"Male",0.145096872251313,0.137901348174732,0.150404032992084,17548,"FGR"
82,"Male",0.146270942127164,0.138979901904841,0.151655716347779,17548,"FGR"
83,"Male",0.1476706559028,0.140047338950811,0.152584049288324,17548,"FGR"
84,"Male",0.148103412408065,0.140793079576243,0.153130157791203,17548,"FGR"
85,"Male",0.148537674589578,0.141395108343265,0.153496814249293,17548,"FGR"
86,"Male",0.149083260946208,0.141957052752223,0.154047325784577,17548,"FGR"
87,"Male",0.149302728176248,0.142089704721562,0.154342759807005,17548,"FGR"
88,"Male",0.151170854468387,0.144525912490593,0.156649529343178,17548,"FGR"
89,"Male",0.152820470116089,0.145823744644739,0.15863386821494,17548,"FGR"
90,"Male",0.153042633357156,0.146212203440097,0.158809291096444,17548,"FGR"
91,"Male",0.154045080124799,0.147311393107198,0.159953604612688,17548,"FGR"
92,"Male",0.155277728826162,0.148423347463417,0.161346376592958,17548,"FGR"
93,"Male",0.156983005258151,0.15028324597575,0.163427732745189,17548,"FGR"
94,"Male",0.157325291331401,0.151018125052769,0.163903808727822,17548,"FGR"
95,"Male",0.157439871866819,0.151239317281958,0.164046757066466,17548,"FGR"
96,"Male",0.157899033008129,0.151768355790221,0.164476724637987,17548,"FGR"
97,"Male",0.158360734561116,0.152213058187255,0.16513204017685,17548,"FGR"
98,"Male",0.159864090580641,0.15349619690728,0.166753733529001,17548,"FGR"
99,"Male",0.163798749773016,0.157461762559471,0.171362193769835,17548,"FGR"
100,"Male",0.163798749773016,0.157461762559471,0.171362193769835,17548,"FGR"
101,"Male",0.164966843792913,0.158288485174388,0.172560646437152,17548,"FGR"
102,"Male",0.165680588366577,0.158797688633918,0.173248493931182,17548,"FGR"
103,"Male",0.167951049935605,0.160769220788145,0.175851254019864,17548,"FGR"
104,"Male",0.167951049935605,0.160769220788145,0.175851254019864,17548,"FGR"
105,"Male",0.167951049935605,0.160769220788145,0.175851254019864,17548,"FGR"
106,"Male",0.168436201008584,0.161297094541417,0.17655064843633,17548,"FGR"
107,"Male",0.170281154765136,0.162616136559969,0.178108473657558,17548,"FGR"
108,"Male",0.17151932975114,0.163535006280027,0.179253846611335,17548,"FGR"
109,"Male",0.173006323253111,0.164774485399511,0.180687546808005,17548,"FGR"
110,"Male",0.175605506585787,0.166814790341162,0.183825919361086,17548,"FGR"
111,"Male",0.175605506585787,0.166814790341162,0.183825919361086,17548,"FGR"
112,"Male",0.176992735142349,0.167748395337257,0.185158188100157,17548,"FGR"
113,"Male",0.180023601968939,0.170693456069001,0.187601783297799,17548,"FGR"
114,"Male",0.180279070371869,0.170902899152071,0.187918690726823,17548,"FGR"
115,"Male",0.181563584925081,0.172407337594326,0.189697708492397,17548,"FGR"
116,"Male",0.181563584925081,0.172407337594326,0.189697708492397,17548,"FGR"
117,"Male",0.18234339790432,0.173227334105549,0.190152854728299,17548,"FGR"
118,"Male",0.184164750365976,0.174950659127793,0.192493648469646,17548,"FGR"
119,"Male",0.184815867053022,0.175894290378415,0.192989010363074,17548,"FGR"
120,"Male",0.185987391664097,0.176900191054764,0.194005709350423,17548,"FGR"
121,"Male",0.186641708107834,0.177551313787946,0.194694844189164,17548,"FGR"
122,"Male",0.186773155563666,0.177708798673821,0.194834449047511,17548,"FGR"
123,"Male",0.187038309921596,0.17816741943428,0.195040654967593,17548,"FGR"
125,"Male",0.187038309921596,0.17816741943428,0.195040654967593,17548,"FGR"
126,"Male",0.187309659436462,0.178458038881789,0.195300953998555,17548,"FGR"
127,"Male",0.187719886375586,0.178857928172004,0.195982550039245,17548,"FGR"
128,"Male",0.187994717569387,0.178992052229826,0.196507342525644,17548,"FGR"
129,"Male",0.187994717569387,0.178992052229826,0.196507342525644,17548,"FGR"
130,"Male",0.187994717569387,0.178992052229826,0.196507342525644,17548,"FGR"
131,"Male",0.187994717569387,0.178992052229826,0.196507342525644,17548,"FGR"
132,"Male",0.189407423074495,0.180707461014196,0.19779149299518,17548,"FGR"
133,"Male",0.189834289709282,0.181200301384273,0.198255330571531,17548,"FGR"
134,"Male",0.191409849526698,0.18215273759429,0.200732860815101,17548,"FGR"
135,"Male",0.19198820090687,0.182532156981588,0.201057474600433,17548,"FGR"
136,"Male",0.192422773348008,0.183036806764046,0.201577095402571,17548,"FGR"
137,"Male",0.192422773348008,0.183036806764046,0.201577095402571,17548,"FGR"
138,"Male",0.193451500751518,0.184110079017806,0.202569759117826,17548,"FGR"
139,"Male",0.194046604521072,0.18454705930767,0.203062611219906,17548,"FGR"
140,"Male",0.195700958579142,0.186494337469921,0.204739378958414,17548,"FGR"
141,"Male",0.195700958579142,0.186494337469921,0.204739378958414,17548,"FGR"
143,"Male",0.196013098738009,0.186647072483498,0.205087189847468,17548,"FGR"
144,"Male",0.19836915080398,0.189201652969431,0.207788821253375,17548,"FGR"
145,"Male",0.200125679309329,0.191046188253475,0.209142252790394,17548,"FGR"
146,"Male",0.200125679309329,0.191046188253475,0.209142252790394,17548,"FGR"
147,"Male",0.200125679309329,0.191046188253475,0.209142252790394,17548,"FGR"
149,"Male",0.201624661430519,0.193119666414028,0.211066844125998,17548,"FGR"
150,"Male",0.201624661430519,0.193119666414028,0.211066844125998,17548,"FGR"
151,"Male",0.203848489039814,0.195732965177527,0.213353859184074,17548,"FGR"
152,"Male",0.204714596168575,0.196371174750246,0.214379476621205,17548,"FGR"
153,"Male",0.205413542956944,0.19748853344268,0.214935233126743,17548,"FGR"
154,"Male",0.20649098613513,0.198423191495511,0.216075978554721,17548,"FGR"
155,"Male",0.206854388999661,0.19881741066217,0.216826534940332,17548,"FGR"
156,"Male",0.208681108406709,0.200819605637754,0.219073402000277,17548,"FGR"
157,"Male",0.208681108406709,0.200819605637754,0.219073402000277,17548,"FGR"
158,"Male",0.210916103945653,0.202271907408287,0.221815611245877,17548,"FGR"
160,"Male",0.210916103945653,0.202271907408287,0.221815611245877,17548,"FGR"
161,"Male",0.210916103945653,0.202271907408287,0.221815611245877,17548,"FGR"
162,"Male",0.211699311647783,0.203141755342913,0.222534758045844,17548,"FGR"
163,"Male",0.211699311647783,0.203141755342913,0.222534758045844,17548,"FGR"
164,"Male",0.212713994244352,0.203824762366728,0.223955515927015,17548,"FGR"
166,"Male",0.212713994244352,0.203824762366728,0.223955515927015,17548,"FGR"
168,"Male",0.212713994244352,0.203824762366728,0.223955515927015,17548,"FGR"
169,"Male",0.212713994244352,0.203824762366728,0.223955515927015,17548,"FGR"
170,"Male",0.214470697046333,0.206342331059643,0.225368053253878,17548,"FGR"
171,"Male",0.214470697046333,0.206342331059643,0.225368053253878,17548,"FGR"
174,"Male",0.214470697046333,0.206342331059643,0.225368053253878,17548,"FGR"
175,"Male",0.214705962188321,0.20674910109213,0.225602261324723,17548,"FGR"
176,"Male",0.215180709369073,0.207389773893688,0.225946237937115,17548,"FGR"
178,"Male",0.215180709369073,0.207389773893688,0.225946237937115,17548,"FGR"
182,"Male",0.215180709369073,0.207389773893688,0.225946237937115,17548,"FGR"
183,"Male",0.215704597928378,0.207698669776157,0.226589043331158,17548,"FGR"
184,"Male",0.215704597928378,0.207698669776157,0.226589043331158,17548,"FGR"
187,"Male",0.217074098083964,0.208310376997415,0.227835902141088,17548,"FGR"
188,"Male",0.217350924584515,0.208694976616267,0.228239758266001,17548,"FGR"
189,"Male",0.217350924584515,0.208694976616267,0.228239758266001,17548,"FGR"
190,"Male",0.217350924584515,0.208694976616267,0.228239758266001,17548,"FGR"
191,"Male",0.219636951147633,0.21205181642564,0.23070599944785,17548,"FGR"
192,"Male",0.219636951147633,0.21205181642564,0.23070599944785,17548,"FGR"
193,"Male",0.219636951147633,0.21205181642564,0.23070599944785,17548,"FGR"
194,"Male",0.220523496612933,0.213011960727281,0.231440694525878,17548,"FGR"
195,"Male",0.225276086762658,0.218005602175266,0.237558418136329,17548,"FGR"
196,"Male",0.225276086762658,0.218005602175266,0.237558418136329,17548,"FGR"
197,"Male",0.225276086762658,0.218005602175266,0.237558418136329,17548,"FGR"
198,"Male",0.225276086762658,0.218005602175266,0.237558418136329,17548,"FGR"
199,"Male",0.225276086762658,0.218005602175266,0.237558418136329,17548,"FGR"
200,"Male",0.225276086762658,0.218005602175266,0.237558418136329,17548,"FGR"
201,"Male",0.226218246714485,0.218560301927812,0.238976250493125,17548,"FGR"
202,"Male",0.226854903150061,0.219179665955395,0.239189929808971,17548,"FGR"
203,"Male",0.226854903150061,0.219179665955395,0.239189929808971,17548,"FGR"
204,"Male",0.226854903150061,0.219179665955395,0.239189929808971,17548,"FGR"
205,"Male",0.226854903150061,0.219179665955395,0.239189929808971,17548,"FGR"
206,"Male",0.228197471801105,0.22043945112867,0.24066303660527,17548,"FGR"
207,"Male",0.228197471801105,0.22043945112867,0.24066303660527,17548,"FGR"
208,"Male",0.228880376757763,0.220683226382137,0.241540860638342,17548,"FGR"
210,"Male",0.230297374810501,0.222320390644607,0.242960611220936,17548,"FGR"
211,"Male",0.230297374810501,0.222320390644607,0.242960611220936,17548,"FGR"
212,"Male",0.230297374810501,0.222320390644607,0.242960611220936,17548,"FGR"
213,"Male",0.230297374810501,0.222320390644607,0.242960611220936,17548,"FGR"
216,"Male",0.230297374810501,0.222320390644607,0.242960611220936,17548,"FGR"
219,"Male",0.230297374810501,0.222320390644607,0.242960611220936,17548,"FGR"
220,"Male",0.230297374810501,0.222320390644607,0.242960611220936,17548,"FGR"
221,"Male",0.230297374810501,0.222320390644607,0.242960611220936,17548,"FGR"
223,"Male",0.230737956376114,0.222655010714379,0.243440222681724,17548,"FGR"
226,"Male",0.230737956376114,0.222655010714379,0.243440222681724,17548,"FGR"
227,"Male",0.230737956376114,0.222655010714379,0.243440222681724,17548,"FGR"
229,"Male",0.230737956376114,0.222655010714379,0.243440222681724,17548,"FGR"
230,"Male",0.230737956376114,0.222655010714379,0.243440222681724,17548,"FGR"
231,"Male",0.230737956376114,0.222655010714379,0.243440222681724,17548,"FGR"
234,"Male",0.233447956791279,0.224652700738558,0.246315945862934,17548,"FGR"
243,"Male",0.233447956791279,0.224652700738558,0.246315945862934,17548,"FGR"
245,"Male",0.233447956791279,0.224652700738558,0.246315945862934,17548,"FGR"
246,"Male",0.234874704138321,0.226356215128423,0.246987765780267,17548,"FGR"
247,"Male",0.234874704138321,0.226356215128423,0.246987765780267,17548,"FGR"
248,"Male",0.234874704138321,0.226356215128423,0.246987765780267,17548,"FGR"
249,"Male",0.234874704138321,0.226356215128423,0.246987765780267,17548,"FGR"
250,"Male",0.239451403523711,0.22967653804221,0.250845802367728,17548,"FGR"
251,"Male",0.239451403523711,0.22967653804221,0.250845802367728,17548,"FGR"
252,"Male",0.239451403523711,0.22967653804221,0.250845802367728,17548,"FGR"
254,"Male",0.239451403523711,0.22967653804221,0.250845802367728,17548,"FGR"
256,"Male",0.239451403523711,0.22967653804221,0.250845802367728,17548,"FGR"
257,"Male",0.239451403523711,0.22967653804221,0.250845802367728,17548,"FGR"
260,"Male",0.239451403523711,0.22967653804221,0.250845802367728,17548,"FGR"
261,"Male",0.239451403523711,0.22967653804221,0.250845802367728,17548,"FGR"
263,"Male",0.239451403523711,0.22967653804221,0.250845802367728,17548,"FGR"
0,"Female",0,0,0,35096,"FGR"
1,"Female",0.00401020650952214,0.00346414768906826,0.00448757900125098,35096,"FGR"
2,"Female",0.0063082212467772,0.00562016489607054,0.00689911161206106,35096,"FGR"
3,"Female",0.00836941272814154,0.00748113765207375,0.00907616685656777,35096,"FGR"
4,"Female",0.0122149525683253,0.0109742804228817,0.0131224977100362,35096,"FGR"
5,"Female",0.0136179935383284,0.0124103115858146,0.0148399982539818,35096,"FGR"
6,"Female",0.0160700193654733,0.0146707855290678,0.0171780867600614,35096,"FGR"
7,"Female",0.0183427865784233,0.0167093823662645,0.019746576206288,35096,"FGR"
8,"Female",0.0219060402182997,0.0203021331792855,0.0233037766030154,35096,"FGR"
9,"Female",0.0236814667129749,0.0220101698002801,0.0254124098923122,35096,"FGR"
10,"Female",0.0266320172234134,0.0248457610256303,0.0285838846521135,35096,"FGR"
11,"Female",0.0286852399884988,0.0270049534959963,0.0308228500708349,35096,"FGR"
12,"Female",0.0298692068142315,0.0281598028089352,0.0319437840580352,35096,"FGR"
13,"Female",0.0313031913160587,0.0293822470304141,0.0333331287398052,35096,"FGR"
14,"Female",0.033390585968571,0.0312543195476118,0.0354645935683884,35096,"FGR"
15,"Female",0.03501037406209,0.0328849259839948,0.0373218041728556,35096,"FGR"
16,"Female",0.0362274016261281,0.0339942291834905,0.0386909585186895,35096,"FGR"
17,"Female",0.0380350116966923,0.0358744726406943,0.0406222280080157,35096,"FGR"
18,"Female",0.0404421040139585,0.0381939683589471,0.0430298393336613,35096,"FGR"
19,"Female",0.0428463379426902,0.0404046284903266,0.0455599317197663,35096,"FGR"
20,"Female",0.0438096776778535,0.0412275612846546,0.0466091518240368,35096,"FGR"
21,"Female",0.0446310727222464,0.0420149359170974,0.0474060737194207,35096,"FGR"
22,"Female",0.046445066010252,0.0437758271970261,0.0492805782128092,35096,"FGR"
23,"Female",0.0483597815224703,0.0457901392387791,0.0514350994437146,35096,"FGR"
24,"Female",0.0500959151896934,0.0474452045327117,0.0533500383613626,35096,"FGR"
25,"Female",0.0509484928426316,0.0484250342187749,0.0542031037944301,35096,"FGR"
26,"Female",0.0516384895305723,0.0488947987448421,0.0549162757599902,35096,"FGR"
27,"Female",0.0536324917948473,0.0508280419475583,0.0569454685887009,35096,"FGR"
28,"Female",0.0552105050485487,0.0524192628750677,0.0586050234479323,35096,"FGR"
29,"Female",0.0554334083742966,0.0525427392035006,0.0588386002613665,35096,"FGR"
30,"Female",0.0562983037551949,0.0532912333492264,0.0597778988224538,35096,"FGR"
31,"Female",0.0577008836512363,0.0545075447664645,0.061388828998768,35096,"FGR"
32,"Female",0.0594771793132884,0.056106826709341,0.063066111232091,35096,"FGR"
33,"Female",0.0602440775952318,0.0568729958300033,0.0637330025125268,35096,"FGR"
34,"Female",0.0614384790017921,0.058095302370521,0.064908022910261,35096,"FGR"
35,"Female",0.0638054676933749,0.0603611021014746,0.0671600012662877,35096,"FGR"
36,"Female",0.0651748777230677,0.0617526846287067,0.0686199298703428,35096,"FGR"
37,"Female",0.0657534218985096,0.0623198188758691,0.0691136966321937,35096,"FGR"
38,"Female",0.0669470335229582,0.0637438012708444,0.070195131164322,35096,"FGR"
39,"Female",0.0688251463728586,0.0656663961419593,0.0720344183805207,35096,"FGR"
40,"Female",0.0702140397941027,0.0670584407022025,0.0736240187777805,35096,"FGR"
41,"Female",0.0713799310252225,0.0678803265816828,0.0747000816742099,35096,"FGR"
42,"Female",0.0720735814801912,0.0685449189383723,0.0754046610156749,35096,"FGR"
43,"Female",0.0722856602487954,0.0688054352193042,0.0756160659702367,35096,"FGR"
44,"Female",0.0732285023752902,0.0697410719903571,0.0767810665473505,35096,"FGR"
45,"Female",0.0740496745573938,0.0705204684490282,0.0776896852895583,35096,"FGR"
46,"Female",0.0756975266167239,0.0720797827400755,0.0794238842832515,35096,"FGR"
47,"Female",0.0766208633571315,0.0730438621695354,0.080487616725118,35096,"FGR"
48,"Female",0.0778564154683837,0.0743241811643205,0.0820484339421884,35096,"FGR"
49,"Female",0.0780132482945552,0.0745872731441253,0.0821337846034671,35096,"FGR"
50,"Female",0.0785181174164498,0.0750663733896886,0.0825295426478399,35096,"FGR"
51,"Female",0.0785181174164498,0.0750663733896886,0.0825295426478399,35096,"FGR"
52,"Female",0.0785181174164498,0.0750663733896886,0.0825295426478399,35096,"FGR"
53,"Female",0.079159443705869,0.0757894853728509,0.0832788648557816,35096,"FGR"
54,"Female",0.079159443705869,0.0757894853728509,0.0832788648557816,35096,"FGR"
55,"Female",0.0802701783108288,0.0768177860072909,0.0843215224769612,35096,"FGR"
56,"Female",0.0802701783108288,0.0768177860072909,0.0843215224769612,35096,"FGR"
57,"Female",0.0804692539322118,0.0770485158347445,0.0844118800314682,35096,"FGR"
58,"Female",0.0813344645122495,0.0778457838628521,0.085239991456318,35096,"FGR"
59,"Female",0.0824330079608666,0.0788691713398354,0.0864654852048806,35096,"FGR"
60,"Female",0.0837685014704887,0.0801543805268934,0.087893129144558,35096,"FGR"
61,"Female",0.0848831964406397,0.0811625297860762,0.0888384113361238,35096,"FGR"
62,"Female",0.085121496373352,0.0813237711450826,0.0890630025849136,35096,"FGR"
63,"Female",0.0858751464365448,0.082166027958232,0.0897424864450767,35096,"FGR"
64,"Female",0.0868022900837968,0.083025444280515,0.0905813790094941,35096,"FGR"
65,"Female",0.0874577670614481,0.083634107423186,0.0912297247631894,35096,"FGR"
66,"Female",0.0883652433019097,0.0843906168080903,0.0920080497033183,35096,"FGR"
67,"Female",0.0896916688322933,0.0857844040673877,0.0932636623327388,35096,"FGR"
68,"Female",0.0903258436336421,0.0864672835021378,0.0938418637321808,35096,"FGR"
69,"Female",0.0911400340723982,0.0872411751355816,0.0945343121260296,35096,"FGR"
70,"Female",0.0911400340723982,0.0872411751355816,0.0945343121260296,35096,"FGR"
71,"Female",0.0918932264761927,0.0877723976638475,0.0952748583166546,35096,"FGR"
72,"Female",0.0926487680780196,0.0886182796935395,0.0959539771012103,35096,"FGR"
73,"Female",0.093086218112326,0.0889502680721759,0.0967045787391001,35096,"FGR"
74,"Female",0.0937442550868563,0.0895575008032728,0.0973799305238623,35096,"FGR"
75,"Female",0.0946987361228483,0.0904260690906821,0.0982520222465193,35096,"FGR"
76,"Female",0.0951427416660981,0.0908726037989637,0.0986920643750935,35096,"FGR"
77,"Female",0.0967518502551169,0.0923645493590266,0.100380510636044,35096,"FGR"
78,"Female",0.097355423438623,0.0928110840048235,0.101002569263639,35096,"FGR"
79,"Female",0.0982341281938052,0.0935765081276354,0.101869837633055,35096,"FGR"
80,"Female",0.0993452508436409,0.09476822722444,0.102783554351251,35096,"FGR"
81,"Female",0.100194236857664,0.0956182406706195,0.103862500979551,35096,"FGR"
82,"Female",0.100969006830621,0.0961250779743843,0.104810675719827,35096,"FGR"
83,"Female",0.101985245850651,0.0973313658639018,0.105903373731085,35096,"FGR"
84,"Female",0.102888219200401,0.0982995630108692,0.106776822082306,35096,"FGR"
85,"Female",0.103203485502516,0.0985818975295511,0.107043869460689,35096,"FGR"
86,"Female",0.103877264596604,0.0990920039479639,0.107719750162449,35096,"FGR"
87,"Female",0.104196556757986,0.0993727261269233,0.107972232326375,35096,"FGR"
88,"Female",0.105318487216164,0.100511256308143,0.108995223156849,35096,"FGR"
89,"Female",0.106204087169101,0.101286368168012,0.109869882864439,35096,"FGR"
90,"Female",0.10652993950006,0.101722007307321,0.110135521806553,35096,"FGR"
91,"Female",0.107509118447293,0.1027893074641,0.111138100578603,35096,"FGR"
92,"Female",0.108001886308459,0.103145655968413,0.11165852308024,35096,"FGR"
93,"Female",0.108500556863716,0.103490542756137,0.112238123895824,35096,"FGR"
94,"Female",0.108834689575035,0.103790482762382,0.112608208045236,35096,"FGR"
95,"Female",0.109254183685157,0.104248605463707,0.113182109537375,35096,"FGR"
96,"Female",0.10967510780732,0.104699170531047,0.113611082810816,35096,"FGR"
97,"Female",0.110055620568494,0.10528418735631,0.113895731631994,35096,"FGR"
98,"Female",0.111125252733351,0.106413560007164,0.114872732304073,35096,"FGR"
99,"Female",0.112927883135387,0.108625320533963,0.116683739201982,35096,"FGR"
100,"Female",0.112927883135387,0.108625320533963,0.116683739201982,35096,"FGR"
101,"Female",0.114053465676592,0.109705713476814,0.117825789690844,35096,"FGR"
102,"Female",0.11436069391835,0.109975207320827,0.118222380035303,35096,"FGR"
103,"Female",0.115507237744422,0.11119665432732,0.119379123114146,35096,"FGR"
104,"Female",0.115507237744422,0.11119665432732,0.119379123114146,35096,"FGR"
105,"Female",0.115507237744422,0.11119665432732,0.119379123114146,35096,"FGR"
106,"Female",0.1158211800504,0.111512519932321,0.119613882913667,35096,"FGR"
107,"Female",0.117286350371624,0.112764567868555,0.120943546652764,35096,"FGR"
108,"Female",0.118163692387601,0.113582753688211,0.121896526815085,35096,"FGR"
109,"Female",0.119090023931526,0.114232380087224,0.122942848547517,35096,"FGR"
110,"Female",0.120991160999311,0.116302076132663,0.124938913423062,35096,"FGR"
111,"Female",0.120991160999311,0.116302076132663,0.124938913423062,35096,"FGR"
112,"Female",0.12230774640245,0.117624619249695,0.126136698117725,35096,"FGR"
113,"Female",0.124524897537351,0.119554483070698,0.128099554720104,35096,"FGR"
114,"Female",0.124811820035411,0.119890122751712,0.128322433478251,35096,"FGR"
115,"Female",0.125868235584627,0.120923683309397,0.129442711099983,35096,"FGR"
116,"Female",0.125868235584627,0.120923683309397,0.129442711099983,35096,"FGR"
117,"Female",0.126160186134733,0.121152062568939,0.129823034354201,35096,"FGR"
118,"Female",0.127231968295201,0.122148840134771,0.130887910086533,35096,"FGR"
119,"Female",0.127867276928332,0.12266306709077,0.131530516268502,35096,"FGR"
120,"Female",0.129234452046248,0.123759288981569,0.132874378416511,35096,"FGR"
121,"Female",0.129431276029643,0.12393287974915,0.133033842216901,35096,"FGR"
122,"Female",0.129727583066463,0.124249268104192,0.133233240608477,35096,"FGR"
123,"Female",0.130126332149092,0.12462360135828,0.133792652701254,35096,"FGR"
125,"Female",0.130379386430229,0.12485098312025,0.134148662077685,35096,"FGR"
126,"Female",0.130840839711049,0.12524227875933,0.134842682971308,35096,"FGR"
127,"Female",0.131099184334356,0.12532887585078,0.135139740214487,35096,"FGR"
128,"Female",0.131722449429078,0.125835508480692,0.135785037652037,35096,"FGR"
129,"Female",0.131722449429078,0.125835508480692,0.135785037652037,35096,"FGR"
130,"Female",0.131722449429078,0.125835508480692,0.135785037652037,35096,"FGR"
131,"Female",0.131722449429078,0.125835508480692,0.135785037652037,35096,"FGR"
132,"Female",0.133163862139714,0.127327794309003,0.136717412386729,35096,"FGR"
133,"Female",0.133539864565307,0.127773578097387,0.137122281771835,35096,"FGR"
134,"Female",0.134621941146592,0.128844153304897,0.138258148698777,35096,"FGR"
135,"Female",0.13506231373892,0.129169984442008,0.138807109657283,35096,"FGR"
136,"Female",0.135227978005331,0.129321297330992,0.139027908701353,35096,"FGR"
137,"Female",0.135227978005331,0.129321297330992,0.139027908701353,35096,"FGR"
138,"Female",0.135732117103897,0.129560165609644,0.139450952063659,35096,"FGR"
139,"Female",0.136184770121579,0.129964723930774,0.139877296948904,35096,"FGR"
140,"Female",0.137046577955364,0.130731139366305,0.140976434752344,35096,"FGR"
141,"Female",0.137046577955364,0.130731139366305,0.140976434752344,35096,"FGR"
143,"Female",0.137344281408572,0.131260933111481,0.14131261402314,35096,"FGR"
144,"Female",0.138905345458028,0.133209819132335,0.14277499039999,35096,"FGR"
145,"Female",0.139815957568932,0.134585216324523,0.143807652408332,35096,"FGR"
146,"Female",0.139815957568932,0.134585216324523,0.143807652408332,35096,"FGR"
147,"Female",0.139815957568932,0.134585216324523,0.143807652408332,35096,"FGR"
149,"Female",0.140320228705775,0.13506711171582,0.144051396680354,35096,"FGR"
150,"Female",0.140320228705775,0.13506711171582,0.144051396680354,35096,"FGR"
151,"Female",0.142187669409568,0.136966025369425,0.145805461447395,35096,"FGR"
152,"Female",0.143556592218734,0.138406883633624,0.147523434432732,35096,"FGR"
153,"Female",0.144277684981459,0.139251268401244,0.147966032837662,35096,"FGR"
154,"Female",0.145283602068906,0.140165684356837,0.149257449851173,35096,"FGR"
155,"Female",0.145555086643027,0.140328725226164,0.149613211730589,35096,"FGR"
156,"Female",0.146919414805016,0.141535292474578,0.151286504704575,35096,"FGR"
157,"Female",0.146919414805016,0.141535292474578,0.151286504704575,35096,"FGR"
158,"Female",0.149077411810401,0.143220650058836,0.153156028120578,35096,"FGR"
160,"Female",0.149077411810401,0.143220650058836,0.153156028120578,35096,"FGR"
161,"Female",0.149077411810401,0.143220650058836,0.153156028120578,35096,"FGR"
162,"Female",0.149872226367779,0.143871841266965,0.153568561189746,35096,"FGR"
163,"Female",0.149872226367779,0.143871841266965,0.153568561189746,35096,"FGR"
164,"Female",0.150392367485344,0.144761849363029,0.154337615704673,35096,"FGR"
166,"Female",0.150392367485344,0.144761849363029,0.154337615704673,35096,"FGR"
168,"Female",0.150392367485344,0.144761849363029,0.154337615704673,35096,"FGR"
169,"Female",0.150392367485344,0.144761849363029,0.154337615704673,35096,"FGR"
170,"Female",0.151709809434269,0.145444737720012,0.155786975635754,35096,"FGR"
171,"Female",0.151709809434269,0.145444737720012,0.155786975635754,35096,"FGR"
174,"Female",0.151709809434269,0.145444737720012,0.155786975635754,35096,"FGR"
175,"Female",0.152143232018448,0.14599364873556,0.156149151068852,35096,"FGR"
176,"Female",0.152668391473079,0.146536145920554,0.156901232923251,35096,"FGR"
178,"Female",0.152668391473079,0.146536145920554,0.156901232923251,35096,"FGR"
180,"Female",0.152668391473079,0.146536145920554,0.156901232923251,35096,"FGR"
182,"Female",0.152668391473079,0.146536145920554,0.156901232923251,35096,"FGR"
183,"Female",0.15355442718675,0.147173483567983,0.157814741082547,35096,"FGR"
184,"Female",0.15355442718675,0.147173483567983,0.157814741082547,35096,"FGR"
187,"Female",0.155501473161142,0.149508373167649,0.159560975095857,35096,"FGR"
188,"Female",0.15612013580438,0.150194876096904,0.159806594346346,35096,"FGR"
189,"Female",0.15612013580438,0.150194876096904,0.159806594346346,35096,"FGR"
190,"Female",0.15612013580438,0.150194876096904,0.159806594346346,35096,"FGR"
191,"Female",0.156443793369915,0.150566383753259,0.16023222636402,35096,"FGR"
192,"Female",0.156443793369915,0.150566383753259,0.16023222636402,35096,"FGR"
193,"Female",0.156443793369915,0.150566383753259,0.16023222636402,35096,"FGR"
194,"Female",0.158655850733638,0.152421984991875,0.162723774251257,35096,"FGR"
195,"Female",0.160439174231507,0.154239885322948,0.16419417370938,35096,"FGR"
196,"Female",0.160439174231507,0.154239885322948,0.16419417370938,35096,"FGR"
197,"Female",0.160439174231507,0.154239885322948,0.16419417370938,35096,"FGR"
198,"Female",0.160439174231507,0.154239885322948,0.16419417370938,35096,"FGR"
199,"Female",0.160439174231507,0.154239885322948,0.16419417370938,35096,"FGR"
200,"Female",0.160439174231507,0.154239885322948,0.16419417370938,35096,"FGR"
201,"Female",0.161030583419754,0.15494954442572,0.164942438469466,35096,"FGR"
202,"Female",0.161748230068124,0.155382287815553,0.16575935109634,35096,"FGR"
203,"Female",0.161748230068124,0.155382287815553,0.16575935109634,35096,"FGR"
204,"Female",0.161748230068124,0.155382287815553,0.16575935109634,35096,"FGR"
205,"Female",0.161748230068124,0.155382287815553,0.16575935109634,35096,"FGR"
206,"Female",0.162498249641371,0.155843303465073,0.166764268599026,35096,"FGR"
207,"Female",0.162498249641371,0.155843303465073,0.166764268599026,35096,"FGR"
208,"Female",0.163262696295306,0.156659656578054,0.167585548474977,35096,"FGR"
210,"Female",0.163918725313872,0.157399208894597,0.168065904936316,35096,"FGR"
211,"Female",0.163918725313872,0.157399208894597,0.168065904936316,35096,"FGR"
212,"Female",0.163918725313872,0.157399208894597,0.168065904936316,35096,"FGR"
213,"Female",0.163918725313872,0.157399208894597,0.168065904936316,35096,"FGR"
216,"Female",0.163918725313872,0.157399208894597,0.168065904936316,35096,"FGR"
219,"Female",0.163918725313872,0.157399208894597,0.168065904936316,35096,"FGR"
220,"Female",0.163918725313872,0.157399208894597,0.168065904936316,35096,"FGR"
221,"Female",0.163918725313872,0.157399208894597,0.168065904936316,35096,"FGR"
223,"Female",0.16553602328047,0.158698609614209,0.170100508714849,35096,"FGR"
226,"Female",0.16553602328047,0.158698609614209,0.170100508714849,35096,"FGR"
227,"Female",0.16553602328047,0.158698609614209,0.170100508714849,35096,"FGR"
229,"Female",0.16553602328047,0.158698609614209,0.170100508714849,35096,"FGR"
230,"Female",0.16553602328047,0.158698609614209,0.170100508714849,35096,"FGR"
231,"Female",0.16553602328047,0.158698609614209,0.170100508714849,35096,"FGR"
234,"Female",0.167719254891861,0.160638187786544,0.172619269869617,35096,"FGR"
243,"Female",0.167719254891861,0.160638187786544,0.172619269869617,35096,"FGR"
245,"Female",0.167719254891861,0.160638187786544,0.172619269869617,35096,"FGR"
246,"Female",0.16976707152447,0.161961041425605,0.174721230079526,35096,"FGR"
247,"Female",0.16976707152447,0.161961041425605,0.174721230079526,35096,"FGR"
248,"Female",0.16976707152447,0.161961041425605,0.174721230079526,35096,"FGR"
249,"Female",0.16976707152447,0.161961041425605,0.174721230079526,35096,"FGR"
250,"Female",0.171162021838057,0.163687573435363,0.175983351028973,35096,"FGR"
251,"Female",0.171162021838057,0.163687573435363,0.175983351028973,35096,"FGR"
252,"Female",0.171162021838057,0.163687573435363,0.175983351028973,35096,"FGR"
253,"Female",0.172089896428866,0.164216552016963,0.177133683516565,35096,"FGR"
254,"Female",0.172089896428866,0.164216552016963,0.177133683516565,35096,"FGR"
256,"Female",0.172089896428866,0.164216552016963,0.177133683516565,35096,"FGR"
257,"Female",0.172089896428866,0.164216552016963,0.177133683516565,35096,"FGR"
260,"Female",0.172089896428866,0.164216552016963,0.177133683516565,35096,"FGR"
261,"Female",0.172089896428866,0.164216552016963,0.177133683516565,35096,"FGR"
263,"Female",0.172089896428866,0.164216552016963,0.177133683516565,35096,"FGR"
0,"Male",0,0,0,35096,"FGR"
1,"Male",0.00704418727071393,0.00614278640872661,0.00796881444004244,35096,"FGR"
2,"Male",0.0110447252193209,0.0102071225838342,0.0120968124579964,35096,"FGR"
3,"Male",0.0146110236032905,0.0132698093269471,0.0158139644074339,35096,"FGR"
4,"Male",0.0212100950476647,0.0194058718854435,0.0229163137220305,35096,"FGR"
5,"Male",0.0236003690772978,0.0219100308917624,0.0254046163574121,35096,"FGR"
6,"Male",0.0277558023712813,0.0257063531118912,0.0291716440877641,35096,"FGR"
7,"Male",0.0315828883922359,0.0296680345578464,0.033419024143631,35096,"FGR"
8,"Male",0.0375363849853691,0.0356587652986962,0.039494720708616,35096,"FGR"
9,"Male",0.0404819153193984,0.0385730358509762,0.042854091392875,35096,"FGR"
10,"Male",0.0453469872063611,0.0434915782683552,0.0481146000867832,35096,"FGR"
11,"Male",0.0487107220967532,0.0468480788350109,0.0516234509113425,35096,"FGR"
12,"Male",0.050642392842538,0.0486748030532534,0.0536330356895809,35096,"FGR"
13,"Male",0.0529742465773182,0.0506190816170652,0.0559975835728311,35096,"FGR"
14,"Male",0.0563536958647717,0.053849331193011,0.0597218376308736,35096,"FGR"
15,"Male",0.0589640671292133,0.0563506896905554,0.062317392797769,35096,"FGR"
16,"Male",0.0609185453613392,0.0587381071347637,0.0647019483632089,35096,"FGR"
17,"Male",0.0638108007563105,0.0611784856977789,0.0674529576952202,35096,"FGR"
18,"Male",0.0676427699099178,0.0649733691991459,0.0709570439672823,35096,"FGR"
19,"Male",0.0714483989438012,0.0687134833602704,0.0744309318238251,35096,"FGR"
20,"Male",0.0729672496983223,0.0699592255662529,0.0759919106505087,35096,"FGR"
21,"Male",0.0742596231437625,0.0713167854739306,0.0773892936509723,35096,"FGR"
22,"Male",0.0771050954329802,0.0741491144689974,0.0806901681887911,35096,"FGR"
23,"Male",0.0800958354655645,0.0776078914377144,0.0838484287334981,35096,"FGR"
24,"Male",0.0827965287508548,0.0797988869704677,0.0866373515638015,35096,"FGR"
25,"Male",0.084118968943849,0.0808542403894601,0.0880214735068813,35096,"FGR"
26,"Male",0.0851874096837263,0.0821128568465571,0.0893374580703889,35096,"FGR"
27,"Male",0.0882660272263798,0.0850101885951126,0.0920913055856158,35096,"FGR"
28,"Male",0.0906929964430859,0.0874063842614126,0.0942599797254095,35096,"FGR"
29,"Male",0.0910351596081683,0.087837492969516,0.0946525601580098,35096,"FGR"
30,"Male",0.0923612665856504,0.0889036465010823,0.0959860520972198,35096,"FGR"
31,"Male",0.0945066446126474,0.0906978367003342,0.0984223452053383,35096,"FGR"
32,"Male",0.0972146614822186,0.0931416616387492,0.100952519456678,35096,"FGR"
33,"Male",0.0983807572882343,0.0944172837829225,0.101859429003071,35096,"FGR"
34,"Male",0.100193255111347,0.0967438129741539,0.103543754880039,35096,"FGR"
35,"Male",0.103772282300262,0.100000366984323,0.10723080940224,35096,"FGR"
36,"Male",0.105835242026952,0.101845364891189,0.109661431051129,35096,"FGR"
37,"Male",0.106705132619326,0.102762288249259,0.110577733153958,35096,"FGR"
38,"Male",0.108496746231177,0.104560155428815,0.112275674934356,35096,"FGR"
39,"Male",0.111307504125939,0.107541977286956,0.114878605751633,35096,"FGR"
40,"Male",0.113379691164947,0.109618184222201,0.116797501163977,35096,"FGR"
41,"Male",0.11511502919824,0.111128366178227,0.118678957001845,35096,"FGR"
42,"Male",0.116145705381098,0.112205654260663,0.119812660439949,35096,"FGR"
43,"Male",0.116460566242354,0.112574675628611,0.120116152351512,35096,"FGR"
44,"Male",0.117858878927536,0.113570315830363,0.121664619875653,35096,"FGR"
45,"Male",0.119074805783398,0.114958283317442,0.122891432824838,35096,"FGR"
46,"Male",0.121509443573133,0.117338159366842,0.125126262185457,35096,"FGR"
47,"Male",0.122870547469098,0.118646545057617,0.12651888990829,35096,"FGR"
48,"Male",0.124688475143185,0.120771314252799,0.128482873700111,35096,"FGR"
49,"Male",0.124918953842816,0.121002030009377,0.128809212096211,35096,"FGR"
50,"Male",0.125660480021426,0.121726006949206,0.129731099506149,35096,"FGR"
51,"Male",0.125660480021426,0.121726006949206,0.129731099506149,35096,"FGR"
52,"Male",0.125660480021426,0.121726006949206,0.129731099506149,35096,"FGR"
53,"Male",0.126601507693848,0.12271730701912,0.130737168951652,35096,"FGR"
54,"Male",0.126601507693848,0.12271730701912,0.130737168951652,35096,"FGR"
55,"Male",0.128228893537493,0.124301663612234,0.132461910436031,35096,"FGR"
56,"Male",0.128228893537493,0.124301663612234,0.132461910436031,35096,"FGR"
57,"Male",0.128520247529914,0.124680364922212,0.132669574278903,35096,"FGR"
58,"Male",0.129785392086612,0.12552416564362,0.133932696517493,35096,"FGR"
59,"Male",0.131389124306104,0.127184654617298,0.136012014446451,35096,"FGR"
60,"Male",0.133334911477041,0.128820331303339,0.1380093834915,35096,"FGR"
61,"Male",0.134955806519173,0.1306482899448,0.139637216112629,35096,"FGR"
62,"Male",0.135301949753278,0.130879634082882,0.140188465651698,35096,"FGR"
63,"Male",0.136395811225019,0.131733104343251,0.141248487219376,35096,"FGR"
64,"Male",0.137739717896207,0.133270641117762,0.142675955650341,35096,"FGR"
65,"Male",0.13868867699326,0.134155596825296,0.143525978768687,35096,"FGR"
66,"Male",0.140000893162599,0.135610178259049,0.144356618712013,35096,"FGR"
67,"Male",0.141915673407737,0.137605945545082,0.146561164798328,35096,"FGR"
68,"Male",0.142829804756778,0.13808724497143,0.147466801295042,35096,"FGR"
69,"Male",0.144002165183848,0.139566083310633,0.148518574687813,35096,"FGR"
70,"Male",0.144002165183848,0.139566083310633,0.148518574687813,35096,"FGR"
71,"Male",0.14508545155759,0.140912866464207,0.150202741289166,35096,"FGR"
72,"Male",0.146170930699918,0.142137921002258,0.151298512223858,35096,"FGR"
73,"Male",0.146798873092621,0.142622637023352,0.151925592196622,35096,"FGR"
74,"Male",0.147742723457891,0.143683990763255,0.152631818151445,35096,"FGR"
75,"Male",0.149110220975538,0.145188465629937,0.154332937705637,35096,"FGR"
76,"Male",0.149745732663576,0.145688560123389,0.154933014130995,35096,"FGR"
77,"Male",0.15204562062843,0.147926604184475,0.157076687236205,35096,"FGR"
78,"Male",0.152907006647442,0.148712204289752,0.158005454323477,35096,"FGR"
79,"Male",0.154159800468717,0.149563054984293,0.159478089065833,35096,"FGR"
80,"Male",0.155741874951437,0.151278337216831,0.161180104579434,35096,"FGR"
81,"Male",0.156949160639219,0.152775452037379,0.16253822241904,35096,"FGR"
82,"Male",0.158049757854695,0.153773726751692,0.163586006868728,35096,"FGR"
83,"Male",0.15949173198226,0.155430228813781,0.164778232171577,35096,"FGR"
84,"Male",0.160771450122415,0.156798409821635,0.166310970994801,35096,"FGR"
85,"Male",0.161217916994179,0.157119901446666,0.166624742495823,35096,"FGR"
86,"Male",0.162171515999634,0.157863429016141,0.167676334781021,35096,"FGR"
87,"Male",0.162623136654924,0.158298935978346,0.16831013233941,35096,"FGR"
88,"Male",0.164208666668224,0.159755792598012,0.169730231056822,35096,"FGR"
89,"Male",0.165458716613493,0.161393793366533,0.171123207173983,35096,"FGR"
90,"Male",0.16591833930766,0.161978248433721,0.171646863137724,35096,"FGR"
91,"Male",0.167298449129009,0.163132892321462,0.173258332011127,35096,"FGR"
92,"Male",0.167992396302199,0.164148888008104,0.173798349782406,35096,"FGR"
93,"Male",0.168694260182371,0.164827515252477,0.174423646013858,35096,"FGR"
94,"Male",0.169164320925374,0.16507578340507,0.174990789755317,35096,"FGR"
95,"Male",0.169754219548606,0.165761751859526,0.175954792935672,35096,"FGR"
96,"Male",0.170345852117827,0.166478722696404,0.176470034532757,35096,"FGR"
97,"Male",0.170880447238349,0.167129451988565,0.177152525530158,35096,"FGR"
98,"Male",0.172382017394801,0.168339072330414,0.178525155399332,35096,"FGR"
99,"Male",0.174908684445002,0.170632047245134,0.181113974618162,35096,"FGR"
100,"Male",0.174908684445002,0.170632047245134,0.181113974618162,35096,"FGR"
101,"Male",0.17648394175189,0.172112319516088,0.182470941669396,35096,"FGR"
102,"Male",0.176913591998845,0.172295523991013,0.183004905073405,35096,"FGR"
103,"Male",0.178515821575788,0.173974961304887,0.184660308118649,35096,"FGR"
104,"Male",0.178515821575788,0.173974961304887,0.184660308118649,35096,"FGR"
105,"Male",0.178515821575788,0.173974961304887,0.184660308118649,35096,"FGR"
106,"Male",0.178954216990977,0.17453574974697,0.185216985753679,35096,"FGR"
107,"Male",0.180998419728804,0.176437071095819,0.187316722847081,35096,"FGR"
108,"Male",0.182221098009527,0.1775357380048,0.188868659401225,35096,"FGR"
109,"Male",0.183510945092442,0.178440639120295,0.190134367129295,35096,"FGR"
110,"Male",0.186154671858409,0.181294012935036,0.192906896049578,35096,"FGR"
111,"Male",0.186154671858409,0.181294012935036,0.192906896049578,35096,"FGR"
112,"Male",0.187982865865674,0.183064177936324,0.194423053750577,35096,"FGR"
113,"Male",0.191056849440773,0.186126442721702,0.198148425887976,35096,"FGR"
114,"Male",0.191454233359483,0.18641916284976,0.198413004519813,35096,"FGR"
115,"Male",0.192916543478505,0.188047650765577,0.199819386060143,35096,"FGR"
116,"Male",0.192916543478505,0.188047650765577,0.199819386060143,35096,"FGR"
117,"Male",0.193320444408179,0.188204894387675,0.20038390143906,35096,"FGR"
118,"Male",0.194802397145928,0.189445962358204,0.201845436873245,35096,"FGR"
119,"Male",0.195680244933539,0.190091912782844,0.202719268563183,35096,"FGR"
120,"Male",0.197567897642779,0.191798464439416,0.204555639241856,35096,"FGR"
121,"Male",0.197839489863026,0.192087443621111,0.204859747499281,35096,"FGR"
122,"Male",0.198248280414563,0.192542975482797,0.205149041905522,35096,"FGR"
123,"Male",0.198798259249799,0.193175195172389,0.205960163679022,35096,"FGR"
125,"Male",0.199147202754925,0.193313131844439,0.206438940251429,35096,"FGR"
126,"Male",0.199783346402574,0.193923190744854,0.207332371582202,35096,"FGR"
127,"Male",0.200139397974194,0.194120170693825,0.207743888609341,35096,"FGR"
128,"Male",0.200998111119963,0.194686437494566,0.208343834738822,35096,"FGR"
129,"Male",0.200998111119963,0.194686437494566,0.208343834738822,35096,"FGR"
130,"Male",0.200998111119963,0.194686437494566,0.208343834738822,35096,"FGR"
131,"Male",0.200998111119963,0.194686437494566,0.208343834738822,35096,"FGR"
132,"Male",0.202982586830667,0.196667305806556,0.209913594335748,35096,"FGR"
133,"Male",0.203499923802886,0.197253082686276,0.210541322193961,35096,"FGR"
134,"Male",0.204988001409065,0.198759592313512,0.212076341655866,35096,"FGR"
135,"Male",0.205593295493776,0.199240993515805,0.212546029296568,35096,"FGR"
136,"Male",0.20582095617645,0.199452627729589,0.212817145960981,35096,"FGR"
137,"Male",0.20582095617645,0.199452627729589,0.212817145960981,35096,"FGR"
138,"Male",0.20651360695967,0.200413766916972,0.213373506140127,35096,"FGR"
139,"Male",0.207135326548124,0.20106099482617,0.21391671986876,35096,"FGR"
140,"Male",0.208318523642446,0.202089735721747,0.215385357632852,35096,"FGR"
141,"Male",0.208318523642446,0.202089735721747,0.215385357632852,35096,"FGR"
143,"Male",0.208727098546076,0.202844248689985,0.216004927135726,35096,"FGR"
144,"Male",0.210868310409958,0.205315400686103,0.217762655666629,35096,"FGR"
145,"Male",0.212116409319628,0.207054174687484,0.219203070512376,35096,"FGR"
146,"Male",0.212116409319628,0.207054174687484,0.219203070512376,35096,"FGR"
147,"Male",0.212116409319628,0.207054174687484,0.219203070512376,35096,"FGR"
149,"Male",0.212807284000236,0.207691116688111,0.219545750744871,35096,"FGR"
150,"Male",0.212807284000236,0.207691116688111,0.219545750744871,35096,"FGR"
151,"Male",0.215364033092058,0.210761833984134,0.222488945431173,35096,"FGR"
152,"Male",0.217236578163685,0.21223401160928,0.224021142792963,35096,"FGR"
153,"Male",0.218222409750072,0.213140634400554,0.224927750020181,35096,"FGR"
154,"Male",0.219597020258725,0.214334018328847,0.226919460234998,35096,"FGR"
155,"Male",0.219967890253603,0.214629398488239,0.227171037882981,35096,"FGR"
156,"Male",0.221830918184173,0.216688270697568,0.228782001749932,35096,"FGR"
157,"Male",0.221830918184173,0.216688270697568,0.228782001749932,35096,"FGR"
158,"Male",0.224775244029804,0.219423898900313,0.231797657197246,35096,"FGR"
160,"Male",0.224775244029804,0.219423898900313,0.231797657197246,35096,"FGR"
161,"Male",0.224775244029804,0.219423898900313,0.231797657197246,35096,"FGR"
162,"Male",0.225858939200443,0.220603354888467,0.232849541046964,35096,"FGR"
163,"Male",0.225858939200443,0.220603354888467,0.232849541046964,35096,"FGR"
164,"Male",0.226567922817961,0.221106991243013,0.233598865002696,35096,"FGR"
166,"Male",0.226567922817961,0.221106991243013,0.233598865002696,35096,"FGR"
168,"Male",0.226567922817961,0.221106991243013,0.233598865002696,35096,"FGR"
169,"Male",0.226567922817961,0.221106991243013,0.233598865002696,35096,"FGR"
170,"Male",0.228362964992328,0.222886032083778,0.235170807546499,35096,"FGR"
171,"Male",0.228362964992328,0.222886032083778,0.235170807546499,35096,"FGR"
174,"Male",0.228362964992328,0.222886032083778,0.235170807546499,35096,"FGR"
175,"Male",0.228953294852762,0.223334816390038,0.235918365920729,35096,"FGR"
176,"Male",0.229668431263471,0.223743465666201,0.236564270854916,35096,"FGR"
178,"Male",0.229668431263471,0.223743465666201,0.236564270854916,35096,"FGR"
180,"Male",0.229668431263471,0.223743465666201,0.236564270854916,35096,"FGR"
182,"Male",0.229668431263471,0.223743465666201,0.236564270854916,35096,"FGR"
183,"Male",0.230874648326268,0.225076479411698,0.238060886142997,35096,"FGR"
184,"Male",0.230874648326268,0.225076479411698,0.238060886142997,35096,"FGR"
187,"Male",0.233523827492454,0.227103819182366,0.241058365547048,35096,"FGR"
188,"Male",0.234365184776737,0.228053073005458,0.241903116698178,35096,"FGR"
189,"Male",0.234365184776737,0.228053073005458,0.241903116698178,35096,"FGR"
190,"Male",0.234365184776737,0.228053073005458,0.241903116698178,35096,"FGR"
191,"Male",0.234805271389779,0.228085534018235,0.242624326651347,35096,"FGR"
192,"Male",0.234805271389779,0.228085534018235,0.242624326651347,35096,"FGR"
193,"Male",0.234805271389779,0.228085534018235,0.242624326651347,35096,"FGR"
194,"Male",0.237811736532954,0.230820259032258,0.2467064350316,35096,"FGR"
195,"Male",0.240233887134606,0.233943161001778,0.24915758782639,35096,"FGR"
196,"Male",0.240233887134606,0.233943161001778,0.24915758782639,35096,"FGR"
197,"Male",0.240233887134606,0.233943161001778,0.24915758782639,35096,"FGR"
198,"Male",0.240233887134606,0.233943161001778,0.24915758782639,35096,"FGR"
199,"Male",0.240233887134606,0.233943161001778,0.24915758782639,35096,"FGR"
200,"Male",0.240233887134606,0.233943161001778,0.24915758782639,35096,"FGR"
201,"Male",0.241036851973072,0.23453104490316,0.250187211492219,35096,"FGR"
202,"Male",0.242011017637595,0.235287567156869,0.250726596556244,35096,"FGR"
203,"Male",0.242011017637595,0.235287567156869,0.250726596556244,35096,"FGR"
204,"Male",0.242011017637595,0.235287567156869,0.250726596556244,35096,"FGR"
205,"Male",0.242011017637595,0.235287567156869,0.250726596556244,35096,"FGR"
206,"Male",0.243028906617973,0.236621793275344,0.251992170021609,35096,"FGR"
207,"Male",0.243028906617973,0.236621793275344,0.251992170021609,35096,"FGR"
208,"Male",0.244066149152237,0.237293331101151,0.253075929888193,35096,"FGR"
210,"Male",0.24495610769755,0.237770430771403,0.254475279062305,35096,"FGR"
211,"Male",0.24495610769755,0.237770430771403,0.254475279062305,35096,"FGR"
212,"Male",0.24495610769755,0.237770430771403,0.254475279062305,35096,"FGR"
213,"Male",0.24495610769755,0.237770430771403,0.254475279062305,35096,"FGR"
216,"Male",0.24495610769755,0.237770430771403,0.254475279062305,35096,"FGR"
219,"Male",0.24495610769755,0.237770430771403,0.254475279062305,35096,"FGR"
220,"Male",0.24495610769755,0.237770430771403,0.254475279062305,35096,"FGR"
221,"Male",0.24495610769755,0.237770430771403,0.254475279062305,35096,"FGR"
223,"Male",0.247149436594903,0.239417802684727,0.257268481380525,35096,"FGR"
226,"Male",0.247149436594903,0.239417802684727,0.257268481380525,35096,"FGR"
227,"Male",0.247149436594903,0.239417802684727,0.257268481380525,35096,"FGR"
229,"Male",0.247149436594903,0.239417802684727,0.257268481380525,35096,"FGR"
230,"Male",0.247149436594903,0.239417802684727,0.257268481380525,35096,"FGR"
231,"Male",0.247149436594903,0.239417802684727,0.257268481380525,35096,"FGR"
234,"Male",0.25010883721773,0.242918202796124,0.260414810467643,35096,"FGR"
243,"Male",0.25010883721773,0.242918202796124,0.260414810467643,35096,"FGR"
245,"Male",0.25010883721773,0.242918202796124,0.260414810467643,35096,"FGR"
246,"Male",0.252883302219099,0.245575813247204,0.262586060153255,35096,"FGR"
247,"Male",0.252883302219099,0.245575813247204,0.262586060153255,35096,"FGR"
248,"Male",0.252883302219099,0.245575813247204,0.262586060153255,35096,"FGR"
249,"Male",0.252883302219099,0.245575813247204,0.262586060153255,35096,"FGR"
250,"Male",0.254772531711318,0.247108330369741,0.264347229190518,35096,"FGR"
251,"Male",0.254772531711318,0.247108330369741,0.264347229190518,35096,"FGR"
252,"Male",0.254772531711318,0.247108330369741,0.264347229190518,35096,"FGR"
253,"Male",0.256028887256328,0.247865526570018,0.265547087738423,35096,"FGR"
254,"Male",0.256028887256328,0.247865526570018,0.265547087738423,35096,"FGR"
256,"Male",0.256028887256328,0.247865526570018,0.265547087738423,35096,"FGR"
257,"Male",0.256028887256328,0.247865526570018,0.265547087738423,35096,"FGR"
260,"Male",0.256028887256328,0.247865526570018,0.265547087738423,35096,"FGR"
261,"Male",0.256028887256328,0.247865526570018,0.265547087738423,35096,"FGR"
263,"Male",0.256028887256328,0.247865526570018,0.265547087738423,35096,"FGR"
0,"Female",0,0,0,35096,"CSC"
1,"Female",0.00410675202307535,0.0035126446962758,0.0047008593498749,35096,"CSC"
2,"Female",0.00643620185437764,0.0056600048316237,0.00721239887713158,35096,"CSC"
3,"Female",0.00851658513092132,0.00758963161200549,0.00944353864983716,35096,"CSC"
4,"Female",0.0124426993688971,0.0112760904541397,0.0136093082836546,35096,"CSC"
5,"Female",0.0138508128756771,0.0126004132790961,0.0151012124722581,35096,"CSC"
6,"Female",0.0163232128522556,0.014930218757211,0.0177162069473001,35096,"CSC"
7,"Female",0.0186255068155418,0.0171047086785623,0.0201463049525213,35096,"CSC"
8,"Female",0.0222695667811483,0.0205766709619423,0.0239624626003543,35096,"CSC"
9,"Female",0.0240588046500817,0.022265373586988,0.0258522357131755,35096,"CSC"
10,"Female",0.027045592314544,0.0250981432576662,0.0289930413714218,35096,"CSC"
11,"Female",0.0291174911899989,0.0270522660440357,0.031182716335962,35096,"CSC"
12,"Female",0.0303051294252042,0.0281957396298121,0.0324145192205963,35096,"CSC"
13,"Female",0.0317459707384439,0.0295841271122626,0.0339078143646251,35096,"CSC"
14,"Female",0.0338437787783812,0.0315786549824943,0.0361089025742681,35096,"CSC"
15,"Female",0.035468961416301,0.0331339916365769,0.0378039311960251,35096,"CSC"
16,"Female",0.0366911027142585,0.0342995771213241,0.0390826283071929,35096,"CSC"
17,"Female",0.0385121332789284,0.0360288850373426,0.0409953815205142,35096,"CSC"
18,"Female",0.0409470708034539,0.0383919313860861,0.0435022102208216,35096,"CSC"
19,"Female",0.0433814191960144,0.0407116129083795,0.0460512254836492,35096,"CSC"
20,"Female",0.0443472294984261,0.0416253212713785,0.0470691377254737,35096,"CSC"
21,"Female",0.0451703959916825,0.0424185298946076,0.0479222620887575,35096,"CSC"
22,"Female",0.0469940749788354,0.0441616279271881,0.0498265220304826,35096,"CSC"
23,"Female",0.0489146863379144,0.0459998860818183,0.0518294865940104,35096,"CSC"
24,"Female",0.0506579664012979,0.0476650963036444,0.0536508364989514,35096,"CSC"
25,"Female",0.0515098340243814,0.048485960200219,0.0545337078485438,35096,"CSC"
26,"Female",0.0521974715276192,0.0491389695397637,0.0552559735154748,35096,"CSC"
27,"Female",0.0541944283161269,0.0510400177065239,0.05734883892573,35096,"CSC"
28,"Female",0.0557716807104653,0.052556794732343,0.0589865666885877,35096,"CSC"
29,"Female",0.0559931271826503,0.0527651494550008,0.0592211049102998,35096,"CSC"
30,"Female",0.0568560039263258,0.0535971350973768,0.0601148727552748,35096,"CSC"
31,"Female",0.0582524409406731,0.0549518430309186,0.0615530388504276,35096,"CSC"
32,"Female",0.0600342461510959,0.0566768203694049,0.063391671932787,35096,"CSC"
33,"Female",0.0608020161475342,0.057422593431612,0.0641814388634564,35096,"CSC"
34,"Female",0.062003886894615,0.0585749284864372,0.0654328453027929,35096,"CSC"
35,"Female",0.0643917786506328,0.0608679844316084,0.0679155728696571,35096,"CSC"
36,"Female",0.0657696291648898,0.0622128029685798,0.0693264553611998,35096,"CSC"
37,"Female",0.0663509061912089,0.0627778353775431,0.0699239770048747,35096,"CSC"
38,"Female",0.0675565077123531,0.0639588778282749,0.0711541375964313,35096,"CSC"
39,"Female",0.0694559651737024,0.0657888046773875,0.0731231256700173,35096,"CSC"
40,"Female",0.0708717211149854,0.0671619029174262,0.0745815393125447,35096,"CSC"
41,"Female",0.0720641139960814,0.0683155742543017,0.0758126537378611,35096,"CSC"
42,"Female",0.0727694341423236,0.0690002349236003,0.0765386333610468,35096,"CSC"
43,"Female",0.072984374492412,0.069211178217112,0.076757570767712,35096,"CSC"
44,"Female",0.0739418721605916,0.070150681804649,0.0777330625165341,35096,"CSC"
45,"Female",0.0747766724231262,0.0709491743588182,0.0786041704874343,35096,"CSC"
46,"Female",0.0764647398937296,0.0725675095150967,0.0803619702723626,35096,"CSC"
47,"Female",0.0774052929918872,0.0734784633134764,0.081332122670298,35096,"CSC"
48,"Female",0.0786738275322804,0.074735090787451,0.0826125642771099,35096,"CSC"
49,"Female",0.0788340163549152,0.0748926768939286,0.0827753558159018,35096,"CSC"
50,"Female",0.0793519132080721,0.0753889329251772,0.083314893490967,35096,"CSC"
51,"Female",0.0793519132080721,0.0753889329251772,0.083314893490967,35096,"CSC"
52,"Female",0.0793519132080721,0.0753889329251772,0.083314893490967,35096,"CSC"
53,"Female",0.0800121870446711,0.0760412029140878,0.0839831711752545,35096,"CSC"
54,"Female",0.0800121870446711,0.0760412029140878,0.0839831711752545,35096,"CSC"
55,"Female",0.0811646835877371,0.0771584451107229,0.0851709220647514,35096,"CSC"
56,"Female",0.0811646835877371,0.0771584451107229,0.0851709220647514,35096,"CSC"
57,"Female",0.0813718261663774,0.0773622538507783,0.0853813984819764,35096,"CSC"
58,"Female",0.0822731696292103,0.0782359409268842,0.0863103983315363,35096,"CSC"
59,"Female",0.0834150555502485,0.0793597576187025,0.0874703534817945,35096,"CSC"
60,"Female",0.0848087503266727,0.0807330140066187,0.0888844866467267,35096,"CSC"
61,"Female",0.0859658396394312,0.0818729649737798,0.0900587143050826,35096,"CSC"
62,"Female",0.0862132174278884,0.0821073218386643,0.0903191130171125,35096,"CSC"
63,"Female",0.0869967598212665,0.0828576194211907,0.0911359002213424,35096,"CSC"
64,"Female",0.0879634801000869,0.0838008981059289,0.0921260620942449,35096,"CSC"
65,"Female",0.0886455916210977,0.0844526438425428,0.0928385393996527,35096,"CSC"
66,"Female",0.0895916953457964,0.0853595219454342,0.0938238687461585,35096,"CSC"
67,"Female",0.0909778536746281,0.0866992795126825,0.0952564278365737,35096,"CSC"
68,"Female",0.0916368738574205,0.0873368729043981,0.095936874810443,35096,"CSC"
69,"Female",0.0924838955075683,0.0881546616689345,0.0968131293462022,35096,"CSC"
70,"Female",0.0924838955075683,0.0881546616689345,0.0968131293462022,35096,"CSC"
71,"Female",0.0932651022389046,0.0889080274356196,0.0976221770421896,35096,"CSC"
72,"Female",0.0940490305906707,0.0896688336750599,0.0984292275062816,35096,"CSC"
73,"Female",0.0945035171023664,0.0900992338255418,0.098907800379191,35096,"CSC"
74,"Female",0.0951867360244391,0.0907457529038469,0.0996277191450312,35096,"CSC"
75,"Female",0.096176349995752,0.0917085451547338,0.10064415483677,35096,"CSC"
76,"Female",0.0966363312824662,0.0921617177252094,0.101110944839723,35096,"CSC"
77,"Female",0.0983133157567949,0.093791901368249,0.102834730145341,35096,"CSC"
78,"Female",0.0989420597091462,0.0944128139275024,0.10347130549079,35096,"CSC"
79,"Female",0.0998566383492261,0.0953059793075806,0.104407297390872,35096,"CSC"
80,"Female",0.10101025769032,0.0964287022191958,0.105591813161445,35096,"CSC"
81,"Female",0.101888753533962,0.0972773678006178,0.106500139267306,35096,"CSC"
82,"Female",0.102689597398983,0.0980464519730516,0.107332742824915,35096,"CSC"
83,"Female",0.103737742215828,0.0990537535866388,0.108421730845017,35096,"CSC"
84,"Female",0.104667423158265,0.0999720561499493,0.109362790166582,35096,"CSC"
85,"Female",0.104990829241534,0.10027758034451,0.109704078138558,35096,"CSC"
86,"Female",0.105681238944935,0.100957474761224,0.110405003128647,35096,"CSC"
87,"Female",0.106008197680568,0.101267566449779,0.110748828911358,35096,"CSC"
88,"Female",0.107162375250826,0.102399009344626,0.111925741157027,35096,"CSC"
89,"Female",0.108070101357316,0.10326627504921,0.112873927665422,35096,"CSC"
90,"Female",0.108403417994008,0.103594628391887,0.113212207596129,35096,"CSC"
91,"Female",0.109405831761598,0.104582163718984,0.114229499804212,35096,"CSC"
92,"Female",0.109911028071407,0.105086751212035,0.114735304930779,35096,"CSC"
93,"Female",0.110423180843249,0.105571482890185,0.115274878796313,35096,"CSC"
94,"Female",0.11076518667324,0.10590834873999,0.11562202460649,35096,"CSC"
95,"Female",0.111195762378002,0.106332487550877,0.116059037205128,35096,"CSC"
96,"Female",0.111628710390666,0.106759035749654,0.116498385031678,35096,"CSC"
97,"Female",0.112019540746652,0.107144092662935,0.116894988830369,35096,"CSC"
98,"Female",0.113125528035126,0.108238470943782,0.11801258512647,35096,"CSC"
99,"Female",0.114989500148522,0.110052142408628,0.119926857888415,35096,"CSC"
100,"Female",0.114989500148522,0.110052142408628,0.119926857888415,35096,"CSC"
101,"Female",0.116148809374199,0.111181617157474,0.121116001590924,35096,"CSC"
102,"Female",0.116463880659395,0.111492245148458,0.121435516170332,35096,"CSC"
103,"Female",0.117640700874931,0.112621686740578,0.122659715009283,35096,"CSC"
104,"Female",0.117640700874931,0.112621686740578,0.122659715009283,35096,"CSC"
105,"Female",0.117640700874931,0.112621686740578,0.122659715009283,35096,"CSC"
106,"Female",0.117961251285178,0.112940602653588,0.122981899916768,35096,"CSC"
107,"Female",0.119477935949635,0.114410458111975,0.124545413787295,35096,"CSC"
108,"Female",0.120381805626308,0.115299785095747,0.125463826156868,35096,"CSC"
109,"Female",0.121334364413471,0.116218091315364,0.126450637511578,35096,"CSC"
110,"Female",0.123290902695602,0.118100285864209,0.128481519526995,35096,"CSC"
111,"Female",0.123290902695602,0.118100285864209,0.128481519526995,35096,"CSC"
112,"Female",0.124647745477997,0.119411351183347,0.129884139772647,35096,"CSC"
113,"Female",0.126933155485935,0.121636988621294,0.132229322350577,35096,"CSC"
114,"Female",0.127227484593069,0.121915773730448,0.132539195455691,35096,"CSC"
115,"Female",0.128313135596019,0.1229869497617,0.133639321430337,35096,"CSC"
116,"Female",0.128313135596019,0.1229869497617,0.133639321430337,35096,"CSC"
117,"Female",0.128611317322857,0.123281135204066,0.133941499441648,35096,"CSC"
118,"Female",0.12970702881449,0.124355662060189,0.135058395568792,35096,"CSC"
119,"Female",0.130354528741792,0.124969533726442,0.135739523757141,35096,"CSC"
120,"Female",0.131749172446531,0.126330366264853,0.13716797862821,35096,"CSC"
121,"Female",0.131948983721386,0.126527519542306,0.137370447900465,35096,"CSC"
122,"Female",0.132250096893872,0.126827662028787,0.137672531758957,35096,"CSC"
123,"Female",0.13265442308951,0.127210562043183,0.138098284135837,35096,"CSC"
125,"Female",0.132910736530199,0.127467488261712,0.138353984798685,35096,"CSC"
126,"Female",0.133377446632224,0.127927569941835,0.138827323322613,35096,"CSC"
127,"Female",0.133637894638419,0.12817438329446,0.139101405982377,35096,"CSC"
128,"Female",0.13426622315927,0.128793785111651,0.13973866120689,35096,"CSC"
129,"Female",0.13426622315927,0.128793785111651,0.13973866120689,35096,"CSC"
130,"Female",0.13426622315927,0.128793785111651,0.13973866120689,35096,"CSC"
131,"Female",0.13426622315927,0.128793785111651,0.13973866120689,35096,"CSC"
132,"Female",0.135731453152187,0.130240621797566,0.141222284506808,35096,"CSC"
133,"Female",0.136112300226206,0.130603769700216,0.141620830752197,35096,"CSC"
134,"Female",0.137210416140765,0.131652318636496,0.142768513645033,35096,"CSC"
135,"Female",0.137659174227793,0.132077297143831,0.143241051311754,35096,"CSC"
136,"Female",0.137827847269567,0.132243724797023,0.143411969742111,35096,"CSC"
137,"Female",0.137827847269567,0.132243724797023,0.143411969742111,35096,"CSC"
138,"Female",0.138339276681981,0.132727556941151,0.14395099642281,35096,"CSC"
139,"Female",0.138799564500029,0.133180164466267,0.144418964533791,35096,"CSC"
140,"Female",0.139680802861088,0.134047353550765,0.14531425217141,35096,"CSC"
141,"Female",0.139680802861088,0.134047353550765,0.14531425217141,35096,"CSC"
143,"Female",0.139986871651471,0.134355501296167,0.145618242006776,35096,"CSC"
144,"Female",0.141612267844902,0.135945354401213,0.147279181288591,35096,"CSC"
145,"Female",0.142561916707103,0.13688883724866,0.148234996165546,35096,"CSC"
146,"Female",0.142561916707103,0.13688883724866,0.148234996165546,35096,"CSC"
147,"Female",0.142561916707103,0.13688883724866,0.148234996165546,35096,"CSC"
149,"Female",0.143084382778885,0.137392095139191,0.148776670418579,35096,"CSC"
150,"Female",0.143084382778885,0.137392095139191,0.148776670418579,35096,"CSC"
151,"Female",0.145028299790241,0.13925612529188,0.150800474288602,35096,"CSC"
152,"Female",0.146447489504145,0.140650776539956,0.152244202468334,35096,"CSC"
153,"Female",0.147192861043732,0.141383680836813,0.153002041250651,35096,"CSC"
154,"Female",0.148239606346929,0.142395724417792,0.154083488276066,35096,"CSC"
155,"Female",0.148520549639012,0.142660680426994,0.154380418851029,35096,"CSC"
156,"Female",0.149938000647674,0.1440581978857,0.155817803409648,35096,"CSC"
157,"Female",0.149938000647674,0.1440581978857,0.155817803409648,35096,"CSC"
158,"Female",0.152171891528493,0.146227614738757,0.15811616831823,35096,"CSC"
160,"Female",0.152171891528493,0.146227614738757,0.15811616831823,35096,"CSC"
161,"Female",0.152171891528493,0.146227614738757,0.15811616831823,35096,"CSC"
162,"Female",0.152990492348732,0.147002025678868,0.158978959018596,35096,"CSC"
163,"Female",0.152990492348732,0.147002025678868,0.158978959018596,35096,"CSC"
164,"Female",0.153522747010402,0.147503350470379,0.159542143550424,35096,"CSC"
166,"Female",0.153522747010402,0.147503350470379,0.159542143550424,35096,"CSC"
168,"Female",0.153522747010402,0.147503350470379,0.159542143550424,35096,"CSC"
169,"Female",0.153522747010402,0.147503350470379,0.159542143550424,35096,"CSC"
170,"Female",0.154899281800657,0.148855926859376,0.160942636741939,35096,"CSC"
171,"Female",0.154899281800657,0.148855926859376,0.160942636741939,35096,"CSC"
174,"Female",0.154899281800657,0.148855926859376,0.160942636741939,35096,"CSC"
175,"Female",0.155348223479873,0.149296038337992,0.161400408621754,35096,"CSC"
176,"Female",0.155891243394197,0.149828035050647,0.161954451737748,35096,"CSC"
178,"Female",0.155891243394197,0.149828035050647,0.161954451737748,35096,"CSC"
180,"Female",0.155891243394197,0.149828035050647,0.161954451737748,35096,"CSC"
182,"Female",0.155891243394197,0.149828035050647,0.161954451737748,35096,"CSC"
183,"Female",0.156823543856426,0.150743977029909,0.162903110682943,35096,"CSC"
184,"Female",0.156823543856426,0.150743977029909,0.162903110682943,35096,"CSC"
187,"Female",0.158868808820384,0.152662837215435,0.165074780425333,35096,"CSC"
188,"Female",0.159514230402538,0.153294055385581,0.165734405419495,35096,"CSC"
189,"Female",0.159514230402538,0.153294055385581,0.165734405419495,35096,"CSC"
190,"Female",0.159514230402538,0.153294055385581,0.165734405419495,35096,"CSC"
191,"Female",0.159852334447392,0.153623295220051,0.166081373674733,35096,"CSC"
192,"Female",0.159852334447392,0.153623295220051,0.166081373674733,35096,"CSC"
193,"Female",0.159852334447392,0.153623295220051,0.166081373674733,35096,"CSC"
194,"Female",0.162198383491144,0.155873877844721,0.168522889137566,35096,"CSC"
195,"Female",0.16408628870292,0.157720384486635,0.170452192919206,35096,"CSC"
196,"Female",0.16408628870292,0.157720384486635,0.170452192919206,35096,"CSC"
197,"Female",0.16408628870292,0.157720384486635,0.170452192919206,35096,"CSC"
198,"Female",0.16408628870292,0.157720384486635,0.170452192919206,35096,"CSC"
199,"Female",0.16408628870292,0.157720384486635,0.170452192919206,35096,"CSC"
200,"Female",0.16408628870292,0.157720384486635,0.170452192919206,35096,"CSC"
201,"Female",0.164700382972964,0.158319685745084,0.171081080200844,35096,"CSC"
202,"Female",0.165445659060132,0.159046438537604,0.171844879582661,35096,"CSC"
203,"Female",0.165445659060132,0.159046438537604,0.171844879582661,35096,"CSC"
204,"Female",0.165445659060132,0.159046438537604,0.171844879582661,35096,"CSC"
205,"Female",0.165445659060132,0.159046438537604,0.171844879582661,35096,"CSC"
206,"Female",0.166215841641067,0.159765264655303,0.17266641862683,35096,"CSC"
207,"Female",0.166215841641067,0.159765264655303,0.17266641862683,35096,"CSC"
208,"Female",0.166998146179136,0.160527030992174,0.173469261366099,35096,"CSC"
210,"Female",0.167665564220549,0.161148999146769,0.174182129294328,35096,"CSC"
211,"Female",0.167665564220549,0.161148999146769,0.174182129294328,35096,"CSC"
212,"Female",0.167665564220549,0.161148999146769,0.174182129294328,35096,"CSC"
213,"Female",0.167665564220549,0.161148999146769,0.174182129294328,35096,"CSC"
216,"Female",0.167665564220549,0.161148999146769,0.174182129294328,35096,"CSC"
219,"Female",0.167665564220549,0.161148999146769,0.174182129294328,35096,"CSC"
220,"Female",0.167665564220549,0.161148999146769,0.174182129294328,35096,"CSC"
221,"Female",0.167665564220549,0.161148999146769,0.174182129294328,35096,"CSC"
223,"Female",0.169318637668847,0.162675128568872,0.175962146768822,35096,"CSC"
226,"Female",0.169318637668847,0.162675128568872,0.175962146768822,35096,"CSC"
227,"Female",0.169318637668847,0.162675128568872,0.175962146768822,35096,"CSC"
229,"Female",0.169318637668847,0.162675128568872,0.175962146768822,35096,"CSC"
230,"Female",0.169318637668847,0.162675128568872,0.175962146768822,35096,"CSC"
231,"Female",0.169318637668847,0.162675128568872,0.175962146768822,35096,"CSC"
234,"Female",0.171546149099077,0.164790019925312,0.178302278272842,35096,"CSC"
243,"Female",0.171546149099077,0.164790019925312,0.178302278272842,35096,"CSC"
245,"Female",0.171546149099077,0.164790019925312,0.178302278272842,35096,"CSC"
246,"Female",0.173555573074391,0.166666334686527,0.180444811462255,35096,"CSC"
247,"Female",0.173555573074391,0.166666334686527,0.180444811462255,35096,"CSC"
248,"Female",0.173555573074391,0.166666334686527,0.180444811462255,35096,"CSC"
249,"Female",0.173555573074391,0.166666334686527,0.180444811462255,35096,"CSC"
250,"Female",0.174906747635039,0.167917102321913,0.181896392948165,35096,"CSC"
251,"Female",0.174906747635039,0.167917102321913,0.181896392948165,35096,"CSC"
252,"Female",0.174906747635039,0.167917102321913,0.181896392948165,35096,"CSC"
253,"Female",0.175806981623544,0.168707119932711,0.182906843314377,35096,"CSC"
254,"Female",0.175806981623544,0.168707119932711,0.182906843314377,35096,"CSC"
256,"Female",0.175806981623544,0.168707119932711,0.182906843314377,35096,"CSC"
257,"Female",0.175806981623544,0.168707119932711,0.182906843314377,35096,"CSC"
260,"Female",0.175806981623544,0.168707119932711,0.182906843314377,35096,"CSC"
261,"Female",0.175806981623544,0.168707119932711,0.182906843314377,35096,"CSC"
263,"Female",0.175806981623544,0.168707119932711,0.182906843314377,35096,"CSC"
0,"Male",0,0,0,35096,"CSC"
1,"Male",0.00724928684369967,0.00625786873373066,0.00824070495366869,35096,"CSC"
2,"Male",0.0112986859382804,0.0100603695924092,0.0125370022841517,35096,"CSC"
3,"Male",0.0148835645544168,0.0134602770507131,0.0163068520581205,35096,"CSC"
4,"Male",0.0215992642212266,0.0198822381330511,0.023316290309402,35096,"CSC"
5,"Male",0.0239738826470435,0.0221634725385942,0.0257842927554928,35096,"CSC"
6,"Male",0.0281207839621596,0.0261515461538596,0.0300900217704595,35096,"CSC"
7,"Male",0.0319481329908283,0.0298562280151565,0.0340400379665001,35096,"CSC"
8,"Male",0.037957954854147,0.0356691574516788,0.0402467522566151,35096,"CSC"
9,"Male",0.0408732301090545,0.03849911511126,0.0432473451068491,35096,"CSC"
10,"Male",0.0457097792237312,0.0431896853372667,0.0482298731101956,35096,"CSC"
11,"Male",0.049034110975653,0.0464431443853305,0.0516250775659756,35096,"CSC"
12,"Male",0.0509268992325274,0.048273115146943,0.0535806833181117,35096,"CSC"
13,"Male",0.0532140161636413,0.0504963516603716,0.0559316806669111,35096,"CSC"
14,"Male",0.0565278835817131,0.0537343632065477,0.0593214039568785,35096,"CSC"
15,"Male",0.0590791360211257,0.0562153087267909,0.0619429633154606,35096,"CSC"
16,"Male",0.0609877478954403,0.0580851615479277,0.063890334242953,35096,"CSC"
17,"Male",0.0638207118659628,0.0608687276718356,0.06677269606009,35096,"CSC"
18,"Male",0.0675880933044423,0.0645184339643331,0.0706577526445514,35096,"CSC"
19,"Male",0.0713289427850237,0.0681943279132476,0.0744635576567999,35096,"CSC"
20,"Male",0.0728027580125155,0.0696465710401014,0.0759589449849296,35096,"CSC"
21,"Male",0.0740551959933779,0.0708731332894976,0.0772372586972582,35096,"CSC"
22,"Male",0.0768227088392013,0.0735816028616761,0.0800638148167264,35096,"CSC"
23,"Male",0.0797223716319072,0.0764080627442096,0.0830366805196048,35096,"CSC"
24,"Male",0.0823412673489037,0.0789875119543498,0.0856950227434577,35096,"CSC"
25,"Male",0.0836153753101039,0.0802228349575578,0.08700791566265,35096,"CSC"
26,"Male",0.0846416232005276,0.0812276484797074,0.0880555979213477,35096,"CSC"
27,"Male",0.0876169943745586,0.0841352715916089,0.0910987171575084,35096,"CSC"
28,"Male",0.089955321297287,0.0864173830356319,0.0934932595589422,35096,"CSC"
29,"Male",0.090282442227404,0.0867402989934151,0.093824585461393,35096,"CSC"
30,"Male",0.0915563825531821,0.0879929374706093,0.0951198276357549,35096,"CSC"
31,"Male",0.0936137586271775,0.0899767231874686,0.0972507940668864,35096,"CSC"
32,"Male",0.0962296031012883,0.0925269494531904,0.0999322567493862,35096,"CSC"
33,"Male",0.0973519657646647,0.0936084289122113,0.101095502617118,35096,"CSC"
34,"Male",0.0991056883641092,0.0953237666493982,0.10288761007882,35096,"CSC"
35,"Male",0.102580872830109,0.0987096522754867,0.106452093384731,35096,"CSC"
36,"Male",0.104575664140176,0.100656041389157,0.108495286891195,35096,"CSC"
37,"Male",0.105414636187127,0.101471807234207,0.109357465140048,35096,"CSC"
38,"Male",0.107152587657483,0.103158409343765,0.111146765971202,35096,"CSC"
39,"Male",0.109884007618209,0.105831197307259,0.113936817929158,35096,"CSC"
40,"Male",0.111911687514036,0.107835995540919,0.115987379487152,35096,"CSC"
41,"Male",0.113614589568667,0.109524256648285,0.11770492248905,35096,"CSC"
42,"Male",0.114619340365221,0.110505971075161,0.118732709655281,35096,"CSC"
43,"Male",0.114925073580603,0.110799368757184,0.119050778404022,35096,"CSC"
44,"Male",0.116286448104095,0.112105090767673,0.120467805440518,35096,"CSC"
45,"Male",0.117471200116143,0.113262588789027,0.121679811443258,35096,"CSC"
46,"Male",0.119862756744649,0.115628916811735,0.124096596677563,35096,"CSC"
47,"Male",0.121191174221831,0.116918646269876,0.125463702173786,35096,"CSC"
48,"Male",0.122979644350734,0.118679494525847,0.12727979417562,35096,"CSC"
49,"Male",0.123204999130882,0.118895705665131,0.127514292596633,35096,"CSC"
50,"Male",0.123933370220033,0.119609665404264,0.128257075035803,35096,"CSC"
51,"Male",0.123933370220033,0.119609665404264,0.128257075035803,35096,"CSC"
52,"Male",0.123933370220033,0.119609665404264,0.128257075035803,35096,"CSC"
53,"Male",0.12486075972974,0.120524038342836,0.129197481116645,35096,"CSC"
54,"Male",0.12486075972974,0.120524038342836,0.129197481116645,35096,"CSC"
55,"Male",0.126477195559185,0.122100635204905,0.130853755913465,35096,"CSC"
56,"Male",0.126477195559185,0.122100635204905,0.130853755913465,35096,"CSC"
57,"Male",0.126767071769015,0.122378955963608,0.131155187574422,35096,"CSC"
58,"Male",0.128027991092924,0.123600535846159,0.132455446339689,35096,"CSC"
59,"Male",0.129622742838574,0.12512922385379,0.134116261823358,35096,"CSC"
60,"Male",0.131565741856443,0.12702064490992,0.136110838802966,35096,"CSC"
61,"Male",0.133174932045596,0.128564400451791,0.1377854636394,35096,"CSC"
62,"Male",0.133518317443492,0.128903605836822,0.138133029050162,35096,"CSC"
63,"Male",0.134605564551126,0.129966264270092,0.139244864832159,35096,"CSC"
64,"Male",0.135945484883472,0.131274074806664,0.140616894960279,35096,"CSC"
65,"Male",0.136889669090656,0.132209032931897,0.141570305249415,35096,"CSC"
66,"Male",0.138198080349453,0.133487510777252,0.142908649921655,35096,"CSC"
67,"Male",0.1401121877902,0.135374372381979,0.144850003198421,35096,"CSC"
68,"Male",0.14102043266461,0.136256469567067,0.145784395762154,35096,"CSC"
69,"Male",0.142186754726584,0.137401411535298,0.146972097917869,35096,"CSC"
70,"Male",0.142186754726584,0.137401411535298,0.146972097917869,35096,"CSC"
71,"Male",0.143261143074363,0.138446617565805,0.148075668582921,35096,"CSC"
72,"Male",0.144338234330449,0.139498522481984,0.149177946178915,35096,"CSC"
73,"Male",0.144962015365621,0.140115718096626,0.149808312634616,35096,"CSC"
74,"Male",0.145899052106245,0.141044515387345,0.150753588825145,35096,"CSC"
75,"Male",0.147255062568377,0.14235543479202,0.152154690344733,35096,"CSC"
76,"Male",0.147884589589101,0.142959838154391,0.152809341023812,35096,"CSC"
77,"Male",0.150178133828798,0.145181057983821,0.155175209673776,35096,"CSC"
78,"Male",0.151036319371541,0.146017527751348,0.156055110991735,35096,"CSC"
79,"Male",0.152283594543104,0.147220366502967,0.15734682258324,35096,"CSC"
80,"Male",0.153854879712035,0.148740791844602,0.158968967579468,35096,"CSC"
81,"Male",0.155049787905024,0.149905420826238,0.160194154983811,35096,"CSC"
82,"Male",0.156138060862615,0.150977441920331,0.161298679804899,35096,"CSC"
83,"Male",0.157561162201203,0.152364394307935,0.162757930094472,35096,"CSC"
84,"Male",0.158821841574268,0.15356399834036,0.164079684808175,35096,"CSC"
85,"Male",0.159259922185223,0.154004550277747,0.1645152940927,35096,"CSC"
86,"Male",0.16019458654558,0.154897644391118,0.165491528700042,35096,"CSC"
87,"Male",0.160636862044632,0.155345732862837,0.165927991226427,35096,"CSC"
88,"Male",0.162197605353297,0.156871094771433,0.167524115935162,35096,"CSC"
89,"Male",0.163423792268517,0.15807297065475,0.168774613882285,35096,"CSC"
90,"Male",0.163873666086822,0.158502957572557,0.169244374601087,35096,"CSC"
91,"Male",0.165226152953509,0.159798361520134,0.170653944386884,35096,"CSC"
92,"Male",0.165907058295896,0.160478380239213,0.17133573635258,35096,"CSC"
93,"Male",0.166596978094905,0.161158882855404,0.172035073334406,35096,"CSC"
94,"Male",0.167057329275682,0.161600017336364,0.172514641215,35096,"CSC"
95,"Male",0.167636606991131,0.162151758102465,0.173121455879797,35096,"CSC"
96,"Male",0.16821878280622,0.162707050438851,0.173730515173589,35096,"CSC"
97,"Male",0.168744138171844,0.16320907614283,0.174279200200857,35096,"CSC"
98,"Male",0.17022983970014,0.164646051090762,0.175813628309518,35096,"CSC"
99,"Male",0.172731629870534,0.16706330393033,0.178399955810738,35096,"CSC"
100,"Male",0.172731629870534,0.16706330393033,0.178399955810738,35096,"CSC"
101,"Male",0.174285204900892,0.168566568578614,0.18000384122317,35096,"CSC"
102,"Male",0.174706927642256,0.168968948363943,0.18044490692057,35096,"CSC"
103,"Male",0.176280826971471,0.170512758055645,0.182048895887297,35096,"CSC"
104,"Male",0.176280826971471,0.170512758055645,0.182048895887297,35096,"CSC"
105,"Male",0.176280826971471,0.170512758055645,0.182048895887297,35096,"CSC"
106,"Male",0.176708899401721,0.170936108339489,0.182481690463953,35096,"CSC"
107,"Male",0.178733591252797,0.172921791597049,0.184545390908544,35096,"CSC"
108,"Male",0.179938928774645,0.174067809755802,0.185810047793489,35096,"CSC"
109,"Male",0.181208339077627,0.175301372812386,0.187115305342868,35096,"CSC"
110,"Male",0.183813754610431,0.17783361504306,0.189793894177802,35096,"CSC"
111,"Male",0.183813754610431,0.17783361504306,0.189793894177802,35096,"CSC"
112,"Male",0.185617895891237,0.179583941755965,0.191651850026509,35096,"CSC"
113,"Male",0.188654196088074,0.182514506130578,0.194793886045569,35096,"CSC"
114,"Male",0.189044704697837,0.182899260730405,0.195190148665268,35096,"CSC"
115,"Male",0.190484848605865,0.184273071137482,0.196696626074247,35096,"CSC"
116,"Male",0.190484848605865,0.184273071137482,0.196696626074247,35096,"CSC"
117,"Male",0.190880014286956,0.18464975553322,0.197110273040693,35096,"CSC"
118,"Male",0.192331655866022,0.186036730900251,0.198626580831792,35096,"CSC"
119,"Male",0.193189043162622,0.186877660077675,0.199500426247568,35096,"CSC"
120,"Male",0.195035287650549,0.188652023368616,0.201418551932482,35096,"CSC"
121,"Male",0.195299601028922,0.188904088133934,0.20169511392391,35096,"CSC"
122,"Male",0.195697802441659,0.189297028325069,0.202098576558249,35096,"CSC"
123,"Male",0.196232295907755,0.189822481625362,0.202642110190148,35096,"CSC"
125,"Male",0.196570958935673,0.19015932061968,0.202982597251667,35096,"CSC"
126,"Male",0.197187439931082,0.190747194181255,0.203627685680908,35096,"CSC"
127,"Male",0.197531355233216,0.191091664130682,0.203971046335749,35096,"CSC"
128,"Male",0.198360914706076,0.191881677123094,0.204840152289058,35096,"CSC"
129,"Male",0.198360914706076,0.191881677123094,0.204840152289058,35096,"CSC"
130,"Male",0.198360914706076,0.191881677123094,0.204840152289058,35096,"CSC"
131,"Male",0.198360914706076,0.191881677123094,0.204840152289058,35096,"CSC"
132,"Male",0.200293050903223,0.193740943944901,0.206845157861545,35096,"CSC"
133,"Male",0.200795002042849,0.194249638819001,0.207340365266698,35096,"CSC"
134,"Male",0.202241704964522,0.195663808359018,0.208819601570026,35096,"CSC"
135,"Male",0.202832581235344,0.196256442879889,0.209408719590799,35096,"CSC"
136,"Male",0.203054601122184,0.196466018310929,0.209643183933439,35096,"CSC"
137,"Male",0.203054601122184,0.196466018310929,0.209643183933439,35096,"CSC"
138,"Male",0.20372728592421,0.197124733671403,0.210329838177018,35096,"CSC"
139,"Male",0.204332610237484,0.197701333841527,0.210963886633441,35096,"CSC"
140,"Male",0.205491165521632,0.198801715081669,0.212180615961594,35096,"CSC"
141,"Male",0.205491165521632,0.198801715081669,0.212180615961594,35096,"CSC"
143,"Male",0.205893277758112,0.199205323840043,0.212581231676181,35096,"CSC"
144,"Male",0.208027830886896,0.201288059703629,0.214767602070163,35096,"CSC"
145,"Male",0.209274295895225,0.202512412556547,0.216036179233904,35096,"CSC"
146,"Male",0.209274295895225,0.202512412556547,0.216036179233904,35096,"CSC"
147,"Male",0.209274295895225,0.202512412556547,0.216036179233904,35096,"CSC"
149,"Male",0.209959348220482,0.203189346836718,0.216729349604247,35096,"CSC"
150,"Male",0.209959348220482,0.203189346836718,0.216729349604247,35096,"CSC"
151,"Male",0.212506837674453,0.205654215595084,0.219359459753823,35096,"CSC"
152,"Male",0.214364656851932,0.207418177750155,0.221311135953709,35096,"CSC"
153,"Male",0.215339967466868,0.208342964716732,0.222336970217005,35096,"CSC"
154,"Male",0.216709116213385,0.20968988700192,0.223728345424849,35096,"CSC"
155,"Male",0.217076393885765,0.210049100564345,0.224103687207185,35096,"CSC"
156,"Male",0.218928924768205,0.211820269692623,0.226037579843787,35096,"CSC"
157,"Male",0.218928924768205,0.211820269692623,0.226037579843787,35096,"CSC"
158,"Male",0.221844965394728,0.214605322316914,0.229084608472542,35096,"CSC"
160,"Male",0.221844965394728,0.214605322316914,0.229084608472542,35096,"CSC"
161,"Male",0.221844965394728,0.214605322316914,0.229084608472542,35096,"CSC"
162,"Male",0.222911886922348,0.215638817601546,0.230184956243149,35096,"CSC"
163,"Male",0.222911886922348,0.215638817601546,0.230184956243149,35096,"CSC"
164,"Male",0.223604916546469,0.216314987751445,0.230894845341493,35096,"CSC"
166,"Male",0.223604916546469,0.216314987751445,0.230894845341493,35096,"CSC"
168,"Male",0.223604916546469,0.216314987751445,0.230894845341493,35096,"CSC"
169,"Male",0.223604916546469,0.216314987751445,0.230894845341493,35096,"CSC"
170,"Male",0.225395163259844,0.218005778945631,0.232784547574058,35096,"CSC"
171,"Male",0.225395163259844,0.218005778945631,0.232784547574058,35096,"CSC"
174,"Male",0.225395163259844,0.218005778945631,0.232784547574058,35096,"CSC"
175,"Male",0.225978253414541,0.218556668043994,0.233399838785088,35096,"CSC"
176,"Male",0.226683243211423,0.219223131913634,0.234143354509212,35096,"CSC"
178,"Male",0.226683243211423,0.219223131913634,0.234143354509212,35096,"CSC"
180,"Male",0.226683243211423,0.219223131913634,0.234143354509212,35096,"CSC"
182,"Male",0.226683243211423,0.219223131913634,0.234143354509212,35096,"CSC"
183,"Male",0.227891868689576,0.220376267167373,0.235407470211779,35096,"CSC"
184,"Male",0.227891868689576,0.220376267167373,0.235407470211779,35096,"CSC"
187,"Male",0.230541403150206,0.222942730164767,0.238140076135645,35096,"CSC"
188,"Male",0.231377196349194,0.223727713734865,0.239026678963523,35096,"CSC"
189,"Male",0.231377196349194,0.223727713734865,0.239026678963523,35096,"CSC"
190,"Male",0.231377196349194,0.223727713734865,0.239026678963523,35096,"CSC"
191,"Male",0.231814404029337,0.224136810501948,0.239491997556725,35096,"CSC"
192,"Male",0.231814404029337,0.224136810501948,0.239491997556725,35096,"CSC"
193,"Male",0.231814404029337,0.224136810501948,0.239491997556725,35096,"CSC"
194,"Male",0.234844352857924,0.227019257243216,0.242669448472632,35096,"CSC"
195,"Male",0.237281545086592,0.229304788282115,0.245258301891069,35096,"CSC"
196,"Male",0.237281545086592,0.229304788282115,0.245258301891069,35096,"CSC"
197,"Male",0.237281545086592,0.229304788282115,0.245258301891069,35096,"CSC"
198,"Male",0.237281545086592,0.229304788282115,0.245258301891069,35096,"CSC"
199,"Male",0.237281545086592,0.229304788282115,0.245258301891069,35096,"CSC"
200,"Male",0.237281545086592,0.229304788282115,0.245258301891069,35096,"CSC"
201,"Male",0.238072438784433,0.230045338845766,0.246099538723101,35096,"CSC"
202,"Male",0.23903218083776,0.230944977986374,0.247119383689146,35096,"CSC"
203,"Male",0.23903218083776,0.230944977986374,0.247119383689146,35096,"CSC"
204,"Male",0.23903218083776,0.230944977986374,0.247119383689146,35096,"CSC"
205,"Male",0.23903218083776,0.230944977986374,0.247119383689146,35096,"CSC"
206,"Male",0.240021555457072,0.23189692795012,0.248146182964024,35096,"CSC"
207,"Male",0.240021555457072,0.23189692795012,0.248146182964024,35096,"CSC"
208,"Male",0.241026147651482,0.232835213174285,0.24921708212868,35096,"CSC"
210,"Male",0.241882693039209,0.233657841415125,0.250107544663294,35096,"CSC"
211,"Male",0.241882693039209,0.233657841415125,0.250107544663294,35096,"CSC"
212,"Male",0.241882693039209,0.233657841415125,0.250107544663294,35096,"CSC"
213,"Male",0.241882693039209,0.233657841415125,0.250107544663294,35096,"CSC"
216,"Male",0.241882693039209,0.233657841415125,0.250107544663294,35096,"CSC"
219,"Male",0.241882693039209,0.233657841415125,0.250107544663294,35096,"CSC"
220,"Male",0.241882693039209,0.233657841415125,0.250107544663294,35096,"CSC"
221,"Male",0.241882693039209,0.233657841415125,0.250107544663294,35096,"CSC"
223,"Male",0.243993347123965,0.235664488202117,0.252322206045813,35096,"CSC"
226,"Male",0.243993347123965,0.235664488202117,0.252322206045813,35096,"CSC"
227,"Male",0.243993347123965,0.235664488202117,0.252322206045813,35096,"CSC"
229,"Male",0.243993347123965,0.235664488202117,0.252322206045813,35096,"CSC"
230,"Male",0.243993347123965,0.235664488202117,0.252322206045813,35096,"CSC"
231,"Male",0.243993347123965,0.235664488202117,0.252322206045813,35096,"CSC"
234,"Male",0.246827256047119,0.238260513656872,0.255393998437366,35096,"CSC"
243,"Male",0.246827256047119,0.238260513656872,0.255393998437366,35096,"CSC"
245,"Male",0.246827256047119,0.238260513656872,0.255393998437366,35096,"CSC"
246,"Male",0.249379177499265,0.240555743827977,0.258202611170552,35096,"CSC"
247,"Male",0.249379177499265,0.240555743827977,0.258202611170552,35096,"CSC"
248,"Male",0.249379177499265,0.240555743827977,0.258202611170552,35096,"CSC"
249,"Male",0.249379177499265,0.240555743827977,0.258202611170552,35096,"CSC"
250,"Male",0.251089267481487,0.242088114300444,0.26009042066253,35096,"CSC"
251,"Male",0.251089267481487,0.242088114300444,0.26009042066253,35096,"CSC"
252,"Male",0.251089267481487,0.242088114300444,0.26009042066253,35096,"CSC"
253,"Male",0.252227002892102,0.24312940026101,0.261324605523194,35096,"CSC"
254,"Male",0.252227002892102,0.24312940026101,0.261324605523194,35096,"CSC"
256,"Male",0.252227002892102,0.24312940026101,0.261324605523194,35096,"CSC"
257,"Male",0.252227002892102,0.24312940026101,0.261324605523194,35096,"CSC"
260,"Male",0.252227002892102,0.24312940026101,0.261324605523194,35096,"CSC"
261,"Male",0.252227002892102,0.24312940026101,0.261324605523194,35096,"CSC"
263,"Male",0.252227002892102,0.24312940026101,0.261324605523194,35096,"CSC"
